"ASV","Location","Kingdom","Phylum","Class","Order","Family","Genus","Species"
"ASV_5513","Fossil Lagoon","d__Archaea","Crenarchaeota","Bathyarchaeia","Bathyarchaeia","Bathyarchaeia","Bathyarchaeia",NA
"ASV_5833","Fossil Lagoon","d__Archaea","Crenarchaeota","Bathyarchaeia","Bathyarchaeia","Bathyarchaeia","Bathyarchaeia",NA
"ASV_3978","Fossil Lagoon","d__Archaea","Crenarchaeota","Bathyarchaeia","Bathyarchaeia","Bathyarchaeia","Bathyarchaeia",NA
"ASV_2508","Fossil Lagoon","d__Archaea","Crenarchaeota","Bathyarchaeia","Bathyarchaeia","Bathyarchaeia","Bathyarchaeia",NA
"ASV_6644","Fossil Lagoon","d__Archaea","Crenarchaeota","Bathyarchaeia","Bathyarchaeia","Bathyarchaeia","Bathyarchaeia",NA
"ASV_5032","Fossil Lagoon","d__Archaea","Crenarchaeota","Bathyarchaeia","Bathyarchaeia","Bathyarchaeia","Bathyarchaeia","uncultured_methanogenic"
"ASV_4062","Fossil Lagoon","d__Archaea","Crenarchaeota","Bathyarchaeia","Bathyarchaeia","Bathyarchaeia","Bathyarchaeia",NA
"ASV_6185","Fossil Lagoon","d__Archaea","Crenarchaeota","Bathyarchaeia","Bathyarchaeia","Bathyarchaeia","Bathyarchaeia","uncultured_crenarchaeote"
"ASV_6819","Fossil Lagoon","d__Archaea","Crenarchaeota","Bathyarchaeia","Bathyarchaeia","Bathyarchaeia","Bathyarchaeia",NA
"ASV_5831","Fossil Lagoon","d__Archaea","Crenarchaeota","Bathyarchaeia","Bathyarchaeia","Bathyarchaeia","Bathyarchaeia","uncultured_archaeon"
"ASV_7156","Fossil Lagoon","d__Archaea","Crenarchaeota","Bathyarchaeia","Bathyarchaeia","Bathyarchaeia","Bathyarchaeia","uncultured_euryarchaeote"
"ASV_3445","Fossil Lagoon","d__Archaea","Crenarchaeota","Bathyarchaeia","Bathyarchaeia","Bathyarchaeia","Bathyarchaeia","uncultured_archaeon"
"ASV_7111","Fossil Lagoon","d__Archaea","Asgardarchaeota","Odinarchaeia","Odinarchaeia","Odinarchaeia","Odinarchaeia","uncultured_archaeon"
"ASV_5532","Fossil Lagoon","d__Archaea","Thermoplasmatota","Thermoplasmata","Marine_Benthic_Group_D_and_DHVEG-1","Marine_Benthic_Group_D_and_DHVEG-1","Marine_Benthic_Group_D_and_DHVEG-1",NA
"ASV_4342","Fossil Lagoon","d__Bacteria","Planctomycetota","vadinHA49","vadinHA49","vadinHA49","vadinHA49","uncultured_bacterium"
"ASV_6008","Fossil Lagoon","d__Bacteria","Planctomycetota","Phycisphaerae","mle1-8","mle1-8","mle1-8","uncultured_bacterium"
"ASV_4693","Fossil Lagoon","d__Bacteria","Planctomycetota","Phycisphaerae","mle1-8","mle1-8","mle1-8","uncultured_bacterium"
"ASV_6470","Fossil Lagoon","d__Bacteria","Planctomycetota","Phycisphaerae","mle1-8","mle1-8","mle1-8","uncultured_bacterium"
"ASV_6214","Fossil Lagoon","d__Bacteria","Planctomycetota","Phycisphaerae","mle1-8","mle1-8","mle1-8","uncultured_bacterium"
"ASV_6473","Fossil Lagoon","d__Bacteria","Planctomycetota","Phycisphaerae","mle1-8","mle1-8","mle1-8","uncultured_bacterium"
"ASV_2646","Fossil Lagoon","d__Bacteria","Planctomycetota","Phycisphaerae","Tepidisphaerales","WD2101_soil_group","WD2101_soil_group","uncultured_bacterium"
"ASV_5439","Fossil Lagoon","d__Bacteria","Planctomycetota","Phycisphaerae","Tepidisphaerales","WD2101_soil_group","WD2101_soil_group",NA
"ASV_6449","Fossil Lagoon","d__Bacteria","Planctomycetota","Phycisphaerae","Pla1_lineage","Pla1_lineage","Pla1_lineage","uncultured_organism"
"ASV_4555","Fossil Lagoon","d__Bacteria","Planctomycetota","Phycisphaerae","Phycisphaerales","Phycisphaeraceae","Z195MB87","uncultured_planctomycete"
"ASV_2136","Fossil Lagoon","d__Bacteria","Planctomycetota","Phycisphaerae","Phycisphaerales","Phycisphaeraceae","Z195MB87","uncultured_planctomycete"
"ASV_3386","Fossil Lagoon","d__Bacteria","Planctomycetota","Phycisphaerae","Phycisphaerales","Phycisphaeraceae","Z195MB87","uncultured_planctomycete"
"ASV_5130","Fossil Lagoon","d__Bacteria","Planctomycetota","Phycisphaerae","Phycisphaerales","Phycisphaeraceae","Z195MB87","uncultured_planctomycete"
"ASV_6077","Fossil Lagoon","d__Bacteria","Planctomycetota","Phycisphaerae","S-70","S-70","S-70","uncultured_bacterium"
"ASV_3672","Fossil Lagoon","d__Bacteria","Planctomycetota","OM190","OM190","OM190","OM190","uncultured_bacterium"
"ASV_6285","Fossil Lagoon","d__Bacteria","Planctomycetota","OM190","OM190","OM190","OM190",NA
"ASV_4765","Fossil Lagoon","d__Bacteria","Planctomycetota","Pla4_lineage","Pla4_lineage","Pla4_lineage","Pla4_lineage","metagenome"
"ASV_2434","Fossil Lagoon","d__Bacteria","Planctomycetota","Pla4_lineage","Pla4_lineage","Pla4_lineage","Pla4_lineage","uncultured_planctomycete"
"ASV_6211","Fossil Lagoon","d__Bacteria","Planctomycetota","Planctomycetes","Gemmatales","Gemmataceae","uncultured","uncultured_Planctomycetia"
"ASV_6726","Fossil Lagoon","d__Bacteria","Planctomycetota","Planctomycetes","Pirellulales","Pirellulaceae","Pir4_lineage","uncultured_bacterium"
"ASV_6513","Fossil Lagoon","d__Bacteria","Planctomycetota","Planctomycetes","Pirellulales","Pirellulaceae","Pir4_lineage","uncultured_bacterium"
"ASV_5538","Fossil Lagoon","d__Bacteria","Planctomycetota","Planctomycetes","Pirellulales","Pirellulaceae","uncultured","uncultured_Planctomycetaceae"
"ASV_6497","Fossil Lagoon","d__Bacteria","Planctomycetota","Planctomycetes","Pirellulales","Pirellulaceae","uncultured","uncultured_soil"
"ASV_6950","Fossil Lagoon","d__Bacteria","Planctomycetota","Planctomycetes","Pirellulales","Pirellulaceae","uncultured","uncultured_soil"
"ASV_7180","Fossil Lagoon","d__Bacteria","Planctomycetota","Planctomycetes","Planctomycetales","Gimesiaceae","uncultured","uncultured_bacterium"
"ASV_2165","Fossil Lagoon","d__Bacteria","Latescibacterota","Latescibacteria","Latescibacterales","Latescibacteraceae","Latescibacteraceae","uncultured_bacterium"
"ASV_4119","Fossil Lagoon","d__Bacteria","Latescibacterota","Latescibacteria","Latescibacterales","Latescibacteraceae","Latescibacteraceae","uncultured_bacterium"
"ASV_4061","Fossil Lagoon","d__Bacteria","Latescibacterota","Latescibacteria","Latescibacterales","Latescibacteraceae","Latescibacteraceae","uncultured_bacterium"
"ASV_1137","Fossil Lagoon","d__Bacteria","Latescibacterota","Latescibacteria","Latescibacterales","Latescibacteraceae","Latescibacteraceae","uncultured_bacterium"
"ASV_3583","Fossil Lagoon","d__Bacteria","Latescibacterota","Latescibacteria","Latescibacterales","Latescibacteraceae","Latescibacteraceae","uncultured_Latescibacteria"
"ASV_5071","Fossil Lagoon","d__Bacteria","Latescibacterota","Latescibacteria","Latescibacterales","Latescibacteraceae","Latescibacteraceae","uncultured_actinobacterium"
"ASV_1538","Fossil Lagoon","d__Bacteria","Latescibacterota","Latescibacterota","Latescibacterota","Latescibacterota","Latescibacterota","uncultured_delta"
"ASV_2159","Fossil Lagoon","d__Bacteria","Latescibacterota","Latescibacterota","Latescibacterota","Latescibacterota","Latescibacterota","uncultured_delta"
"ASV_4316","Fossil Lagoon","d__Bacteria","Latescibacterota","Latescibacterota","Latescibacterota","Latescibacterota","Latescibacterota","uncultured_delta"
"ASV_2333","Fossil Lagoon","d__Bacteria","Latescibacterota","Latescibacterota","Latescibacterota","Latescibacterota","Latescibacterota","uncultured_delta"
"ASV_5033","Fossil Lagoon","d__Bacteria","Latescibacterota","Latescibacteria","Latescibacterales","Latescibacteraceae","Latescibacteraceae","uncultured_bacterium"
"ASV_4710","Fossil Lagoon","d__Bacteria","Latescibacterota","Latescibacterota","Latescibacterota","Latescibacterota","Latescibacterota","uncultured_bacterium"
"ASV_5429","Fossil Lagoon","d__Bacteria","Latescibacterota","Latescibacterota","Latescibacterota","Latescibacterota","Latescibacterota","uncultured_bacterium"
"ASV_441","Fossil Lagoon","d__Bacteria","Latescibacterota","Latescibacterota","Latescibacterota","Latescibacterota","Latescibacterota","metagenome"
"ASV_3890","Fossil Lagoon","d__Bacteria","Latescibacterota","Latescibacterota","Latescibacterota","Latescibacterota","Latescibacterota","metagenome"
"ASV_1589","Fossil Lagoon","d__Bacteria","Latescibacterota","Latescibacterota","Latescibacterota","Latescibacterota","Latescibacterota","uncultured_bacterium"
"ASV_2953","Fossil Lagoon","d__Bacteria","Latescibacterota","Latescibacterota","Latescibacterota","Latescibacterota","Latescibacterota",NA
"ASV_5893","Fossil Lagoon","d__Bacteria","Latescibacterota","Latescibacterota","Latescibacterota","Latescibacterota","Latescibacterota","uncultured_bacterium"
"ASV_6865","Fossil Lagoon","d__Bacteria","Latescibacterota","Latescibacterota","Latescibacterota","Latescibacterota","Latescibacterota",NA
"ASV_1398","Fossil Lagoon","d__Bacteria","Latescibacterota","Latescibacterota","Latescibacterota","Latescibacterota","Latescibacterota","uncultured_Latescibacteria"
"ASV_2565","Fossil Lagoon","d__Bacteria","Latescibacterota","Latescibacterota","Latescibacterota","Latescibacterota","Latescibacterota",NA
"ASV_5192","Fossil Lagoon","d__Bacteria","Latescibacterota","Latescibacterota","Latescibacterota","Latescibacterota","Latescibacterota","uncultured_Latescibacteria"
"ASV_4250","Fossil Lagoon","d__Bacteria","Latescibacterota","Latescibacterota","Latescibacterota","Latescibacterota","Latescibacterota",NA
"ASV_5614","Fossil Lagoon","d__Bacteria","Latescibacterota","Latescibacterota","Latescibacterota","Latescibacterota","Latescibacterota","uncultured_soil"
"ASV_7164","Fossil Lagoon","d__Bacteria","Latescibacterota","Latescibacterota","Latescibacterota","Latescibacterota","Latescibacterota","uncultured_soil"
"ASV_3501","Fossil Lagoon","d__Bacteria","Latescibacterota","Latescibacterota","Latescibacterota","Latescibacterota","Latescibacterota","uncultured_soil"
"ASV_2497","Fossil Lagoon","d__Bacteria","Latescibacterota","Latescibacterota","Latescibacterota","Latescibacterota","Latescibacterota","uncultured_soil"
"ASV_2162","Fossil Lagoon","d__Bacteria","Latescibacterota","Latescibacterota","Latescibacterota","Latescibacterota","Latescibacterota","uncultured_soil"
"ASV_3470","Fossil Lagoon","d__Bacteria","Latescibacterota","Latescibacterota","Latescibacterota","Latescibacterota","Latescibacterota",NA
"ASV_5228","Fossil Lagoon","d__Bacteria","Latescibacterota","Latescibacterota","Latescibacterota","Latescibacterota","Latescibacterota",NA
"ASV_3798","Fossil Lagoon","d__Bacteria","Latescibacterota","Latescibacterota","Latescibacterota","Latescibacterota","Latescibacterota","uncultured_soil"
"ASV_3314","Fossil Lagoon","d__Bacteria","Latescibacterota","Latescibacterota","Latescibacterota","Latescibacterota","Latescibacterota",NA
"ASV_4098","Fossil Lagoon","d__Bacteria","Latescibacterota","Latescibacterota","Latescibacterota","Latescibacterota","Latescibacterota",NA
"ASV_5504","Fossil Lagoon","d__Bacteria","Latescibacterota","Latescibacterota","Latescibacterota","Latescibacterota","Latescibacterota","uncultured_soil"
"ASV_4843","Fossil Lagoon","d__Bacteria","Latescibacterota","Latescibacterota","Latescibacterota","Latescibacterota","Latescibacterota","uncultured_soil"
"ASV_2100","Fossil Lagoon","d__Bacteria","Latescibacterota","Latescibacterota","Latescibacterota","Latescibacterota","Latescibacterota",NA
"ASV_4073","Fossil Lagoon","d__Bacteria","Latescibacterota","Latescibacterota","Latescibacterota","Latescibacterota","Latescibacterota","uncultured_soil"
"ASV_6908","Fossil Lagoon","d__Bacteria","Latescibacterota","Latescibacterota","Latescibacterota","Latescibacterota","Latescibacterota",NA
"ASV_5585","Fossil Lagoon","d__Bacteria","Latescibacterota","Latescibacterota","Latescibacterota","Latescibacterota","Latescibacterota","uncultured_bacterium"
"ASV_4692","Fossil Lagoon","d__Bacteria","Latescibacterota","Latescibacterota","Latescibacterota","Latescibacterota","Latescibacterota","uncultured_bacterium"
"ASV_2731","Fossil Lagoon","d__Bacteria","Latescibacterota","Latescibacterota","Latescibacterota","Latescibacterota","Latescibacterota","uncultured_bacterium"
"ASV_2754","Fossil Lagoon","d__Bacteria","Latescibacterota","Latescibacterota","Latescibacterota","Latescibacterota","Latescibacterota","uncultured_bacterium"
"ASV_2699","Fossil Lagoon","d__Bacteria","Latescibacterota","Latescibacterota","Latescibacterota","Latescibacterota","Latescibacterota","metagenome"
"ASV_5664","Fossil Lagoon","d__Bacteria","Latescibacterota","Latescibacterota","Latescibacterota","Latescibacterota","Latescibacterota","metagenome"
"ASV_5171","Fossil Lagoon","d__Bacteria","Latescibacterota","Latescibacterota","Latescibacterota","Latescibacterota","Latescibacterota","uncultured_soil"
"ASV_3295","Fossil Lagoon","d__Bacteria","Latescibacterota","Latescibacterota","Latescibacterota","Latescibacterota","Latescibacterota","uncultured_soil"
"ASV_1577","Fossil Lagoon","d__Bacteria","Latescibacterota","Latescibacterota","Latescibacterota","Latescibacterota","Latescibacterota","uncultured_bacterium"
"ASV_4800","Fossil Lagoon","d__Bacteria","Latescibacterota","Latescibacterota","Latescibacterota","Latescibacterota","Latescibacterota","uncultured_bacterium"
"ASV_6187","Fossil Lagoon","d__Bacteria","Latescibacterota","Latescibacterota","Latescibacterota","Latescibacterota","Latescibacterota","uncultured_bacterium"
"ASV_6438","Fossil Lagoon","d__Bacteria","Latescibacterota","Latescibacterota","Latescibacterota","Latescibacterota","Latescibacterota","uncultured_bacterium"
"ASV_6488","Fossil Lagoon","d__Bacteria","Latescibacterota","Latescibacterota","Latescibacterota","Latescibacterota","Latescibacterota",NA
"ASV_4859","Fossil Lagoon","d__Bacteria","Latescibacterota","Latescibacterota","Latescibacterota","Latescibacterota","Latescibacterota",NA
"ASV_4038","Fossil Lagoon","d__Bacteria","Latescibacterota","Latescibacterota","Latescibacterota","Latescibacterota","Latescibacterota",NA
"ASV_5813","Fossil Lagoon","d__Bacteria","Latescibacterota","Latescibacterota","Latescibacterota","Latescibacterota","Latescibacterota","uncultured_bacterium"
"ASV_3397","Fossil Lagoon","d__Bacteria","Latescibacterota","Latescibacterota","Latescibacterota","Latescibacterota","Latescibacterota",NA
"ASV_6551","Fossil Lagoon","d__Bacteria","Latescibacterota","Latescibacterota","Latescibacterota","Latescibacterota","Latescibacterota","uncultured_bacterium"
"ASV_6057","Fossil Lagoon","d__Bacteria","Latescibacterota","Latescibacterota","Latescibacterota","Latescibacterota","Latescibacterota","uncultured_bacterium"
"ASV_4601","Fossil Lagoon","d__Bacteria","Latescibacterota","Latescibacterota","Latescibacterota","Latescibacterota","Latescibacterota",NA
"ASV_1641","Fossil Lagoon","d__Bacteria","Latescibacterota","Latescibacterota","Latescibacterota","Latescibacterota","Latescibacterota","uncultured_prokaryote"
"ASV_3627","Fossil Lagoon","d__Bacteria","Latescibacterota","Latescibacterota","Latescibacterota","Latescibacterota","Latescibacterota","uncultured_prokaryote"
"ASV_4801","Fossil Lagoon","d__Bacteria","Latescibacterota","Latescibacterota","Latescibacterota","Latescibacterota","Latescibacterota","uncultured_prokaryote"
"ASV_6348","Fossil Lagoon","d__Bacteria","Sumerlaeota","Sumerlaeia","Sumerlaeales","Sumerlaeaceae","Sumerlaea","uncultured_organism"
"ASV_6250","Fossil Lagoon","d__Bacteria","Sumerlaeota","Sumerlaeia","Sumerlaeales","Sumerlaeaceae","Sumerlaea","uncultured_bacterium"
"ASV_5131","Fossil Lagoon","d__Bacteria","Sumerlaeota","Sumerlaeia","Sumerlaeales","Sumerlaeaceae","Sumerlaea","uncultured_organism"
"ASV_4491","Fossil Lagoon","d__Bacteria","Sumerlaeota","Sumerlaeia","uncultured","uncultured","uncultured","uncultured_bacterium"
"ASV_1270","Fossil Lagoon","d__Bacteria","Verrucomicrobiota","Verrucomicrobiae","Pedosphaerales","Pedosphaeraceae","ADurb.Bin118","uncultured_bacterium"
"ASV_1233","Fossil Lagoon","d__Bacteria","Verrucomicrobiota","Verrucomicrobiae","Pedosphaerales","Pedosphaeraceae","uncultured","uncultured_bacterium"
"ASV_2858","Fossil Lagoon","d__Bacteria","Verrucomicrobiota","Verrucomicrobiae","Pedosphaerales","Pedosphaeraceae","uncultured","uncultured_bacterium"
"ASV_6501","Fossil Lagoon","d__Bacteria","Verrucomicrobiota","Verrucomicrobiae","Pedosphaerales","Pedosphaeraceae",NA,NA
"ASV_3855","Fossil Lagoon","d__Bacteria","Verrucomicrobiota","Verrucomicrobiae","Pedosphaerales","Pedosphaeraceae","uncultured","uncultured_bacterium"
"ASV_3069","Fossil Lagoon","d__Bacteria","Verrucomicrobiota","Verrucomicrobiae","Pedosphaerales","Pedosphaeraceae",NA,NA
"ASV_6604","Fossil Lagoon","d__Bacteria","Verrucomicrobiota","Verrucomicrobiae","Pedosphaerales","Pedosphaeraceae","uncultured","uncultured_bacterium"
"ASV_4360","Fossil Lagoon","d__Bacteria","Verrucomicrobiota","Verrucomicrobiae","Pedosphaerales","Pedosphaeraceae",NA,NA
"ASV_3671","Fossil Lagoon","d__Bacteria","Verrucomicrobiota","Verrucomicrobiae","Pedosphaerales","Pedosphaeraceae",NA,NA
"ASV_7132","Fossil Lagoon","d__Bacteria","Verrucomicrobiota","Verrucomicrobiae","Pedosphaerales","Pedosphaeraceae","Ellin516","uncultured_bacterium"
"ASV_5836","Fossil Lagoon","d__Bacteria","Verrucomicrobiota","Verrucomicrobiae","Pedosphaerales","Pedosphaeraceae","Ellin516","uncultured_bacterium"
"ASV_6782","Fossil Lagoon","d__Bacteria","Verrucomicrobiota","Verrucomicrobiae","Pedosphaerales","Pedosphaeraceae","ADurb.Bin118","uncultured_bacterium"
"ASV_6667","Fossil Lagoon","d__Bacteria","Verrucomicrobiota","Verrucomicrobiae","Pedosphaerales","Pedosphaeraceae","Pedosphaeraceae","uncultured_bacterium"
"ASV_6821","Fossil Lagoon","d__Bacteria","Verrucomicrobiota","Verrucomicrobiae","Pedosphaerales","Pedosphaeraceae","Pedosphaeraceae","uncultured_bacterium"
"ASV_6259","Fossil Lagoon","d__Bacteria","Verrucomicrobiota","Verrucomicrobiae","Pedosphaerales","Pedosphaeraceae","Pedosphaeraceae",NA
"ASV_5453","Fossil Lagoon","d__Bacteria","Verrucomicrobiota","Verrucomicrobiae","Chthoniobacterales","Chthoniobacteraceae","Chthoniobacter","uncultured_bacterium"
"ASV_1308","Fossil Lagoon","d__Bacteria","Verrucomicrobiota","Verrucomicrobiae","S-BQ2-57_soil_group","S-BQ2-57_soil_group","S-BQ2-57_soil_group",NA
"ASV_5417","Fossil Lagoon","d__Bacteria","Verrucomicrobiota","Verrucomicrobiae","S-BQ2-57_soil_group","S-BQ2-57_soil_group","S-BQ2-57_soil_group",NA
"ASV_3313","Fossil Lagoon","d__Bacteria","Verrucomicrobiota","Verrucomicrobiae","S-BQ2-57_soil_group","S-BQ2-57_soil_group","S-BQ2-57_soil_group","uncultured_bacterium"
"ASV_2924","Fossil Lagoon","d__Bacteria","Verrucomicrobiota","Verrucomicrobiae","S-BQ2-57_soil_group","S-BQ2-57_soil_group","S-BQ2-57_soil_group","uncultured_bacterium"
"ASV_5181","Fossil Lagoon","d__Bacteria","Verrucomicrobiota","Verrucomicrobiae","S-BQ2-57_soil_group","S-BQ2-57_soil_group","S-BQ2-57_soil_group","uncultured_bacterium"
"ASV_4982","Fossil Lagoon","d__Bacteria","Verrucomicrobiota","Verrucomicrobiae","S-BQ2-57_soil_group","S-BQ2-57_soil_group","S-BQ2-57_soil_group","uncultured_bacterium"
"ASV_3475","Fossil Lagoon","d__Bacteria","Verrucomicrobiota","Verrucomicrobiae","S-BQ2-57_soil_group","S-BQ2-57_soil_group","S-BQ2-57_soil_group","uncultured_bacterium"
"ASV_4683","Fossil Lagoon","d__Bacteria","Verrucomicrobiota","Verrucomicrobiae","S-BQ2-57_soil_group","S-BQ2-57_soil_group","S-BQ2-57_soil_group","uncultured_bacterium"
"ASV_5584","Fossil Lagoon","d__Bacteria","Verrucomicrobiota","Verrucomicrobiae","S-BQ2-57_soil_group","S-BQ2-57_soil_group","S-BQ2-57_soil_group","uncultured_bacterium"
"ASV_2739","Fossil Lagoon","d__Bacteria","Verrucomicrobiota","Verrucomicrobiae","Opitutales","Opitutaceae","Opitutus",NA
"ASV_7035","Fossil Lagoon","d__Bacteria","Verrucomicrobiota","Verrucomicrobiae","S-BQ2-57_soil_group","S-BQ2-57_soil_group","S-BQ2-57_soil_group","uncultured_bacterium"
"ASV_2309","Fossil Lagoon","d__Bacteria","Verrucomicrobiota","Chlamydiae","Chlamydiales","Simkaniaceae",NA,NA
"ASV_1413","Fossil Lagoon","d__Bacteria","Patescibacteria","Parcubacteria","Candidatus_Yanofskybacteria","Candidatus_Yanofskybacteria","Candidatus_Yanofskybacteria","uncultured_bacterium"
"ASV_1652","Fossil Lagoon","d__Bacteria","Patescibacteria","Parcubacteria","Candidatus_Yanofskybacteria","Candidatus_Yanofskybacteria","Candidatus_Yanofskybacteria","uncultured_deep-sea"
"ASV_7103","Fossil Lagoon","d__Bacteria","Patescibacteria","Parcubacteria","Candidatus_Yanofskybacteria","Candidatus_Yanofskybacteria","Candidatus_Yanofskybacteria","uncultured_bacterium"
"ASV_7141","Fossil Lagoon","d__Bacteria","Patescibacteria","Parcubacteria","Candidatus_Kaiserbacteria","Candidatus_Kaiserbacteria","Candidatus_Kaiserbacteria",NA
"ASV_1990","Fossil Lagoon","d__Bacteria","Patescibacteria","Parcubacteria","Candidatus_Adlerbacteria","Candidatus_Adlerbacteria","Candidatus_Adlerbacteria","uncultured_bacterium"
"ASV_6462","Fossil Lagoon","d__Bacteria","Patescibacteria","Parcubacteria","Candidatus_Adlerbacteria","Candidatus_Adlerbacteria","Candidatus_Adlerbacteria","uncultured_bacterium"
"ASV_2521","Fossil Lagoon","d__Bacteria","Patescibacteria","Parcubacteria","Candidatus_Liptonbacteria","Candidatus_Liptonbacteria","Candidatus_Liptonbacteria","Candidatus_Liptonbacteria"
"ASV_6367","Fossil Lagoon","d__Bacteria","Patescibacteria","Parcubacteria","Candidatus_Jorgensenbacteria","Candidatus_Jorgensenbacteria","Candidatus_Jorgensenbacteria","Candidatus_Adlerbacteria"
"ASV_5046","Fossil Lagoon","d__Bacteria","Patescibacteria","Parcubacteria","Parcubacteria","Parcubacteria","Parcubacteria","uncultured_bacterium"
"ASV_6510","Fossil Lagoon","d__Bacteria","Patescibacteria","Parcubacteria",NA,NA,NA,NA
"ASV_4045","Fossil Lagoon","d__Bacteria","Patescibacteria","Parcubacteria","Parcubacteria","Parcubacteria","Parcubacteria","uncultured_bacterium"
"ASV_5588","Fossil Lagoon","d__Bacteria","Patescibacteria","ABY1","Candidatus_Magasanikbacteria","Candidatus_Magasanikbacteria","Candidatus_Magasanikbacteria",NA
"ASV_4196","Fossil Lagoon","d__Bacteria","Patescibacteria","ABY1","Candidatus_Magasanikbacteria","Candidatus_Magasanikbacteria","Candidatus_Magasanikbacteria","uncultured_bacterium"
"ASV_6909","Fossil Lagoon","d__Bacteria","Patescibacteria","ABY1","Candidatus_Magasanikbacteria","Candidatus_Magasanikbacteria","Candidatus_Magasanikbacteria","uncultured_bacterium"
"ASV_6812","Fossil Lagoon","d__Bacteria","Patescibacteria","ABY1","Candidatus_Komeilibacteria","Candidatus_Komeilibacteria","Candidatus_Komeilibacteria","uncultured_bacterium"
"ASV_7047","Fossil Lagoon","d__Bacteria","Patescibacteria","ABY1","Candidatus_Magasanikbacteria","Candidatus_Magasanikbacteria","Candidatus_Magasanikbacteria","uncultured_bacterium"
"ASV_2769","Fossil Lagoon","d__Bacteria","Patescibacteria","Kazania","Kazania","Kazania","Kazania","uncultured_bacterium"
"ASV_5527","Fossil Lagoon","d__Bacteria","Methylomirabilota","Methylomirabilia","Rokubacteriales","Rokubacteriales","Rokubacteriales","uncultured_bacterium"
"ASV_1239","Fossil Lagoon","d__Bacteria","Methylomirabilota","Methylomirabilia","Rokubacteriales","Rokubacteriales","Rokubacteriales","uncultured_bacterium"
"ASV_1658","Fossil Lagoon","d__Bacteria","Methylomirabilota","Methylomirabilia","Rokubacteriales","Rokubacteriales","Rokubacteriales","uncultured_bacterium"
"ASV_956","Fossil Lagoon","d__Bacteria","Methylomirabilota","Methylomirabilia","Rokubacteriales","Rokubacteriales","Rokubacteriales","uncultured_bacterium"
"ASV_380","Fossil Lagoon","d__Bacteria","Methylomirabilota","Methylomirabilia","Rokubacteriales","Rokubacteriales","Rokubacteriales","uncultured_bacterium"
"ASV_6528","Fossil Lagoon","d__Bacteria","Methylomirabilota","Methylomirabilia","Rokubacteriales","Rokubacteriales","Rokubacteriales","uncultured_bacterium"
"ASV_3800","Fossil Lagoon","d__Bacteria","Methylomirabilota","Methylomirabilia","Rokubacteriales","Rokubacteriales","Rokubacteriales","uncultured_bacterium"
"ASV_4560","Fossil Lagoon","d__Bacteria","Methylomirabilota","Methylomirabilia","Rokubacteriales","Rokubacteriales","Rokubacteriales","uncultured_bacterium"
"ASV_2612","Fossil Lagoon","d__Bacteria","Methylomirabilota","Methylomirabilia","Rokubacteriales","Rokubacteriales","Rokubacteriales","uncultured_bacterium"
"ASV_4041","Fossil Lagoon","d__Bacteria","Methylomirabilota","Methylomirabilia","Rokubacteriales","Rokubacteriales","Rokubacteriales","uncultured_bacterium"
"ASV_1378","Fossil Lagoon","d__Bacteria","Methylomirabilota","Methylomirabilia","Rokubacteriales","Rokubacteriales","Rokubacteriales","uncultured_bacterium"
"ASV_5778","Fossil Lagoon","d__Bacteria","Methylomirabilota","Methylomirabilia","Rokubacteriales","Rokubacteriales","Rokubacteriales","uncultured_bacterium"
"ASV_6097","Fossil Lagoon","d__Bacteria","Methylomirabilota","Methylomirabilia","Rokubacteriales","WX65","WX65","bacterium_WX65"
"ASV_655","Fossil Lagoon","d__Bacteria","Acidobacteriota","Aminicenantia","Aminicenantales","Aminicenantales","Aminicenantales","uncultured_Aminicenantes"
"ASV_4005","Fossil Lagoon","d__Bacteria","Acidobacteriota","Aminicenantia","Aminicenantales","Aminicenantales","Aminicenantales","metagenome"
"ASV_4444","Fossil Lagoon","d__Bacteria","Acidobacteriota","Aminicenantia","Aminicenantales","Aminicenantales","Aminicenantales",NA
"ASV_4395","Fossil Lagoon","d__Bacteria","Methylomirabilota","Methylomirabilia","Methylomirabilales","Methylomirabilaceae","Sh765B-TzT-35","uncultured_bacterium"
"ASV_6019","Fossil Lagoon","d__Bacteria","Methylomirabilota","Methylomirabilia","Methylomirabilales","Methylomirabilaceae","Sh765B-TzT-35","uncultured_bacterium"
"ASV_6646","Fossil Lagoon","d__Bacteria","Methylomirabilota","Methylomirabilia","Methylomirabilales","Methylomirabilaceae","Sh765B-TzT-35","uncultured_bacterium"
"ASV_6358","Fossil Lagoon","d__Bacteria","Sumerlaeota","Sumerlaeia","uncultured","uncultured","uncultured","uncultured_delta"
"ASV_5874","Fossil Lagoon","d__Bacteria","Gemmatimonadota","MD2902-B12","MD2902-B12","MD2902-B12","MD2902-B12","uncultured_bacterium"
"ASV_792","Fossil Lagoon","d__Bacteria","Gemmatimonadota","MD2902-B12","MD2902-B12","MD2902-B12","MD2902-B12","uncultured_bacterium"
"ASV_3835","Fossil Lagoon","d__Bacteria","Gemmatimonadota","MD2902-B12","MD2902-B12","MD2902-B12","MD2902-B12","uncultured_bacterium"
"ASV_4812","Fossil Lagoon","d__Bacteria","Armatimonadota","DG-56","DG-56","DG-56","DG-56","uncultured_bacterium"
"ASV_6403","Fossil Lagoon","d__Bacteria","Proteobacteria","Gammaproteobacteria","Gammaproteobacteria","Gammaproteobacteria","Gammaproteobacteria","uncultured_bacterium"
"ASV_2281","Fossil Lagoon","d__Bacteria","Proteobacteria","Gammaproteobacteria","Pseudomonadales","Moraxellaceae","Acinetobacter","Acinetobacter_variabilis"
"ASV_5496","Fossil Lagoon","d__Bacteria","Proteobacteria","Gammaproteobacteria","EC3","EC3","EC3","uncultured_bacterium"
"ASV_5613","Fossil Lagoon","d__Bacteria","Proteobacteria","Gammaproteobacteria","EC3","EC3","EC3","uncultured_bacterium"
"ASV_5262","Fossil Lagoon","d__Bacteria","Proteobacteria","Gammaproteobacteria","Diplorickettsiales","Diplorickettsiaceae","uncultured","uncultured_bacterium"
"ASV_5501","Fossil Lagoon","d__Bacteria","Proteobacteria","Gammaproteobacteria",NA,NA,NA,NA
"ASV_5172","Fossil Lagoon","d__Bacteria","Proteobacteria","Gammaproteobacteria","Xanthomonadales","Xanthomonadaceae","Lysobacter","Lysobacter_soli"
"ASV_3721","Fossil Lagoon","d__Bacteria","Proteobacteria","Gammaproteobacteria",NA,NA,NA,NA
"ASV_3182","Fossil Lagoon","d__Bacteria","Proteobacteria","Gammaproteobacteria","Ga0077536","Ga0077536","Ga0077536","uncultured_sulfur-oxidizing"
"ASV_5890","Fossil Lagoon","d__Bacteria","Proteobacteria","Gammaproteobacteria","Methylococcales","Methylococcaceae","Candidatus_Methylospira","uncultured_bacterium"
"ASV_2674","Fossil Lagoon","d__Bacteria","Proteobacteria","Gammaproteobacteria","PLTA13","PLTA13","PLTA13",NA
"ASV_5313","Fossil Lagoon","d__Bacteria","Proteobacteria","Gammaproteobacteria","PLTA13","PLTA13","PLTA13","metagenome"
"ASV_4238","Fossil Lagoon","d__Bacteria","Proteobacteria","Gammaproteobacteria","Gammaproteobacteria_Incertae_Sedis","Unknown_Family","Acidibacter",NA
"ASV_4615","Fossil Lagoon","d__Bacteria","Proteobacteria","Gammaproteobacteria","Gammaproteobacteria_Incertae_Sedis","Unknown_Family","Acidibacter",NA
"ASV_5516","Fossil Lagoon","d__Bacteria","Proteobacteria","Gammaproteobacteria","Gammaproteobacteria_Incertae_Sedis","Unknown_Family","Acidibacter",NA
"ASV_1826","Fossil Lagoon","d__Bacteria","Proteobacteria","Gammaproteobacteria","PLTA13","PLTA13","PLTA13","uncultured_bacterium"
"ASV_4487","Fossil Lagoon","d__Bacteria","Proteobacteria","Gammaproteobacteria","Steroidobacterales","Steroidobacteraceae","uncultured",NA
"ASV_6201","Fossil Lagoon","d__Bacteria","Proteobacteria","Gammaproteobacteria","Steroidobacterales","Steroidobacteraceae","uncultured","uncultured_proteobacterium"
"ASV_1728","Fossil Lagoon","d__Bacteria","Proteobacteria","Gammaproteobacteria","EPR3968-O8a-Bc78","EPR3968-O8a-Bc78","EPR3968-O8a-Bc78",NA
"ASV_608","Fossil Lagoon","d__Bacteria","Proteobacteria","Gammaproteobacteria","CCD24","CCD24","CCD24",NA
"ASV_6152","Fossil Lagoon","d__Bacteria","Proteobacteria","Gammaproteobacteria","CCD24","CCD24","CCD24",NA
"ASV_5320","Fossil Lagoon","d__Bacteria","Proteobacteria","Gammaproteobacteria","CCD24","CCD24","CCD24",NA
"ASV_4321","Fossil Lagoon","d__Bacteria","Proteobacteria","Gammaproteobacteria","JG36-GS-52","JG36-GS-52","JG36-GS-52","uncultured_bacterium"
"ASV_2976","Fossil Lagoon","d__Bacteria","Proteobacteria","Gammaproteobacteria",NA,NA,NA,NA
"ASV_4167","Fossil Lagoon","d__Bacteria","Proteobacteria","Gammaproteobacteria","Ectothiorhodospirales","Thioalkalispiraceae","uncultured","metagenome"
"ASV_4774","Fossil Lagoon","d__Bacteria","Proteobacteria","Gammaproteobacteria","Halothiobacillales","Halothiobacillaceae","uncultured","uncultured_bacterium"
"ASV_5170","Fossil Lagoon","d__Bacteria","Proteobacteria","Gammaproteobacteria","Ga0077536","Ga0077536","Ga0077536",NA
"ASV_3687","Fossil Lagoon","d__Bacteria","Proteobacteria","Gammaproteobacteria","Gammaproteobacteria_Incertae_Sedis","Unknown_Family","uncultured","uncultured_bacterium"
"ASV_923","Fossil Lagoon","d__Bacteria","Proteobacteria","Gammaproteobacteria","Acidiferrobacterales","Acidiferrobacteraceae","Sulfurifustis","Acidithiobacillales_bacterium"
"ASV_4432","Fossil Lagoon","d__Bacteria","Proteobacteria","Gammaproteobacteria","Acidiferrobacterales","Acidiferrobacteraceae","Sulfurifustis",NA
"ASV_6271","Fossil Lagoon","d__Bacteria","Proteobacteria","Gammaproteobacteria","Acidiferrobacterales","Acidiferrobacteraceae","Sulfurifustis",NA
"ASV_1724","Fossil Lagoon","d__Bacteria","Proteobacteria","Gammaproteobacteria","Acidiferrobacterales","Acidiferrobacteraceae","Sulfurifustis",NA
"ASV_2823","Fossil Lagoon","d__Bacteria","Proteobacteria","Gammaproteobacteria","Acidiferrobacterales","Acidiferrobacteraceae","Sulfurifustis","uncultured_bacterium"
"ASV_4072","Fossil Lagoon","d__Bacteria","Proteobacteria","Gammaproteobacteria","Acidiferrobacterales","Acidiferrobacteraceae","Sulfurifustis","uncultured_proteobacterium"
"ASV_2408","Fossil Lagoon","d__Bacteria","Proteobacteria","Gammaproteobacteria","Acidiferrobacterales","Acidiferrobacteraceae","Sulfurifustis","uncultured_proteobacterium"
"ASV_2104","Fossil Lagoon","d__Bacteria","Proteobacteria","Gammaproteobacteria","Acidiferrobacterales","Acidiferrobacteraceae","Sulfurifustis",NA
"ASV_242","Fossil Lagoon","d__Bacteria","Proteobacteria","Gammaproteobacteria","Acidiferrobacterales","Acidiferrobacteraceae","Sulfurifustis",NA
"ASV_5818","Fossil Lagoon","d__Bacteria","Proteobacteria","Gammaproteobacteria","Acidiferrobacterales","Acidiferrobacteraceae","Sulfurifustis",NA
"ASV_5229","Fossil Lagoon","d__Bacteria","Proteobacteria","Gammaproteobacteria","Acidiferrobacterales","Acidiferrobacteraceae","Sulfurifustis","uncultured_proteobacterium"
"ASV_381","Fossil Lagoon","d__Bacteria","Proteobacteria","Gammaproteobacteria","Acidiferrobacterales","Acidiferrobacteraceae","Sulfurifustis","uncultured_proteobacterium"
"ASV_825","Fossil Lagoon","d__Bacteria","Proteobacteria","Gammaproteobacteria","Acidiferrobacterales","Acidiferrobacteraceae","Sulfurifustis",NA
"ASV_5269","Fossil Lagoon","d__Bacteria","Proteobacteria","Gammaproteobacteria","Acidiferrobacterales","Acidiferrobacteraceae","Sulfurifustis",NA
"ASV_5365","Fossil Lagoon","d__Bacteria","Proteobacteria","Gammaproteobacteria","Acidiferrobacterales","Acidiferrobacteraceae","Sulfurifustis",NA
"ASV_6430","Fossil Lagoon","d__Bacteria","Proteobacteria","Gammaproteobacteria","Arenicellales","Arenicellaceae","uncultured","uncultured_gamma"
"ASV_7138","Fossil Lagoon","d__Bacteria","Proteobacteria","Gammaproteobacteria","Burkholderiales","TRA3-20","TRA3-20",NA
"ASV_1402","Fossil Lagoon","d__Bacteria","Proteobacteria","Gammaproteobacteria","Burkholderiales","TRA3-20","TRA3-20",NA
"ASV_4341","Fossil Lagoon","d__Bacteria","Proteobacteria","Gammaproteobacteria","Burkholderiales","TRA3-20","TRA3-20",NA
"ASV_1532","Fossil Lagoon","d__Bacteria","Proteobacteria","Gammaproteobacteria","Burkholderiales","TRA3-20","TRA3-20",NA
"ASV_882","Fossil Lagoon","d__Bacteria","Proteobacteria","Gammaproteobacteria","Burkholderiales","TRA3-20","TRA3-20",NA
"ASV_7190","Fossil Lagoon","d__Bacteria","Proteobacteria","Gammaproteobacteria","Burkholderiales","TRA3-20","TRA3-20",NA
"ASV_2962","Fossil Lagoon","d__Bacteria","Proteobacteria","Gammaproteobacteria","Burkholderiales","TRA3-20","TRA3-20",NA
"ASV_6672","Fossil Lagoon","d__Bacteria","Proteobacteria","Gammaproteobacteria","Burkholderiales","TRA3-20","TRA3-20",NA
"ASV_6788","Fossil Lagoon","d__Bacteria","Proteobacteria","Gammaproteobacteria","Burkholderiales","TRA3-20","TRA3-20",NA
"ASV_5175","Fossil Lagoon","d__Bacteria","Proteobacteria","Gammaproteobacteria","Burkholderiales","Nitrosomonadaceae","GOUTA6","uncultured_beta"
"ASV_7136","Fossil Lagoon","d__Bacteria","Proteobacteria","Gammaproteobacteria","Burkholderiales","TRA3-20","TRA3-20",NA
"ASV_5663","Fossil Lagoon","d__Bacteria","Proteobacteria","Gammaproteobacteria","Burkholderiales","Nitrosomonadaceae","966-1","uncultured_beta"
"ASV_4211","Fossil Lagoon","d__Bacteria","Proteobacteria","Gammaproteobacteria","Burkholderiales","B1-7BS","B1-7BS","uncultured_soil"
"ASV_4280","Fossil Lagoon","d__Bacteria","Proteobacteria","Gammaproteobacteria","Burkholderiales","B1-7BS","B1-7BS",NA
"ASV_3202","Fossil Lagoon","d__Bacteria","Proteobacteria","Gammaproteobacteria","Burkholderiales","Comamonadaceae","uncultured",NA
"ASV_5937","Fossil Lagoon","d__Bacteria","Proteobacteria","Gammaproteobacteria","Burkholderiales","Comamonadaceae","Azohydromonas","uncultured_bacterium"
"ASV_4572","Fossil Lagoon","d__Bacteria","Proteobacteria","Gammaproteobacteria","Burkholderiales","Comamonadaceae","Inhella","uncultured_beta"
"ASV_6573","Fossil Lagoon","d__Bacteria","Proteobacteria","Gammaproteobacteria","Burkholderiales","Comamonadaceae",NA,NA
"ASV_7137","Fossil Lagoon","d__Bacteria","Proteobacteria","Gammaproteobacteria","Burkholderiales","Sutterellaceae","uncultured","uncultured_bacterium"
"ASV_2173","Fossil Lagoon","d__Bacteria","Proteobacteria","Gammaproteobacteria","Burkholderiales","Hydrogenophilaceae","uncultured","uncultured_beta"
"ASV_2931","Fossil Lagoon","d__Bacteria","Proteobacteria","Gammaproteobacteria","Burkholderiales","Hydrogenophilaceae","uncultured",NA
"ASV_4130","Fossil Lagoon","d__Bacteria","Proteobacteria","Gammaproteobacteria","Burkholderiales","Hydrogenophilaceae","uncultured","uncultured_beta"
"ASV_4690","Fossil Lagoon","d__Bacteria","Proteobacteria","Gammaproteobacteria","Burkholderiales","Hydrogenophilaceae","uncultured",NA
"ASV_6089","Fossil Lagoon","d__Bacteria","Proteobacteria","Gammaproteobacteria","Burkholderiales","Hydrogenophilaceae","uncultured",NA
"ASV_357","Fossil Lagoon","d__Bacteria","Proteobacteria","Gammaproteobacteria","Burkholderiales","Hydrogenophilaceae","uncultured","uncultured_bacterium"
"ASV_6969","Fossil Lagoon","d__Bacteria","Proteobacteria","Gammaproteobacteria","Burkholderiales","Rhodocyclaceae",NA,NA
"ASV_4920","Fossil Lagoon","d__Bacteria","Proteobacteria","Gammaproteobacteria","Burkholderiales","Rhodocyclaceae","uncultured","uncultured_bacterium"
"ASV_4913","Fossil Lagoon","d__Bacteria","Proteobacteria","Gammaproteobacteria","Burkholderiales","Nitrosomonadaceae","GOUTA6",NA
"ASV_3185","Fossil Lagoon","d__Bacteria","Proteobacteria","Gammaproteobacteria","Burkholderiales","B1-7BS","B1-7BS",NA
"ASV_5300","Fossil Lagoon","d__Bacteria","Proteobacteria","Gammaproteobacteria","Burkholderiales","Nitrosomonadaceae","Ellin6067","uncultured_bacterium"
"ASV_6005","Fossil Lagoon","d__Bacteria","Proteobacteria","Gammaproteobacteria","Burkholderiales","Nitrosomonadaceae","mle1-7","uncultured_bacterium"
"ASV_2930","Fossil Lagoon","d__Bacteria","Proteobacteria","Gammaproteobacteria","Burkholderiales","Nitrosomonadaceae","mle1-7","uncultured_soil"
"ASV_5431","Fossil Lagoon","d__Bacteria","Proteobacteria","Gammaproteobacteria","Burkholderiales","Nitrosomonadaceae","mle1-7",NA
"ASV_1085","Fossil Lagoon","d__Bacteria","Proteobacteria","Gammaproteobacteria","Burkholderiales","Nitrosomonadaceae","MND1",NA
"ASV_1275","Fossil Lagoon","d__Bacteria","Proteobacteria","Gammaproteobacteria","Burkholderiales","Nitrosomonadaceae","MND1",NA
"ASV_1599","Fossil Lagoon","d__Bacteria","Proteobacteria","Gammaproteobacteria","Burkholderiales","Nitrosomonadaceae","MND1",NA
"ASV_2296","Fossil Lagoon","d__Bacteria","Proteobacteria","Gammaproteobacteria","Burkholderiales","Nitrosomonadaceae","MND1","uncultured_beta"
"ASV_1930","Fossil Lagoon","d__Bacteria","Proteobacteria","Gammaproteobacteria","Burkholderiales","Nitrosomonadaceae","MND1",NA
"ASV_6531","Fossil Lagoon","d__Bacteria","Proteobacteria","Gammaproteobacteria","Burkholderiales","Nitrosomonadaceae","MND1","uncultured_bacterium"
"ASV_5444","Fossil Lagoon","d__Bacteria","Proteobacteria","Gammaproteobacteria","Burkholderiales","Nitrosomonadaceae","MND1","uncultured_bacterium"
"ASV_2906","Fossil Lagoon","d__Bacteria","Proteobacteria","Alphaproteobacteria","Rhizobiales","Xanthobacteraceae","uncultured",NA
"ASV_4622","Fossil Lagoon","d__Bacteria","Proteobacteria","Alphaproteobacteria","Rhizobiales","Xanthobacteraceae","uncultured",NA
"ASV_2064","Fossil Lagoon","d__Bacteria","Proteobacteria","Alphaproteobacteria","Rhizobiales","Xanthobacteraceae","uncultured",NA
"ASV_3032","Fossil Lagoon","d__Bacteria","Proteobacteria","Alphaproteobacteria","Rhizobiales","Xanthobacteraceae","uncultured",NA
"ASV_6365","Fossil Lagoon","d__Bacteria","Proteobacteria","Alphaproteobacteria","Rhizobiales","Xanthobacteraceae","uncultured",NA
"ASV_3804","Fossil Lagoon","d__Bacteria","Proteobacteria","Alphaproteobacteria","Rhizobiales","Xanthobacteraceae","uncultured",NA
"ASV_667","Fossil Lagoon","d__Bacteria","Proteobacteria","Alphaproteobacteria","Rhizobiales","Xanthobacteraceae",NA,NA
"ASV_856","Fossil Lagoon","d__Bacteria","Proteobacteria","Alphaproteobacteria","Rhizobiales","Xanthobacteraceae","Pseudolabrys",NA
"ASV_1455","Fossil Lagoon","d__Bacteria","Proteobacteria","Alphaproteobacteria","Rhizobiales","Xanthobacteraceae","Pseudolabrys",NA
"ASV_6232","Fossil Lagoon","d__Bacteria","Proteobacteria","Alphaproteobacteria","Rhizobiales","Xanthobacteraceae","Pseudolabrys",NA
"ASV_1451","Fossil Lagoon","d__Bacteria","Proteobacteria","Alphaproteobacteria","Rhizobiales","Xanthobacteraceae",NA,NA
"ASV_2359","Fossil Lagoon","d__Bacteria","Proteobacteria","Alphaproteobacteria","Rhizobiales","Xanthobacteraceae",NA,NA
"ASV_3715","Fossil Lagoon","d__Bacteria","Proteobacteria","Alphaproteobacteria","Rhizobiales","Xanthobacteraceae",NA,NA
"ASV_867","Fossil Lagoon","d__Bacteria","Proteobacteria","Alphaproteobacteria","Rhizobiales","Xanthobacteraceae",NA,NA
"ASV_3240","Fossil Lagoon","d__Bacteria","Proteobacteria","Alphaproteobacteria","Rhizobiales","Xanthobacteraceae","uncultured",NA
"ASV_5464","Fossil Lagoon","d__Bacteria","Proteobacteria","Alphaproteobacteria","Rhizobiales","Xanthobacteraceae","uncultured",NA
"ASV_4869","Fossil Lagoon","d__Bacteria","Proteobacteria","Alphaproteobacteria","Rhizobiales","Xanthobacteraceae","uncultured",NA
"ASV_5070","Fossil Lagoon","d__Bacteria","Proteobacteria","Alphaproteobacteria","Rhizobiales","Xanthobacteraceae","uncultured",NA
"ASV_3223","Fossil Lagoon","d__Bacteria","Proteobacteria","Alphaproteobacteria","Rhizobiales","Xanthobacteraceae","uncultured",NA
"ASV_6095","Fossil Lagoon","d__Bacteria","Proteobacteria","Alphaproteobacteria","Rhizobiales","Xanthobacteraceae","uncultured",NA
"ASV_5577","Fossil Lagoon","d__Bacteria","Proteobacteria","Alphaproteobacteria","Rhizobiales","Xanthobacteraceae",NA,NA
"ASV_4027","Fossil Lagoon","d__Bacteria","Proteobacteria","Alphaproteobacteria","Rhizobiales","Xanthobacteraceae","uncultured",NA
"ASV_6940","Fossil Lagoon","d__Bacteria","Proteobacteria","Alphaproteobacteria","Rhizobiales","Xanthobacteraceae","uncultured",NA
"ASV_2773","Fossil Lagoon","d__Bacteria","Proteobacteria","Alphaproteobacteria","Rhizobiales","Xanthobacteraceae","uncultured",NA
"ASV_2366","Fossil Lagoon","d__Bacteria","Proteobacteria","Alphaproteobacteria","Rhizobiales","Xanthobacteraceae",NA,NA
"ASV_6326","Fossil Lagoon","d__Bacteria","Proteobacteria","Alphaproteobacteria","Rhizobiales","Rhizobiales_Incertae_Sedis","Bauldia","uncultured_bacterium"
"ASV_6295","Fossil Lagoon","d__Bacteria","Proteobacteria","Alphaproteobacteria","Rhizobiales","Rhizobiales_Incertae_Sedis","Bauldia",NA
"ASV_2522","Fossil Lagoon","d__Bacteria","Proteobacteria","Alphaproteobacteria","Rhizobiales","Rhizobiales_Incertae_Sedis","Bauldia",NA
"ASV_3796","Fossil Lagoon","d__Bacteria","Proteobacteria","Alphaproteobacteria","Rhizobiales","Rhizobiales_Incertae_Sedis","Bauldia",NA
"ASV_2361","Fossil Lagoon","d__Bacteria","Proteobacteria","Alphaproteobacteria","Rhizobiales","Rhizobiales_Incertae_Sedis","Bauldia","uncultured_bacterium"
"ASV_4177","Fossil Lagoon","d__Bacteria","Proteobacteria","Alphaproteobacteria","Rhodobacterales","Rhodobacteraceae","Limibaculum","uncultured_Alphaproteobacteria"
"ASV_1488","Fossil Lagoon","d__Bacteria","Proteobacteria","Alphaproteobacteria","Rhizobiales","A0839","A0839","uncultured_bacterium"
"ASV_4888","Fossil Lagoon","d__Bacteria","Proteobacteria","Alphaproteobacteria","Rhizobiales","A0839","A0839","uncultured_bacterium"
"ASV_3770","Fossil Lagoon","d__Bacteria","Proteobacteria","Alphaproteobacteria","Rhizobiales","A0839","A0839","uncultured_bacterium"
"ASV_6624","Fossil Lagoon","d__Bacteria","Proteobacteria","Alphaproteobacteria","Rhizobiales","A0839","A0839","uncultured_bacterium"
"ASV_2409","Fossil Lagoon","d__Bacteria","Proteobacteria","Alphaproteobacteria","Parvibaculales","Parvibaculaceae","uncultured","uncultured_bacterium"
"ASV_5418","Fossil Lagoon","d__Bacteria","Proteobacteria","Alphaproteobacteria","Parvibaculales","Parvibaculaceae","uncultured","uncultured_bacterium"
"ASV_6235","Fossil Lagoon","d__Bacteria","Proteobacteria","Alphaproteobacteria","Parvibaculales","Parvibaculaceae","uncultured","uncultured_bacterium"
"ASV_5353","Fossil Lagoon","d__Bacteria","Proteobacteria","Alphaproteobacteria","Caulobacterales","Parvularculaceae","Amphiplicatus","uncultured_bacterium"
"ASV_6725","Fossil Lagoon","d__Bacteria","Proteobacteria","Alphaproteobacteria","Caulobacterales","Parvularculaceae","Amphiplicatus","uncultured_bacterium"
"ASV_266","Fossil Lagoon","d__Bacteria","Proteobacteria","Alphaproteobacteria","Caulobacterales","Hyphomonadaceae","Hirschia","uncultured_bacterium"
"ASV_1856","Fossil Lagoon","d__Bacteria","Proteobacteria","Alphaproteobacteria","Caulobacterales","Hyphomonadaceae","Hirschia","uncultured_bacterium"
"ASV_7218","Fossil Lagoon","d__Bacteria","Proteobacteria","Alphaproteobacteria","Rhizobiales","KF-JG30-B3","KF-JG30-B3",NA
"ASV_1647","Fossil Lagoon","d__Bacteria","Proteobacteria","Alphaproteobacteria","Rhizobiales","KF-JG30-B3","KF-JG30-B3",NA
"ASV_6571","Fossil Lagoon","d__Bacteria","Proteobacteria","Alphaproteobacteria","Rhizobiales","KF-JG30-B3","KF-JG30-B3","uncultured_bacterium"
"ASV_3324","Fossil Lagoon","d__Bacteria","Proteobacteria","Alphaproteobacteria","Rhizobiales","KF-JG30-B3","KF-JG30-B3",NA
"ASV_3480","Fossil Lagoon","d__Bacteria","Proteobacteria","Alphaproteobacteria","Micropepsales","Micropepsaceae","uncultured","uncultured_bacterium"
"ASV_4870","Fossil Lagoon","d__Bacteria","Proteobacteria","Alphaproteobacteria","Micropepsales","Micropepsaceae","uncultured","uncultured_bacterium"
"ASV_6079","Fossil Lagoon","d__Bacteria","Proteobacteria","Alphaproteobacteria","Micropepsales","Micropepsaceae","uncultured","uncultured_bacterium"
"ASV_5742","Fossil Lagoon","d__Bacteria","Proteobacteria","Alphaproteobacteria","Micropepsales","Micropepsaceae","uncultured",NA
"ASV_4456","Fossil Lagoon","d__Bacteria","Proteobacteria","Alphaproteobacteria","Rhizobiales","A0839","A0839","uncultured_bacterium"
"ASV_6631","Fossil Lagoon","d__Bacteria","Proteobacteria","Alphaproteobacteria",NA,NA,NA,NA
"ASV_975","Fossil Lagoon","d__Bacteria","Proteobacteria","Alphaproteobacteria","Caulobacterales","Hyphomonadaceae","SWB02",NA
"ASV_3276","Fossil Lagoon","d__Bacteria","Proteobacteria","Alphaproteobacteria","Caulobacterales","Hyphomonadaceae","SWB02",NA
"ASV_4896","Fossil Lagoon","d__Bacteria","Proteobacteria","Alphaproteobacteria","Caulobacterales","Hyphomonadaceae","SWB02",NA
"ASV_4649","Fossil Lagoon","d__Bacteria","Proteobacteria","Alphaproteobacteria","Caulobacterales","Hyphomonadaceae","SWB02","uncultured_bacterium"
"ASV_4684","Fossil Lagoon","d__Bacteria","Proteobacteria","Alphaproteobacteria","Caulobacterales","Hyphomonadaceae","SWB02",NA
"ASV_1400","Fossil Lagoon","d__Bacteria","Proteobacteria","Alphaproteobacteria","Caulobacterales","Hyphomonadaceae","Maricaulis",NA
"ASV_7002","Fossil Lagoon","d__Bacteria","Proteobacteria","Alphaproteobacteria","Caulobacterales","Hyphomonadaceae","Maricaulis",NA
"ASV_2742","Fossil Lagoon","d__Bacteria","Proteobacteria","Alphaproteobacteria","Caulobacterales","Hyphomonadaceae","Maricaulis",NA
"ASV_2047","Fossil Lagoon","d__Bacteria","Proteobacteria","Alphaproteobacteria","Caulobacterales","Hyphomonadaceae",NA,NA
"ASV_5152","Fossil Lagoon","d__Bacteria","Proteobacteria","Alphaproteobacteria","Caulobacterales","Hyphomonadaceae",NA,NA
"ASV_5091","Fossil Lagoon","d__Bacteria","Proteobacteria","Alphaproteobacteria","Caulobacterales","Hyphomonadaceae",NA,NA
"ASV_5338","Fossil Lagoon","d__Bacteria","Proteobacteria","Alphaproteobacteria","Caulobacterales","Hyphomonadaceae","SWB02","uncultured_bacterium"
"ASV_468","Fossil Lagoon","d__Bacteria","Proteobacteria","Alphaproteobacteria","Rhizobiales","uncultured","uncultured","uncultured_bacterium"
"ASV_5687","Fossil Lagoon","d__Bacteria","Proteobacteria","Alphaproteobacteria","Rhizobiales","uncultured","uncultured",NA
"ASV_4952","Fossil Lagoon","d__Bacteria","Proteobacteria","Alphaproteobacteria","Rhizobiales","uncultured","uncultured","uncultured_bacterium"
"ASV_6939","Fossil Lagoon","d__Bacteria","Proteobacteria","Alphaproteobacteria","Rhizobiales","uncultured","uncultured","uncultured_bacterium"
"ASV_6461","Fossil Lagoon","d__Bacteria","Proteobacteria","Alphaproteobacteria","Rhizobiales","uncultured","uncultured","uncultured_bacterium"
"ASV_1311","Fossil Lagoon","d__Bacteria","Proteobacteria","Alphaproteobacteria",NA,NA,NA,NA
"ASV_2234","Fossil Lagoon","d__Bacteria","Proteobacteria","Alphaproteobacteria",NA,NA,NA,NA
"ASV_2992","Fossil Lagoon","d__Bacteria","Proteobacteria","Alphaproteobacteria",NA,NA,NA,NA
"ASV_5590","Fossil Lagoon","d__Bacteria","Proteobacteria","Alphaproteobacteria",NA,NA,NA,NA
"ASV_900","Fossil Lagoon","d__Bacteria","Proteobacteria","Alphaproteobacteria","Rhizobiales","Hyphomicrobiaceae",NA,NA
"ASV_3366","Fossil Lagoon","d__Bacteria","Proteobacteria","Alphaproteobacteria","Rhizobiales","Hyphomicrobiaceae","Pedomicrobium","uncultured_bacterium"
"ASV_7017","Fossil Lagoon","d__Bacteria","Proteobacteria","Alphaproteobacteria","Rhizobiales","Hyphomicrobiaceae","Pedomicrobium",NA
"ASV_5266","Fossil Lagoon","d__Bacteria","Proteobacteria","Alphaproteobacteria","Rhizobiales","Hyphomicrobiaceae","Pedomicrobium",NA
"ASV_4503","Fossil Lagoon","d__Bacteria","Proteobacteria","Alphaproteobacteria","Rhizobiales","Hyphomicrobiaceae","Pedomicrobium",NA
"ASV_2380","Fossil Lagoon","d__Bacteria","Proteobacteria","Alphaproteobacteria","Rhizobiales","Hyphomicrobiaceae","uncultured","uncultured_bacterium"
"ASV_663","Fossil Lagoon","d__Bacteria","Proteobacteria","Alphaproteobacteria","Rhizobiales","Hyphomicrobiaceae","uncultured","uncultured_bacterium"
"ASV_3595","Fossil Lagoon","d__Bacteria","Proteobacteria","Alphaproteobacteria","Rhizobiales","Hyphomicrobiaceae","uncultured","uncultured_bacterium"
"ASV_3660","Fossil Lagoon","d__Bacteria","Proteobacteria","Alphaproteobacteria","Rhizobiales","Hyphomicrobiaceae","uncultured","uncultured_bacterium"
"ASV_4709","Fossil Lagoon","d__Bacteria","Proteobacteria","Alphaproteobacteria","Rhizobiales","Hyphomicrobiaceae","Pedomicrobium",NA
"ASV_6867","Fossil Lagoon","d__Bacteria","Proteobacteria","Alphaproteobacteria","Rhizobiales","Hyphomicrobiaceae",NA,NA
"ASV_5113","Fossil Lagoon","d__Bacteria","Proteobacteria","Alphaproteobacteria","Rhizobiales","Hyphomicrobiaceae",NA,NA
"ASV_4866","Fossil Lagoon","d__Bacteria","Proteobacteria","Alphaproteobacteria","Rhizobiales","Hyphomicrobiaceae","Hyphomicrobium",NA
"ASV_6614","Fossil Lagoon","d__Bacteria","Proteobacteria","Alphaproteobacteria","Rhizobiales","Rhodomicrobiaceae","Rhodomicrobium","uncultured_bacterium"
"ASV_5999","Fossil Lagoon","d__Bacteria","Proteobacteria","Alphaproteobacteria","uncultured","uncultured","uncultured","uncultured_bacterium"
"ASV_4677","Fossil Lagoon","d__Bacteria","Proteobacteria","Alphaproteobacteria","uncultured","uncultured","uncultured","uncultured_bacterium"
"ASV_2755","Fossil Lagoon","d__Bacteria","Proteobacteria","Alphaproteobacteria",NA,NA,NA,NA
"ASV_3376","Fossil Lagoon","d__Bacteria","Proteobacteria","Alphaproteobacteria","Zavarziniales","uncultured","uncultured","metagenome"
"ASV_6960","Fossil Lagoon","d__Bacteria","Proteobacteria","Alphaproteobacteria","Kiloniellales","Fodinicurvataceae","uncultured","uncultured_Alphaproteobacteria"
"ASV_3388","Fossil Lagoon","d__Bacteria","Proteobacteria","Alphaproteobacteria","Zavarziniales","uncultured","uncultured","uncultured_bacterium"
"ASV_5020","Fossil Lagoon","d__Bacteria","Proteobacteria","Alphaproteobacteria","Zavarziniales","uncultured","uncultured","uncultured_bacterium"
"ASV_1948","Fossil Lagoon","d__Bacteria","Proteobacteria","Alphaproteobacteria","uncultured","uncultured","uncultured",NA
"ASV_5695","Fossil Lagoon","d__Bacteria","Proteobacteria","Alphaproteobacteria","uncultured","uncultured","uncultured","uncultured_bacterium"
"ASV_3647","Fossil Lagoon","d__Bacteria","Proteobacteria","Alphaproteobacteria","Elsterales","uncultured","uncultured","uncultured_bacterium"
"ASV_3944","Fossil Lagoon","d__Bacteria","Proteobacteria","Alphaproteobacteria","Elsterales","uncultured","uncultured","uncultured_Alphaproteobacteria"
"ASV_7114","Fossil Lagoon","d__Bacteria","Proteobacteria","Alphaproteobacteria","Elsterales","uncultured","uncultured",NA
"ASV_6580","Fossil Lagoon","d__Bacteria","Proteobacteria","Alphaproteobacteria","uncultured","uncultured","uncultured",NA
"ASV_4587","Fossil Lagoon","d__Bacteria","Proteobacteria","Alphaproteobacteria","uncultured","uncultured","uncultured","uncultured_soil"
"ASV_521","Fossil Lagoon","d__Bacteria","Proteobacteria","Alphaproteobacteria","uncultured","uncultured","uncultured",NA
"ASV_2357","Fossil Lagoon","d__Bacteria","Proteobacteria","Alphaproteobacteria","uncultured","uncultured","uncultured","Rhodospirillaceae_bacterium"
"ASV_1293","Fossil Lagoon","d__Bacteria","Proteobacteria","Alphaproteobacteria","Dongiales","Dongiaceae","Dongia",NA
"ASV_3738","Fossil Lagoon","d__Bacteria","Proteobacteria","Alphaproteobacteria","Dongiales","Dongiaceae","Dongia",NA
"ASV_5995","Fossil Lagoon","d__Bacteria","Proteobacteria","Alphaproteobacteria","Dongiales","Dongiaceae","Dongia",NA
"ASV_5360","Fossil Lagoon","d__Bacteria","Proteobacteria","Alphaproteobacteria","Reyranellales","Reyranellaceae","uncultured",NA
"ASV_2633","Fossil Lagoon","d__Bacteria","Proteobacteria","Alphaproteobacteria","Rhodospirillales","uncultured","uncultured","uncultured_proteobacterium"
"ASV_4104","Fossil Lagoon","d__Bacteria","Proteobacteria","Alphaproteobacteria","uncultured","uncultured","uncultured","uncultured_bacterium"
"ASV_6231","Fossil Lagoon","d__Bacteria","Proteobacteria","Alphaproteobacteria","uncultured","uncultured","uncultured","uncultured_bacterium"
"ASV_5892","Fossil Lagoon","d__Bacteria","Proteobacteria","Alphaproteobacteria","uncultured","uncultured","uncultured","uncultured_bacterium"
"ASV_2847","Fossil Lagoon","d__Bacteria","Proteobacteria","Alphaproteobacteria","uncultured","uncultured","uncultured","uncultured_Rhodobacteraceae"
"ASV_2711","Fossil Lagoon","d__Bacteria","Proteobacteria","Alphaproteobacteria","Defluviicoccales","uncultured","uncultured",NA
"ASV_5474","Fossil Lagoon","d__Bacteria","Gemmatimonadota","BD2-11_terrestrial_group","BD2-11_terrestrial_group","BD2-11_terrestrial_group","BD2-11_terrestrial_group","uncultured_soil"
"ASV_1005","Fossil Lagoon","d__Bacteria","Gemmatimonadota","BD2-11_terrestrial_group","BD2-11_terrestrial_group","BD2-11_terrestrial_group","BD2-11_terrestrial_group","uncultured_soil"
"ASV_1895","Fossil Lagoon","d__Bacteria","Gemmatimonadota","BD2-11_terrestrial_group","BD2-11_terrestrial_group","BD2-11_terrestrial_group","BD2-11_terrestrial_group","uncultured_Gemmatimonadetes"
"ASV_3136","Fossil Lagoon","d__Bacteria","Gemmatimonadota","BD2-11_terrestrial_group","BD2-11_terrestrial_group","BD2-11_terrestrial_group","BD2-11_terrestrial_group","uncultured_soil"
"ASV_6515","Fossil Lagoon","d__Bacteria","Gemmatimonadota","BD2-11_terrestrial_group","BD2-11_terrestrial_group","BD2-11_terrestrial_group","BD2-11_terrestrial_group","uncultured_soil"
"ASV_3981","Fossil Lagoon","d__Bacteria","Gemmatimonadota","BD2-11_terrestrial_group","BD2-11_terrestrial_group","BD2-11_terrestrial_group","BD2-11_terrestrial_group","uncultured_bacterium"
"ASV_5856","Fossil Lagoon","d__Bacteria","Gemmatimonadota","BD2-11_terrestrial_group","BD2-11_terrestrial_group","BD2-11_terrestrial_group","BD2-11_terrestrial_group","uncultured_bacterium"
"ASV_6779","Fossil Lagoon","d__Bacteria","Gemmatimonadota","S0134_terrestrial_group","S0134_terrestrial_group","S0134_terrestrial_group","S0134_terrestrial_group","uncultured_bacterium"
"ASV_4711","Fossil Lagoon","d__Bacteria","Gemmatimonadota","S0134_terrestrial_group","S0134_terrestrial_group","S0134_terrestrial_group","S0134_terrestrial_group",NA
"ASV_2589","Fossil Lagoon","d__Bacteria","Gemmatimonadota","S0134_terrestrial_group","S0134_terrestrial_group","S0134_terrestrial_group","S0134_terrestrial_group","uncultured_Gemmatimonadetes"
"ASV_5795","Fossil Lagoon","d__Bacteria","Gemmatimonadota","S0134_terrestrial_group","S0134_terrestrial_group","S0134_terrestrial_group","S0134_terrestrial_group",NA
"ASV_2572","Fossil Lagoon","d__Bacteria","Dadabacteria","Dadabacteriia","Dadabacteriales","Dadabacteriales","Dadabacteriales","uncultured_soil"
"ASV_6220","Fossil Lagoon","d__Bacteria","Dadabacteria","Dadabacteriia","Dadabacteriales","Dadabacteriales","Dadabacteriales","uncultured_soil"
"ASV_3992","Fossil Lagoon","d__Bacteria","uncultured","uncultured","uncultured","uncultured","uncultured","uncultured_bacterium"
"ASV_7067","Fossil Lagoon","d__Bacteria","Sva0485","Sva0485","Sva0485","Sva0485","Sva0485","uncultured_Spirochaetales"
"ASV_7004","Fossil Lagoon","d__Bacteria","Sva0485","Sva0485","Sva0485","Sva0485","Sva0485","uncultured_Spirochaetales"
"ASV_4481","Fossil Lagoon","d__Bacteria","Sva0485","Sva0485","Sva0485","Sva0485","Sva0485","uncultured_Spirochaetales"
"ASV_1958","Fossil Lagoon","d__Bacteria","Sva0485","Sva0485","Sva0485","Sva0485","Sva0485","uncultured_Spirochaetales"
"ASV_5812","Fossil Lagoon","d__Bacteria","Sva0485","Sva0485","Sva0485","Sva0485","Sva0485","uncultured_Spirochaetales"
"ASV_5428","Fossil Lagoon","d__Bacteria","Sva0485","Sva0485","Sva0485","Sva0485","Sva0485",NA
"ASV_5727","Fossil Lagoon","d__Bacteria","Sva0485","Sva0485","Sva0485","Sva0485","Sva0485",NA
"ASV_3849","Fossil Lagoon","d__Bacteria","Sva0485","Sva0485","Sva0485","Sva0485","Sva0485","uncultured_Spirochaetales"
"ASV_4480","Fossil Lagoon","d__Bacteria","Sva0485","Sva0485","Sva0485","Sva0485","Sva0485",NA
"ASV_2893","Fossil Lagoon","d__Bacteria","Sva0485","Sva0485","Sva0485","Sva0485","Sva0485",NA
"ASV_6836","Fossil Lagoon","d__Bacteria","Sva0485","Sva0485","Sva0485","Sva0485","Sva0485",NA
"ASV_3135","Fossil Lagoon","d__Bacteria","Sva0485","Sva0485","Sva0485","Sva0485","Sva0485","uncultured_prokaryote"
"ASV_6736","Fossil Lagoon","d__Bacteria","Sva0485","Sva0485","Sva0485","Sva0485","Sva0485",NA
"ASV_1141","Fossil Lagoon","d__Bacteria","Sva0485","Sva0485","Sva0485","Sva0485","Sva0485","uncultured_delta"
"ASV_175","Fossil Lagoon","d__Bacteria","Sva0485","Sva0485","Sva0485","Sva0485","Sva0485","uncultured_delta"
"ASV_392","Fossil Lagoon","d__Bacteria","Sva0485","Sva0485","Sva0485","Sva0485","Sva0485","uncultured_delta"
"ASV_6414","Fossil Lagoon","d__Bacteria","Sva0485","Sva0485","Sva0485","Sva0485","Sva0485",NA
"ASV_5744","Fossil Lagoon","d__Bacteria","Sva0485","Sva0485","Sva0485","Sva0485","Sva0485",NA
"ASV_959","Fossil Lagoon","d__Bacteria","Sva0485","Sva0485","Sva0485","Sva0485","Sva0485",NA
"ASV_2436","Fossil Lagoon","d__Bacteria","Sva0485","Sva0485","Sva0485","Sva0485","Sva0485","uncultured_delta"
"ASV_906","Fossil Lagoon","d__Bacteria","Sva0485","Sva0485","Sva0485","Sva0485","Sva0485","uncultured_delta"
"ASV_247","Fossil Lagoon","d__Bacteria","Sva0485","Sva0485","Sva0485","Sva0485","Sva0485","uncultured_delta"
"ASV_710","Fossil Lagoon","d__Bacteria","Sva0485","Sva0485","Sva0485","Sva0485","Sva0485","uncultured_delta"
"ASV_5073","Fossil Lagoon","d__Bacteria","Sva0485","Sva0485","Sva0485","Sva0485","Sva0485","uncultured_delta"
"ASV_4706","Fossil Lagoon","d__Bacteria","Sva0485","Sva0485","Sva0485","Sva0485","Sva0485","uncultured_delta"
"ASV_3433","Fossil Lagoon","d__Bacteria","Sva0485","Sva0485","Sva0485","Sva0485","Sva0485","uncultured_delta"
"ASV_6125","Fossil Lagoon","d__Bacteria","Sva0485","Sva0485","Sva0485","Sva0485","Sva0485","uncultured_delta"
"ASV_6832","Fossil Lagoon","d__Bacteria","Sva0485","Sva0485","Sva0485","Sva0485","Sva0485","uncultured_delta"
"ASV_5777","Fossil Lagoon","d__Bacteria","Sva0485","Sva0485","Sva0485","Sva0485","Sva0485","uncultured_delta"
"ASV_3184","Fossil Lagoon","d__Bacteria","Sva0485","Sva0485","Sva0485","Sva0485","Sva0485","uncultured_delta"
"ASV_5926","Fossil Lagoon","d__Bacteria","Sva0485","Sva0485","Sva0485","Sva0485","Sva0485",NA
"ASV_1542","Fossil Lagoon","d__Bacteria","Sva0485","Sva0485","Sva0485","Sva0485","Sva0485","uncultured_delta"
"ASV_1934","Fossil Lagoon","d__Bacteria","Sva0485","Sva0485","Sva0485","Sva0485","Sva0485",NA
"ASV_3176","Fossil Lagoon","d__Bacteria","Sva0485","Sva0485","Sva0485","Sva0485","Sva0485","uncultured_delta"
"ASV_4001","Fossil Lagoon","d__Bacteria","Sva0485","Sva0485","Sva0485","Sva0485","Sva0485","uncultured_delta"
"ASV_6321","Fossil Lagoon","d__Bacteria","Sva0485","Sva0485","Sva0485","Sva0485","Sva0485",NA
"ASV_7139","Fossil Lagoon","d__Bacteria","Sva0485","Sva0485","Sva0485","Sva0485","Sva0485","uncultured_delta"
"ASV_2618","Fossil Lagoon","d__Bacteria","Sva0485","Sva0485","Sva0485","Sva0485","Sva0485","uncultured_delta"
"ASV_2200","Fossil Lagoon","d__Bacteria","Sva0485","Sva0485","Sva0485","Sva0485","Sva0485","uncultured_delta"
"ASV_2268","Fossil Lagoon","d__Bacteria","Sva0485","Sva0485","Sva0485","Sva0485","Sva0485","uncultured_delta"
"ASV_4410","Fossil Lagoon","d__Bacteria","Sva0485","Sva0485","Sva0485","Sva0485","Sva0485","uncultured_delta"
"ASV_3945","Fossil Lagoon","d__Bacteria","Sva0485","Sva0485","Sva0485","Sva0485","Sva0485","uncultured_delta"
"ASV_2661","Fossil Lagoon","d__Bacteria","Sva0485","Sva0485","Sva0485","Sva0485","Sva0485","uncultured_delta"
"ASV_351","Fossil Lagoon","d__Bacteria","Sva0485","Sva0485","Sva0485","Sva0485","Sva0485",NA
"ASV_476","Fossil Lagoon","d__Bacteria","Sva0485","Sva0485","Sva0485","Sva0485","Sva0485",NA
"ASV_3359","Fossil Lagoon","d__Bacteria","Sva0485","Sva0485","Sva0485","Sva0485","Sva0485",NA
"ASV_4421","Fossil Lagoon","d__Bacteria","Sva0485","Sva0485","Sva0485","Sva0485","Sva0485",NA
"ASV_6552","Fossil Lagoon","d__Bacteria","Sva0485","Sva0485","Sva0485","Sva0485","Sva0485",NA
"ASV_3959","Fossil Lagoon","d__Bacteria","Sva0485","Sva0485","Sva0485","Sva0485","Sva0485",NA
"ASV_6855","Fossil Lagoon","d__Bacteria","Sva0485","Sva0485","Sva0485","Sva0485","Sva0485","uncultured_delta"
"ASV_3938","Fossil Lagoon","d__Bacteria","Sva0485","Sva0485","Sva0485","Sva0485","Sva0485","uncultured_delta"
"ASV_5661","Fossil Lagoon","d__Bacteria","Sva0485","Sva0485","Sva0485","Sva0485","Sva0485","uncultured_delta"
"ASV_3996","Fossil Lagoon","d__Bacteria","Sva0485","Sva0485","Sva0485","Sva0485","Sva0485","uncultured_delta"
"ASV_6381","Fossil Lagoon","d__Bacteria","Sva0485","Sva0485","Sva0485","Sva0485","Sva0485","uncultured_delta"
"ASV_432","Fossil Lagoon","d__Bacteria","Sva0485","Sva0485","Sva0485","Sva0485","Sva0485","uncultured_delta"
"ASV_945","Fossil Lagoon","d__Bacteria","Sva0485","Sva0485","Sva0485","Sva0485","Sva0485","uncultured_delta"
"ASV_3577","Fossil Lagoon","d__Bacteria","Sva0485","Sva0485","Sva0485","Sva0485","Sva0485","uncultured_delta"
"ASV_7182","Fossil Lagoon","d__Bacteria","Sva0485","Sva0485","Sva0485","Sva0485","Sva0485",NA
"ASV_2570","Fossil Lagoon","d__Bacteria","Desulfobacterota","Desulfobacteria","Desulfatiglandales","Desulfatiglandaceae","Desulfatiglans",NA
"ASV_6951","Fossil Lagoon","d__Bacteria","Desulfobacterota","Desulfobacteria","Desulfatiglandales","Desulfatiglandaceae","Desulfatiglans","uncultured_delta"
"ASV_6092","Fossil Lagoon","d__Bacteria","Desulfobacterota","Desulfobacteria","Desulfatiglandales","Desulfatiglandaceae","Desulfatiglans",NA
"ASV_4745","Fossil Lagoon","d__Bacteria","Desulfobacterota","Desulfobacteria","Desulfatiglandales","Desulfatiglandaceae","Desulfatiglans","uncultured_delta"
"ASV_3783","Fossil Lagoon","d__Bacteria","Desulfobacterota","Desulfobacteria","Desulfobacterales","Desulfosarcinaceae","Sva0081_sediment_group",NA
"ASV_1528","Fossil Lagoon","d__Bacteria","Desulfobacterota","Desulfobacteria","Desulfobacterales","Desulfosarcinaceae","Sva0081_sediment_group","uncultured_bacterium"
"ASV_6038","Fossil Lagoon","d__Bacteria","Desulfobacterota","Desulfobacteria","Desulfobacterales","Desulfosarcinaceae","Sva0081_sediment_group","uncultured_Desulfobacteraceae"
"ASV_6882","Fossil Lagoon","d__Bacteria","Desulfobacterota","Desulfobacteria","Desulfobacterales","Desulfosarcinaceae",NA,NA
"ASV_6954","Fossil Lagoon","d__Bacteria","Desulfobacterota","Desulfobacteria","Desulfobacterales","Desulfosarcinaceae",NA,NA
"ASV_5962","Fossil Lagoon","d__Bacteria","Desulfobacterota","Syntrophobacteria","Syntrophobacterales","uncultured","uncultured","uncultured_Desulfobacteraceae"
"ASV_6834","Fossil Lagoon","d__Bacteria","Desulfobacterota","Desulfobacteria","Desulfobacterales","Desulfosarcinaceae",NA,NA
"ASV_6637","Fossil Lagoon","d__Bacteria","Desulfobacterota","Desulfobaccia","Desulfobaccales","Desulfobaccaceae","Desulfobacca","uncultured_bacterium"
"ASV_5602","Fossil Lagoon","d__Bacteria","Desulfobacterota","Desulfobaccia","Desulfobaccales","Desulfobaccaceae","Desulfobacca",NA
"ASV_2571","Fossil Lagoon","d__Bacteria","Desulfobacterota","Desulfobaccia","Desulfobaccales","Desulfobaccaceae","Desulfobacca",NA
"ASV_4017","Fossil Lagoon","d__Bacteria","Desulfobacterota","Desulfobaccia","Desulfobaccales","Desulfobaccaceae","Desulfobacca","uncultured_delta"
"ASV_2431","Fossil Lagoon","d__Bacteria","RCP2-54","RCP2-54","RCP2-54","RCP2-54","RCP2-54","hydrothermal_vent"
"ASV_4661","Fossil Lagoon","d__Bacteria","Desulfobacterota","Desulfuromonadia","Geobacterales","Geobacteraceae","uncultured","uncultured_bacterium"
"ASV_4678","Fossil Lagoon","d__Bacteria","Desulfobacterota","Desulfuromonadia","Geobacterales","Geobacteraceae","uncultured","uncultured_bacterium"
"ASV_6886","Fossil Lagoon","d__Bacteria","Desulfobacterota","uncultured","uncultured","uncultured","uncultured","Desulfarculaceae_bacterium"
"ASV_3505","Fossil Lagoon","d__Bacteria","Desulfobacterota","uncultured","uncultured","uncultured","uncultured","uncultured_delta"
"ASV_2319","Fossil Lagoon","d__Bacteria","Desulfobacterota","uncultured","uncultured","uncultured","uncultured","uncultured_delta"
"ASV_4439","Fossil Lagoon","d__Bacteria","Desulfobacterota","uncultured","uncultured","uncultured","uncultured","uncultured_delta"
"ASV_5230","Fossil Lagoon","d__Bacteria","Desulfobacterota","uncultured","uncultured","uncultured","uncultured","uncultured_delta"
"ASV_1135","Fossil Lagoon","d__Bacteria","Desulfobacterota","uncultured","uncultured","uncultured","uncultured","uncultured_delta"
"ASV_1454","Fossil Lagoon","d__Bacteria","Desulfobacterota","uncultured","uncultured","uncultured","uncultured","uncultured_delta"
"ASV_3808","Fossil Lagoon","d__Bacteria","Desulfobacterota","uncultured","uncultured","uncultured","uncultured","uncultured_delta"
"ASV_6432","Fossil Lagoon","d__Bacteria","Desulfobacterota","uncultured","uncultured","uncultured","uncultured","uncultured_delta"
"ASV_5359","Fossil Lagoon","d__Bacteria","Desulfobacterota","uncultured","uncultured","uncultured","uncultured","uncultured_delta"
"ASV_2271","Fossil Lagoon","d__Bacteria","Desulfobacterota","uncultured","uncultured","uncultured","uncultured","uncultured_delta"
"ASV_3827","Fossil Lagoon","d__Bacteria","Desulfobacterota","uncultured","uncultured","uncultured","uncultured","uncultured_delta"
"ASV_6822","Fossil Lagoon","d__Bacteria","Sva0485","Sva0485","Sva0485","Sva0485","Sva0485","uncultured_Desulfobulbaceae"
"ASV_6283","Fossil Lagoon","d__Bacteria","Sva0485","Sva0485","Sva0485","Sva0485","Sva0485","uncultured_bacterium"
"ASV_5184","Fossil Lagoon","d__Bacteria","Sva0485","Sva0485","Sva0485","Sva0485","Sva0485","bioreactor_metagenome"
"ASV_6804","Fossil Lagoon","d__Bacteria","Sva0485","Sva0485","Sva0485","Sva0485","Sva0485","uncultured_bacterium"
"ASV_6556","Fossil Lagoon","d__Bacteria","Dependentiae","Babeliae","Babeliales","Vermiphilaceae","Vermiphilaceae",NA
"ASV_6366","Fossil Lagoon","d__Bacteria","Dependentiae","Babeliae","Babeliales","Vermiphilaceae","Vermiphilaceae","uncultured_bacterium"
"ASV_4694","Fossil Lagoon","d__Bacteria","Dependentiae","Babeliae","Babeliales","Vermiphilaceae","Vermiphilaceae","uncultured_organism"
"ASV_6179","Fossil Lagoon","d__Bacteria","Dependentiae","Babeliae","Babeliales","Vermiphilaceae","Vermiphilaceae","candidate_division"
"ASV_6479","Fossil Lagoon","d__Bacteria","Dependentiae","Babeliae","Babeliales","Vermiphilaceae","Vermiphilaceae","candidate_division"
"ASV_3995","Fossil Lagoon","d__Bacteria","Sva0485","Sva0485","Sva0485","Sva0485","Sva0485",NA
"ASV_111","Fossil Lagoon","d__Bacteria","MBNT15","MBNT15","MBNT15","MBNT15","MBNT15",NA
"ASV_1468","Fossil Lagoon","d__Bacteria","MBNT15","MBNT15","MBNT15","MBNT15","MBNT15","uncultured_Syntrophaceae"
"ASV_4320","Fossil Lagoon","d__Bacteria","MBNT15","MBNT15","MBNT15","MBNT15","MBNT15","uncultured_Syntrophaceae"
"ASV_3019","Fossil Lagoon","d__Bacteria","MBNT15","MBNT15","MBNT15","MBNT15","MBNT15","uncultured_Syntrophaceae"
"ASV_3036","Fossil Lagoon","d__Bacteria","MBNT15","MBNT15","MBNT15","MBNT15","MBNT15","Actinobacteria_bacterium"
"ASV_360","Fossil Lagoon","d__Bacteria","NB1-j","NB1-j","NB1-j","NB1-j","NB1-j",NA
"ASV_3910","Fossil Lagoon","d__Bacteria","NB1-j","NB1-j","NB1-j","NB1-j","NB1-j",NA
"ASV_2527","Fossil Lagoon","d__Bacteria","NB1-j","NB1-j","NB1-j","NB1-j","NB1-j",NA
"ASV_2499","Fossil Lagoon","d__Bacteria","NB1-j","NB1-j","NB1-j","NB1-j","NB1-j","uncultured_bacterium"
"ASV_3728","Fossil Lagoon","d__Bacteria","NB1-j","NB1-j","NB1-j","NB1-j","NB1-j","uncultured_bacterium"
"ASV_6698","Fossil Lagoon","d__Bacteria","NB1-j","NB1-j","NB1-j","NB1-j","NB1-j","uncultured_bacterium"
"ASV_2233","Fossil Lagoon","d__Bacteria","NB1-j","NB1-j","NB1-j","NB1-j","NB1-j","uncultured_bacterium"
"ASV_3780","Fossil Lagoon","d__Bacteria","NB1-j","NB1-j","NB1-j","NB1-j","NB1-j","uncultured_bacterium"
"ASV_2470","Fossil Lagoon","d__Bacteria","NB1-j","NB1-j","NB1-j","NB1-j","NB1-j",NA
"ASV_4787","Fossil Lagoon","d__Bacteria","NB1-j","NB1-j","NB1-j","NB1-j","NB1-j",NA
"ASV_5227","Fossil Lagoon","d__Bacteria","NB1-j","NB1-j","NB1-j","NB1-j","NB1-j",NA
"ASV_1654","Fossil Lagoon","d__Bacteria","NB1-j","NB1-j","NB1-j","NB1-j","NB1-j","uncultured_bacterium"
"ASV_3985","Fossil Lagoon","d__Bacteria","NB1-j","NB1-j","NB1-j","NB1-j","NB1-j","uncultured_bacterium"
"ASV_3374","Fossil Lagoon","d__Bacteria","NB1-j","NB1-j","NB1-j","NB1-j","NB1-j","uncultured_delta"
"ASV_2476","Fossil Lagoon","d__Bacteria","NB1-j","NB1-j","NB1-j","NB1-j","NB1-j","uncultured_bacterium"
"ASV_3892","Fossil Lagoon","d__Bacteria","NB1-j","NB1-j","NB1-j","NB1-j","NB1-j","uncultured_bacterium"
"ASV_5864","Fossil Lagoon","d__Bacteria","NB1-j","NB1-j","NB1-j","NB1-j","NB1-j","uncultured_bacterium"
"ASV_5279","Fossil Lagoon","d__Bacteria","NB1-j","NB1-j","NB1-j","NB1-j","NB1-j",NA
"ASV_4141","Fossil Lagoon","d__Bacteria","NB1-j","NB1-j","NB1-j","NB1-j","NB1-j","uncultured_bacterium"
"ASV_2071","Fossil Lagoon","d__Bacteria","NB1-j","NB1-j","NB1-j","NB1-j","NB1-j","uncultured_bacterium"
"ASV_5203","Fossil Lagoon","d__Bacteria","NB1-j","NB1-j","NB1-j","NB1-j","NB1-j","uncultured_bacterium"
"ASV_6416","Fossil Lagoon","d__Bacteria","NB1-j","NB1-j","NB1-j","NB1-j","NB1-j","uncultured_bacterium"
"ASV_2675","Fossil Lagoon","d__Bacteria","NB1-j","NB1-j","NB1-j","NB1-j","NB1-j","uncultured_bacterium"
"ASV_3253","Fossil Lagoon","d__Bacteria","NB1-j","NB1-j","NB1-j","NB1-j","NB1-j","uncultured_Green"
"ASV_6693","Fossil Lagoon","d__Bacteria","NB1-j","NB1-j","NB1-j","NB1-j","NB1-j","uncultured_Desulfuromonadaceae"
"ASV_5959","Fossil Lagoon","d__Bacteria","NB1-j","NB1-j","NB1-j","NB1-j","NB1-j","uncultured_Desulfuromonadaceae"
"ASV_3436","Fossil Lagoon","d__Bacteria","NB1-j","NB1-j","NB1-j","NB1-j","NB1-j",NA
"ASV_3287","Fossil Lagoon","d__Bacteria","NB1-j","NB1-j","NB1-j","NB1-j","NB1-j",NA
"ASV_6749","Fossil Lagoon","d__Bacteria","NB1-j","NB1-j","NB1-j","NB1-j","NB1-j",NA
"ASV_7011","Fossil Lagoon","d__Bacteria","NB1-j","NB1-j","NB1-j","NB1-j","NB1-j","uncultured_Desulfoglaeba"
"ASV_1832","Fossil Lagoon","d__Bacteria","NB1-j","NB1-j","NB1-j","NB1-j","NB1-j",NA
"ASV_1445","Fossil Lagoon","d__Bacteria","NB1-j","NB1-j","NB1-j","NB1-j","NB1-j",NA
"ASV_3665","Fossil Lagoon","d__Bacteria","NB1-j","NB1-j","NB1-j","NB1-j","NB1-j","uncultured_bacterium"
"ASV_2947","Fossil Lagoon","d__Bacteria","NB1-j","NB1-j","NB1-j","NB1-j","NB1-j","uncultured_bacterium"
"ASV_2399","Fossil Lagoon","d__Bacteria","NB1-j","NB1-j","NB1-j","NB1-j","NB1-j",NA
"ASV_4581","Fossil Lagoon","d__Bacteria","Myxococcota","Polyangia","Haliangiales","Haliangiaceae","Haliangium",NA
"ASV_6459","Fossil Lagoon","d__Bacteria","Myxococcota","Polyangia","Haliangiales","Haliangiaceae","Haliangium","uncultured_Haliangium"
"ASV_4192","Fossil Lagoon","d__Bacteria","Myxococcota","Polyangia","Polyangiales","Polyangiaceae","Pajaroellobacter","uncultured_proteobacterium"
"ASV_4874","Fossil Lagoon","d__Bacteria","Myxococcota","Polyangia","Polyangiales","Eel-36e1D6","Eel-36e1D6","uncultured_bacterium"
"ASV_3963","Fossil Lagoon","d__Bacteria","Myxococcota","Polyangia","Polyangiales","BIrii41","BIrii41",NA
"ASV_5312","Fossil Lagoon","d__Bacteria","Myxococcota","Polyangia","Polyangiales","BIrii41","BIrii41","uncultured_bacterium"
"ASV_2928","Fossil Lagoon","d__Bacteria","Myxococcota","Polyangia","Polyangiales","Sandaracinaceae","Sandaracinus","uncultured_delta"
"ASV_4448","Fossil Lagoon","d__Bacteria","Myxococcota","Polyangia","Polyangiales","Sandaracinaceae","uncultured",NA
"ASV_1460","Fossil Lagoon","d__Bacteria","Myxococcota","Myxococcia","Myxococcales","Anaeromyxobacteraceae","Anaeromyxobacter","uncultured_bacterium"
"ASV_6522","Fossil Lagoon","d__Bacteria","Myxococcota","Myxococcia","Myxococcales","Anaeromyxobacteraceae","Anaeromyxobacter","uncultured_bacterium"
"ASV_2282","Fossil Lagoon","d__Bacteria","Myxococcota","Myxococcia","Myxococcales","Vulgatibacteraceae","Vulgatibacter","uncultured_bacterium"
"ASV_6549","Fossil Lagoon","d__Bacteria","Myxococcota","Myxococcia","Myxococcales","Myxococcaceae","uncultured","metagenome"
"ASV_5497","Fossil Lagoon","d__Bacteria","Zixibacteria","Zixibacteria","Zixibacteria","Zixibacteria","Zixibacteria","uncultured_Nitrospinaceae"
"ASV_3569","Fossil Lagoon","d__Bacteria","Zixibacteria","Zixibacteria","Zixibacteria","Zixibacteria","Zixibacteria","uncultured_candidate"
"ASV_5652","Fossil Lagoon","d__Bacteria","Desulfobacterota","uncultured","uncultured","uncultured","uncultured","uncultured_bacterium"
"ASV_4886","Fossil Lagoon","d__Bacteria","Desulfobacterota","uncultured","uncultured","uncultured","uncultured","uncultured_sludge"
"ASV_6584","Fossil Lagoon","d__Bacteria","MBNT15","MBNT15","MBNT15","MBNT15","MBNT15","uncultured_Anaeromyxobacter"
"ASV_4566","Fossil Lagoon","d__Bacteria","MBNT15","MBNT15","MBNT15","MBNT15","MBNT15",NA
"ASV_6182","Fossil Lagoon","d__Bacteria","MBNT15","MBNT15","MBNT15","MBNT15","MBNT15","uncultured_bacterium"
"ASV_5250","Fossil Lagoon","d__Bacteria","RCP2-54","RCP2-54","RCP2-54","RCP2-54","RCP2-54","uncultured_Desulfuromonadales"
"ASV_2608","Fossil Lagoon","d__Bacteria","Myxococcota","bacteriap25","bacteriap25","bacteriap25","bacteriap25",NA
"ASV_6096","Fossil Lagoon","d__Bacteria","Myxococcota","bacteriap25","bacteriap25","bacteriap25","bacteriap25",NA
"ASV_4412","Fossil Lagoon","d__Bacteria","Myxococcota","bacteriap25","bacteriap25","bacteriap25","bacteriap25",NA
"ASV_6053","Fossil Lagoon","d__Bacteria","Acidobacteriota","Holophagae","Holophagales","Holophagaceae","Holophagaceae","uncultured_Acidobacteriaceae"
"ASV_7084","Fossil Lagoon","d__Bacteria","Gemmatimonadota","Gemmatimonadetes","Gemmatimonadales","Gemmatimonadaceae",NA,NA
"ASV_1366","Fossil Lagoon","d__Bacteria","Gemmatimonadota","Gemmatimonadetes","Gemmatimonadales","Gemmatimonadaceae",NA,NA
"ASV_3269","Fossil Lagoon","d__Bacteria","Gemmatimonadota","Gemmatimonadetes","Gemmatimonadales","Gemmatimonadaceae","Gemmatimonadaceae","uncultured_bacterium"
"ASV_2320","Fossil Lagoon","d__Bacteria","Gemmatimonadota","Gemmatimonadetes","Gemmatimonadales","Gemmatimonadaceae","uncultured","metagenome"
"ASV_1534","Fossil Lagoon","d__Bacteria","Gemmatimonadota","Gemmatimonadetes","Gemmatimonadales","Gemmatimonadaceae","uncultured","metagenome"
"ASV_1493","Fossil Lagoon","d__Bacteria","Gemmatimonadota","Gemmatimonadetes","Gemmatimonadales","Gemmatimonadaceae","uncultured",NA
"ASV_1931","Fossil Lagoon","d__Bacteria","Gemmatimonadota","Gemmatimonadetes","Gemmatimonadales","Gemmatimonadaceae","uncultured",NA
"ASV_905","Fossil Lagoon","d__Bacteria","Gemmatimonadota","Gemmatimonadetes","Gemmatimonadales","Gemmatimonadaceae","uncultured",NA
"ASV_2465","Fossil Lagoon","d__Bacteria","Gemmatimonadota","Gemmatimonadetes","Gemmatimonadales","Gemmatimonadaceae","uncultured",NA
"ASV_2802","Fossil Lagoon","d__Bacteria","Gemmatimonadota","Gemmatimonadetes","Gemmatimonadales","Gemmatimonadaceae","uncultured","uncultured_bacterium"
"ASV_4761","Fossil Lagoon","d__Bacteria","Gemmatimonadota","Gemmatimonadetes","Gemmatimonadales","Gemmatimonadaceae","uncultured",NA
"ASV_1050","Fossil Lagoon","d__Bacteria","Gemmatimonadota","Gemmatimonadetes","Gemmatimonadales","Gemmatimonadaceae","uncultured",NA
"ASV_4691","Fossil Lagoon","d__Bacteria","Gemmatimonadota","Gemmatimonadetes","Gemmatimonadales","Gemmatimonadaceae","uncultured",NA
"ASV_1330","Fossil Lagoon","d__Bacteria","Gemmatimonadota","Gemmatimonadetes","Gemmatimonadales","Gemmatimonadaceae","uncultured","uncultured_bacterium"
"ASV_3924","Fossil Lagoon","d__Bacteria","Gemmatimonadota","Gemmatimonadetes","Gemmatimonadales","Gemmatimonadaceae","uncultured",NA
"ASV_949","Fossil Lagoon","d__Bacteria","Gemmatimonadota","Gemmatimonadetes","Gemmatimonadales","Gemmatimonadaceae","uncultured",NA
"ASV_5873","Fossil Lagoon","d__Bacteria","Gemmatimonadota","Gemmatimonadetes","Gemmatimonadales","Gemmatimonadaceae","uncultured","uncultured_prokaryote"
"ASV_5520","Fossil Lagoon","d__Bacteria","Gemmatimonadota","Gemmatimonadetes","Gemmatimonadales","Gemmatimonadaceae","uncultured","uncultured_bacterium"
"ASV_6085","Fossil Lagoon","d__Bacteria","Gemmatimonadota","Gemmatimonadetes","Gemmatimonadales","Gemmatimonadaceae","uncultured",NA
"ASV_6415","Fossil Lagoon","d__Bacteria","Gemmatimonadota","Gemmatimonadetes","Gemmatimonadales","Gemmatimonadaceae","uncultured",NA
"ASV_4327","Fossil Lagoon","d__Bacteria","Gemmatimonadota","Gemmatimonadetes","Gemmatimonadales","Gemmatimonadaceae","uncultured","uncultured_bacterium"
"ASV_920","Fossil Lagoon","d__Bacteria","Gemmatimonadota","Gemmatimonadetes","Gemmatimonadales","Gemmatimonadaceae",NA,NA
"ASV_4367","Fossil Lagoon","d__Bacteria","Gemmatimonadota","Gemmatimonadetes","Gemmatimonadales","Gemmatimonadaceae",NA,NA
"ASV_4108","Fossil Lagoon","d__Bacteria","Bacteroidota","Bacteroidia","Bacteroidales","Bacteroidetes_vadinHA17","Bacteroidetes_vadinHA17",NA
"ASV_3790","Fossil Lagoon","d__Bacteria","Bacteroidota","Bacteroidia","Bacteroidales","Bacteroidetes_vadinHA17","Bacteroidetes_vadinHA17",NA
"ASV_6191","Fossil Lagoon","d__Bacteria","Bacteroidota","Bacteroidia","Bacteroidales","Bacteroidetes_vadinHA17","Bacteroidetes_vadinHA17","uncultured_bacterium"
"ASV_6734","Fossil Lagoon","d__Bacteria","Bacteroidota","Bacteroidia","Bacteroidales","SB-5","SB-5","uncultured_Bacteroidetes"
"ASV_5639","Fossil Lagoon","d__Bacteria","Bacteroidota","Bacteroidia","Sphingobacteriales","Lentimicrobiaceae","Lentimicrobiaceae",NA
"ASV_7094","Fossil Lagoon","d__Bacteria","Bacteroidota","Bacteroidia","Sphingobacteriales","Lentimicrobiaceae","Lentimicrobiaceae",NA
"ASV_6436","Fossil Lagoon","d__Bacteria","Bacteroidota","Bacteroidia","Chitinophagales","Saprospiraceae","uncultured","uncultured_Haliscomenobacter"
"ASV_4682","Fossil Lagoon","d__Bacteria","Bacteroidota","Bacteroidia","Chitinophagales","Saprospiraceae","uncultured",NA
"ASV_4170","Fossil Lagoon","d__Bacteria","Bacteroidota","Bacteroidia","Chitinophagales","Saprospiraceae","uncultured","uncultured_soil"
"ASV_7163","Fossil Lagoon","d__Bacteria","Bacteroidota","Bacteroidia","Chitinophagales","uncultured","uncultured","uncultured_Saprospiraceae"
"ASV_6896","Fossil Lagoon","d__Bacteria","Bacteroidota","Bacteroidia","Sphingobacteriales","AKYH767","AKYH767","uncultured_bacterium"
"ASV_4370","Fossil Lagoon","d__Bacteria","Bacteroidota","Bacteroidia","Sphingobacteriales","AKYH767","AKYH767","uncultured_bacterium"
"ASV_1325","Fossil Lagoon","d__Bacteria","Bacteroidota","Bacteroidia","Chitinophagales","Chitinophagaceae","Terrimonas","uncultured_bacterium"
"ASV_3654","Fossil Lagoon","d__Bacteria","Bacteroidota","Bacteroidia","Chitinophagales","Chitinophagaceae","Terrimonas",NA
"ASV_4852","Fossil Lagoon","d__Bacteria","Bacteroidota","Bacteroidia","Chitinophagales","Chitinophagaceae","Terrimonas",NA
"ASV_5954","Fossil Lagoon","d__Bacteria","Bacteroidota","Bacteroidia","Chitinophagales","Chitinophagaceae","uncultured",NA
"ASV_4272","Fossil Lagoon","d__Bacteria","Bacteroidota","Bacteroidia","Chitinophagales","Chitinophagaceae","Puia","uncultured_bacterium"
"ASV_1949","Fossil Lagoon","d__Bacteria","Bacteroidota","Bacteroidia","Cytophagales","Cyclobacteriaceae","uncultured","uncultured_Bacteroidetes"
"ASV_1336","Fossil Lagoon","d__Bacteria","Bacteroidota","Ignavibacteria","Ignavibacteriales","Ignavibacteriaceae","Ignavibacterium","uncultured_bacterium"
"ASV_2925","Fossil Lagoon","d__Bacteria","Bacteroidota","Ignavibacteria","Ignavibacteriales","Ignavibacteriaceae","Ignavibacterium","uncultured_bacterium"
"ASV_3620","Fossil Lagoon","d__Bacteria","Bacteroidota","Ignavibacteria","Ignavibacteriales","Ignavibacteriaceae","Ignavibacterium","uncultured_bacterium"
"ASV_5994","Fossil Lagoon","d__Bacteria","Bacteroidota","Ignavibacteria","Ignavibacteriales","Ignavibacteriaceae","Ignavibacterium","uncultured_bacterium"
"ASV_4704","Fossil Lagoon","d__Bacteria","Bacteroidota","Ignavibacteria","Ignavibacteriales","Ignavibacteriaceae","Ignavibacterium","uncultured_bacterium"
"ASV_4382","Fossil Lagoon","d__Bacteria","Bacteroidota","Ignavibacteria","Ignavibacteriales","Ignavibacteriaceae","Ignavibacterium","uncultured_bacterium"
"ASV_2252","Fossil Lagoon","d__Bacteria","Bacteroidota","Ignavibacteria","Ignavibacteriales","PHOS-HE36","PHOS-HE36","uncultured_bacterium"
"ASV_7087","Fossil Lagoon","d__Bacteria","Bacteroidota","Ignavibacteria","Ignavibacteriales","PHOS-HE36","PHOS-HE36","uncultured_bacterium"
"ASV_4561","Fossil Lagoon","d__Bacteria","Bacteroidota","Ignavibacteria","Ignavibacteriales","PHOS-HE36","PHOS-HE36","uncultured_bacterium"
"ASV_3730","Fossil Lagoon","d__Bacteria","Bacteroidota","Ignavibacteria","Ignavibacteriales","PHOS-HE36","PHOS-HE36","uncultured_bacterium"
"ASV_5072","Fossil Lagoon","d__Bacteria","Bacteroidota","Ignavibacteria","Ignavibacteriales","Ignavibacteriaceae","Ignavibacterium","uncultured_bacterium"
"ASV_4139","Fossil Lagoon","d__Bacteria","Bacteroidota","Ignavibacteria","Ignavibacteriales","Ignavibacteriaceae","Ignavibacterium","uncultured_bacterium"
"ASV_5787","Fossil Lagoon","d__Bacteria","Bacteroidota","Ignavibacteria","Ignavibacteriales","Ignavibacteriaceae","Ignavibacterium","uncultured_bacterium"
"ASV_6911","Fossil Lagoon","d__Bacteria","Bacteroidota","SJA-28","SJA-28","SJA-28","SJA-28","uncultured_bacterium"
"ASV_721","Fossil Lagoon","d__Bacteria","Bacteroidota","SJA-28","SJA-28","SJA-28","SJA-28","uncultured_bacterium"
"ASV_3865","Fossil Lagoon","d__Bacteria","Bacteroidota","Kapabacteria","Kapabacteriales","Kapabacteriales","Kapabacteriales","uncultured_bacterium"
"ASV_6596","Fossil Lagoon","d__Bacteria","Bacteroidota","Kapabacteria","Kapabacteriales","Kapabacteriales","Kapabacteriales","uncultured_sludge"
"ASV_2510","Fossil Lagoon","d__Bacteria","Bacteroidota","Kryptonia","Kryptoniales","BSV26","BSV26","uncultured_bacterium"
"ASV_3048","Fossil Lagoon","d__Bacteria","Bacteroidota","Kryptonia","Kryptoniales","BSV26","BSV26","uncultured_prokaryote"
"ASV_1476","Fossil Lagoon","d__Bacteria","Bacteroidota","Kryptonia","Kryptoniales","BSV26","BSV26","uncultured_Chlorobi"
"ASV_6048","Fossil Lagoon","d__Bacteria","Bacteroidota","Kryptonia","Kryptoniales","BSV26","BSV26",NA
"ASV_6033","Fossil Lagoon","d__Bacteria","Bacteroidota","Kryptonia","Kryptoniales","BSV26","BSV26","uncultured_Chlorobi"
"ASV_4712","Fossil Lagoon","d__Bacteria","Bacteroidota","Kryptonia","Kryptoniales","BSV26","BSV26",NA
"ASV_6072","Fossil Lagoon","d__Bacteria","Bacteroidota","Kryptonia","Kryptoniales","BSV26","BSV26","uncultured_soil"
"ASV_5706","Fossil Lagoon","d__Bacteria","Bacteroidota","Kryptonia","Kryptoniales","BSV26","BSV26","uncultured_soil"
"ASV_2418","Fossil Lagoon","d__Bacteria","Bacteroidota","Kryptonia","Kryptoniales","BSV26","BSV26","uncultured_Chlorobi"
"ASV_3003","Fossil Lagoon","d__Bacteria","Bacteroidota","Kryptonia","Kryptoniales","BSV26","BSV26","uncultured_Chlorobi"
"ASV_891","Fossil Lagoon","d__Bacteria","Bacteroidota","Kryptonia","Kryptoniales","BSV26","BSV26",NA
"ASV_4215","Fossil Lagoon","d__Bacteria","Bacteroidota","Kryptonia","Kryptoniales","BSV26","BSV26",NA
"ASV_4453","Fossil Lagoon","d__Bacteria","Spirochaetota","Spirochaetia","Spirochaetales","Spirochaetaceae","Spirochaeta","uncultured_Spirochaetes"
"ASV_1570","Fossil Lagoon","d__Bacteria","Spirochaetota","Spirochaetia","Spirochaetales","Spirochaetaceae","Spirochaeta",NA
"ASV_6748","Fossil Lagoon","d__Bacteria","Spirochaetota","Spirochaetia","Spirochaetales","Spirochaetaceae","Spirochaeta","uncultured_bacterium"
"ASV_3521","Fossil Lagoon","d__Bacteria","Spirochaetota","Spirochaetia","Spirochaetales","Spirochaetaceae","Spirochaeta","uncultured_bacterium"
"ASV_7219","Fossil Lagoon","d__Bacteria","Spirochaetota","Spirochaetia","Spirochaetales","Spirochaetaceae","Spirochaeta","Spirochaeta_sp."
"ASV_4301","Fossil Lagoon","d__Bacteria","Spirochaetota","Spirochaetia","Spirochaetales","Spirochaetaceae","Spirochaeta",NA
"ASV_5975","Fossil Lagoon","d__Bacteria","Spirochaetota","Spirochaetia","Spirochaetales","Spirochaetaceae","Spirochaeta",NA
"ASV_3079","Fossil Lagoon","d__Bacteria","Spirochaetota","Spirochaetia","Spirochaetales","Spirochaetaceae","uncultured","uncultured_Spirochaetes"
"ASV_1629","Fossil Lagoon","d__Bacteria","Patescibacteria","WWE3","WWE3","WWE3","WWE3","candidate_division"
"ASV_3254","Fossil Lagoon","d__Bacteria","Patescibacteria","WWE3","WWE3","WWE3","WWE3","candidate_division"
"ASV_3933","Fossil Lagoon","d__Bacteria","Patescibacteria","WWE3","WWE3","WWE3","WWE3","uncultured_bacterium"
"ASV_1377","Fossil Lagoon","d__Bacteria","Patescibacteria","Microgenomatia","Candidatus_Collierbacteria","Candidatus_Collierbacteria","Candidatus_Collierbacteria","uncultured_Microgenomates"
"ASV_3679","Fossil Lagoon","d__Bacteria","Patescibacteria","Microgenomatia",NA,NA,NA,NA
"ASV_6835","Fossil Lagoon","d__Bacteria","Patescibacteria","Microgenomatia","Candidatus_Levybacteria","Candidatus_Levybacteria","Candidatus_Levybacteria","uncultured_bacterium"
"ASV_3781","Fossil Lagoon","d__Bacteria","Patescibacteria","Microgenomatia","Candidatus_Woesebacteria","Candidatus_Woesebacteria","Candidatus_Woesebacteria","Candidatus_Woesebacteria"
"ASV_6265","Fossil Lagoon","d__Bacteria","WS2","WS2","WS2","WS2","WS2","uncultured_bacterium"
"ASV_1684","Fossil Lagoon","d__Bacteria","Armatimonadota","Fimbriimonadia","Fimbriimonadales","Fimbriimonadales","Fimbriimonadales","uncultured_bacterium"
"ASV_7171","Fossil Lagoon","d__Bacteria","Armatimonadota","Fimbriimonadia","Fimbriimonadales","Fimbriimonadaceae","Fimbriimonadaceae","uncultured_bacterium"
"ASV_3506","Fossil Lagoon","d__Bacteria","Edwardsbacteria","Edwardsbacteria","Edwardsbacteria","Edwardsbacteria","Edwardsbacteria","Candidatus_Edwardsbacteria"
"ASV_1557","Fossil Lagoon","d__Bacteria","Nitrospirota","Thermodesulfovibrionia","uncultured","uncultured","uncultured",NA
"ASV_4674","Fossil Lagoon","d__Bacteria","Nitrospirota","Thermodesulfovibrionia","uncultured","uncultured","uncultured","uncultured_prokaryote"
"ASV_4953","Fossil Lagoon","d__Bacteria","Nitrospirota","Thermodesulfovibrionia","Thermodesulfovibrionales","Thermodesulfovibrionaceae","Thermodesulfovibrio","uncultured_bacterium"
"ASV_1869","Fossil Lagoon","d__Bacteria","Nitrospirota","Thermodesulfovibrionia","uncultured","uncultured","uncultured","uncultured_bacterium"
"ASV_5881","Fossil Lagoon","d__Bacteria","Nitrospirota","Thermodesulfovibrionia","uncultured","uncultured","uncultured","uncultured_bacterium"
"ASV_5341","Fossil Lagoon","d__Bacteria","Nitrospirota","Thermodesulfovibrionia","uncultured","uncultured","uncultured","uncultured_bacterium"
"ASV_4201","Fossil Lagoon","d__Bacteria","Nitrospirota","Thermodesulfovibrionia","uncultured","uncultured","uncultured","uncultured_bacterium"
"ASV_3991","Fossil Lagoon","d__Bacteria","Nitrospirota","Thermodesulfovibrionia","uncultured","uncultured","uncultured",NA
"ASV_4024","Fossil Lagoon","d__Bacteria","Nitrospirota","Thermodesulfovibrionia","uncultured","uncultured","uncultured","uncultured_prokaryote"
"ASV_6298","Fossil Lagoon","d__Bacteria","Nitrospirota","Thermodesulfovibrionia","uncultured","uncultured","uncultured","uncultured_Nitrospirae"
"ASV_540","Fossil Lagoon","d__Bacteria","Nitrospirota","Thermodesulfovibrionia","uncultured","uncultured","uncultured","uncultured_Nitrospirae"
"ASV_4508","Fossil Lagoon","d__Bacteria","Nitrospirota","Thermodesulfovibrionia","uncultured","uncultured","uncultured","uncultured_Nitrospirae"
"ASV_2128","Fossil Lagoon","d__Bacteria","Nitrospirota","Thermodesulfovibrionia","uncultured","uncultured","uncultured","uncultured_Nitrospirae"
"ASV_2444","Fossil Lagoon","d__Bacteria","Nitrospirota","Thermodesulfovibrionia","uncultured","uncultured","uncultured","uncultured_bacterium"
"ASV_2807","Fossil Lagoon","d__Bacteria","Nitrospirota","Thermodesulfovibrionia","uncultured","uncultured","uncultured",NA
"ASV_367","Fossil Lagoon","d__Bacteria","Nitrospirota","Thermodesulfovibrionia","uncultured","uncultured","uncultured","uncultured_prokaryote"
"ASV_4208","Fossil Lagoon","d__Bacteria","Nitrospirota","Leptospirillia","Leptospirillales","Leptospirillaceae","Leptospirillum","Nitrospirae_bacterium"
"ASV_3279","Fossil Lagoon","d__Bacteria","Verrucomicrobiota","Omnitrophia","Omnitrophales","Omnitrophaceae","Candidatus_Omnitrophus","uncultured_bacterium"
"ASV_749","Fossil Lagoon","d__Bacteria","Nitrospirota","4-29-1","4-29-1","4-29-1","4-29-1","uncultured_bacterium"
"ASV_4257","Fossil Lagoon","d__Bacteria","Nitrospirota","4-29-1","4-29-1","4-29-1","4-29-1","uncultured_bacterium"
"ASV_2207","Fossil Lagoon","d__Bacteria","Nitrospirota","4-29-1","4-29-1","4-29-1","4-29-1","uncultured_bacterium"
"ASV_7155","Fossil Lagoon","d__Bacteria","Nitrospirota","4-29-1","4-29-1","4-29-1","4-29-1","uncultured_bacterium"
"ASV_4927","Fossil Lagoon","d__Bacteria","Nitrospirota","4-29-1","4-29-1","4-29-1","4-29-1","uncultured_bacterium"
"ASV_6677","Fossil Lagoon","d__Bacteria","Nitrospirota","4-29-1","4-29-1","4-29-1","4-29-1","uncultured_bacterium"
"ASV_4131","Fossil Lagoon","d__Bacteria","Acetothermia","Acetothermiia","Acetothermiia","Acetothermiia","Acetothermiia","uncultured_bacterium"
"ASV_4713","Fossil Lagoon","d__Bacteria","Acetothermia","Acetothermiia","Acetothermiia","Acetothermiia","Acetothermiia","uncultured_bacterium"
"ASV_861","Fossil Lagoon","d__Bacteria","Nitrospirota","Nitrospiria","Nitrospirales","Nitrospiraceae","Nitrospira","uncultured_Green"
"ASV_3170","Fossil Lagoon","d__Bacteria","Nitrospirota","Nitrospiria","Nitrospirales","Nitrospiraceae","Nitrospira","uncultured_bacterium"
"ASV_5554","Fossil Lagoon","d__Bacteria","Nitrospirota","Nitrospiria","Nitrospirales","Nitrospiraceae","Nitrospira","uncultured_bacterium"
"ASV_5810","Fossil Lagoon","d__Bacteria","Nitrospirota","Nitrospiria","Nitrospirales","Nitrospiraceae","Nitrospira",NA
"ASV_2468","Fossil Lagoon","d__Bacteria","Nitrospirota","Nitrospiria","Nitrospirales","Nitrospiraceae","Nitrospira","uncultured_Nitrospira"
"ASV_3064","Fossil Lagoon","d__Bacteria","Nitrospirota","Nitrospiria","Nitrospirales","Nitrospiraceae","Nitrospira",NA
"ASV_2423","Fossil Lagoon","d__Bacteria","Nitrospirota","Nitrospiria","Nitrospirales","Nitrospiraceae","Nitrospira",NA
"ASV_4728","Fossil Lagoon","d__Bacteria","Hydrogenedentes","Hydrogenedentia","Hydrogenedentiales","Hydrogenedensaceae","Hydrogenedensaceae","uncultured_bacterium"
"ASV_5424","Fossil Lagoon","d__Bacteria","Hydrogenedentes","Hydrogenedentia","Hydrogenedentiales","Hydrogenedensaceae","Hydrogenedensaceae","uncultured_bacterium"
"ASV_7029","Fossil Lagoon","d__Bacteria","Hydrogenedentes","Hydrogenedentia","Hydrogenedentiales","Hydrogenedensaceae","Hydrogenedensaceae",NA
"ASV_1103","Fossil Lagoon","d__Bacteria","Acidobacteriota","Subgroup_18","Subgroup_18","Subgroup_18","Subgroup_18",NA
"ASV_4392","Fossil Lagoon","d__Bacteria","Acidobacteriota","Subgroup_18","Subgroup_18","Subgroup_18","Subgroup_18",NA
"ASV_5930","Fossil Lagoon","d__Bacteria","Acidobacteriota","Subgroup_18","Subgroup_18","Subgroup_18","Subgroup_18",NA
"ASV_3156","Fossil Lagoon","d__Bacteria","Acidobacteriota","Subgroup_18","Subgroup_18","Subgroup_18","Subgroup_18","uncultured_bacterium"
"ASV_6669","Fossil Lagoon","d__Bacteria","Acidobacteriota","Subgroup_18","Subgroup_18","Subgroup_18","Subgroup_18",NA
"ASV_6289","Fossil Lagoon","d__Bacteria","Acidobacteriota","Subgroup_18","Subgroup_18","Subgroup_18","Subgroup_18",NA
"ASV_4016","Fossil Lagoon","d__Bacteria","Acidobacteriota","Subgroup_18","Subgroup_18","Subgroup_18","Subgroup_18",NA
"ASV_7003","Fossil Lagoon","d__Bacteria","Acidobacteriota","Subgroup_18","Subgroup_18","Subgroup_18","Subgroup_18",NA
"ASV_6056","Fossil Lagoon","d__Bacteria","Acidobacteriota","Subgroup_18","Subgroup_18","Subgroup_18","Subgroup_18","uncultured_soil"
"ASV_2335","Fossil Lagoon","d__Bacteria","Acidobacteriota","Subgroup_18","Subgroup_18","Subgroup_18","Subgroup_18","uncultured_bacterium"
"ASV_6035","Fossil Lagoon","d__Bacteria","Acidobacteriota","Subgroup_18","Subgroup_18","Subgroup_18","Subgroup_18",NA
"ASV_6003","Fossil Lagoon","d__Bacteria","Acidobacteriota","Subgroup_18","Subgroup_18","Subgroup_18","Subgroup_18",NA
"ASV_4414","Fossil Lagoon","d__Bacteria","Acidobacteriota","Subgroup_18","Subgroup_18","Subgroup_18","Subgroup_18",NA
"ASV_5827","Fossil Lagoon","d__Bacteria","Acidobacteriota","Subgroup_18","Subgroup_18","Subgroup_18","Subgroup_18","uncultured_bacterium"
"ASV_5245","Fossil Lagoon","d__Bacteria","Acidobacteriota","Subgroup_18","Subgroup_18","Subgroup_18","Subgroup_18",NA
"ASV_1633","Fossil Lagoon","d__Bacteria","Acidobacteriota","Thermoanaerobaculia","Thermoanaerobaculales","Thermoanaerobaculaceae","Thermoanaerobaculum","uncultured_bacterium"
"ASV_3323","Fossil Lagoon","d__Bacteria","Acidobacteriota","Thermoanaerobaculia","Thermoanaerobaculales","Thermoanaerobaculaceae","Thermoanaerobaculum","uncultured_bacterium"
"ASV_6431","Fossil Lagoon","d__Bacteria","Acidobacteriota","Thermoanaerobaculia","Thermoanaerobaculales","Thermoanaerobaculaceae","Subgroup_23","uncultured_bacterium"
"ASV_1850","Fossil Lagoon","d__Bacteria","Acidobacteriota","Thermoanaerobaculia","Thermoanaerobaculales","Thermoanaerobaculaceae","Subgroup_23","uncultured_organism"
"ASV_3664","Fossil Lagoon","d__Bacteria","Acidobacteriota","Thermoanaerobaculia","Thermoanaerobaculales","Thermoanaerobaculaceae","Subgroup_23",NA
"ASV_6541","Fossil Lagoon","d__Bacteria","Acidobacteriota","Thermoanaerobaculia","Thermoanaerobaculales","Thermoanaerobaculaceae","Subgroup_10","uncultured_prokaryote"
"ASV_5612","Fossil Lagoon","d__Bacteria","Acidobacteriota","Thermoanaerobaculia","Thermoanaerobaculales","Thermoanaerobaculaceae","Subgroup_10",NA
"ASV_5835","Fossil Lagoon","d__Bacteria","Acidobacteriota","Subgroup_22","Subgroup_22","Subgroup_22","Subgroup_22",NA
"ASV_7168","Fossil Lagoon","d__Bacteria","Acidobacteriota","Subgroup_22","Subgroup_22","Subgroup_22","Subgroup_22","uncultured_bacterium"
"ASV_5314","Fossil Lagoon","d__Bacteria","Acidobacteriota","Subgroup_22","Subgroup_22","Subgroup_22","Subgroup_22","uncultured_bacterium"
"ASV_6233","Fossil Lagoon","d__Bacteria","Acidobacteriota","Vicinamibacteria","Vicinamibacterales","Vicinamibacteraceae","Vicinamibacteraceae",NA
"ASV_1262","Fossil Lagoon","d__Bacteria","Acidobacteriota","Vicinamibacteria","Vicinamibacterales","Vicinamibacteraceae","Vicinamibacteraceae",NA
"ASV_1154","Fossil Lagoon","d__Bacteria","Acidobacteriota","Vicinamibacteria","Vicinamibacterales","Vicinamibacteraceae","Vicinamibacteraceae",NA
"ASV_2688","Fossil Lagoon","d__Bacteria","Acidobacteriota","Vicinamibacteria","Vicinamibacterales","Vicinamibacteraceae","Vicinamibacteraceae",NA
"ASV_1200","Fossil Lagoon","d__Bacteria","Acidobacteriota","Vicinamibacteria","Vicinamibacterales","Vicinamibacteraceae","Vicinamibacteraceae","uncultured_Acidobacteriales"
"ASV_5330","Fossil Lagoon","d__Bacteria","Acidobacteriota","Vicinamibacteria","Vicinamibacterales","Vicinamibacteraceae","Vicinamibacteraceae",NA
"ASV_6172","Fossil Lagoon","d__Bacteria","Acidobacteriota","Vicinamibacteria","Vicinamibacterales","Vicinamibacteraceae","Vicinamibacteraceae",NA
"ASV_5174","Fossil Lagoon","d__Bacteria","Acidobacteriota","Vicinamibacteria","Vicinamibacterales","Vicinamibacteraceae","Vicinamibacteraceae",NA
"ASV_5207","Fossil Lagoon","d__Bacteria","Acidobacteriota","Vicinamibacteria","Vicinamibacterales","Vicinamibacteraceae","Vicinamibacteraceae",NA
"ASV_1063","Fossil Lagoon","d__Bacteria","Acidobacteriota","Vicinamibacteria","Vicinamibacterales","Vicinamibacteraceae","Vicinamibacteraceae","uncultured_Acidobacteriales"
"ASV_2391","Fossil Lagoon","d__Bacteria","Acidobacteriota","Vicinamibacteria","Vicinamibacterales","Vicinamibacteraceae","Vicinamibacteraceae",NA
"ASV_1815","Fossil Lagoon","d__Bacteria","Acidobacteriota","Vicinamibacteria","Vicinamibacterales","Vicinamibacteraceae","Vicinamibacteraceae",NA
"ASV_6921","Fossil Lagoon","d__Bacteria","Acidobacteriota","Vicinamibacteria","Vicinamibacterales","Vicinamibacteraceae","Vicinamibacteraceae","uncultured_bacterium"
"ASV_7040","Fossil Lagoon","d__Bacteria","Acidobacteriota","Vicinamibacteria","Vicinamibacterales","Vicinamibacteraceae","Vicinamibacteraceae",NA
"ASV_4962","Fossil Lagoon","d__Bacteria","Acidobacteriota","Vicinamibacteria","Vicinamibacterales","Vicinamibacteraceae","Vicinamibacteraceae",NA
"ASV_3461","Fossil Lagoon","d__Bacteria","Acidobacteriota","Vicinamibacteria","Vicinamibacterales","Vicinamibacteraceae","Vicinamibacteraceae",NA
"ASV_6972","Fossil Lagoon","d__Bacteria","Acidobacteriota","Vicinamibacteria","Vicinamibacterales","Vicinamibacteraceae","Vicinamibacteraceae",NA
"ASV_633","Fossil Lagoon","d__Bacteria","Acidobacteriota","Vicinamibacteria","Vicinamibacterales","uncultured","uncultured","uncultured_Acidobacteria"
"ASV_3905","Fossil Lagoon","d__Bacteria","Acidobacteriota","Vicinamibacteria","Vicinamibacterales","uncultured","uncultured",NA
"ASV_2650","Fossil Lagoon","d__Bacteria","Acidobacteriota","Vicinamibacteria","Vicinamibacterales","uncultured","uncultured","uncultured_Acidobacteria"
"ASV_2993","Fossil Lagoon","d__Bacteria","Acidobacteriota","Vicinamibacteria","Vicinamibacterales","uncultured","uncultured","uncultured_bacterium"
"ASV_4235","Fossil Lagoon","d__Bacteria","Acidobacteriota","Vicinamibacteria","Vicinamibacterales","uncultured","uncultured",NA
"ASV_6390","Fossil Lagoon","d__Bacteria","Acidobacteriota","Vicinamibacteria","Vicinamibacterales","uncultured","uncultured","uncultured_bacterium"
"ASV_5796","Fossil Lagoon","d__Bacteria","Acidobacteriota","Vicinamibacteria","Vicinamibacterales","uncultured","uncultured","uncultured_bacterium"
"ASV_5298","Fossil Lagoon","d__Bacteria","Acidobacteriota","Vicinamibacteria","Vicinamibacterales","uncultured","uncultured","uncultured_bacterium"
"ASV_4778","Fossil Lagoon","d__Bacteria","Acidobacteriota","Vicinamibacteria","Vicinamibacterales","uncultured","uncultured",NA
"ASV_4633","Fossil Lagoon","d__Bacteria","Acidobacteriota","Vicinamibacteria","Vicinamibacterales","Vicinamibacteraceae","Vicinamibacteraceae","uncultured_Acidobacteria"
"ASV_4385","Fossil Lagoon","d__Bacteria","Acidobacteriota","Vicinamibacteria","Vicinamibacterales","uncultured","uncultured",NA
"ASV_3704","Fossil Lagoon","d__Bacteria","Acidobacteriota","Vicinamibacteria","Vicinamibacterales","uncultured","uncultured",NA
"ASV_5891","Fossil Lagoon","d__Bacteria","Acidobacteriota","Vicinamibacteria","Vicinamibacterales","uncultured","uncultured",NA
"ASV_4241","Fossil Lagoon","d__Bacteria","Acidobacteriota","Vicinamibacteria","Vicinamibacterales","uncultured","uncultured",NA
"ASV_6426","Fossil Lagoon","d__Bacteria","Acidobacteriota","Vicinamibacteria","Vicinamibacterales","uncultured","uncultured","uncultured_bacterium"
"ASV_6413","Fossil Lagoon","d__Bacteria","Acidobacteriota","Vicinamibacteria","Vicinamibacterales","uncultured","uncultured","uncultured_bacterium"
"ASV_1667","Fossil Lagoon","d__Bacteria","Acidobacteriota","Vicinamibacteria","Vicinamibacterales","uncultured","uncultured","uncultured_bacterium"
"ASV_5244","Fossil Lagoon","d__Bacteria","Acidobacteriota","Vicinamibacteria","Subgroup_17","Subgroup_17","Subgroup_17",NA
"ASV_7018","Fossil Lagoon","d__Bacteria","Acidobacteriota","Vicinamibacteria","Subgroup_17","Subgroup_17","Subgroup_17","uncultured_Acidobacteria"
"ASV_3085","Fossil Lagoon","d__Bacteria","Acidobacteriota","Vicinamibacteria","Subgroup_17","Subgroup_17","Subgroup_17",NA
"ASV_3655","Fossil Lagoon","d__Bacteria","Acidobacteriota","Vicinamibacteria","Subgroup_17","Subgroup_17","Subgroup_17",NA
"ASV_4324","Fossil Lagoon","d__Bacteria","Acidobacteriota","Vicinamibacteria","Subgroup_17","Subgroup_17","Subgroup_17",NA
"ASV_4009","Fossil Lagoon","d__Bacteria","Acidobacteriota","Vicinamibacteria","Subgroup_17","Subgroup_17","Subgroup_17","uncultured_bacterium"
"ASV_5683","Fossil Lagoon","d__Bacteria","Acidobacteriota","Vicinamibacteria","Subgroup_17","Subgroup_17","Subgroup_17","uncultured_bacterium"
"ASV_1319","Fossil Lagoon","d__Bacteria","Acidobacteriota","Vicinamibacteria","Subgroup_9","Subgroup_9","Subgroup_9","uncultured_bacterium"
"ASV_4782","Fossil Lagoon","d__Bacteria","Acidobacteriota","Vicinamibacteria","Subgroup_9","Subgroup_9","Subgroup_9","uncultured_bacterium"
"ASV_2700","Fossil Lagoon","d__Bacteria","Acidobacteriota",NA,NA,NA,NA,NA
"ASV_3980","Fossil Lagoon","d__Bacteria","Acidobacteriota","Vicinamibacteria","Subgroup_9","Subgroup_9","Subgroup_9","uncultured_bacterium"
"ASV_4200","Fossil Lagoon","d__Bacteria","Zixibacteria","Zixibacteria","Zixibacteria","Zixibacteria","Zixibacteria","uncultured_Caldithrix"
"ASV_7102","Fossil Lagoon","d__Bacteria","Zixibacteria","Zixibacteria","Zixibacteria","Zixibacteria","Zixibacteria",NA
"ASV_6464","Fossil Lagoon","d__Bacteria","Zixibacteria","Zixibacteria","Zixibacteria","Zixibacteria","Zixibacteria","candidate_division"
"ASV_7096","Fossil Lagoon","d__Bacteria","Zixibacteria","Zixibacteria","Zixibacteria","Zixibacteria","Zixibacteria","uncultured_bacterium"
"ASV_4207","Fossil Lagoon","d__Bacteria","Calditrichota","Calditrichia","Calditrichales","Calditrichaceae","Calditrichaceae","uncultured_prokaryote"
"ASV_6866","Fossil Lagoon","d__Bacteria","Calditrichota","Calditrichia","Calditrichales","Calditrichaceae","Caldithrix","uncultured_delta"
"ASV_3022","Fossil Lagoon","d__Bacteria","LCP-89","LCP-89","LCP-89","LCP-89","LCP-89","uncultured_bacterium"
"ASV_1792","Fossil Lagoon","d__Bacteria","Zixibacteria","Zixibacteria","Zixibacteria","Zixibacteria","Zixibacteria","bacterium_enrichment"
"ASV_1500","Fossil Lagoon","d__Bacteria","Zixibacteria","Zixibacteria","Zixibacteria","Zixibacteria","Zixibacteria","uncultured_bacterium"
"ASV_3151","Fossil Lagoon","d__Bacteria","Zixibacteria","Zixibacteria","Zixibacteria","Zixibacteria","Zixibacteria","uncultured_bacterium"
"ASV_5215","Fossil Lagoon","d__Bacteria","Zixibacteria","Zixibacteria","Zixibacteria","Zixibacteria","Zixibacteria","uncultured_bacterium"
"ASV_1673","Fossil Lagoon","d__Bacteria","Zixibacteria","Zixibacteria","Zixibacteria","Zixibacteria","Zixibacteria","uncultured_prokaryote"
"ASV_4795","Fossil Lagoon","d__Bacteria","Zixibacteria","Zixibacteria","Zixibacteria","Zixibacteria","Zixibacteria","uncultured_prokaryote"
"ASV_6070","Fossil Lagoon","d__Bacteria","Zixibacteria","Zixibacteria","Zixibacteria","Zixibacteria","Zixibacteria","uncultured_bacterium"
"ASV_4393","Fossil Lagoon","d__Bacteria","Zixibacteria","Zixibacteria","Zixibacteria","Zixibacteria","Zixibacteria","uncultured_bacterium"
"ASV_2318","Fossil Lagoon","d__Bacteria","Zixibacteria","Zixibacteria","Zixibacteria","Zixibacteria","Zixibacteria","uncultured_bacterium"
"ASV_5236","Fossil Lagoon","d__Bacteria","Zixibacteria","Zixibacteria","Zixibacteria","Zixibacteria","Zixibacteria","uncultured_bacterium"
"ASV_2811","Fossil Lagoon","d__Bacteria","Zixibacteria","Zixibacteria","Zixibacteria","Zixibacteria","Zixibacteria","uncultured_bacterium"
"ASV_5769","Fossil Lagoon","d__Bacteria","Zixibacteria","Zixibacteria","Zixibacteria","Zixibacteria","Zixibacteria","uncultured_bacterium"
"ASV_4136","Fossil Lagoon","d__Bacteria","Zixibacteria","Zixibacteria","Zixibacteria","Zixibacteria","Zixibacteria","uncultured_bacterium"
"ASV_4620","Fossil Lagoon","d__Bacteria","Zixibacteria","Zixibacteria","Zixibacteria","Zixibacteria","Zixibacteria","uncultured_bacterium"
"ASV_5099","Fossil Lagoon","d__Bacteria","Zixibacteria","Zixibacteria","Zixibacteria","Zixibacteria","Zixibacteria","uncultured_bacterium"
"ASV_4411","Fossil Lagoon","d__Bacteria","Acidobacteriota","Subgroup_5","Subgroup_5","Subgroup_5","Subgroup_5",NA
"ASV_2529","Fossil Lagoon","d__Bacteria","Acidobacteriota","Subgroup_5","Subgroup_5","Subgroup_5","Subgroup_5","uncultured_bacterium"
"ASV_6621","Fossil Lagoon","d__Bacteria","Acidobacteriota","Subgroup_5","Subgroup_5","Subgroup_5","Subgroup_5","uncultured_bacterium"
"ASV_6001","Fossil Lagoon","d__Bacteria","Acidobacteriota","Subgroup_11","Subgroup_11","Subgroup_11","Subgroup_11","uncultured_Acidobacteria"
"ASV_316","Fossil Lagoon","d__Bacteria","Zixibacteria","Zixibacteria","Zixibacteria","Zixibacteria","Zixibacteria","uncultured_bacterium"
"ASV_2437","Fossil Lagoon","d__Bacteria","Zixibacteria","Zixibacteria","Zixibacteria","Zixibacteria","Zixibacteria","uncultured_bacterium"
"ASV_3782","Fossil Lagoon","d__Bacteria","Zixibacteria","Zixibacteria","Zixibacteria","Zixibacteria","Zixibacteria","uncultured_bacterium"
"ASV_4172","Fossil Lagoon","d__Bacteria","Verrucomicrobiota","Omnitrophia","Omnitrophales","Omnitrophaceae","Candidatus_Omnitrophus","uncultured_bacterium"
"ASV_4941","Fossil Lagoon","d__Bacteria","Verrucomicrobiota","Omnitrophia","Omnitrophales","Omnitrophaceae","Candidatus_Omnitrophus","uncultured_bacterium"
"ASV_3343","Fossil Lagoon","d__Bacteria","Verrucomicrobiota","Omnitrophia","Omnitrophales","Omnitrophaceae","Candidatus_Omnitrophus","uncultured_bacterium"
"ASV_3932","Fossil Lagoon","d__Bacteria","Verrucomicrobiota","Omnitrophia","Omnitrophales","Omnitrophaceae","Candidatus_Omnitrophus","uncultured_bacterium"
"ASV_5256","Fossil Lagoon","d__Bacteria","Verrucomicrobiota","Omnitrophia","Omnitrophales","Omnitrophaceae","Candidatus_Omnitrophus","uncultured_bacterium"
"ASV_3680","Fossil Lagoon","d__Bacteria","Verrucomicrobiota","Omnitrophia","Omnitrophales","Omnitrophaceae","Candidatus_Omnitrophus","uncultured_bacterium"
"ASV_1516","Fossil Lagoon","d__Bacteria","Actinobacteriota","Actinobacteria","Kineosporiales","Kineosporiaceae","Kineosporia","uncultured_bacterium"
"ASV_3893","Fossil Lagoon","d__Bacteria","Actinobacteriota","Acidimicrobiia","Actinomarinales","uncultured","uncultured","uncultured_actinobacterium"
"ASV_3931","Fossil Lagoon","d__Bacteria","Actinobacteriota","Acidimicrobiia","Actinomarinales","uncultured","uncultured","uncultured_actinobacterium"
"ASV_4634","Fossil Lagoon","d__Bacteria","Actinobacteriota","Acidimicrobiia",NA,NA,NA,NA
"ASV_3246","Fossil Lagoon","d__Bacteria","Actinobacteriota","Acidimicrobiia","IMCC26256","IMCC26256","IMCC26256","uncultured_Ferrimicrobium"
"ASV_6816","Fossil Lagoon","d__Bacteria","Actinobacteriota","Thermoleophilia","Gaiellales","Gaiellaceae","Gaiella",NA
"ASV_6450","Fossil Lagoon","d__Bacteria","Actinobacteriota","Thermoleophilia","Gaiellales",NA,NA,NA
"ASV_3749","Fossil Lagoon","d__Bacteria","Actinobacteriota","Thermoleophilia","Gaiellales","Gaiellaceae","Gaiella","uncultured_soil"
"ASV_6160","Fossil Lagoon","d__Bacteria","Actinobacteriota","Thermoleophilia","Gaiellales","Gaiellaceae","Gaiella","uncultured_bacterium"
"ASV_7042","Fossil Lagoon","d__Bacteria","Actinobacteriota","Thermoleophilia","Gaiellales","Gaiellaceae","Gaiella","uncultured_bacterium"
"ASV_4996","Fossil Lagoon","d__Bacteria","Actinobacteriota","Thermoleophilia","Gaiellales","uncultured","uncultured","uncultured_bacterium"
"ASV_3375","Fossil Lagoon","d__Bacteria","Actinobacteriota","Thermoleophilia","Gaiellales","uncultured","uncultured",NA
"ASV_6668","Fossil Lagoon","d__Bacteria","Actinobacteriota","Thermoleophilia","Gaiellales","uncultured","uncultured",NA
"ASV_2065","Fossil Lagoon","d__Bacteria","Actinobacteriota","MB-A2-108","MB-A2-108","MB-A2-108","MB-A2-108",NA
"ASV_6560","Fossil Lagoon","d__Bacteria","Actinobacteriota","MB-A2-108","MB-A2-108","MB-A2-108","MB-A2-108","uncultured_Actinomycetales"
"ASV_5943","Fossil Lagoon","d__Bacteria","Actinobacteriota","MB-A2-108","MB-A2-108","MB-A2-108","MB-A2-108",NA
"ASV_6929","Fossil Lagoon","d__Bacteria","Actinobacteriota","MB-A2-108","MB-A2-108","MB-A2-108","MB-A2-108","uncultured_Actinomycetales"
"ASV_2558","Fossil Lagoon","d__Bacteria","Actinobacteriota","MB-A2-108","MB-A2-108","MB-A2-108","MB-A2-108","uncultured_bacterium"
"ASV_1872","Fossil Lagoon","d__Bacteria","Chloroflexi","Dehalococcoidia","t0.6.f","t0.6.f","t0.6.f",NA
"ASV_4808","Fossil Lagoon","d__Bacteria","Chloroflexi","Dehalococcoidia","t0.6.f","t0.6.f","t0.6.f",NA
"ASV_6885","Fossil Lagoon","d__Bacteria","Chloroflexi","Dehalococcoidia","t0.6.f","t0.6.f","t0.6.f","uncultured_bacterium"
"ASV_2041","Fossil Lagoon","d__Bacteria","Chloroflexi","Dehalococcoidia","t0.6.f","t0.6.f","t0.6.f","uncultured_bacterium"
"ASV_5277","Fossil Lagoon","d__Bacteria","Chloroflexi","Dehalococcoidia","Dehalococcoidales","uncultured","uncultured","uncultured_bacterium"
"ASV_1484","Fossil Lagoon","d__Bacteria","Chloroflexi",NA,NA,NA,NA,NA
"ASV_6098","Fossil Lagoon","d__Bacteria","Chloroflexi",NA,NA,NA,NA,NA
"ASV_3684","Fossil Lagoon","d__Bacteria","Chloroflexi","Dehalococcoidia","GIF3","GIF3","GIF3","uncultured_bacterium"
"ASV_4665","Fossil Lagoon","d__Bacteria","Chloroflexi","Dehalococcoidia","GIF3","GIF3","GIF3","uncultured_bacterium"
"ASV_5604","Fossil Lagoon","d__Bacteria","Chloroflexi","Dehalococcoidia","GIF3","GIF3","GIF3","uncultured_bacterium"
"ASV_927","Fossil Lagoon","d__Bacteria","Chloroflexi","Dehalococcoidia","GIF3","GIF3","GIF3","uncultured_bacterium"
"ASV_1969","Fossil Lagoon","d__Bacteria","Chloroflexi","Dehalococcoidia","GIF3","GIF3","GIF3","uncultured_bacterium"
"ASV_2988","Fossil Lagoon","d__Bacteria","Chloroflexi","Dehalococcoidia","GIF3","GIF3","GIF3","uncultured_bacterium"
"ASV_6311","Fossil Lagoon","d__Bacteria","Chloroflexi","Dehalococcoidia","GIF3","GIF3","GIF3","uncultured_bacterium"
"ASV_1906","Fossil Lagoon","d__Bacteria","Chloroflexi","Dehalococcoidia","GIF3","GIF3","GIF3","uncultured_bacterium"
"ASV_5991","Fossil Lagoon","d__Bacteria","Chloroflexi","Dehalococcoidia","GIF3","GIF3","GIF3","uncultured_bacterium"
"ASV_4397","Fossil Lagoon","d__Bacteria","Chloroflexi","Dehalococcoidia","GIF3","GIF3","GIF3","uncultured_bacterium"
"ASV_3177","Fossil Lagoon","d__Bacteria","Chloroflexi","Dehalococcoidia","GIF3","GIF3","GIF3","uncultured_bacterium"
"ASV_3333","Fossil Lagoon","d__Bacteria","Chloroflexi","Dehalococcoidia","GIF3","GIF3","GIF3","uncultured_bacterium"
"ASV_5471","Fossil Lagoon","d__Bacteria","Chloroflexi","Dehalococcoidia","GIF3","GIF3","GIF3",NA
"ASV_3028","Fossil Lagoon","d__Bacteria","Chloroflexi","Dehalococcoidia","GIF3","GIF3","GIF3","Dehalococcoidia_bacterium"
"ASV_6316","Fossil Lagoon","d__Bacteria","Chloroflexi","Dehalococcoidia","GIF3","GIF3","GIF3","uncultured_bacterium"
"ASV_5702","Fossil Lagoon","d__Bacteria","Chloroflexi","Dehalococcoidia","GIF3","GIF3","GIF3","uncultured_bacterium"
"ASV_6849","Fossil Lagoon","d__Bacteria","Chloroflexi","Dehalococcoidia",NA,NA,NA,NA
"ASV_5026","Fossil Lagoon","d__Bacteria","Chloroflexi","Dehalococcoidia",NA,NA,NA,NA
"ASV_3743","Fossil Lagoon","d__Bacteria","Chloroflexi","Dehalococcoidia","Dehalococcoidales","uncultured","uncultured","uncultured_bacterium"
"ASV_7126","Fossil Lagoon","d__Bacteria","Chloroflexi","Dehalococcoidia","Dehalococcoidales","uncultured","uncultured","uncultured_Dehalogenimonas"
"ASV_2400","Fossil Lagoon","d__Bacteria","Chloroflexi","Dehalococcoidia",NA,NA,NA,NA
"ASV_5345","Fossil Lagoon","d__Bacteria","Chloroflexi","Dehalococcoidia",NA,NA,NA,NA
"ASV_4570","Fossil Lagoon","d__Bacteria","Chloroflexi","Dehalococcoidia","Napoli-4B-65","Napoli-4B-65","Napoli-4B-65","uncultured_bacterium"
"ASV_6610","Fossil Lagoon","d__Bacteria","Chloroflexi","Dehalococcoidia","661239","661239","661239","uncultured_bacterium"
"ASV_6199","Fossil Lagoon","d__Bacteria","Chloroflexi","Dehalococcoidia","661239","661239","661239","uncultured_bacterium"
"ASV_3970","Fossil Lagoon","d__Bacteria","Chloroflexi","Dehalococcoidia",NA,NA,NA,NA
"ASV_6045","Fossil Lagoon","d__Bacteria","Chloroflexi","Dehalococcoidia",NA,NA,NA,NA
"ASV_5858","Fossil Lagoon","d__Bacteria","Chloroflexi","Dehalococcoidia",NA,NA,NA,NA
"ASV_6980","Fossil Lagoon","d__Bacteria","Chloroflexi","Dehalococcoidia","Dehalococcoidia","Dehalococcoidia","Dehalococcoidia","uncultured_Chloroflexi"
"ASV_4848","Fossil Lagoon","d__Bacteria","Chloroflexi","Dehalococcoidia","Dehalococcoidia","Dehalococcoidia","Dehalococcoidia","uncultured_Chloroflexi"
"ASV_4758","Fossil Lagoon","d__Bacteria","Chloroflexi","Dehalococcoidia",NA,NA,NA,NA
"ASV_4227","Fossil Lagoon","d__Bacteria","Chloroflexi","Dehalococcoidia","Sh765B-TzT-20","Sh765B-TzT-20","Sh765B-TzT-20","uncultured_Chloroflexi"
"ASV_6186","Fossil Lagoon","d__Bacteria","Chloroflexi","Dehalococcoidia","Sh765B-TzT-20","Sh765B-TzT-20","Sh765B-TzT-20","uncultured_bacterium"
"ASV_844","Fossil Lagoon","d__Bacteria","Chloroflexi","Dehalococcoidia","ER-E4-17","ER-E4-17","ER-E4-17","uncultured_bacterium"
"ASV_6465","Fossil Lagoon","d__Bacteria","Chloroflexi","Dehalococcoidia",NA,NA,NA,NA
"ASV_5438","Fossil Lagoon","d__Bacteria","Chloroflexi","Dehalococcoidia","RBG-13-46-9","RBG-13-46-9","RBG-13-46-9",NA
"ASV_4011","Fossil Lagoon","d__Bacteria","Chloroflexi","Dehalococcoidia","RBG-13-46-9","RBG-13-46-9","RBG-13-46-9","uncultured_bacterium"
"ASV_6486","Fossil Lagoon","d__Bacteria","Chloroflexi","Dehalococcoidia","Napoli-4B-65","Napoli-4B-65","Napoli-4B-65","uncultured_bacterium"
"ASV_4140","Fossil Lagoon","d__Bacteria","Chloroflexi","Dehalococcoidia","vadinBA26","vadinBA26","vadinBA26","uncultured_bacterium"
"ASV_6789","Fossil Lagoon","d__Bacteria","Chloroflexi","Dehalococcoidia","vadinBA26","vadinBA26","vadinBA26","uncultured_bacterium"
"ASV_5709","Fossil Lagoon","d__Bacteria","Chloroflexi","Dehalococcoidia","vadinBA26","vadinBA26","vadinBA26","uncultured_Caldilineaceae"
"ASV_2567","Fossil Lagoon","d__Bacteria","Chloroflexi","Dehalococcoidia",NA,NA,NA,NA
"ASV_5361","Fossil Lagoon","d__Bacteria","Chloroflexi","Dehalococcoidia","Dehalococcoidales","uncultured","uncultured","uncultured_bacterium"
"ASV_6594","Fossil Lagoon","d__Bacteria","Chloroflexi","Dehalococcoidia",NA,NA,NA,NA
"ASV_3574","Fossil Lagoon","d__Bacteria","Chloroflexi","Dehalococcoidia","MSBL5","MSBL5","MSBL5","uncultured_Chloroflexi"
"ASV_4493","Fossil Lagoon","d__Bacteria","Chloroflexi","Dehalococcoidia","GIF9","AB-539-J10","SCGC-AB-539-J10",NA
"ASV_3266","Fossil Lagoon","d__Bacteria","Chloroflexi","Dehalococcoidia","GIF9","AB-539-J10","SCGC-AB-539-J10",NA
"ASV_4260","Fossil Lagoon","d__Bacteria","Chloroflexi","Dehalococcoidia","GIF9","GIF9","GIF9","uncultured_bacterium"
"ASV_5466","Fossil Lagoon","d__Bacteria","Chloroflexi","Dehalococcoidia","GIF9","GIF9","GIF9","uncultured_Chloroflexi"
"ASV_549","Fossil Lagoon","d__Bacteria","Chloroflexi","Dehalococcoidia","GIF9","GIF9","GIF9","uncultured_bacterium"
"ASV_5969","Fossil Lagoon","d__Bacteria","Chloroflexi","Dehalococcoidia","GIF9","GIF9","GIF9","uncultured_bacterium"
"ASV_1346","Fossil Lagoon","d__Bacteria","Chloroflexi","Dehalococcoidia","S085","S085","S085","uncultured_bacterium"
"ASV_5100","Fossil Lagoon","d__Bacteria","Chloroflexi","Dehalococcoidia","S085","S085","S085","uncultured_bacterium"
"ASV_2295","Fossil Lagoon","d__Bacteria","Chloroflexi","Dehalococcoidia","S085","S085","S085","uncultured_bacterium"
"ASV_2332","Fossil Lagoon","d__Bacteria","Chloroflexi","Dehalococcoidia","S085","S085","S085","uncultured_bacterium"
"ASV_1699","Fossil Lagoon","d__Bacteria","Chloroflexi","Dehalococcoidia","S085","S085","S085","uncultured_bacterium"
"ASV_2573","Fossil Lagoon","d__Bacteria","Chloroflexi","Dehalococcoidia","S085","S085","S085","uncultured_bacterium"
"ASV_4384","Fossil Lagoon","d__Bacteria","Chloroflexi","Dehalococcoidia","S085","S085","S085","uncultured_bacterium"
"ASV_6907","Fossil Lagoon","d__Bacteria","Chloroflexi","Dehalococcoidia","S085","S085","S085","uncultured_soil"
"ASV_1687","Fossil Lagoon","d__Bacteria","Chloroflexi","Dehalococcoidia","S085","S085","S085",NA
"ASV_4396","Fossil Lagoon","d__Bacteria","Chloroflexi","Dehalococcoidia","S085","S085","S085",NA
"ASV_5205","Fossil Lagoon","d__Bacteria","Chloroflexi","Dehalococcoidia","S085","S085","S085",NA
"ASV_4924","Fossil Lagoon","d__Bacteria","Chloroflexi","OLB14","OLB14","OLB14","OLB14","uncultured_bacterium"
"ASV_4981","Fossil Lagoon","d__Bacteria","Chloroflexi","JG30-KF-CM66","JG30-KF-CM66","JG30-KF-CM66","JG30-KF-CM66","metagenome"
"ASV_4219","Fossil Lagoon","d__Bacteria","Chloroflexi","Dehalococcoidia",NA,NA,NA,NA
"ASV_6995","Fossil Lagoon","d__Bacteria","Chloroflexi","Dehalococcoidia","MSBL5","MSBL5","MSBL5","uncultured_bacterium"
"ASV_3833","Fossil Lagoon","d__Bacteria","Chloroflexi","JG30-KF-CM66","JG30-KF-CM66","JG30-KF-CM66","JG30-KF-CM66","uncultured_bacterium"
"ASV_725","Fossil Lagoon","d__Bacteria","Chloroflexi","JG30-KF-CM66","JG30-KF-CM66","JG30-KF-CM66","JG30-KF-CM66","uncultured_bacterium"
"ASV_5090","Fossil Lagoon","d__Bacteria","Chloroflexi","JG30-KF-CM66","JG30-KF-CM66","JG30-KF-CM66","JG30-KF-CM66","uncultured_bacterium"
"ASV_4071","Fossil Lagoon","d__Bacteria","Chloroflexi","JG30-KF-CM66","JG30-KF-CM66","JG30-KF-CM66","JG30-KF-CM66","uncultured_bacterium"
"ASV_5842","Fossil Lagoon","d__Bacteria","Chloroflexi","JG30-KF-CM66","JG30-KF-CM66","JG30-KF-CM66","JG30-KF-CM66","uncultured_bacterium"
"ASV_6173","Fossil Lagoon","d__Bacteria","Chloroflexi",NA,NA,NA,NA,NA
"ASV_3352","Fossil Lagoon","d__Bacteria","Chloroflexi","Dehalococcoidia","MSBL5","MSBL5","MSBL5","uncultured_bacterium"
"ASV_6221","Fossil Lagoon","d__Bacteria","Chloroflexi","Dehalococcoidia","MSBL5","MSBL5","MSBL5","uncultured_bacterium"
"ASV_3221","Fossil Lagoon","d__Bacteria","Chloroflexi","Dehalococcoidia","MSBL5","MSBL5","MSBL5","uncultured_bacterium"
"ASV_6123","Fossil Lagoon","d__Bacteria","Chloroflexi","Anaerolineae","SBR1031","SBR1031","SBR1031","metagenome"
"ASV_4531","Fossil Lagoon","d__Bacteria","Chloroflexi","Anaerolineae","Ardenticatenales","uncultured","uncultured",NA
"ASV_3597","Fossil Lagoon","d__Bacteria","Chloroflexi","Anaerolineae","Ardenticatenales","uncultured","uncultured","uncultured_organism"
"ASV_5106","Fossil Lagoon","d__Bacteria","Chloroflexi","Anaerolineae","Ardenticatenales","uncultured","uncultured","uncultured_organism"
"ASV_6330","Fossil Lagoon","d__Bacteria","Chloroflexi","Anaerolineae","Ardenticatenales","uncultured","uncultured","uncultured_archaeon"
"ASV_3426","Fossil Lagoon","d__Bacteria","Chloroflexi","Anaerolineae","Ardenticatenales","uncultured","uncultured","uncultured_archaeon"
"ASV_5395","Fossil Lagoon","d__Bacteria","Chloroflexi","Anaerolineae","Ardenticatenales","uncultured","uncultured",NA
"ASV_7085","Fossil Lagoon","d__Bacteria","Chloroflexi","Anaerolineae","Ardenticatenales","uncultured","uncultured",NA
"ASV_2374","Fossil Lagoon","d__Bacteria","Chloroflexi","Anaerolineae","Ardenticatenales","uncultured","uncultured","uncultured_archaeon"
"ASV_4954","Fossil Lagoon","d__Bacteria","Chloroflexi","Anaerolineae","Ardenticatenales","uncultured","uncultured",NA
"ASV_3949","Fossil Lagoon","d__Bacteria","Chloroflexi","Anaerolineae","Ardenticatenales","uncultured","uncultured",NA
"ASV_4252","Fossil Lagoon","d__Bacteria","Chloroflexi","Anaerolineae","Ardenticatenales","uncultured","uncultured","uncultured_prokaryote"
"ASV_6893","Fossil Lagoon","d__Bacteria","Chloroflexi","Anaerolineae","Ardenticatenales","uncultured","uncultured",NA
"ASV_4084","Fossil Lagoon","d__Bacteria","Chloroflexi","Anaerolineae","Ardenticatenales","uncultured","uncultured","uncultured_prokaryote"
"ASV_7007","Fossil Lagoon","d__Bacteria","Chloroflexi","Anaerolineae","Ardenticatenales","uncultured","uncultured","uncultured_prokaryote"
"ASV_6900","Fossil Lagoon","d__Bacteria","Chloroflexi","Anaerolineae","SBR1031","SBR1031","SBR1031","uncultured_bacterium"
"ASV_3589","Fossil Lagoon","d__Bacteria","Chloroflexi","Anaerolineae","SBR1031","SBR1031","SBR1031","uncultured_bacterium"
"ASV_7188","Fossil Lagoon","d__Bacteria","Chloroflexi","Anaerolineae","RBG-13-54-9","RBG-13-54-9","RBG-13-54-9",NA
"ASV_1332","Fossil Lagoon","d__Bacteria","Chloroflexi","Anaerolineae","Anaerolineales","Anaerolineaceae","uncultured",NA
"ASV_4726","Fossil Lagoon","d__Bacteria","Chloroflexi","Anaerolineae","Anaerolineales","Anaerolineaceae","uncultured",NA
"ASV_4845","Fossil Lagoon","d__Bacteria","Chloroflexi","Anaerolineae","Anaerolineales","Anaerolineaceae","uncultured","metagenome"
"ASV_5757","Fossil Lagoon","d__Bacteria","Chloroflexi","Anaerolineae","Anaerolineales","Anaerolineaceae","uncultured","uncultured_Chloroflexi"
"ASV_2127","Fossil Lagoon","d__Bacteria","Chloroflexi","Anaerolineae","Anaerolineales","Anaerolineaceae","uncultured","uncultured_Chloroflexi"
"ASV_1381","Fossil Lagoon","d__Bacteria","Chloroflexi","Anaerolineae","Anaerolineales","Anaerolineaceae","uncultured","uncultured_Chloroflexi"
"ASV_3296","Fossil Lagoon","d__Bacteria","Chloroflexi","Anaerolineae","Anaerolineales","Anaerolineaceae","uncultured",NA
"ASV_3545","Fossil Lagoon","d__Bacteria","Chloroflexi","Anaerolineae","Anaerolineales","Anaerolineaceae","uncultured",NA
"ASV_3693","Fossil Lagoon","d__Bacteria","Chloroflexi","Anaerolineae","Anaerolineales","Anaerolineaceae","uncultured",NA
"ASV_1649","Fossil Lagoon","d__Bacteria","Chloroflexi","Anaerolineae","Anaerolineales","Anaerolineaceae","uncultured",NA
"ASV_4282","Fossil Lagoon","d__Bacteria","Chloroflexi","Anaerolineae","Anaerolineales","Anaerolineaceae","uncultured","uncultured_Chlorobi"
"ASV_3070","Fossil Lagoon","d__Bacteria","Chloroflexi","Anaerolineae","Anaerolineales","Anaerolineaceae","uncultured",NA
"ASV_6161","Fossil Lagoon","d__Bacteria","Chloroflexi","Anaerolineae","Anaerolineales","Anaerolineaceae","uncultured",NA
"ASV_3115","Fossil Lagoon","d__Bacteria","Chloroflexi","Anaerolineae","Anaerolineales","Anaerolineaceae","uncultured","uncultured_Chloroflexi"
"ASV_734","Fossil Lagoon","d__Bacteria","Chloroflexi","Anaerolineae","SBR1031","SBR1031","SBR1031","uncultured_bacterium"
"ASV_6411","Fossil Lagoon","d__Bacteria","Chloroflexi","Anaerolineae","SBR1031","SBR1031","SBR1031","uncultured_bacterium"
"ASV_2652","Fossil Lagoon","d__Bacteria","Chloroflexi","Anaerolineae","SBR1031","SBR1031","SBR1031","uncultured_bacterium"
"ASV_4443","Fossil Lagoon","d__Bacteria","Chloroflexi","Anaerolineae","SBR1031","SBR1031","SBR1031","uncultured_bacterium"
"ASV_3841","Fossil Lagoon","d__Bacteria","Chloroflexi","Anaerolineae","SBR1031","SBR1031","SBR1031","uncultured_bacterium"
"ASV_5673","Fossil Lagoon","d__Bacteria","Chloroflexi","Anaerolineae","SBR1031","SBR1031","SBR1031","uncultured_bacterium"
"ASV_6931","Fossil Lagoon","d__Bacteria","Chloroflexi","Anaerolineae","SBR1031","A4b","A4b","uncultured_bacterium"
"ASV_5819","Fossil Lagoon","d__Bacteria","Chloroflexi","Anaerolineae","SBR1031","A4b","A4b",NA
"ASV_6670","Fossil Lagoon","d__Bacteria","Chloroflexi","Anaerolineae","SBR1031","A4b","A4b","uncultured_bacterium"
"ASV_6984","Fossil Lagoon","d__Bacteria","Chloroflexi","Anaerolineae","SBR1031","A4b","A4b","uncultured_bacterium"
"ASV_7166","Fossil Lagoon","d__Bacteria","Chloroflexi","Anaerolineae","SBR1031","A4b","A4b","uncultured_bacterium"
"ASV_5255","Fossil Lagoon","d__Bacteria","Chloroflexi","Anaerolineae","ADurb.Bin180","ADurb.Bin180","ADurb.Bin180","uncultured_bacterium"
"ASV_5147","Fossil Lagoon","d__Bacteria","Chloroflexi","Anaerolineae","RBG-13-54-9","RBG-13-54-9","RBG-13-54-9",NA
"ASV_6768","Fossil Lagoon","d__Bacteria","Chloroflexi","Anaerolineae","RBG-13-54-9","RBG-13-54-9","RBG-13-54-9","uncultured_bacterium"
"ASV_2867","Fossil Lagoon","d__Bacteria","GAL15","GAL15","GAL15","GAL15","GAL15","uncultured_bacterium"
"ASV_7181","Fossil Lagoon","d__Bacteria","Chloroflexi","JG30-KF-CM66","JG30-KF-CM66","JG30-KF-CM66","JG30-KF-CM66","uncultured_bacterium"
"ASV_6263","Fossil Lagoon","d__Bacteria","Chloroflexi","KD4-96","KD4-96","KD4-96","KD4-96",NA
"ASV_6276","Fossil Lagoon","d__Bacteria","Chloroflexi","KD4-96","KD4-96","KD4-96","KD4-96","uncultured_bacterium"
"ASV_1985","Fossil Lagoon","d__Bacteria","Chloroflexi","KD4-96","KD4-96","KD4-96","KD4-96",NA
"ASV_2054","Fossil Lagoon","d__Bacteria","Chloroflexi","KD4-96","KD4-96","KD4-96","KD4-96","uncultured_bacterium"
"ASV_3307","Fossil Lagoon","d__Bacteria","Chloroflexi","KD4-96","KD4-96","KD4-96","KD4-96","uncultured_bacterium"
"ASV_4035","Fossil Lagoon","d__Bacteria","Chloroflexi","KD4-96","KD4-96","KD4-96","KD4-96",NA
"ASV_2820","Fossil Lagoon","d__Bacteria","Chloroflexi","KD4-96","KD4-96","KD4-96","KD4-96",NA
"ASV_6034","Fossil Lagoon","d__Bacteria","SAR324_clade(Marine_group_B)","SAR324_clade(Marine_group_B)","SAR324_clade(Marine_group_B)","SAR324_clade(Marine_group_B)","SAR324_clade(Marine_group_B)","uncultured_bacterium"
"ASV_6128","Fossil Lagoon","d__Bacteria","SAR324_clade(Marine_group_B)","SAR324_clade(Marine_group_B)","SAR324_clade(Marine_group_B)","SAR324_clade(Marine_group_B)","SAR324_clade(Marine_group_B)","uncultured_bacterium"
"ASV_6258","Fossil Lagoon","d__Bacteria","WS4","WS4","WS4","WS4","WS4","uncultured_bacterium"
"ASV_3746","Fossil Lagoon","d__Bacteria","Acidobacteriota","Blastocatellia","11-24","11-24","11-24","uncultured_bacterium"
"ASV_5782","Fossil Lagoon","d__Bacteria","Acidobacteriota","Blastocatellia","11-24","11-24","11-24","uncultured_bacterium"
"ASV_7140","Fossil Lagoon","d__Bacteria","Acidobacteriota","Acidobacteriae",NA,NA,NA,NA
"ASV_1607","Fossil Lagoon","d__Bacteria","Acidobacteriota","Acidobacteriae","Bryobacterales","Bryobacteraceae","Bryobacter",NA
"ASV_3758","Fossil Lagoon","d__Bacteria","Acidobacteriota","Acidobacteriae","Bryobacterales","Bryobacteraceae","Bryobacter",NA
"ASV_3457","Fossil Lagoon","d__Bacteria","Acidobacteriota","Acidobacteriae","Bryobacterales","Bryobacteraceae","Bryobacter",NA
"ASV_6249","Fossil Lagoon","d__Bacteria","Acidobacteriota","Acidobacteriae","Bryobacterales","Bryobacteraceae","Bryobacter",NA
"ASV_2362","Fossil Lagoon","d__Bacteria","Acidobacteriota","Acidobacteriae","Bryobacterales","Bryobacteraceae","Bryobacter",NA
"ASV_6654","Fossil Lagoon","d__Bacteria","Acidobacteriota","Acidobacteriae","Bryobacterales","Bryobacteraceae","Bryobacter",NA
"ASV_3315","Fossil Lagoon","d__Bacteria","Acidobacteriota","Acidobacteriae","Bryobacterales","Bryobacteraceae","Bryobacter",NA
"ASV_3578","Fossil Lagoon","d__Bacteria","Acidobacteriota","Acidobacteriae","PAUC26f","PAUC26f","PAUC26f","uncultured_Acidobacteria"
"ASV_5728","Fossil Lagoon","d__Bacteria","Acidobacteriota","Acidobacteriae","AKIW659","AKIW659","AKIW659","uncultured_Acidobacterium"
"ASV_2932","Fossil Lagoon","d__Bacteria","Acidobacteriota","Acidobacteriae",NA,NA,NA,NA
"ASV_3130","Fossil Lagoon","d__Bacteria","Acidobacteriota","Acidobacteriae","Solibacterales","Solibacteraceae","Candidatus_Solibacter",NA
"ASV_5135","Fossil Lagoon","d__Bacteria","Acidobacteriota","Acidobacteriae","Subgroup_2","Subgroup_2","Subgroup_2",NA
"ASV_3288","Fossil Lagoon","d__Bacteria","Acidobacteriota","Acidobacteriae","Subgroup_2","Subgroup_2","Subgroup_2","uncultured_bacterium"
"ASV_2341","Fossil Lagoon","d__Bacteria","Acidobacteriota","Acidobacteriae","Subgroup_15","Subgroup_15","Subgroup_15","uncultured_bacterium"
"ASV_4573","Fossil Lagoon","d__Bacteria","Acidobacteriota","Acidobacteriae","Subgroup_15","Subgroup_15","Subgroup_15","uncultured_bacterium"
"ASV_2963","Fossil Lagoon","d__Bacteria","Acidobacteriota","Acidobacteriae","Subgroup_15","Subgroup_15","Subgroup_15","uncultured_bacterium"
"ASV_5344","Fossil Lagoon","d__Bacteria","Acidobacteriota","Acidobacteriae","Subgroup_15","Subgroup_15","Subgroup_15","uncultured_bacterium"
"ASV_5688","Fossil Lagoon","d__Bacteria","Acidobacteriota","Acidobacteriae","Subgroup_15","Subgroup_15","Subgroup_15","uncultured_bacterium"
"ASV_4527","Fossil Lagoon","d__Bacteria","Acidobacteriota","Acidobacteriae","Subgroup_15","Subgroup_15","Subgroup_15","uncultured_bacterium"
"ASV_4271","Fossil Lagoon","d__Bacteria","Acidobacteriota","Acidobacteriae","Subgroup_15","Subgroup_15","Subgroup_15","uncultured_bacterium"
"ASV_2406","Fossil Lagoon","d__Bacteria","Acidobacteriota","Acidobacteriae","Acidobacteriales",NA,NA,NA
"ASV_6868","Fossil Lagoon","d__Bacteria","Acidobacteriota","Acidobacteriae","Acidobacteriales","uncultured","uncultured",NA
"ASV_4932","Fossil Lagoon","d__Bacteria","Acidobacteriota","Acidobacteriae","Subgroup_13","Subgroup_13","Subgroup_13","uncultured_Acidobacterium"
"ASV_796","Fossil Lagoon","d__Bacteria","Acidobacteriota","Acidobacteriae","Subgroup_13","Subgroup_13","Subgroup_13","uncultured_bacterium"
"ASV_6021","Fossil Lagoon","d__Bacteria","Acidobacteriota","Acidobacteriae","Subgroup_13","Subgroup_13","Subgroup_13","uncultured_bacterium"
"ASV_2918","Fossil Lagoon","d__Bacteria","Acidobacteriota","Acidobacteriae","Subgroup_13","Subgroup_13","Subgroup_13","uncultured_bacterium"
"ASV_6288","Fossil Lagoon","d__Bacteria","Acidobacteriota","Acidobacteriae","Subgroup_13","Subgroup_13","Subgroup_13","uncultured_bacterium"
"ASV_4826","Fossil Lagoon","d__Bacteria","Armatimonadota","uncultured","uncultured","uncultured","uncultured","uncultured_bacterium"
"ASV_6932","Fossil Lagoon","d__Bacteria","Actinobacteriota","Thermoleophilia","Gaiellales","uncultured","uncultured","uncultured_actinobacterium"
"ASV_429","Fossil Lagoon","d__Bacteria","Fusobacteriota","Fusobacteriia","Fusobacteriales","Leptotrichiaceae","Hypnocyclicus","uncultured_bacterium"
"ASV_6811","Fossil Lagoon","d__Bacteria","Firmicutes","Bacilli","Brevibacillales","Brevibacillaceae","Brevibacillus","uncultured_bacterium"
"ASV_3586","Miguelito Dike","d__Archaea","Crenarchaeota","Bathyarchaeia","Bathyarchaeia","Bathyarchaeia","Bathyarchaeia","uncultured_Thermofilum"
"ASV_2294","Miguelito Dike","d__Archaea","Crenarchaeota","Bathyarchaeia","Bathyarchaeia","Bathyarchaeia","Bathyarchaeia","uncultured_Thermofilum"
"ASV_4298","Miguelito Dike","d__Archaea","Crenarchaeota","Bathyarchaeia","Bathyarchaeia","Bathyarchaeia","Bathyarchaeia","uncultured_methanogenic"
"ASV_3277","Miguelito Dike","d__Archaea","Crenarchaeota","Bathyarchaeia","Bathyarchaeia","Bathyarchaeia","Bathyarchaeia","uncultured_methanogenic"
"ASV_2496","Miguelito Dike","d__Archaea","Crenarchaeota","Bathyarchaeia","Bathyarchaeia","Bathyarchaeia","Bathyarchaeia","uncultured_methanogenic"
"ASV_2535","Miguelito Dike","d__Archaea","Crenarchaeota","Bathyarchaeia","Bathyarchaeia","Bathyarchaeia","Bathyarchaeia","uncultured_methanogenic"
"ASV_3969","Miguelito Dike","d__Archaea","Crenarchaeota","Bathyarchaeia","Bathyarchaeia","Bathyarchaeia","Bathyarchaeia",NA
"ASV_1021","Miguelito Dike","d__Archaea","Crenarchaeota","Bathyarchaeia","Bathyarchaeia","Bathyarchaeia","Bathyarchaeia",NA
"ASV_3122","Miguelito Dike","d__Archaea","Crenarchaeota","Bathyarchaeia","Bathyarchaeia","Bathyarchaeia","Bathyarchaeia",NA
"ASV_3194","Miguelito Dike","d__Archaea","Crenarchaeota","Bathyarchaeia","Bathyarchaeia","Bathyarchaeia","Bathyarchaeia",NA
"ASV_3260","Miguelito Dike","d__Archaea","Crenarchaeota","Bathyarchaeia","Bathyarchaeia","Bathyarchaeia","Bathyarchaeia",NA
"ASV_2036","Miguelito Dike","d__Archaea","Crenarchaeota","Bathyarchaeia","Bathyarchaeia","Bathyarchaeia","Bathyarchaeia","uncultured_methanogenic"
"ASV_3548","Miguelito Dike","d__Archaea","Crenarchaeota","Bathyarchaeia","Bathyarchaeia","Bathyarchaeia","Bathyarchaeia",NA
"ASV_6762","Miguelito Dike","d__Archaea","Crenarchaeota","Bathyarchaeia","Bathyarchaeia","Bathyarchaeia","Bathyarchaeia","uncultured_methanogenic"
"ASV_2123","Miguelito Dike","d__Archaea","Crenarchaeota","Bathyarchaeia","Bathyarchaeia","Bathyarchaeia","Bathyarchaeia",NA
"ASV_2010","Miguelito Dike","d__Archaea","Crenarchaeota","Bathyarchaeia","Bathyarchaeia","Bathyarchaeia","Bathyarchaeia","uncultured_crenarchaeote"
"ASV_4878","Miguelito Dike","d__Archaea","Crenarchaeota","Bathyarchaeia","Bathyarchaeia","Bathyarchaeia","Bathyarchaeia",NA
"ASV_6767","Miguelito Dike","d__Archaea","Crenarchaeota","Bathyarchaeia","Bathyarchaeia","Bathyarchaeia","Bathyarchaeia","uncultured_crenarchaeote"
"ASV_3873","Miguelito Dike","d__Archaea","Crenarchaeota","Bathyarchaeia","Bathyarchaeia","Bathyarchaeia","Bathyarchaeia","uncultured_Thermoprotei"
"ASV_4464","Miguelito Dike","d__Archaea","Crenarchaeota","Bathyarchaeia","Bathyarchaeia","Bathyarchaeia","Bathyarchaeia","uncultured_Thermoprotei"
"ASV_6206","Miguelito Dike","d__Archaea","Crenarchaeota","Bathyarchaeia","Bathyarchaeia","Bathyarchaeia","Bathyarchaeia","uncultured_Thermoprotei"
"ASV_7133","Miguelito Dike","d__Archaea","Crenarchaeota","Bathyarchaeia","Bathyarchaeia","Bathyarchaeia","Bathyarchaeia","uncultured_Thermoprotei"
"ASV_2426","Miguelito Dike","d__Archaea","Crenarchaeota","Bathyarchaeia","Bathyarchaeia","Bathyarchaeia","Bathyarchaeia","uncultured_Thermoprotei"
"ASV_1199","Miguelito Dike","d__Archaea","Crenarchaeota","Bathyarchaeia","Bathyarchaeia","Bathyarchaeia","Bathyarchaeia","uncultured_crenarchaeote"
"ASV_1760","Miguelito Dike","d__Archaea","Crenarchaeota","Bathyarchaeia","Bathyarchaeia","Bathyarchaeia","Bathyarchaeia","uncultured_Thermoprotei"
"ASV_2749","Miguelito Dike","d__Archaea","Crenarchaeota","Bathyarchaeia","Bathyarchaeia","Bathyarchaeia","Bathyarchaeia",NA
"ASV_3405","Miguelito Dike","d__Archaea","Crenarchaeota","Bathyarchaeia","Bathyarchaeia","Bathyarchaeia","Bathyarchaeia",NA
"ASV_6052","Miguelito Dike","d__Archaea","Crenarchaeota","Bathyarchaeia","Bathyarchaeia","Bathyarchaeia","Bathyarchaeia","uncultured_crenarchaeote"
"ASV_6278","Miguelito Dike","d__Archaea","Crenarchaeota","Bathyarchaeia","Bathyarchaeia","Bathyarchaeia","Bathyarchaeia",NA
"ASV_3636","Miguelito Dike","d__Archaea","Crenarchaeota","Bathyarchaeia","Bathyarchaeia","Bathyarchaeia","Bathyarchaeia","uncultured_crenarchaeote"
"ASV_3962","Miguelito Dike","d__Archaea","Crenarchaeota","Bathyarchaeia","Bathyarchaeia","Bathyarchaeia","Bathyarchaeia","uncultured_crenarchaeote"
"ASV_2544","Miguelito Dike","d__Archaea","Crenarchaeota","Bathyarchaeia","Bathyarchaeia","Bathyarchaeia","Bathyarchaeia","uncultured_crenarchaeote"
"ASV_3081","Miguelito Dike","d__Archaea","Crenarchaeota","Bathyarchaeia","Bathyarchaeia","Bathyarchaeia","Bathyarchaeia","uncultured_crenarchaeote"
"ASV_3444","Miguelito Dike","d__Archaea","Crenarchaeota","Bathyarchaeia","Bathyarchaeia","Bathyarchaeia","Bathyarchaeia","uncultured_crenarchaeote"
"ASV_5029","Miguelito Dike","d__Archaea","Crenarchaeota","Bathyarchaeia","Bathyarchaeia","Bathyarchaeia","Bathyarchaeia","uncultured_crenarchaeote"
"ASV_6006","Miguelito Dike","d__Archaea","Crenarchaeota","Bathyarchaeia","Bathyarchaeia","Bathyarchaeia","Bathyarchaeia","uncultured_Thermoprotei"
"ASV_6142","Miguelito Dike","d__Archaea","Crenarchaeota","Bathyarchaeia","Bathyarchaeia","Bathyarchaeia","Bathyarchaeia",NA
"ASV_6662","Miguelito Dike","d__Archaea","Crenarchaeota","Bathyarchaeia","Bathyarchaeia","Bathyarchaeia","Bathyarchaeia",NA
"ASV_5684","Miguelito Dike","d__Archaea","Crenarchaeota","Bathyarchaeia","Bathyarchaeia","Bathyarchaeia","Bathyarchaeia",NA
"ASV_4956","Miguelito Dike","d__Archaea","Crenarchaeota","Bathyarchaeia","Bathyarchaeia","Bathyarchaeia","Bathyarchaeia",NA
"ASV_938","Miguelito Dike","d__Archaea","Crenarchaeota","Bathyarchaeia","Bathyarchaeia","Bathyarchaeia","Bathyarchaeia",NA
"ASV_986","Miguelito Dike","d__Archaea","Crenarchaeota","Bathyarchaeia","Bathyarchaeia","Bathyarchaeia","Bathyarchaeia",NA
"ASV_3373","Miguelito Dike","d__Archaea","Crenarchaeota","Bathyarchaeia","Bathyarchaeia","Bathyarchaeia","Bathyarchaeia","uncultured_crenarchaeote"
"ASV_1265","Miguelito Dike","d__Archaea","Crenarchaeota","Bathyarchaeia","Bathyarchaeia","Bathyarchaeia","Bathyarchaeia",NA
"ASV_4190","Miguelito Dike","d__Archaea","Crenarchaeota","Bathyarchaeia","Bathyarchaeia","Bathyarchaeia","Bathyarchaeia",NA
"ASV_2921","Miguelito Dike","d__Archaea","Crenarchaeota","Bathyarchaeia","Bathyarchaeia","Bathyarchaeia","Bathyarchaeia",NA
"ASV_4204","Miguelito Dike","d__Archaea","Crenarchaeota","Bathyarchaeia","Bathyarchaeia","Bathyarchaeia","Bathyarchaeia",NA
"ASV_1507","Miguelito Dike","d__Archaea","Crenarchaeota","Bathyarchaeia","Bathyarchaeia","Bathyarchaeia","Bathyarchaeia",NA
"ASV_1181","Miguelito Dike","d__Archaea","Crenarchaeota","Bathyarchaeia","Bathyarchaeia","Bathyarchaeia","Bathyarchaeia",NA
"ASV_1916","Miguelito Dike","d__Archaea","Crenarchaeota","Bathyarchaeia","Bathyarchaeia","Bathyarchaeia","Bathyarchaeia","uncultured_crenarchaeote"
"ASV_2378","Miguelito Dike","d__Archaea","Crenarchaeota","Bathyarchaeia","Bathyarchaeia","Bathyarchaeia","Bathyarchaeia","uncultured_crenarchaeote"
"ASV_6883","Miguelito Dike","d__Archaea","Crenarchaeota","Bathyarchaeia","Bathyarchaeia","Bathyarchaeia","Bathyarchaeia",NA
"ASV_1435","Miguelito Dike","d__Archaea","Crenarchaeota","Bathyarchaeia","Bathyarchaeia","Bathyarchaeia","Bathyarchaeia",NA
"ASV_4161","Miguelito Dike","d__Archaea","Crenarchaeota","Bathyarchaeia","Bathyarchaeia","Bathyarchaeia","Bathyarchaeia",NA
"ASV_823","Miguelito Dike","d__Archaea","Crenarchaeota","Bathyarchaeia","Bathyarchaeia","Bathyarchaeia","Bathyarchaeia","uncultured_crenarchaeote"
"ASV_2636","Miguelito Dike","d__Archaea","Crenarchaeota","Bathyarchaeia","Bathyarchaeia","Bathyarchaeia","Bathyarchaeia","uncultured_crenarchaeote"
"ASV_5871","Miguelito Dike","d__Archaea","Crenarchaeota","Bathyarchaeia","Bathyarchaeia","Bathyarchaeia","Bathyarchaeia","uncultured_crenarchaeote"
"ASV_4867","Miguelito Dike","d__Archaea","Crenarchaeota","Bathyarchaeia","Bathyarchaeia","Bathyarchaeia","Bathyarchaeia","uncultured_crenarchaeote"
"ASV_1942","Miguelito Dike","d__Archaea","Crenarchaeota","Bathyarchaeia","Bathyarchaeia","Bathyarchaeia","Bathyarchaeia","uncultured_crenarchaeote"
"ASV_2213","Miguelito Dike","d__Archaea","Crenarchaeota","Bathyarchaeia","Bathyarchaeia","Bathyarchaeia","Bathyarchaeia","uncultured_crenarchaeote"
"ASV_5946","Miguelito Dike","d__Archaea","Crenarchaeota","Bathyarchaeia","Bathyarchaeia","Bathyarchaeia","Bathyarchaeia","uncultured_crenarchaeote"
"ASV_5703","Miguelito Dike","d__Archaea","Crenarchaeota","Bathyarchaeia","Bathyarchaeia","Bathyarchaeia","Bathyarchaeia","uncultured_crenarchaeote"
"ASV_2049","Miguelito Dike","d__Archaea","Crenarchaeota","Bathyarchaeia","Bathyarchaeia","Bathyarchaeia","Bathyarchaeia","uncultured_crenarchaeote"
"ASV_5392","Miguelito Dike","d__Archaea","Crenarchaeota","Bathyarchaeia","Bathyarchaeia","Bathyarchaeia","Bathyarchaeia","uncultured_crenarchaeote"
"ASV_810","Miguelito Dike","d__Archaea","Crenarchaeota","Bathyarchaeia","Bathyarchaeia","Bathyarchaeia","Bathyarchaeia","uncultured_archaeon"
"ASV_1677","Miguelito Dike","d__Archaea","Crenarchaeota","Bathyarchaeia","Bathyarchaeia","Bathyarchaeia","Bathyarchaeia","uncultured_archaeon"
"ASV_1720","Miguelito Dike","d__Archaea","Crenarchaeota","Bathyarchaeia","Bathyarchaeia","Bathyarchaeia","Bathyarchaeia","uncultured_miscellaneous"
"ASV_4498","Miguelito Dike","d__Archaea","Crenarchaeota","Bathyarchaeia","Bathyarchaeia","Bathyarchaeia","Bathyarchaeia",NA
"ASV_4028","Miguelito Dike","d__Archaea","Crenarchaeota","Bathyarchaeia","Bathyarchaeia","Bathyarchaeia","Bathyarchaeia","uncultured_archaeon"
"ASV_4618","Miguelito Dike","d__Archaea","Crenarchaeota","Bathyarchaeia","Bathyarchaeia","Bathyarchaeia","Bathyarchaeia",NA
"ASV_3149","Miguelito Dike","d__Archaea","Crenarchaeota","Bathyarchaeia","Bathyarchaeia","Bathyarchaeia","Bathyarchaeia",NA
"ASV_3847","Miguelito Dike","d__Archaea","Crenarchaeota","Bathyarchaeia","Bathyarchaeia","Bathyarchaeia","Bathyarchaeia",NA
"ASV_704","Miguelito Dike","d__Archaea","Crenarchaeota","Bathyarchaeia","Bathyarchaeia","Bathyarchaeia","Bathyarchaeia",NA
"ASV_4736","Miguelito Dike","d__Archaea","Crenarchaeota","Bathyarchaeia","Bathyarchaeia","Bathyarchaeia","Bathyarchaeia",NA
"ASV_6559","Miguelito Dike","d__Archaea","Crenarchaeota","Bathyarchaeia","Bathyarchaeia","Bathyarchaeia","Bathyarchaeia",NA
"ASV_3243","Miguelito Dike","d__Archaea","Crenarchaeota","Bathyarchaeia","Bathyarchaeia","Bathyarchaeia","Bathyarchaeia","uncultured_crenarchaeote"
"ASV_4645","Miguelito Dike","d__Archaea","Crenarchaeota","Bathyarchaeia","Bathyarchaeia","Bathyarchaeia","Bathyarchaeia",NA
"ASV_2622","Miguelito Dike","d__Archaea","Crenarchaeota","Bathyarchaeia","Bathyarchaeia","Bathyarchaeia","Bathyarchaeia","uncultured_archaeon"
"ASV_6188","Miguelito Dike","d__Archaea","Crenarchaeota","Bathyarchaeia","Bathyarchaeia","Bathyarchaeia","Bathyarchaeia","uncultured_archaeon"
"ASV_3904","Miguelito Dike","d__Archaea","Crenarchaeota","Bathyarchaeia","Bathyarchaeia","Bathyarchaeia","Bathyarchaeia","uncultured_archaeon"
"ASV_2118","Miguelito Dike","d__Archaea","Crenarchaeota","Bathyarchaeia","Bathyarchaeia","Bathyarchaeia","Bathyarchaeia","marine_metagenome"
"ASV_2770","Miguelito Dike","d__Archaea","Crenarchaeota","Bathyarchaeia","Bathyarchaeia","Bathyarchaeia","Bathyarchaeia","uncultured_archaeon"
"ASV_449","Miguelito Dike","d__Archaea","Crenarchaeota","Bathyarchaeia","Bathyarchaeia","Bathyarchaeia","Bathyarchaeia","archaeon_RBG_16_50_20"
"ASV_1317","Miguelito Dike","d__Archaea","Crenarchaeota","Bathyarchaeia","Bathyarchaeia","Bathyarchaeia","Bathyarchaeia","archaeon_RBG_16_50_20"
"ASV_2606","Miguelito Dike","d__Archaea","Crenarchaeota","Bathyarchaeia","Bathyarchaeia","Bathyarchaeia","Bathyarchaeia","archaeon_RBG_16_50_20"
"ASV_578","Miguelito Dike","d__Archaea","Crenarchaeota","Bathyarchaeia","Bathyarchaeia","Bathyarchaeia","Bathyarchaeia","archaeon_RBG_16_50_20"
"ASV_1245","Miguelito Dike","d__Archaea","Crenarchaeota","Bathyarchaeia","Bathyarchaeia","Bathyarchaeia","Bathyarchaeia","archaeon_RBG_16_50_20"
"ASV_5328","Miguelito Dike","d__Archaea","Crenarchaeota","Bathyarchaeia","Bathyarchaeia","Bathyarchaeia","Bathyarchaeia","archaeon_RBG_16_50_20"
"ASV_5282","Miguelito Dike","d__Archaea","Crenarchaeota","Bathyarchaeia","Bathyarchaeia","Bathyarchaeia","Bathyarchaeia",NA
"ASV_5771","Miguelito Dike","d__Archaea","Crenarchaeota","Bathyarchaeia","Bathyarchaeia","Bathyarchaeia","Bathyarchaeia","uncultured_archaeon"
"ASV_554","Miguelito Dike","d__Archaea","Euryarchaeota","Thermococci","Methanofastidiosales","uncultured","uncultured","uncultured_Theionarchaea"
"ASV_2837","Miguelito Dike","d__Archaea","Thermoplasmatota","Thermoplasmata","Marine_Benthic_Group_D_and_DHVEG-1","Marine_Benthic_Group_D_and_DHVEG-1","Marine_Benthic_Group_D_and_DHVEG-1","uncultured_archaeon"
"ASV_3161","Miguelito Dike","d__Archaea","Thermoplasmatota","Thermoplasmata","Marine_Benthic_Group_D_and_DHVEG-1","Marine_Benthic_Group_D_and_DHVEG-1","Marine_Benthic_Group_D_and_DHVEG-1","uncultured_archaeon"
"ASV_6825","Miguelito Dike","d__Archaea","Thermoplasmatota","Thermoplasmata","Marine_Benthic_Group_D_and_DHVEG-1","Marine_Benthic_Group_D_and_DHVEG-1","Marine_Benthic_Group_D_and_DHVEG-1","uncultured_archaeon"
"ASV_4355","Miguelito Dike","d__Archaea","Thermoplasmatota","Thermoplasmata","Marine_Benthic_Group_D_and_DHVEG-1","Marine_Benthic_Group_D_and_DHVEG-1","Marine_Benthic_Group_D_and_DHVEG-1","uncultured_archaeon"
"ASV_3404","Miguelito Dike","d__Archaea","Thermoplasmatota","Thermoplasmata","Methanomassiliicoccales","uncultured","uncultured","uncultured_archaeon"
"ASV_3520","Miguelito Dike","d__Archaea","Thermoplasmatota","Thermoplasmata","Methanomassiliicoccales","uncultured","uncultured","uncultured_archaeon"
"ASV_5351","Miguelito Dike","d__Archaea","Thermoplasmatota","Thermoplasmata","Methanomassiliicoccales","uncultured","uncultured","uncultured_archaeon"
"ASV_6143","Miguelito Dike","d__Archaea","Thermoplasmatota","Thermoplasmata","uncultured","uncultured","uncultured","uncultured_archaeon"
"ASV_3872","Miguelito Dike","d__Archaea","Hadarchaeota","Hadarchaeia","Hadarchaeia","Hadarchaeales","Hadarchaeales","uncultured_archaeon"
"ASV_6959","Miguelito Dike","d__Archaea","Nanoarchaeota","Nanoarchaeia","Woesearchaeales","Woesearchaeales","Woesearchaeales",NA
"ASV_6363","Miguelito Dike","d__Bacteria","Planctomycetota","Phycisphaerae","mle1-8","mle1-8","mle1-8","uncultured_bacterium"
"ASV_6343","Miguelito Dike","d__Bacteria","Planctomycetota","Phycisphaerae","mle1-8","mle1-8","mle1-8","uncultured_bacterium"
"ASV_6658","Miguelito Dike","d__Bacteria","Planctomycetota","Phycisphaerae","mle1-8","mle1-8","mle1-8","uncultured_bacterium"
"ASV_6222","Miguelito Dike","d__Bacteria","Planctomycetota","Phycisphaerae","mle1-8","mle1-8","mle1-8","uncultured_bacterium"
"ASV_2454","Miguelito Dike","d__Bacteria","Planctomycetota","Phycisphaerae","mle1-8","mle1-8","mle1-8","uncultured_bacterium"
"ASV_4343","Miguelito Dike","d__Bacteria","Planctomycetota","Phycisphaerae","mle1-8","mle1-8","mle1-8","uncultured_bacterium"
"ASV_5190","Miguelito Dike","d__Bacteria","Planctomycetota","Phycisphaerae","mle1-8","mle1-8","mle1-8","uncultured_bacterium"
"ASV_2240","Miguelito Dike","d__Bacteria","Planctomycetota","Phycisphaerae","mle1-8","mle1-8","mle1-8","uncultured_bacterium"
"ASV_5549","Miguelito Dike","d__Bacteria","Planctomycetota","Phycisphaerae","mle1-8","mle1-8","mle1-8","uncultured_bacterium"
"ASV_6454","Miguelito Dike","d__Bacteria","Planctomycetota","Phycisphaerae","mle1-8","mle1-8","mle1-8","uncultured_bacterium"
"ASV_6502","Miguelito Dike","d__Bacteria","Planctomycetota","Phycisphaerae","Phycisphaerales","AKAU3564_sediment_group","AKAU3564_sediment_group","uncultured_bacterium"
"ASV_7076","Miguelito Dike","d__Bacteria","Planctomycetota","Phycisphaerae","Phycisphaerales","AKAU3564_sediment_group","AKAU3564_sediment_group","uncultured_bacterium"
"ASV_2911","Miguelito Dike","d__Bacteria","Planctomycetota","Phycisphaerae","Phycisphaerales","AKAU3564_sediment_group","AKAU3564_sediment_group","uncultured_bacterium"
"ASV_2914","Miguelito Dike","d__Bacteria","Planctomycetota","Phycisphaerae","Phycisphaerales","AKAU3564_sediment_group","AKAU3564_sediment_group","uncultured_bacterium"
"ASV_5188","Miguelito Dike","d__Bacteria","Planctomycetota","Phycisphaerae","Phycisphaerales","AKAU3564_sediment_group","AKAU3564_sediment_group","uncultured_bacterium"
"ASV_4688","Miguelito Dike","d__Bacteria","Planctomycetota","Phycisphaerae","Phycisphaerales","AKAU3564_sediment_group","AKAU3564_sediment_group","uncultured_bacterium"
"ASV_5927","Miguelito Dike","d__Bacteria","Planctomycetota","Phycisphaerae","Phycisphaerales","AKAU3564_sediment_group","AKAU3564_sediment_group","uncultured_bacterium"
"ASV_5132","Miguelito Dike","d__Bacteria","Planctomycetota","Phycisphaerae","Phycisphaerales","AKAU3564_sediment_group","AKAU3564_sediment_group","uncultured_bacterium"
"ASV_6705","Miguelito Dike","d__Bacteria","Planctomycetota","Phycisphaerae","Phycisphaerales","AKAU3564_sediment_group","AKAU3564_sediment_group","uncultured_bacterium"
"ASV_6830","Miguelito Dike","d__Bacteria","Planctomycetota","Phycisphaerae","Phycisphaerales","AKAU3564_sediment_group","AKAU3564_sediment_group","uncultured_bacterium"
"ASV_6204","Miguelito Dike","d__Bacteria","Planctomycetota","Phycisphaerae","Phycisphaerales","AKAU3564_sediment_group","AKAU3564_sediment_group","uncultured_organism"
"ASV_6433","Miguelito Dike","d__Bacteria","Planctomycetota","Phycisphaerae","MSBL9","SG8-4","SG8-4",NA
"ASV_6158","Miguelito Dike","d__Bacteria","Planctomycetota","Phycisphaerae","CCM11a","CCM11a","CCM11a","uncultured_bacterium"
"ASV_4151","Miguelito Dike","d__Bacteria","Planctomycetota","Phycisphaerae",NA,NA,NA,NA
"ASV_5974","Miguelito Dike","d__Bacteria","Planctomycetota","Pla4_lineage","Pla4_lineage","Pla4_lineage","Pla4_lineage","uncultured_planctomycete"
"ASV_5756","Miguelito Dike","d__Bacteria","Planctomycetota","Pla4_lineage","Pla4_lineage","Pla4_lineage","Pla4_lineage","uncultured_bacterium"
"ASV_2586","Miguelito Dike","d__Bacteria","Planctomycetota",NA,NA,NA,NA,NA
"ASV_6162","Miguelito Dike","d__Bacteria","Planctomycetota",NA,NA,NA,NA,NA
"ASV_1919","Miguelito Dike","d__Bacteria","Planctomycetota","Planctomycetes","Pirellulales","Pirellulaceae","Pir4_lineage","uncultured_bacterium"
"ASV_5723","Miguelito Dike","d__Bacteria","Planctomycetota","Planctomycetes","Pirellulales","Pirellulaceae","Pir1_lineage","uncultured_bacterium"
"ASV_7105","Miguelito Dike","d__Bacteria","Planctomycetota","Planctomycetes","Pirellulales","Pirellulaceae","uncultured",NA
"ASV_5310","Miguelito Dike","d__Bacteria","Planctomycetota","Planctomycetes","Pirellulales","Pirellulaceae","uncultured",NA
"ASV_1920","Miguelito Dike","d__Bacteria","CK-2C2-2","CK-2C2-2","CK-2C2-2","CK-2C2-2","CK-2C2-2","uncultured_bacterium"
"ASV_4820","Miguelito Dike","d__Bacteria","Latescibacterota","Latescibacteria","Latescibacterales","Latescibacteraceae","Candidatus_Latescibacter","uncultured_bacterium"
"ASV_5015","Miguelito Dike","d__Bacteria","Latescibacterota","Latescibacteria","Latescibacterales","Latescibacteraceae","Latescibacteraceae","uncultured_bacterium"
"ASV_6117","Miguelito Dike","d__Bacteria","Poribacteria","Poribacteria","Poribacteria","Poribacteria","Poribacteria","uncultured_Firmicutes"
"ASV_6302","Miguelito Dike","d__Bacteria","Poribacteria","Poribacteria","Poribacteria","Poribacteria","Poribacteria","uncultured_Firmicutes"
"ASV_4984","Miguelito Dike","d__Bacteria","Latescibacterota","Latescibacterota","Latescibacterota","Latescibacterota","Latescibacterota","uncultured_bacterium"
"ASV_5372","Miguelito Dike","d__Bacteria","Latescibacterota","Latescibacterota","Latescibacterota","Latescibacterota","Latescibacterota","Latescibacteria_bacterium"
"ASV_2445","Miguelito Dike","d__Bacteria","Latescibacterota","Latescibacterota","Latescibacterota","Latescibacterota","Latescibacterota","uncultured_Latescibacteria"
"ASV_1232","Miguelito Dike","d__Bacteria","Latescibacterota","Latescibacterota","Latescibacterota","Latescibacterota","Latescibacterota","Latescibacteria_bacterium"
"ASV_1529","Miguelito Dike","d__Bacteria","Latescibacterota","Latescibacterota","Latescibacterota","Latescibacterota","Latescibacterota",NA
"ASV_5068","Miguelito Dike","d__Bacteria","Latescibacterota","Latescibacterota","Latescibacterota","Latescibacterota","Latescibacterota",NA
"ASV_3816","Miguelito Dike","d__Bacteria","Latescibacterota","Latescibacterota","Latescibacterota","Latescibacterota","Latescibacterota",NA
"ASV_2505","Miguelito Dike","d__Bacteria","Latescibacterota","Latescibacterota","Latescibacterota","Latescibacterota","Latescibacterota","uncultured_Latescibacteria"
"ASV_3886","Miguelito Dike","d__Bacteria","Latescibacterota","Latescibacterota","Latescibacterota","Latescibacterota","Latescibacterota","uncultured_Latescibacteria"
"ASV_3845","Miguelito Dike","d__Bacteria","Latescibacterota","Latescibacterota","Latescibacterota","Latescibacterota","Latescibacterota","uncultured_Latescibacteria"
"ASV_4181","Miguelito Dike","d__Bacteria","Latescibacterota","Latescibacterota","Latescibacterota","Latescibacterota","Latescibacterota","uncultured_Latescibacteria"
"ASV_3430","Miguelito Dike","d__Bacteria","Latescibacterota","Latescibacterota","Latescibacterota","Latescibacterota","Latescibacterota",NA
"ASV_5377","Miguelito Dike","d__Bacteria","Latescibacterota","Latescibacterota","Latescibacterota","Latescibacterota","Latescibacterota","uncultured_Latescibacteria"
"ASV_5388","Miguelito Dike","d__Bacteria","Latescibacterota","Latescibacterota","Latescibacterota","Latescibacterota","Latescibacterota","uncultured_bacterium"
"ASV_3868","Miguelito Dike","d__Bacteria","Latescibacterota","Latescibacterota","Latescibacterota","Latescibacterota","Latescibacterota",NA
"ASV_5610","Miguelito Dike","d__Bacteria","Latescibacterota","Latescibacterota","Latescibacterota","Latescibacterota","Latescibacterota","uncultured_Latescibacteria"
"ASV_7109","Miguelito Dike","d__Bacteria","Latescibacterota","Latescibacterota","Latescibacterota","Latescibacterota","Latescibacterota","uncultured_soil"
"ASV_2506","Miguelito Dike","d__Bacteria","Latescibacterota","Latescibacterota","Latescibacterota","Latescibacterota","Latescibacterota","uncultured_bacterium"
"ASV_3634","Miguelito Dike","d__Bacteria","Latescibacterota","Latescibacterota","Latescibacterota","Latescibacterota","Latescibacterota","uncultured_bacterium"
"ASV_5754","Miguelito Dike","d__Bacteria","Latescibacterota","Latescibacterota","Latescibacterota","Latescibacterota","Latescibacterota","uncultured_bacterium"
"ASV_2538","Miguelito Dike","d__Bacteria","Sumerlaeota","Sumerlaeia","Sumerlaeales","Sumerlaeaceae","Sumerlaea","uncultured_organism"
"ASV_2340","Miguelito Dike","d__Bacteria","Sumerlaeota","Sumerlaeia","Sumerlaeales","Sumerlaeaceae","Sumerlaea","uncultured_soil"
"ASV_2195","Miguelito Dike","d__Bacteria","Sumerlaeota","Sumerlaeia","Sumerlaeales","Sumerlaeaceae","Sumerlaea",NA
"ASV_3435","Miguelito Dike","d__Bacteria","Sumerlaeota","Sumerlaeia","Sumerlaeales","Sumerlaeaceae","Sumerlaea","uncultured_bacterium"
"ASV_5907","Miguelito Dike","d__Bacteria","Sumerlaeota","Sumerlaeia","Sumerlaeales","Sumerlaeaceae","Sumerlaea","uncultured_bacterium"
"ASV_5989","Miguelito Dike","d__Bacteria","Sumerlaeota","Sumerlaeia","Sumerlaeales","Sumerlaeaceae","Sumerlaea",NA
"ASV_6589","Miguelito Dike","d__Bacteria","Sumerlaeota","Sumerlaeia","Sumerlaeales","Sumerlaeaceae","Sumerlaea","uncultured_organism"
"ASV_5095","Miguelito Dike","d__Bacteria","Sumerlaeota","Sumerlaeia","uncultured","uncultured","uncultured","uncultured_organism"
"ASV_5434","Miguelito Dike","d__Bacteria","Sumerlaeota","Sumerlaeia","uncultured","uncultured","uncultured",NA
"ASV_6823","Miguelito Dike","d__Bacteria","Latescibacterota","Latescibacterota","Latescibacterota","Latescibacterota","Latescibacterota","uncultured_bacterium"
"ASV_6583","Miguelito Dike","d__Bacteria","Verrucomicrobiota","Verrucomicrobiae","Pedosphaerales","Pedosphaeraceae","DEV114","uncultured_verrucomicrobium"
"ASV_6585","Miguelito Dike","d__Bacteria","Verrucomicrobiota","Verrucomicrobiae","Pedosphaerales","Pedosphaeraceae","Pedosphaeraceae","uncultured_bacterium"
"ASV_1013","Miguelito Dike","d__Bacteria","Verrucomicrobiota","Verrucomicrobiae","Pedosphaerales","Pedosphaeraceae","Ellin516","uncultured_bacterium"
"ASV_572","Miguelito Dike","d__Bacteria","Verrucomicrobiota","Verrucomicrobiae","Pedosphaerales","Pedosphaeraceae","Ellin516","uncultured_bacterium"
"ASV_3778","Miguelito Dike","d__Bacteria","Verrucomicrobiota","Verrucomicrobiae","Pedosphaerales","Pedosphaeraceae","Ellin516","uncultured_bacterium"
"ASV_4330","Miguelito Dike","d__Bacteria","Verrucomicrobiota","Verrucomicrobiae","Pedosphaerales","Pedosphaeraceae","ADurb.Bin063-1",NA
"ASV_4431","Miguelito Dike","d__Bacteria","Verrucomicrobiota","Verrucomicrobiae","Pedosphaerales","Pedosphaeraceae",NA,NA
"ASV_5865","Miguelito Dike","d__Bacteria","Verrucomicrobiota","Verrucomicrobiae","Pedosphaerales","Pedosphaeraceae","Pedosphaeraceae","uncultured_bacterium"
"ASV_6547","Miguelito Dike","d__Bacteria","Verrucomicrobiota","Verrucomicrobiae","S-BQ2-57_soil_group","S-BQ2-57_soil_group","S-BQ2-57_soil_group",NA
"ASV_2547","Miguelito Dike","d__Bacteria","Verrucomicrobiota","Verrucomicrobiae","Opitutales","Opitutaceae","Lacunisphaera",NA
"ASV_1637","Miguelito Dike","d__Bacteria","Verrucomicrobiota","Chlamydiae","LD1-PA32","LD1-PA32","LD1-PA32","uncultured_bacterium"
"ASV_2411","Miguelito Dike","d__Bacteria","Verrucomicrobiota","Chlamydiae","LD1-PA32","LD1-PA32","LD1-PA32","uncultured_bacterium"
"ASV_6616","Miguelito Dike","d__Bacteria","Verrucomicrobiota","Chlamydiae","LD1-PA32","LD1-PA32","LD1-PA32","uncultured_bacterium"
"ASV_4319","Miguelito Dike","d__Bacteria","Verrucomicrobiota","Chlamydiae","LD1-PA32","LD1-PA32","LD1-PA32","uncultured_bacterium"
"ASV_4049","Miguelito Dike","d__Bacteria","Patescibacteria","Parcubacteria",NA,NA,NA,NA
"ASV_5167","Miguelito Dike","d__Bacteria","Patescibacteria","Parcubacteria","Parcubacteria","Parcubacteria","Parcubacteria","uncultured_bacterium"
"ASV_6987","Miguelito Dike","d__Bacteria","Patescibacteria","Parcubacteria","UBA9983","UBA9983","UBA9983",NA
"ASV_1642","Miguelito Dike","d__Bacteria","Patescibacteria","Parcubacteria","Paceibacterales","Paceibacteraceae","Candidatus_Paceibacter","Candidatus_Paceibacter"
"ASV_6641","Miguelito Dike","d__Bacteria","Patescibacteria","Parcubacteria",NA,NA,NA,NA
"ASV_1989","Miguelito Dike","d__Bacteria","Patescibacteria","ABY1","Candidatus_Magasanikbacteria","Candidatus_Magasanikbacteria","Candidatus_Magasanikbacteria","Candidatus_Falkowbacteria"
"ASV_5788","Miguelito Dike","d__Bacteria","Patescibacteria","ABY1","Candidatus_Uhrbacteria","Candidatus_Uhrbacteria","Candidatus_Uhrbacteria","Candidatus_Uhrbacteria"
"ASV_6666","Miguelito Dike","d__Bacteria","Verrucomicrobiota","Omnitrophia","Omnitrophales","Omnitrophaceae","Candidatus_Omnitrophus","uncultured_bacterium"
"ASV_262","Miguelito Dike","d__Bacteria","Acidobacteriota","Aminicenantia","Aminicenantales","Aminicenantales","Aminicenantales",NA
"ASV_95","Miguelito Dike","d__Bacteria","Acidobacteriota","Aminicenantia","Aminicenantales","Aminicenantales","Aminicenantales",NA
"ASV_301","Miguelito Dike","d__Bacteria","Acidobacteriota","Aminicenantia","Aminicenantales","Aminicenantales","Aminicenantales","uncultured_bacterium"
"ASV_323","Miguelito Dike","d__Bacteria","Acidobacteriota","Aminicenantia","Aminicenantales","Aminicenantales","Aminicenantales","uncultured_bacterium"
"ASV_263","Miguelito Dike","d__Bacteria","Acidobacteriota","Aminicenantia","Aminicenantales","Aminicenantales","Aminicenantales","uncultured_bacterium"
"ASV_181","Miguelito Dike","d__Bacteria","Acidobacteriota","Aminicenantia","Aminicenantales","Aminicenantales","Aminicenantales","uncultured_bacterium"
"ASV_1997","Miguelito Dike","d__Bacteria","Acidobacteriota","Aminicenantia","Aminicenantales","Aminicenantales","Aminicenantales",NA
"ASV_1105","Miguelito Dike","d__Bacteria","Acidobacteriota","Aminicenantia","Aminicenantales","Aminicenantales","Aminicenantales","uncultured_bacterium"
"ASV_2509","Miguelito Dike","d__Bacteria","Acidobacteriota","Aminicenantia","Aminicenantales","Aminicenantales","Aminicenantales","uncultured_bacterium"
"ASV_2834","Miguelito Dike","d__Bacteria","Acidobacteriota","Aminicenantia","Aminicenantales","Aminicenantales","Aminicenantales","uncultured_bacterium"
"ASV_4335","Miguelito Dike","d__Bacteria","Acidobacteriota","Aminicenantia","Aminicenantales","Aminicenantales","Aminicenantales","uncultured_bacterium"
"ASV_3840","Miguelito Dike","d__Bacteria","Acidobacteriota","Aminicenantia","Aminicenantales","Aminicenantales","Aminicenantales","uncultured_bacterium"
"ASV_1469","Miguelito Dike","d__Bacteria","Acidobacteriota","Aminicenantia","Aminicenantales","Aminicenantales","Aminicenantales","uncultured_Aminicenantes"
"ASV_1417","Miguelito Dike","d__Bacteria","Acidobacteriota","Aminicenantia","Aminicenantales","Aminicenantales","Aminicenantales","uncultured_Aminicenantes"
"ASV_3916","Miguelito Dike","d__Bacteria","Acidobacteriota","Aminicenantia","Aminicenantales","Aminicenantales","Aminicenantales","uncultured_Aminicenantes"
"ASV_467","Miguelito Dike","d__Bacteria","Acidobacteriota","Aminicenantia","Aminicenantales","Aminicenantales","Aminicenantales","uncultured_Aminicenantes"
"ASV_3644","Miguelito Dike","d__Bacteria","Acidobacteriota","Aminicenantia","Aminicenantales","Aminicenantales","Aminicenantales","uncultured_Aminicenantes"
"ASV_5309","Miguelito Dike","d__Bacteria","Acidobacteriota","Aminicenantia","Aminicenantales","Aminicenantales","Aminicenantales","uncultured_Aminicenantes"
"ASV_1273","Miguelito Dike","d__Bacteria","Acidobacteriota","Aminicenantia","Aminicenantales","Aminicenantales","Aminicenantales","metagenome"
"ASV_5489","Miguelito Dike","d__Bacteria","Acidobacteriota","Aminicenantia","Aminicenantales","Aminicenantales","Aminicenantales","uncultured_Aminicenantes"
"ASV_4584","Miguelito Dike","d__Bacteria","Acidobacteriota","Aminicenantia","Aminicenantales","Aminicenantales","Aminicenantales","uncultured_bacterium"
"ASV_7081","Miguelito Dike","d__Bacteria","Acidobacteriota","Aminicenantia","Aminicenantales","Aminicenantales","Aminicenantales","uncultured_Aminicenantes"
"ASV_1964","Miguelito Dike","d__Bacteria","Acidobacteriota","Aminicenantia","Aminicenantales","Aminicenantales","Aminicenantales",NA
"ASV_1057","Miguelito Dike","d__Bacteria","Acidobacteriota","Aminicenantia","Aminicenantales","Aminicenantales","Aminicenantales","uncultured_bacterium"
"ASV_492","Miguelito Dike","d__Bacteria","Acidobacteriota","Aminicenantia","Aminicenantales","Aminicenantales","Aminicenantales","uncultured_Aminicenantes"
"ASV_4522","Miguelito Dike","d__Bacteria","Acidobacteriota","Aminicenantia","Aminicenantales","Aminicenantales","Aminicenantales","uncultured_bacterium"
"ASV_2396","Miguelito Dike","d__Bacteria","Acidobacteriota","Aminicenantia","Aminicenantales","Aminicenantales","Aminicenantales","uncultured_bacterium"
"ASV_2741","Miguelito Dike","d__Bacteria","Acidobacteriota","Aminicenantia","Aminicenantales","Aminicenantales","Aminicenantales","uncultured_Aminicenantes"
"ASV_5117","Miguelito Dike","d__Bacteria","Methylomirabilota","Methylomirabilia","Methylomirabilales","Methylomirabilaceae","Sh765B-TzT-35","uncultured_bacterium"
"ASV_1027","Miguelito Dike","d__Bacteria","Acidobacteriota","ODP1230B23.02","ODP1230B23.02","ODP1230B23.02","ODP1230B23.02","uncultured_bacterium"
"ASV_4598","Miguelito Dike","d__Bacteria","Acidobacteriota","Subgroup_22","Subgroup_22","Subgroup_22","Subgroup_22","uncultured_bacterium"
"ASV_1143","Miguelito Dike","d__Bacteria","Gemmatimonadota","MD2902-B12","MD2902-B12","MD2902-B12","MD2902-B12","uncultured_organism"
"ASV_5164","Miguelito Dike","d__Bacteria","Actinobacteriota","RBG-16-55-12","RBG-16-55-12","RBG-16-55-12","RBG-16-55-12","uncultured_bacterium"
"ASV_3582","Miguelito Dike","d__Bacteria","Schekmanbacteria","Schekmanbacteria","Schekmanbacteria","Schekmanbacteria","Schekmanbacteria","uncultured_bacterium"
"ASV_1207","Miguelito Dike","d__Bacteria","Armatimonadota","DG-56","DG-56","DG-56","DG-56","uncultured_bacterium"
"ASV_6434","Miguelito Dike","d__Bacteria","Armatimonadota",NA,NA,NA,NA,NA
"ASV_5854","Miguelito Dike","d__Bacteria","Armatimonadota","DG-56","DG-56","DG-56","DG-56","uncultured_bacterium"
"ASV_4356","Miguelito Dike","d__Bacteria","Armatimonadota","DG-56","DG-56","DG-56","DG-56","uncultured_bacterium"
"ASV_2251","Miguelito Dike","d__Bacteria","Armatimonadota","DG-56","DG-56","DG-56","DG-56","uncultured_bacterium"
"ASV_6617","Miguelito Dike","d__Bacteria","Armatimonadota","DG-56","DG-56","DG-56","DG-56","uncultured_bacterium"
"ASV_6708","Miguelito Dike","d__Bacteria","Armatimonadota","DG-56","DG-56","DG-56","DG-56","uncultured_bacterium"
"ASV_3175","Miguelito Dike","d__Bacteria","Armatimonadota","DG-56","DG-56","DG-56","DG-56","uncultured_bacterium"
"ASV_3744","Miguelito Dike","d__Bacteria","Armatimonadota","DG-56","DG-56","DG-56","DG-56","uncultured_bacterium"
"ASV_3536","Miguelito Dike","d__Bacteria","Armatimonadota","DG-56","DG-56","DG-56","DG-56","uncultured_bacterium"
"ASV_2540","Miguelito Dike","d__Bacteria","Armatimonadota","DG-56","DG-56","DG-56","DG-56","uncultured_bacterium"
"ASV_6505","Miguelito Dike","d__Bacteria","Armatimonadota","DG-56","DG-56","DG-56","DG-56","uncultured_bacterium"
"ASV_6805","Miguelito Dike","d__Bacteria","Armatimonadota","DG-56","DG-56","DG-56","DG-56","uncultured_bacterium"
"ASV_6050","Miguelito Dike","d__Bacteria","Verrucomicrobiota","Omnitrophia","Omnitrophales","Omnitrophaceae","Candidatus_Omnitrophus","uncultured_bacterium"
"ASV_426","Miguelito Dike","d__Bacteria","Proteobacteria","Gammaproteobacteria","Aeromonadales","Aeromonadaceae","Aeromonas",NA
"ASV_257","Miguelito Dike","d__Bacteria","Proteobacteria","Gammaproteobacteria","Aeromonadales","Aeromonadaceae","Aeromonas",NA
"ASV_1190","Miguelito Dike","d__Bacteria","Proteobacteria","Gammaproteobacteria","Aeromonadales","Aeromonadaceae","Aeromonas",NA
"ASV_3769","Miguelito Dike","d__Bacteria","Proteobacteria","Gammaproteobacteria","Aeromonadales","Aeromonadaceae","Aeromonas",NA
"ASV_6127","Miguelito Dike","d__Bacteria","Proteobacteria","Gammaproteobacteria","KI89A_clade","KI89A_clade","KI89A_clade",NA
"ASV_310","Miguelito Dike","d__Bacteria","Proteobacteria","Gammaproteobacteria","Alteromonadales","Alteromonadaceae","Rheinheimera",NA
"ASV_6015","Miguelito Dike","d__Bacteria","Proteobacteria","Gammaproteobacteria","PLTA13","PLTA13","PLTA13","uncultured_bacterium"
"ASV_6946","Miguelito Dike","d__Bacteria","Proteobacteria","Gammaproteobacteria","Steroidobacterales","Steroidobacteraceae","uncultured",NA
"ASV_4143","Miguelito Dike","d__Bacteria","Proteobacteria","Gammaproteobacteria","Steroidobacterales","Steroidobacteraceae","uncultured",NA
"ASV_2887","Miguelito Dike","d__Bacteria","Proteobacteria","Gammaproteobacteria","Steroidobacterales","Steroidobacteraceae","uncultured",NA
"ASV_6148","Miguelito Dike","d__Bacteria","Proteobacteria","Gammaproteobacteria","Gammaproteobacteria_Incertae_Sedis","Unknown_Family","uncultured","uncultured_bacterium"
"ASV_4935","Miguelito Dike","d__Bacteria","Proteobacteria","Gammaproteobacteria","Burkholderiales","Hydrogenophilaceae","uncultured","uncultured_beta"
"ASV_6010","Miguelito Dike","d__Bacteria","Proteobacteria","Gammaproteobacteria","Burkholderiales","Hydrogenophilaceae","uncultured",NA
"ASV_1249","Miguelito Dike","d__Bacteria","Proteobacteria","Gammaproteobacteria","Burkholderiales","Chromobacteriaceae","Crenobacter",NA
"ASV_1711","Miguelito Dike","d__Bacteria","Proteobacteria","Gammaproteobacteria","Burkholderiales","Oxalobacteraceae","Massilia",NA
"ASV_4076","Miguelito Dike","d__Bacteria","Proteobacteria","Gammaproteobacteria","Burkholderiales","Nitrosomonadaceae","Ellin6067",NA
"ASV_6354","Miguelito Dike","d__Bacteria","Proteobacteria","Gammaproteobacteria","Burkholderiales","SC-I-84","SC-I-84",NA
"ASV_5997","Miguelito Dike","d__Bacteria","Gemmatimonadota","BD2-11_terrestrial_group","BD2-11_terrestrial_group","BD2-11_terrestrial_group","BD2-11_terrestrial_group","unidentified_bacterium"
"ASV_4103","Miguelito Dike","d__Bacteria","CK-2C2-2","CK-2C2-2","CK-2C2-2","CK-2C2-2","CK-2C2-2","uncultured_delta"
"ASV_3859","Miguelito Dike","d__Bacteria","uncultured","uncultured","uncultured","uncultured","uncultured","uncultured_bacterium"
"ASV_6448","Miguelito Dike","d__Bacteria","Verrucomicrobiota","Omnitrophia","Omnitrophales","Omnitrophaceae","Candidatus_Omnitrophus","uncultured_bacterium"
"ASV_1342","Miguelito Dike","d__Bacteria","Sva0485","Sva0485","Sva0485","Sva0485","Sva0485","uncultured_Spirochaetales"
"ASV_2621","Miguelito Dike","d__Bacteria","Sva0485","Sva0485","Sva0485","Sva0485","Sva0485","uncultured_Spirochaetales"
"ASV_5410","Miguelito Dike","d__Bacteria","Sva0485","Sva0485","Sva0485","Sva0485","Sva0485","uncultured_Spirochaetales"
"ASV_848","Miguelito Dike","d__Bacteria","Sva0485","Sva0485","Sva0485","Sva0485","Sva0485","uncultured_Spirochaetales"
"ASV_688","Miguelito Dike","d__Bacteria","Sva0485","Sva0485","Sva0485","Sva0485","Sva0485","uncultured_Spirochaetales"
"ASV_267","Miguelito Dike","d__Bacteria","Sva0485","Sva0485","Sva0485","Sva0485","Sva0485","uncultured_Spirochaetales"
"ASV_3895","Miguelito Dike","d__Bacteria","Sva0485","Sva0485","Sva0485","Sva0485","Sva0485","uncultured_Spirochaetales"
"ASV_4347","Miguelito Dike","d__Bacteria","Sva0485","Sva0485","Sva0485","Sva0485","Sva0485",NA
"ASV_1946","Miguelito Dike","d__Bacteria","Sva0485","Sva0485","Sva0485","Sva0485","Sva0485","uncultured_Spirochaetales"
"ASV_869","Miguelito Dike","d__Bacteria","Sva0485","Sva0485","Sva0485","Sva0485","Sva0485","uncultured_Spirochaetales"
"ASV_3856","Miguelito Dike","d__Bacteria","Sva0485","Sva0485","Sva0485","Sva0485","Sva0485","uncultured_Spirochaetales"
"ASV_1822","Miguelito Dike","d__Bacteria","Sva0485","Sva0485","Sva0485","Sva0485","Sva0485","uncultured_Spirochaetales"
"ASV_639","Miguelito Dike","d__Bacteria","Sva0485","Sva0485","Sva0485","Sva0485","Sva0485","uncultured_Spirochaetales"
"ASV_4689","Miguelito Dike","d__Bacteria","Sva0485","Sva0485","Sva0485","Sva0485","Sva0485",NA
"ASV_7078","Miguelito Dike","d__Bacteria","Sva0485","Sva0485","Sva0485","Sva0485","Sva0485",NA
"ASV_2714","Miguelito Dike","d__Bacteria","Sva0485","Sva0485","Sva0485","Sva0485","Sva0485","uncultured_delta"
"ASV_636","Miguelito Dike","d__Bacteria","Sva0485","Sva0485","Sva0485","Sva0485","Sva0485","uncultured_delta"
"ASV_3215","Miguelito Dike","d__Bacteria","Sva0485","Sva0485","Sva0485","Sva0485","Sva0485","uncultured_delta"
"ASV_3624","Miguelito Dike","d__Bacteria","Sva0485","Sva0485","Sva0485","Sva0485","Sva0485","uncultured_delta"
"ASV_827","Miguelito Dike","d__Bacteria","Sva0485","Sva0485","Sva0485","Sva0485","Sva0485","uncultured_delta"
"ASV_1104","Miguelito Dike","d__Bacteria","Sva0485","Sva0485","Sva0485","Sva0485","Sva0485",NA
"ASV_4224","Miguelito Dike","d__Bacteria","Sva0485","Sva0485","Sva0485","Sva0485","Sva0485","uncultured_delta"
"ASV_2682","Miguelito Dike","d__Bacteria","Sva0485","Sva0485","Sva0485","Sva0485","Sva0485","uncultured_delta"
"ASV_2343","Miguelito Dike","d__Bacteria","Sva0485","Sva0485","Sva0485","Sva0485","Sva0485","uncultured_delta"
"ASV_5412","Miguelito Dike","d__Bacteria","Sva0485","Sva0485","Sva0485","Sva0485","Sva0485","uncultured_delta"
"ASV_6090","Miguelito Dike","d__Bacteria","Sva0485","Sva0485","Sva0485","Sva0485","Sva0485","uncultured_delta"
"ASV_2907","Miguelito Dike","d__Bacteria","Sva0485","Sva0485","Sva0485","Sva0485","Sva0485","uncultured_delta"
"ASV_6899","Miguelito Dike","d__Bacteria","Sva0485","Sva0485","Sva0485","Sva0485","Sva0485",NA
"ASV_1420","Miguelito Dike","d__Bacteria","Sva0485","Sva0485","Sva0485","Sva0485","Sva0485","uncultured_delta"
"ASV_6611","Miguelito Dike","d__Bacteria","Sva0485","Sva0485","Sva0485","Sva0485","Sva0485",NA
"ASV_5721","Miguelito Dike","d__Bacteria","Sva0485","Sva0485","Sva0485","Sva0485","Sva0485",NA
"ASV_1290","Miguelito Dike","d__Bacteria","Sva0485","Sva0485","Sva0485","Sva0485","Sva0485","uncultured_delta"
"ASV_2791","Miguelito Dike","d__Bacteria","Sva0485","Sva0485","Sva0485","Sva0485","Sva0485","uncultured_delta"
"ASV_4336","Miguelito Dike","d__Bacteria","Sva0485","Sva0485","Sva0485","Sva0485","Sva0485","uncultured_delta"
"ASV_3123","Miguelito Dike","d__Bacteria","Sva0485","Sva0485","Sva0485","Sva0485","Sva0485","uncultured_delta"
"ASV_5376","Miguelito Dike","d__Bacteria","Sva0485","Sva0485","Sva0485","Sva0485","Sva0485","uncultured_delta"
"ASV_6452","Miguelito Dike","d__Bacteria","Sva0485","Sva0485","Sva0485","Sva0485","Sva0485","uncultured_delta"
"ASV_4010","Miguelito Dike","d__Bacteria","Sva0485","Sva0485","Sva0485","Sva0485","Sva0485","uncultured_delta"
"ASV_4725","Miguelito Dike","d__Bacteria","Sva0485","Sva0485","Sva0485","Sva0485","Sva0485","uncultured_delta"
"ASV_6684","Miguelito Dike","d__Bacteria","Sva0485","Sva0485","Sva0485","Sva0485","Sva0485","uncultured_delta"
"ASV_5667","Miguelito Dike","d__Bacteria","Sva0485","Sva0485","Sva0485","Sva0485","Sva0485","uncultured_delta"
"ASV_4499","Miguelito Dike","d__Bacteria","Sva0485","Sva0485","Sva0485","Sva0485","Sva0485","uncultured_delta"
"ASV_4769","Miguelito Dike","d__Bacteria","Sva0485","Sva0485","Sva0485","Sva0485","Sva0485","uncultured_delta"
"ASV_6657","Miguelito Dike","d__Bacteria","Sva0485","Sva0485","Sva0485","Sva0485","Sva0485","uncultured_delta"
"ASV_1524","Miguelito Dike","d__Bacteria","Sva0485","Sva0485","Sva0485","Sva0485","Sva0485","uncultured_delta"
"ASV_3063","Miguelito Dike","d__Bacteria","Sva0485","Sva0485","Sva0485","Sva0485","Sva0485","uncultured_delta"
"ASV_6928","Miguelito Dike","d__Bacteria","Sva0485","Sva0485","Sva0485","Sva0485","Sva0485","uncultured_delta"
"ASV_4058","Miguelito Dike","d__Bacteria","Sva0485","Sva0485","Sva0485","Sva0485","Sva0485","uncultured_delta"
"ASV_2805","Miguelito Dike","d__Bacteria","Sva0485","Sva0485","Sva0485","Sva0485","Sva0485","uncultured_delta"
"ASV_237","Miguelito Dike","d__Bacteria","Sva0485","Sva0485","Sva0485","Sva0485","Sva0485","uncultured_delta"
"ASV_783","Miguelito Dike","d__Bacteria","Sva0485","Sva0485","Sva0485","Sva0485","Sva0485","uncultured_delta"
"ASV_724","Miguelito Dike","d__Bacteria","Sva0485","Sva0485","Sva0485","Sva0485","Sva0485","uncultured_delta"
"ASV_3724","Miguelito Dike","d__Bacteria","Sva0485","Sva0485","Sva0485","Sva0485","Sva0485","uncultured_delta"
"ASV_2579","Miguelito Dike","d__Bacteria","Sva0485","Sva0485","Sva0485","Sva0485","Sva0485","uncultured_delta"
"ASV_1771","Miguelito Dike","d__Bacteria","Sva0485","Sva0485","Sva0485","Sva0485","Sva0485","uncultured_delta"
"ASV_3571","Miguelito Dike","d__Bacteria","Sva0485","Sva0485","Sva0485","Sva0485","Sva0485","uncultured_delta"
"ASV_4858","Miguelito Dike","d__Bacteria","Sva0485","Sva0485","Sva0485","Sva0485","Sva0485","uncultured_delta"
"ASV_1744","Miguelito Dike","d__Bacteria","Sva0485","Sva0485","Sva0485","Sva0485","Sva0485","uncultured_delta"
"ASV_2669","Miguelito Dike","d__Bacteria","Sva0485","Sva0485","Sva0485","Sva0485","Sva0485","uncultured_delta"
"ASV_2142","Miguelito Dike","d__Bacteria","Desulfobacterota","Desulfobacteria","Desulfatiglandales","Desulfatiglandaceae","Desulfatiglans",NA
"ASV_207","Miguelito Dike","d__Bacteria","Desulfobacterota","Desulfobacteria","Desulfatiglandales","Desulfatiglandaceae","Desulfatiglans","uncultured_bacterium"
"ASV_5435","Miguelito Dike","d__Bacteria","Desulfobacterota","Desulfobacteria","Desulfatiglandales","Desulfatiglandaceae","Desulfatiglans","uncultured_bacterium"
"ASV_6537","Miguelito Dike","d__Bacteria","Desulfobacterota","Desulfobacteria","Desulfatiglandales","Desulfatiglandaceae","Desulfatiglans","uncultured_bacterium"
"ASV_1842","Miguelito Dike","d__Bacteria","Desulfobacterota","Desulfobacteria","Desulfatiglandales","Desulfatiglandaceae","Desulfatiglans","uncultured_bacterium"
"ASV_3999","Miguelito Dike","d__Bacteria","Desulfobacterota","Desulfobacteria","Desulfatiglandales","Desulfatiglandaceae","Desulfatiglans",NA
"ASV_2067","Miguelito Dike","d__Bacteria","Desulfobacterota","Desulfobacteria","Desulfatiglandales","Desulfatiglandaceae","Desulfatiglans",NA
"ASV_1142","Miguelito Dike","d__Bacteria","Desulfobacterota","Desulfobacteria","Desulfatiglandales","Desulfatiglandaceae","Desulfatiglans","uncultured_delta"
"ASV_2216","Miguelito Dike","d__Bacteria","Desulfobacterota","Desulfobacteria","Desulfatiglandales","Desulfatiglandaceae","Desulfatiglans","uncultured_delta"
"ASV_3353","Miguelito Dike","d__Bacteria","Desulfobacterota","Desulfobacteria","Desulfatiglandales","Desulfatiglandaceae","Desulfatiglans","uncultured_delta"
"ASV_3244","Miguelito Dike","d__Bacteria","Desulfobacterota","Desulfobacteria","Desulfatiglandales","Desulfatiglandaceae","Desulfatiglans",NA
"ASV_1522","Miguelito Dike","d__Bacteria","Desulfobacterota","Desulfobacteria","Desulfatiglandales","Desulfatiglandaceae","Desulfatiglans",NA
"ASV_4247","Miguelito Dike","d__Bacteria","Desulfobacterota","Desulfobacteria","Desulfatiglandales","Desulfatiglandaceae","Desulfatiglans",NA
"ASV_3599","Miguelito Dike","d__Bacteria","Desulfobacterota","Desulfobacteria","Desulfobacterales","Desulfosarcinaceae","Sva0081_sediment_group",NA
"ASV_6314","Miguelito Dike","d__Bacteria","Desulfobacterota","Desulfobacteria","Desulfobacterales","Desulfosarcinaceae",NA,NA
"ASV_6630","Miguelito Dike","d__Bacteria","Desulfobacterota","Desulfobacteria","Desulfobacterales","Desulfosarcinaceae","uncultured","uncultured_bacterium"
"ASV_6774","Miguelito Dike","d__Bacteria","Desulfobacterota","Desulfobacteria","Desulfobacterales","Desulfosarcinaceae","uncultured",NA
"ASV_4821","Miguelito Dike","d__Bacteria","Desulfobacterota","Desulfobacteria","Desulfobacterales","Desulfosarcinaceae","SEEP-SRB1",NA
"ASV_5003","Miguelito Dike","d__Bacteria","Desulfobacterota","uncultured","uncultured","uncultured","uncultured","uncultured_bacterium"
"ASV_3431","Miguelito Dike","d__Bacteria","Desulfobacterota","Desulfobaccia","Desulfobaccales","Desulfobaccaceae","Desulfobacca","uncultured_delta"
"ASV_3870","Miguelito Dike","d__Bacteria","Desulfobacterota","Desulfobaccia","Desulfobaccales","Desulfobaccaceae","Desulfobacca","uncultured_delta"
"ASV_635","Miguelito Dike","d__Bacteria","Desulfobacterota","Desulfobaccia","Desulfobaccales","Desulfobaccaceae","Desulfobacca","uncultured_delta"
"ASV_2175","Miguelito Dike","d__Bacteria","Desulfobacterota","Desulfobaccia","Desulfobaccales","Desulfobaccaceae","Desulfobacca","uncultured_delta"
"ASV_3585","Miguelito Dike","d__Bacteria","Desulfobacterota","Desulfobaccia","Desulfobaccales","Desulfobaccaceae","Desulfobacca","uncultured_delta"
"ASV_5146","Miguelito Dike","d__Bacteria","Desulfobacterota","Desulfobaccia","Desulfobaccales","Desulfobaccaceae","Desulfobacca","uncultured_delta"
"ASV_5473","Miguelito Dike","d__Bacteria","Desulfobacterota","Desulfobaccia","Desulfobaccales","Desulfobaccaceae","Desulfobacca","uncultured_delta"
"ASV_2968","Miguelito Dike","d__Bacteria","Desulfobacterota","Desulfobaccia","Desulfobaccales","Desulfobaccaceae","Desulfobacca","uncultured_delta"
"ASV_4426","Miguelito Dike","d__Bacteria","Desulfobacterota","Desulfobaccia","Desulfobaccales","Desulfobaccaceae","Desulfobacca","uncultured_delta"
"ASV_6007","Miguelito Dike","d__Bacteria","Desulfobacterota","Desulfobaccia","Desulfobaccales","Desulfobaccaceae","Desulfobacca","uncultured_delta"
"ASV_835","Miguelito Dike","d__Bacteria","Desulfobacterota","Desulfobaccia","Desulfobaccales","Desulfobaccaceae","Desulfobacca","uncultured_delta"
"ASV_6481","Miguelito Dike","d__Bacteria","Desulfobacterota","Desulfobaccia","Desulfobaccales","Desulfobaccaceae","Desulfobacca","uncultured_delta"
"ASV_1679","Miguelito Dike","d__Bacteria","Desulfobacterota","Desulfobaccia","Desulfobaccales","Desulfobaccaceae","Desulfobacca","uncultured_delta"
"ASV_5765","Miguelito Dike","d__Bacteria","Desulfobacterota","Desulfobaccia","Desulfobaccales","Desulfobaccaceae","Desulfobacca","uncultured_delta"
"ASV_804","Miguelito Dike","d__Bacteria","Desulfobacterota","Desulfobaccia","Desulfobaccales","Desulfobaccaceae","Desulfobacca","uncultured_delta"
"ASV_6242","Miguelito Dike","d__Bacteria","Desulfobacterota","Desulfobaccia","Desulfobaccales","Desulfobaccaceae","Desulfobacca","uncultured_delta"
"ASV_3942","Miguelito Dike","d__Bacteria","Desulfobacterota","Desulfobaccia","Desulfobaccales","Desulfobaccaceae","Desulfobacca","uncultured_delta"
"ASV_4655","Miguelito Dike","d__Bacteria","Desulfobacterota","Desulfobaccia","Desulfobaccales","Desulfobaccaceae","Desulfobacca","uncultured_delta"
"ASV_3424","Miguelito Dike","d__Bacteria","Desulfobacterota","Desulfobaccia","Desulfobaccales","Desulfobaccaceae","Desulfobacca","uncultured_delta"
"ASV_3950","Miguelito Dike","d__Bacteria","Desulfobacterota","Desulfobaccia","Desulfobaccales","Desulfobaccaceae","Desulfobacca","uncultured_delta"
"ASV_3381","Miguelito Dike","d__Bacteria","Desulfobacterota","Desulfobaccia","Desulfobaccales","Desulfobaccaceae","Desulfobacca","uncultured_delta"
"ASV_4248","Miguelito Dike","d__Bacteria","Desulfobacterota","Desulfobaccia","Desulfobaccales","Desulfobaccaceae","Desulfobacca","uncultured_delta"
"ASV_987","Miguelito Dike","d__Bacteria","Desulfobacterota","Desulfobaccia","Desulfobaccales","Desulfobaccaceae","Desulfobacca","uncultured_delta"
"ASV_6167","Miguelito Dike","d__Bacteria","Desulfobacterota","Desulfobaccia","Desulfobaccales","Desulfobaccaceae","Desulfobacca","uncultured_delta"
"ASV_2806","Miguelito Dike","d__Bacteria","Desulfobacterota","Desulfobaccia","Desulfobaccales","Desulfobaccaceae","Desulfobacca","uncultured_delta"
"ASV_870","Miguelito Dike","d__Bacteria","Desulfobacterota","Desulfobaccia","Desulfobaccales","Desulfobaccaceae","Desulfobacca","uncultured_delta"
"ASV_5189","Miguelito Dike","d__Bacteria","Desulfobacterota","Desulfobaccia","Desulfobaccales","Desulfobaccaceae","Desulfobacca","uncultured_delta"
"ASV_6534","Miguelito Dike","d__Bacteria","Desulfobacterota","Desulfobaccia","Desulfobaccales","Desulfobaccaceae","Desulfobacca","uncultured_delta"
"ASV_2796","Miguelito Dike","d__Bacteria","Desulfobacterota","Desulfobaccia","Desulfobaccales","Desulfobaccaceae","Desulfobacca","uncultured_delta"
"ASV_1578","Miguelito Dike","d__Bacteria","Desulfobacterota","Desulfobaccia","Desulfobaccales","Desulfobaccaceae","Desulfobacca","uncultured_delta"
"ASV_4766","Miguelito Dike","d__Bacteria","Desulfobacterota","Desulfobaccia","Desulfobaccales","Desulfobaccaceae","Desulfobacca","uncultured_bacterium"
"ASV_2548","Miguelito Dike","d__Bacteria","Desulfobacterota","Desulfobaccia","Desulfobaccales","Desulfobaccaceae","Desulfobacca","uncultured_bacterium"
"ASV_5226","Miguelito Dike","d__Bacteria","Desulfobacterota","Desulfobaccia","Desulfobaccales","Desulfobaccaceae","Desulfobacca",NA
"ASV_1412","Miguelito Dike","d__Bacteria","Desulfobacterota","Desulfobaccia","Desulfobaccales","Desulfobaccaceae","Desulfobacca",NA
"ASV_2463","Miguelito Dike","d__Bacteria","Desulfobacterota","Desulfobaccia","Desulfobaccales","Desulfobaccaceae","Desulfobacca",NA
"ASV_5601","Miguelito Dike","d__Bacteria","Desulfobacterota","Desulfobaccia","Desulfobaccales","Desulfobaccaceae","Desulfobacca","uncultured_delta"
"ASV_4955","Miguelito Dike","d__Bacteria","Desulfobacterota","Desulfobaccia","Desulfobaccales","Desulfobaccaceae","Desulfobacca","uncultured_bacterium"
"ASV_5806","Miguelito Dike","d__Bacteria","Desulfobacterota","Desulfobaccia","Desulfobaccales","Desulfobaccaceae","Desulfobacca","uncultured_bacterium"
"ASV_3415","Miguelito Dike","d__Bacteria","Desulfobacterota","Desulfobaccia","Desulfobaccales","Desulfobaccaceae","Desulfobacca",NA
"ASV_5992","Miguelito Dike","d__Bacteria","Desulfobacterota","Desulfobaccia","Desulfobaccales","Desulfobaccaceae","Desulfobacca",NA
"ASV_7099","Miguelito Dike","d__Bacteria","Desulfobacterota","Desulfobaccia","Desulfobaccales","Desulfobaccaceae","Desulfobacca","uncultured_delta"
"ASV_6820","Miguelito Dike","d__Bacteria","Desulfobacterota","Desulfomonilia","Desulfomonilales","Desulfomonilaceae","Desulfomonile","uncultured_bacterium"
"ASV_5905","Miguelito Dike","d__Bacteria","MBNT15","MBNT15","MBNT15","MBNT15","MBNT15",NA
"ASV_2264","Miguelito Dike","d__Bacteria","Desulfobacterota","Dissulfuribacteria","Dissulfuribacterales","Dissulfuribacteraceae",NA,NA
"ASV_5307","Miguelito Dike","d__Bacteria","Desulfobacterota","uncultured","uncultured","uncultured","uncultured",NA
"ASV_5923","Miguelito Dike","d__Bacteria","Desulfobacterota","uncultured","uncultured","uncultured","uncultured","uncultured_delta"
"ASV_5576","Miguelito Dike","d__Bacteria","Desulfobacterota","uncultured","uncultured","uncultured","uncultured","uncultured_delta"
"ASV_4110","Miguelito Dike","d__Bacteria","Desulfobacterota","uncultured","uncultured","uncultured","uncultured","uncultured_delta"
"ASV_4687","Miguelito Dike","d__Bacteria","Desulfobacterota",NA,NA,NA,NA,NA
"ASV_7048","Miguelito Dike","d__Bacteria","Desulfobacterota",NA,NA,NA,NA,NA
"ASV_3073","Miguelito Dike","d__Bacteria","Desulfobacterota","uncultured","uncultured","uncultured","uncultured","uncultured_delta"
"ASV_3547","Miguelito Dike","d__Bacteria","Desulfobacterota","uncultured","uncultured","uncultured","uncultured","uncultured_delta"
"ASV_371","Miguelito Dike","d__Bacteria","Desulfobacterota","uncultured","uncultured","uncultured","uncultured","uncultured_delta"
"ASV_755","Miguelito Dike","d__Bacteria","Desulfobacterota","uncultured","uncultured","uncultured","uncultured","uncultured_delta"
"ASV_2072","Miguelito Dike","d__Bacteria","Desulfobacterota","uncultured","uncultured","uncultured","uncultured","uncultured_delta"
"ASV_1234","Miguelito Dike","d__Bacteria","Sva0485","Sva0485","Sva0485","Sva0485","Sva0485",NA
"ASV_6609","Miguelito Dike","d__Bacteria","Sva0485","Sva0485","Sva0485","Sva0485","Sva0485","uncultured_Desulfobulbaceae"
"ASV_5116","Miguelito Dike","d__Bacteria","Sva0485","Sva0485","Sva0485","Sva0485","Sva0485","uncultured_Desulfobulbaceae"
"ASV_5932","Miguelito Dike","d__Bacteria","Sva0485","Sva0485","Sva0485","Sva0485","Sva0485","uncultured_bacterium"
"ASV_4789","Miguelito Dike","d__Bacteria","Sva0485","Sva0485","Sva0485","Sva0485","Sva0485","uncultured_bacterium"
"ASV_5945","Miguelito Dike","d__Bacteria","Sva0485","Sva0485","Sva0485","Sva0485","Sva0485",NA
"ASV_6826","Miguelito Dike","d__Bacteria","Sva0485","Sva0485","Sva0485","Sva0485","Sva0485",NA
"ASV_1261","Miguelito Dike","d__Bacteria","Desulfobacterota","Syntrophorhabdia","Syntrophorhabdales","Syntrophorhabdaceae","Syntrophorhabdus","uncultured_bacterium"
"ASV_677","Miguelito Dike","d__Bacteria","Sva0485","Sva0485","Sva0485","Sva0485","Sva0485",NA
"ASV_1477","Miguelito Dike","d__Bacteria","Sva0485","Sva0485","Sva0485","Sva0485","Sva0485",NA
"ASV_4021","Miguelito Dike","d__Bacteria","Sva0485","Sva0485","Sva0485","Sva0485","Sva0485",NA
"ASV_6975","Miguelito Dike","d__Bacteria","Desulfobacterota","Syntrophobacteria","Syntrophobacterales","Syntrophobacteraceae","uncultured","uncultured_bacterium"
"ASV_3441","Miguelito Dike","d__Bacteria","Desulfobacterota","Syntrophobacteria","Syntrophobacterales","Syntrophobacteraceae",NA,NA
"ASV_3832","Miguelito Dike","d__Bacteria","Desulfobacterota","Syntrophobacteria","Syntrophobacterales","Syntrophobacteraceae","Syntrophobacter",NA
"ASV_6255","Miguelito Dike","d__Bacteria","Myxococcota","Polyangia","UASB-TL25","UASB-TL25","UASB-TL25",NA
"ASV_6703","Miguelito Dike","d__Bacteria","Myxococcota","Polyangia","Polyangiales","Eel-36e1D6","Eel-36e1D6","uncultured_Polyangiaceae"
"ASV_4500","Miguelito Dike","d__Bacteria","Myxococcota","Polyangia","Polyangiales","Sandaracinaceae","uncultured","uncultured_bacterium"
"ASV_5118","Miguelito Dike","d__Bacteria","Myxococcota","Polyangia","Polyangiales","Sandaracinaceae","uncultured","uncultured_prokaryote"
"ASV_4226","Miguelito Dike","d__Bacteria","Myxococcota","Polyangia","PS-B29","PS-B29","PS-B29","uncultured_delta"
"ASV_5829","Miguelito Dike","d__Bacteria","Myxococcota","Polyangia","PS-B29","PS-B29","PS-B29","uncultured_bacterium"
"ASV_1009","Miguelito Dike","d__Bacteria","Modulibacteria","Moduliflexia","Moduliflexales","Moduliflexaceae","Moduliflexaceae","uncultured_bacterium"
"ASV_5772","Miguelito Dike","d__Bacteria","Modulibacteria","Moduliflexia","Moduliflexales","Moduliflexaceae","Moduliflexaceae","uncultured_bacterium"
"ASV_2495","Miguelito Dike","d__Bacteria","Modulibacteria","Moduliflexia","Moduliflexales","Moduliflexaceae","Moduliflexaceae","uncultured_bacterium"
"ASV_4727","Miguelito Dike","d__Bacteria","Modulibacteria","Moduliflexia","Moduliflexales","Moduliflexaceae","Moduliflexaceae","uncultured_bacterium"
"ASV_3544","Miguelito Dike","d__Bacteria","Gemmatimonadota","Gemmatimonadetes","Gemmatimonadales","Gemmatimonadaceae","uncultured","uncultured_actinobacterium"
"ASV_5866","Miguelito Dike","d__Bacteria","Gemmatimonadota","Gemmatimonadetes","Gemmatimonadales","Gemmatimonadaceae","uncultured","uncultured_actinobacterium"
"ASV_3310","Miguelito Dike","d__Bacteria","Bacteroidota","Bacteroidia","Bacteroidales","Paludibacteraceae","uncultured","uncultured_soil"
"ASV_775","Miguelito Dike","d__Bacteria","Bacteroidota","Bacteroidia","Bacteroidales","Bacteroidetes_vadinHA17","Bacteroidetes_vadinHA17",NA
"ASV_2486","Miguelito Dike","d__Bacteria","Bacteroidota","Bacteroidia","Bacteroidales","Bacteroidetes_vadinHA17","Bacteroidetes_vadinHA17",NA
"ASV_5830","Miguelito Dike","d__Bacteria","Bacteroidota","Bacteroidia","Bacteroidales","Bacteroidetes_vadinHA17","Bacteroidetes_vadinHA17",NA
"ASV_1345","Miguelito Dike","d__Bacteria","Bacteroidota","Bacteroidia","Bacteroidales","Bacteroidetes_vadinHA17","Bacteroidetes_vadinHA17",NA
"ASV_6777","Miguelito Dike","d__Bacteria","Bacteroidota","Bacteroidia","Bacteroidales","Bacteroidetes_vadinHA17","Bacteroidetes_vadinHA17",NA
"ASV_3099","Miguelito Dike","d__Bacteria","Bacteroidota","Bacteroidia","Bacteroidales","Bacteroidetes_vadinHA17","Bacteroidetes_vadinHA17","uncultured_bacterium"
"ASV_2153","Miguelito Dike","d__Bacteria","Bacteroidota","Bacteroidia","Bacteroidales","Bacteroidetes_BD2-2","Bacteroidetes_BD2-2","uncultured_Bacteroidetes"
"ASV_3659","Miguelito Dike","d__Bacteria","Bacteroidota","Bacteroidia","Bacteroidales","SB-5","SB-5","uncultured_bacterium"
"ASV_4259","Miguelito Dike","d__Bacteria","Bacteroidota","Bacteroidia","Cytophagales","Cyclobacteriaceae","uncultured","uncultured_Bacteroidetes"
"ASV_6786","Miguelito Dike","d__Bacteria","Bacteroidota","Bacteroidia","Cytophagales","Cyclobacteriaceae","uncultured","uncultured_Bacteroidetes"
"ASV_5155","Miguelito Dike","d__Bacteria","Bacteroidota","Ignavibacteria","Ignavibacteriales","Ignavibacteriaceae","Ignavibacterium",NA
"ASV_1819","Miguelito Dike","d__Bacteria","Bacteroidota","Kryptonia","Kryptoniales",NA,NA,NA
"ASV_5630","Miguelito Dike","d__Bacteria","Bacteroidota","Kryptonia","Kryptoniales","BSV26","BSV26","uncultured_bacterium"
"ASV_2116","Miguelito Dike","d__Bacteria","Bacteroidota","Kryptonia","Kryptoniales","BSV26","BSV26","uncultured_bacterium"
"ASV_2982","Miguelito Dike","d__Bacteria","Bacteroidota","Kryptonia","Kryptoniales","BSV26","BSV26","uncultured_bacterium"
"ASV_1935","Miguelito Dike","d__Bacteria","Bacteroidota","Kryptonia","Kryptoniales","BSV26","BSV26","uncultured_prokaryote"
"ASV_5006","Miguelito Dike","d__Bacteria","Bacteroidota","Kryptonia","Kryptoniales","BSV26","BSV26","uncultured_prokaryote"
"ASV_5558","Miguelito Dike","d__Bacteria","Bacteroidota","Kryptonia","Kryptoniales","BSV26","BSV26",NA
"ASV_6357","Miguelito Dike","d__Bacteria","Bacteroidota","Kryptonia","Kryptoniales","BSV26","BSV26","uncultured_soil"
"ASV_1983","Miguelito Dike","d__Bacteria","Bacteroidota","Kryptonia","Kryptoniales","BSV26","BSV26","uncultured_Chlorobi"
"ASV_6451","Miguelito Dike","d__Bacteria","LCP-89","LCP-89","LCP-89","LCP-89","LCP-89","Calditrichaeota_bacterium"
"ASV_3941","Miguelito Dike","d__Bacteria","Spirochaetota","Spirochaetia","Spirochaetales","Spirochaetaceae","Spirochaeta","uncultured_Spirochaetes"
"ASV_5985","Miguelito Dike","d__Bacteria","Spirochaetota","Spirochaetia","Spirochaetales","Spirochaetaceae","Spirochaeta","uncultured_Spirochaetes"
"ASV_1405","Miguelito Dike","d__Bacteria","Spirochaetota","Spirochaetia","Spirochaetales","Spirochaetaceae","Spirochaeta",NA
"ASV_2800","Miguelito Dike","d__Bacteria","Spirochaetota","Spirochaetia","Spirochaetales","Spirochaetaceae","Spirochaeta","uncultured_Spirochaetes"
"ASV_4631","Miguelito Dike","d__Bacteria","Spirochaetota","Spirochaetia","Spirochaetales","Spirochaetaceae","Spirochaeta",NA
"ASV_2334","Miguelito Dike","d__Bacteria","Spirochaetota","Spirochaetia","Spirochaetales","Spirochaetaceae","Spirochaeta","uncultured_soil"
"ASV_1562","Miguelito Dike","d__Bacteria","Spirochaetota","Spirochaetia","Spirochaetales","Spirochaetaceae","Spirochaeta","uncultured_soil"
"ASV_4998","Miguelito Dike","d__Bacteria","Spirochaetota","Spirochaetia","Spirochaetales","Spirochaetaceae","Spirochaeta","uncultured_bacterium"
"ASV_3083","Miguelito Dike","d__Bacteria","Spirochaetota","Spirochaetia","Spirochaetales","Spirochaetaceae","Spirochaeta","uncultured_bacterium"
"ASV_3584","Miguelito Dike","d__Bacteria","Spirochaetota","Spirochaetia","Spirochaetales","Spirochaetaceae","Spirochaeta","uncultured_Spirochaetes"
"ASV_1800","Miguelito Dike","d__Bacteria","Spirochaetota","Spirochaetia","Spirochaetales","Spirochaetaceae","Spirochaeta",NA
"ASV_4535","Miguelito Dike","d__Bacteria","Spirochaetota","Spirochaetia","Spirochaetales","Spirochaetaceae","Spirochaeta","uncultured_bacterium"
"ASV_4746","Miguelito Dike","d__Bacteria","Spirochaetota","Spirochaetia","Spirochaetales","Spirochaetaceae","Treponema","Treponema_stenostreptum"
"ASV_4818","Miguelito Dike","d__Bacteria","Spirochaetota","Spirochaetia","Spirochaetales","Spirochaetaceae","Treponema","metagenome"
"ASV_2489","Miguelito Dike","d__Bacteria","Spirochaetota","Spirochaetia","Spirochaetales","Spirochaetaceae","Spirochaeta","uncultured_bacterium"
"ASV_4189","Miguelito Dike","d__Bacteria","Spirochaetota","Spirochaetia","Spirochaetales","Spirochaetaceae","Spirochaeta","uncultured_bacterium"
"ASV_5222","Miguelito Dike","d__Bacteria","Spirochaetota","Spirochaetia","Spirochaetales","Spirochaetaceae","Spirochaeta",NA
"ASV_5668","Miguelito Dike","d__Bacteria","Spirochaetota","Spirochaetia","Spirochaetales","Spirochaetaceae","Spirochaeta","uncultured_bacterium"
"ASV_4780","Miguelito Dike","d__Bacteria","Spirochaetota","Spirochaetia","Spirochaetales","Spirochaetaceae","Spirochaeta","uncultured_bacterium"
"ASV_2670","Miguelito Dike","d__Bacteria","Spirochaetota","Spirochaetia","Spirochaetales","Spirochaetaceae","Spirochaeta","uncultured_bacterium"
"ASV_1537","Miguelito Dike","d__Bacteria","Spirochaetota","Spirochaetia","Spirochaetales","Spirochaetaceae","uncultured","uncultured_Spirochaetes"
"ASV_2243","Miguelito Dike","d__Bacteria","Spirochaetota","Spirochaetia","Spirochaetales","Spirochaetaceae","uncultured","uncultured_Spirochaetes"
"ASV_2654","Miguelito Dike","d__Bacteria","Spirochaetota","Spirochaetia","Spirochaetales","Spirochaetaceae","uncultured",NA
"ASV_2987","Miguelito Dike","d__Bacteria","Spirochaetota","Spirochaetia","Spirochaetales","Spirochaetaceae","uncultured",NA
"ASV_6027","Miguelito Dike","d__Bacteria","Spirochaetota","Spirochaetia","Spirochaetales","Spirochaetaceae","uncultured",NA
"ASV_3052","Miguelito Dike","d__Bacteria","Spirochaetota","Spirochaetia","Spirochaetales","Spirochaetaceae","uncultured",NA
"ASV_1236","Miguelito Dike","d__Bacteria","Spirochaetota","Spirochaetia","Spirochaetales","Spirochaetaceae","uncultured","uncultured_organism"
"ASV_2141","Miguelito Dike","d__Bacteria","Spirochaetota","Spirochaetia","Spirochaetales","Spirochaetaceae","uncultured","uncultured_organism"
"ASV_5950","Miguelito Dike","d__Bacteria","Patescibacteria","WWE3","WWE3","WWE3","WWE3","uncultured_bacterium"
"ASV_3894","Miguelito Dike","d__Bacteria","Patescibacteria","WWE3","WWE3","WWE3","WWE3","uncultured_bacterium"
"ASV_5373","Miguelito Dike","d__Bacteria","Patescibacteria","Microgenomatia","Microgenomatia","Microgenomatia","Microgenomatia",NA
"ASV_6456","Miguelito Dike","d__Bacteria","Patescibacteria","WWE3","WWE3","WWE3","WWE3","uncultured_bacterium"
"ASV_4600","Miguelito Dike","d__Bacteria","Patescibacteria","Microgenomatia","Candidatus_Woesebacteria","Candidatus_Woesebacteria","Candidatus_Woesebacteria","uncultured_bacterium"
"ASV_2491","Miguelito Dike","d__Bacteria","Patescibacteria","Gracilibacteria","Candidatus_Peregrinibacteria","Candidatus_Peregrinibacteria","Candidatus_Peregrinibacteria","uncultured_bacterium"
"ASV_6965","Miguelito Dike","d__Bacteria","WS2","WS2","WS2","WS2","WS2","uncultured_microorganism"
"ASV_840","Miguelito Dike","d__Bacteria","WS2","WS2","WS2","WS2","WS2","uncultured_bacterium"
"ASV_1437","Miguelito Dike","d__Bacteria","WS2","WS2","WS2","WS2","WS2","uncultured_bacterium"
"ASV_3308","Miguelito Dike","d__Bacteria","WS2","WS2","WS2","WS2","WS2","uncultured_bacterium"
"ASV_2028","Miguelito Dike","d__Bacteria","WS2","WS2","WS2","WS2","WS2","uncultured_bacterium"
"ASV_3455","Miguelito Dike","d__Bacteria","WS2","WS2","WS2","WS2","WS2","uncultured_bacterium"
"ASV_2048","Miguelito Dike","d__Bacteria","Armatimonadota","uncultured","uncultured","uncultured","uncultured","uncultured_bacterium"
"ASV_6720","Miguelito Dike","d__Bacteria","Armatimonadota","uncultured","uncultured","uncultured","uncultured","uncultured_bacterium"
"ASV_5530","Miguelito Dike","d__Bacteria","Armatimonadota","uncultured","uncultured","uncultured","uncultured","uncultured_Armatimonadetes"
"ASV_4857","Miguelito Dike","d__Bacteria","Armatimonadota","uncultured","uncultured","uncultured","uncultured","uncultured_Armatimonadetes"
"ASV_5119","Miguelito Dike","d__Bacteria","Armatimonadota","uncultured","uncultured","uncultured","uncultured","uncultured_Armatimonadetes"
"ASV_703","Miguelito Dike","d__Bacteria","Verrucomicrobiota","Omnitrophia","Omnitrophales","Omnitrophaceae","Candidatus_Omnitrophus","uncultured_bacterium"
"ASV_1380","Miguelito Dike","d__Bacteria","Verrucomicrobiota","Omnitrophia","Omnitrophales","Omnitrophaceae","Candidatus_Omnitrophus","uncultured_bacterium"
"ASV_3510","Miguelito Dike","d__Bacteria","Verrucomicrobiota","Omnitrophia","Omnitrophales","Omnitrophaceae","Candidatus_Omnitrophus","uncultured_bacterium"
"ASV_979","Miguelito Dike","d__Bacteria","Edwardsbacteria","Edwardsbacteria","Edwardsbacteria","Edwardsbacteria","Edwardsbacteria","Candidatus_Edwardsbacteria"
"ASV_4479","Miguelito Dike","d__Bacteria","Armatimonadota","DG-56","DG-56","DG-56","DG-56","uncultured_Actinomycetales"
"ASV_460","Miguelito Dike","d__Bacteria","Nitrospirota","Thermodesulfovibrionia","uncultured","uncultured","uncultured",NA
"ASV_2516","Miguelito Dike","d__Bacteria","Nitrospirota","Thermodesulfovibrionia","uncultured","uncultured","uncultured",NA
"ASV_1937","Miguelito Dike","d__Bacteria","Nitrospirota","Thermodesulfovibrionia","uncultured","uncultured","uncultured",NA
"ASV_642","Miguelito Dike","d__Bacteria","Nitrospirota","Thermodesulfovibrionia","uncultured","uncultured","uncultured","uncultured_Nitrospirae"
"ASV_5846","Miguelito Dike","d__Bacteria","Nitrospirota","Thermodesulfovibrionia","uncultured","uncultured","uncultured",NA
"ASV_4875","Miguelito Dike","d__Bacteria","Nitrospirota","Thermodesulfovibrionia","uncultured","uncultured","uncultured","uncultured_bacterium"
"ASV_3559","Miguelito Dike","d__Bacteria","Nitrospirota","Thermodesulfovibrionia","uncultured","uncultured","uncultured","uncultured_Nitrospirae"
"ASV_3613","Miguelito Dike","d__Bacteria","Nitrospirota","Thermodesulfovibrionia","uncultured","uncultured","uncultured","uncultured_Nitrospirae"
"ASV_3633","Miguelito Dike","d__Bacteria","Nitrospirota","Thermodesulfovibrionia","uncultured","uncultured","uncultured","uncultured_Nitrospirae"
"ASV_259","Miguelito Dike","d__Bacteria","Nitrospirota","Thermodesulfovibrionia","uncultured","uncultured","uncultured","uncultured_Nitrospirae"
"ASV_999","Miguelito Dike","d__Bacteria","Nitrospirota","Thermodesulfovibrionia","uncultured","uncultured","uncultured","uncultured_prokaryote"
"ASV_5966","Miguelito Dike","d__Bacteria","Nitrospirota","4-29-1","4-29-1","4-29-1","4-29-1","uncultured_bacterium"
"ASV_2979","Miguelito Dike","d__Bacteria","Acetothermia","Acetothermiia","Acetothermiia","Acetothermiia","Acetothermiia","uncultured_bacterium"
"ASV_5042","Miguelito Dike","d__Bacteria","Acetothermia","Acetothermiia","Acetothermiia","Acetothermiia","Acetothermiia","uncultured_bacterium"
"ASV_6986","Miguelito Dike","d__Bacteria","Acetothermia","Acetothermiia","Acetothermiia","Acetothermiia","Acetothermiia","uncultured_bacterium"
"ASV_4365","Miguelito Dike","d__Bacteria","Acidobacteriota","Subgroup_18","Subgroup_18","Subgroup_18","Subgroup_18",NA
"ASV_1508","Miguelito Dike","d__Bacteria","Acidobacteriota","Subgroup_18","Subgroup_18","Subgroup_18","Subgroup_18","uncultured_bacterium"
"ASV_509","Miguelito Dike","d__Bacteria","Acidobacteriota","Subgroup_18","Subgroup_18","Subgroup_18","Subgroup_18",NA
"ASV_4202","Miguelito Dike","d__Bacteria","Acidobacteriota","Subgroup_18","Subgroup_18","Subgroup_18","Subgroup_18",NA
"ASV_2248","Miguelito Dike","d__Bacteria","Acidobacteriota","Subgroup_18","Subgroup_18","Subgroup_18","Subgroup_18",NA
"ASV_3446","Miguelito Dike","d__Bacteria","Acidobacteriota","Subgroup_18","Subgroup_18","Subgroup_18","Subgroup_18",NA
"ASV_4776","Miguelito Dike","d__Bacteria","Acidobacteriota","Holophagae","Subgroup_7","Subgroup_7","Subgroup_7","uncultured_Acidobacterium"
"ASV_1519","Miguelito Dike","d__Bacteria","Acidobacteriota","Subgroup_22","Subgroup_22","Subgroup_22","Subgroup_22","uncultured_bacterium"
"ASV_3563","Miguelito Dike","d__Bacteria","Acidobacteriota","Subgroup_22","Subgroup_22","Subgroup_22","Subgroup_22","uncultured_bacterium"
"ASV_6245","Miguelito Dike","d__Bacteria","Acidobacteriota","Subgroup_22","Subgroup_22","Subgroup_22","Subgroup_22","uncultured_bacterium"
"ASV_7015","Miguelito Dike","d__Bacteria","Acidobacteriota","Subgroup_22","Subgroup_22","Subgroup_22","Subgroup_22","uncultured_bacterium"
"ASV_6806","Miguelito Dike","d__Bacteria","Acidobacteriota","Subgroup_22","Subgroup_22","Subgroup_22","Subgroup_22","uncultured_bacterium"
"ASV_1415","Miguelito Dike","d__Bacteria","Acidobacteriota","Vicinamibacteria","Vicinamibacterales","uncultured","uncultured","uncultured_bacterium"
"ASV_2164","Miguelito Dike","d__Bacteria","Acidobacteriota","Vicinamibacteria","Subgroup_17","Subgroup_17","Subgroup_17",NA
"ASV_1835","Miguelito Dike","d__Bacteria","Acidobacteriota","Vicinamibacteria","Subgroup_17","Subgroup_17","Subgroup_17",NA
"ASV_4686","Miguelito Dike","d__Bacteria","Acidobacteriota","Vicinamibacteria","Subgroup_17","Subgroup_17","Subgroup_17",NA
"ASV_2435","Miguelito Dike","d__Bacteria","Acidobacteriota","Vicinamibacteria","Subgroup_17","Subgroup_17","Subgroup_17",NA
"ASV_5221","Miguelito Dike","d__Bacteria","Acidobacteriota","Vicinamibacteria","Subgroup_17","Subgroup_17","Subgroup_17","uncultured_bacterium"
"ASV_5567","Miguelito Dike","d__Bacteria","Acidobacteriota","Vicinamibacteria","Subgroup_17","Subgroup_17","Subgroup_17","uncultured_bacterium"
"ASV_5212","Miguelito Dike","d__Bacteria","Acidobacteriota","Vicinamibacteria","Subgroup_17","Subgroup_17","Subgroup_17","uncultured_bacterium"
"ASV_4180","Miguelito Dike","d__Bacteria","Acidobacteriota","Subgroup_25","Subgroup_25","Subgroup_25","Subgroup_25","uncultured_Acidobacteria"
"ASV_4667","Miguelito Dike","d__Bacteria","Acidobacteriota","Subgroup_25","Subgroup_25","Subgroup_25","Subgroup_25","uncultured_Acidobacteria"
"ASV_1321","Miguelito Dike","d__Bacteria","Acidobacteriota","Vicinamibacteria","Subgroup_9","Subgroup_9","Subgroup_9","uncultured_bacterium"
"ASV_5086","Miguelito Dike","d__Bacteria","Acidobacteriota","Acidobacteriota","Acidobacteriota","Acidobacteriota","Acidobacteriota","uncultured_Acidobacterium"
"ASV_6784","Miguelito Dike","d__Bacteria","Acidobacteriota","Vicinamibacteria","Subgroup_9","Subgroup_9","Subgroup_9","uncultured_bacterium"
"ASV_113","Miguelito Dike","d__Bacteria","Zixibacteria","Zixibacteria","Zixibacteria","Zixibacteria","Zixibacteria","uncultured_Caldithrix"
"ASV_3395","Miguelito Dike","d__Bacteria","Zixibacteria","Zixibacteria","Zixibacteria","Zixibacteria","Zixibacteria","uncultured_Chloroflexi"
"ASV_1338","Miguelito Dike","d__Bacteria","Zixibacteria","Zixibacteria","Zixibacteria","Zixibacteria","Zixibacteria","uncultured_Caldithrix"
"ASV_2144","Miguelito Dike","d__Bacteria","Zixibacteria","Zixibacteria","Zixibacteria","Zixibacteria","Zixibacteria","uncultured_Caldithrix"
"ASV_5391","Miguelito Dike","d__Bacteria","Zixibacteria","Zixibacteria","Zixibacteria","Zixibacteria","Zixibacteria","uncultured_Caldithrix"
"ASV_4081","Miguelito Dike","d__Bacteria","Zixibacteria","Zixibacteria","Zixibacteria","Zixibacteria","Zixibacteria","uncultured_Caldithrix"
"ASV_3951","Miguelito Dike","d__Bacteria","Zixibacteria","Zixibacteria","Zixibacteria","Zixibacteria","Zixibacteria","uncultured_Caldithrix"
"ASV_6619","Miguelito Dike","d__Bacteria","Zixibacteria","Zixibacteria","Zixibacteria","Zixibacteria","Zixibacteria","uncultured_Caldithrix"
"ASV_5209","Miguelito Dike","d__Bacteria","Zixibacteria","Zixibacteria","Zixibacteria","Zixibacteria","Zixibacteria","uncultured_Caldithrix"
"ASV_2592","Miguelito Dike","d__Bacteria","Zixibacteria","Zixibacteria","Zixibacteria","Zixibacteria","Zixibacteria","uncultured_Caldithrix"
"ASV_6706","Miguelito Dike","d__Bacteria","Zixibacteria","Zixibacteria","Zixibacteria","Zixibacteria","Zixibacteria","uncultured_Caldithrix"
"ASV_3312","Miguelito Dike","d__Bacteria","Zixibacteria","Zixibacteria","Zixibacteria","Zixibacteria","Zixibacteria","uncultured_Caldithrix"
"ASV_6906","Miguelito Dike","d__Bacteria","Zixibacteria","Zixibacteria","Zixibacteria","Zixibacteria","Zixibacteria","uncultured_Caldithrix"
"ASV_5409","Miguelito Dike","d__Bacteria","Zixibacteria","Zixibacteria","Zixibacteria","Zixibacteria","Zixibacteria","uncultured_Caldithrix"
"ASV_5018","Miguelito Dike","d__Bacteria","Zixibacteria","Zixibacteria","Zixibacteria","Zixibacteria","Zixibacteria",NA
"ASV_6807","Miguelito Dike","d__Bacteria","Zixibacteria","Zixibacteria","Zixibacteria","Zixibacteria","Zixibacteria",NA
"ASV_3111","Miguelito Dike","d__Bacteria","Zixibacteria","Zixibacteria","Zixibacteria","Zixibacteria","Zixibacteria","candidate_division"
"ASV_6202","Miguelito Dike","d__Bacteria","Zixibacteria","Zixibacteria","Zixibacteria","Zixibacteria","Zixibacteria","candidate_division"
"ASV_2151","Miguelito Dike","d__Bacteria","Zixibacteria","Zixibacteria","Zixibacteria","Zixibacteria","Zixibacteria","candidate_division"
"ASV_4315","Miguelito Dike","d__Bacteria","Zixibacteria","Zixibacteria","Zixibacteria","Zixibacteria","Zixibacteria",NA
"ASV_6881","Miguelito Dike","d__Bacteria","Zixibacteria","Zixibacteria","Zixibacteria","Zixibacteria","Zixibacteria","candidate_division"
"ASV_2225","Miguelito Dike","d__Bacteria","Zixibacteria","Zixibacteria","Zixibacteria","Zixibacteria","Zixibacteria","candidate_division"
"ASV_6565","Miguelito Dike","d__Bacteria","Zixibacteria","Zixibacteria","Zixibacteria","Zixibacteria","Zixibacteria","candidate_division"
"ASV_2886","Miguelito Dike","d__Bacteria","Zixibacteria","Zixibacteria","Zixibacteria","Zixibacteria","Zixibacteria","candidate_division"
"ASV_5211","Miguelito Dike","d__Bacteria","Zixibacteria","Zixibacteria","Zixibacteria","Zixibacteria","Zixibacteria","candidate_division"
"ASV_6074","Miguelito Dike","d__Bacteria","Zixibacteria","Zixibacteria","Zixibacteria","Zixibacteria","Zixibacteria","candidate_division"
"ASV_3207","Miguelito Dike","d__Bacteria","Zixibacteria","Zixibacteria","Zixibacteria","Zixibacteria","Zixibacteria","candidate_division"
"ASV_1893","Miguelito Dike","d__Bacteria","Zixibacteria","Zixibacteria","Zixibacteria","Zixibacteria","Zixibacteria","candidate_division"
"ASV_6660","Miguelito Dike","d__Bacteria","Zixibacteria","Zixibacteria","Zixibacteria","Zixibacteria","Zixibacteria","candidate_division"
"ASV_2797","Miguelito Dike","d__Bacteria","Zixibacteria","Zixibacteria","Zixibacteria","Zixibacteria","Zixibacteria","candidate_division"
"ASV_3871","Miguelito Dike","d__Bacteria","Zixibacteria","Zixibacteria","Zixibacteria","Zixibacteria","Zixibacteria","candidate_division"
"ASV_6406","Miguelito Dike","d__Bacteria","Zixibacteria","Zixibacteria","Zixibacteria","Zixibacteria","Zixibacteria",NA
"ASV_241","Miguelito Dike","d__Bacteria","Zixibacteria","Zixibacteria","Zixibacteria","Zixibacteria","Zixibacteria","uncultured_bacterium"
"ASV_3284","Miguelito Dike","d__Bacteria","Zixibacteria","Zixibacteria","Zixibacteria","Zixibacteria","Zixibacteria","uncultured_bacterium"
"ASV_7095","Miguelito Dike","d__Bacteria","Zixibacteria","Zixibacteria","Zixibacteria","Zixibacteria","Zixibacteria","uncultured_bacterium"
"ASV_547","Miguelito Dike","d__Bacteria","Zixibacteria","Zixibacteria","Zixibacteria","Zixibacteria","Zixibacteria","uncultured_bacterium"
"ASV_2302","Miguelito Dike","d__Bacteria","Zixibacteria","Zixibacteria","Zixibacteria","Zixibacteria","Zixibacteria","uncultured_bacterium"
"ASV_5852","Miguelito Dike","d__Bacteria","Calditrichota","Calditrichia","Calditrichales","Calditrichaceae","Calorithrix","uncultured_bacterium"
"ASV_1619","Miguelito Dike","d__Bacteria","Calditrichota","Calditrichia","Calditrichales","Calditrichaceae","Calditrichaceae","uncultured_bacterium"
"ASV_4082","Miguelito Dike","d__Bacteria","Calditrichota","Calditrichia","Calditrichales","Calditrichaceae","Caldithrix","uncultured_bacterium"
"ASV_425","Miguelito Dike","d__Bacteria","Calditrichota","Calditrichia","Calditrichales","Calditrichaceae","Calditrichaceae","uncultured_organism"
"ASV_508","Miguelito Dike","d__Bacteria","Calditrichota","Calditrichia","Calditrichales","Calditrichaceae","Calditrichaceae","uncultured_organism"
"ASV_2150","Miguelito Dike","d__Bacteria","Calditrichota","Calditrichia","Calditrichales","Calditrichaceae","Calditrichaceae","uncultured_organism"
"ASV_4036","Miguelito Dike","d__Bacteria","Calditrichota","Calditrichia","Calditrichales","Calditrichaceae","Calditrichaceae","uncultured_organism"
"ASV_2276","Miguelito Dike","d__Bacteria","Calditrichota","Calditrichia","Calditrichales","Calditrichaceae","Calditrichaceae","uncultured_organism"
"ASV_6341","Miguelito Dike","d__Bacteria","Calditrichota","Calditrichia","Calditrichales","Calditrichaceae","Calditrichaceae","uncultured_organism"
"ASV_4406","Miguelito Dike","d__Bacteria","Calditrichota","Calditrichia","Calditrichales","Calditrichaceae","Calditrichaceae","uncultured_organism"
"ASV_5492","Miguelito Dike","d__Bacteria","Calditrichota","Calditrichia","Calditrichales","Calditrichaceae","Calditrichaceae","uncultured_organism"
"ASV_6853","Miguelito Dike","d__Bacteria","Calditrichota","Calditrichia","Calditrichales","Calditrichaceae","Calditrichaceae","uncultured_organism"
"ASV_2775","Miguelito Dike","d__Bacteria","LCP-89","LCP-89","LCP-89","LCP-89","LCP-89","uncultured_bacterium"
"ASV_6675","Miguelito Dike","d__Bacteria","LCP-89","LCP-89","LCP-89","LCP-89","LCP-89","uncultured_bacterium"
"ASV_4501","Miguelito Dike","d__Bacteria","LCP-89","LCP-89","LCP-89","LCP-89","LCP-89",NA
"ASV_2279","Miguelito Dike","d__Bacteria","LCP-89","LCP-89","LCP-89","LCP-89","LCP-89","uncultured_bacterium"
"ASV_3677","Miguelito Dike","d__Bacteria","LCP-89","LCP-89","LCP-89","LCP-89","LCP-89","uncultured_bacterium"
"ASV_4680","Miguelito Dike","d__Bacteria","LCP-89","LCP-89","LCP-89","LCP-89","LCP-89","uncultured_bacterium"
"ASV_5247","Miguelito Dike","d__Bacteria","LCP-89","LCP-89","LCP-89","LCP-89","LCP-89","uncultured_bacterium"
"ASV_7092","Miguelito Dike","d__Bacteria","LCP-89","LCP-89","LCP-89","LCP-89","LCP-89","uncultured_bacterium"
"ASV_7065","Miguelito Dike","d__Bacteria","LCP-89","LCP-89","LCP-89","LCP-89","LCP-89","uncultured_bacterium"
"ASV_4197","Miguelito Dike","d__Bacteria","LCP-89","LCP-89","LCP-89","LCP-89","LCP-89","uncultured_bacterium"
"ASV_5065","Miguelito Dike","d__Bacteria","LCP-89","LCP-89","LCP-89","LCP-89","LCP-89","uncultured_bacterium"
"ASV_2660","Miguelito Dike","d__Bacteria","LCP-89","LCP-89","LCP-89","LCP-89","LCP-89","uncultured_bacterium"
"ASV_3922","Miguelito Dike","d__Bacteria","LCP-89","LCP-89","LCP-89","LCP-89","LCP-89","uncultured_bacterium"
"ASV_5929","Miguelito Dike","d__Bacteria","Calditrichota","Calditrichia","Calditrichales","Calditrichaceae","SM23-31","uncultured_bacterium"
"ASV_6638","Miguelito Dike","d__Bacteria","Calditrichota","Calditrichia","Calditrichales","Calditrichaceae","SM23-31","uncultured_bacterium"
"ASV_4060","Miguelito Dike","d__Bacteria","LCP-89","LCP-89","LCP-89","LCP-89","LCP-89","saltmarsh_clone"
"ASV_833","Miguelito Dike","d__Bacteria","Fibrobacterota","Chitinivibrionia","uncultured","uncultured","uncultured","uncultured_bacterium"
"ASV_3685","Miguelito Dike","d__Bacteria","LCP-89","LCP-89","LCP-89","LCP-89","LCP-89","uncultured_bacterium"
"ASV_7207","Miguelito Dike","d__Bacteria","LCP-89","LCP-89","LCP-89","LCP-89","LCP-89","uncultured_bacterium"
"ASV_1545","Miguelito Dike","d__Bacteria","LCP-89","LCP-89","LCP-89","LCP-89","LCP-89","uncultured_bacterium"
"ASV_2955","Miguelito Dike","d__Bacteria","LCP-89","LCP-89","LCP-89","LCP-89","LCP-89","uncultured_bacterium"
"ASV_6453","Miguelito Dike","d__Bacteria","CK-2C2-2","CK-2C2-2","CK-2C2-2","CK-2C2-2","CK-2C2-2","uncultured_bacterium"
"ASV_4292","Miguelito Dike","d__Bacteria","CK-2C2-2","CK-2C2-2","CK-2C2-2","CK-2C2-2","CK-2C2-2","uncultured_bacterium"
"ASV_5455","Miguelito Dike","d__Bacteria","Zixibacteria","Zixibacteria","Zixibacteria","Zixibacteria","Zixibacteria","uncultured_bacterium"
"ASV_2257","Miguelito Dike","d__Bacteria","Zixibacteria","Zixibacteria","Zixibacteria","Zixibacteria","Zixibacteria","uncultured_bacterium"
"ASV_5986","Miguelito Dike","d__Bacteria","Zixibacteria","Zixibacteria","Zixibacteria","Zixibacteria","Zixibacteria","uncultured_bacterium"
"ASV_6676","Miguelito Dike","d__Bacteria","Zixibacteria","Zixibacteria","Zixibacteria","Zixibacteria","Zixibacteria","uncultured_bacterium"
"ASV_3341","Miguelito Dike","d__Bacteria","Zixibacteria","Zixibacteria","Zixibacteria","Zixibacteria","Zixibacteria","uncultured_bacterium"
"ASV_5990","Miguelito Dike","d__Bacteria","Actinobacteriota","WCHB1-81","WCHB1-81","WCHB1-81","WCHB1-81","uncultured_bacterium"
"ASV_328","Miguelito Dike","d__Bacteria","TA06","TA06","TA06","TA06","TA06","uncultured_candidate"
"ASV_2657","Miguelito Dike","d__Bacteria","TA06","TA06","TA06","TA06","TA06","candidate_division"
"ASV_6076","Miguelito Dike","d__Bacteria","TA06","TA06","TA06","TA06","TA06","candidate_division"
"ASV_407","Miguelito Dike","d__Bacteria","TA06","TA06","TA06","TA06","TA06","uncultured_organism"
"ASV_824","Miguelito Dike","d__Bacteria","TA06","TA06","TA06","TA06","TA06","uncultured_organism"
"ASV_741","Miguelito Dike","d__Bacteria","TA06","TA06","TA06","TA06","TA06","uncultured_bacterium"
"ASV_1878","Miguelito Dike","d__Bacteria","TA06","TA06","TA06","TA06","TA06","uncultured_soil"
"ASV_4047","Miguelito Dike","d__Bacteria","TA06","TA06","TA06","TA06","TA06","uncultured_soil"
"ASV_4627","Miguelito Dike","d__Bacteria","TA06","TA06","TA06","TA06","TA06","uncultured_bacterium"
"ASV_4668","Miguelito Dike","d__Bacteria","TA06","TA06","TA06","TA06","TA06","uncultured_candidate"
"ASV_2039","Miguelito Dike","d__Bacteria","TA06","TA06","TA06","TA06","TA06","uncultured_bacterium"
"ASV_2480","Miguelito Dike","d__Bacteria","TA06","TA06","TA06","TA06","TA06","uncultured_bacterium"
"ASV_5371","Miguelito Dike","d__Bacteria","Armatimonadota","DG-56","DG-56","DG-56","DG-56","uncultured_bacterium"
"ASV_7026","Miguelito Dike","d__Bacteria","Armatimonadota","DG-56","DG-56","DG-56","DG-56","uncultured_bacterium"
"ASV_6305","Miguelito Dike","d__Bacteria","Armatimonadota","DG-56","DG-56","DG-56","DG-56","uncultured_bacterium"
"ASV_4492","Miguelito Dike","d__Bacteria","Verrucomicrobiota","Omnitrophia","Omnitrophales","Omnitrophaceae","Candidatus_Omnitrophus","uncultured_bacterium"
"ASV_3642","Miguelito Dike","d__Bacteria","Verrucomicrobiota","Omnitrophia","Omnitrophales","Omnitrophaceae","Candidatus_Omnitrophus","uncultured_bacterium"
"ASV_5867","Miguelito Dike","d__Bacteria","Verrucomicrobiota","Omnitrophia","Omnitrophales","Omnitrophaceae","Candidatus_Omnitrophus","uncultured_bacterium"
"ASV_3251","Miguelito Dike","d__Bacteria","Verrucomicrobiota","Omnitrophia","Omnitrophales","Omnitrophaceae","Candidatus_Omnitrophus","uncultured_bacterium"
"ASV_4883","Miguelito Dike","d__Bacteria","Verrucomicrobiota","Omnitrophia","Omnitrophales","Omnitrophaceae","Candidatus_Omnitrophus","uncultured_bacterium"
"ASV_4568","Miguelito Dike","d__Bacteria","Verrucomicrobiota","Omnitrophia","Omnitrophales","Omnitrophaceae","Candidatus_Omnitrophus","uncultured_bacterium"
"ASV_4232","Miguelito Dike","d__Bacteria","Verrucomicrobiota","Omnitrophia","Omnitrophales","Omnitrophaceae","Candidatus_Omnitrophus","uncultured_bacterium"
"ASV_2857","Miguelito Dike","d__Bacteria","Verrucomicrobiota","Omnitrophia","Omnitrophales","Omnitrophaceae","Candidatus_Omnitrophus","uncultured_bacterium"
"ASV_4551","Miguelito Dike","d__Bacteria","Verrucomicrobiota","Omnitrophia","Omnitrophales","Omnitrophaceae","Candidatus_Omnitrophus","uncultured_bacterium"
"ASV_5246","Miguelito Dike","d__Bacteria","Verrucomicrobiota","Omnitrophia","Omnitrophales","Omnitrophaceae","Candidatus_Omnitrophus","uncultured_bacterium"
"ASV_6051","Miguelito Dike","d__Bacteria","Verrucomicrobiota","Omnitrophia","Omnitrophales","Omnitrophaceae","Candidatus_Omnitrophus","uncultured_bacterium"
"ASV_4676","Miguelito Dike","d__Bacteria","Actinobacteriota","Actinobacteria","Bifidobacteriales","Bifidobacteriaceae","Bifidobacterium",NA
"ASV_1912","Miguelito Dike","d__Bacteria","Actinobacteriota","MB-A2-108","MB-A2-108","MB-A2-108","MB-A2-108","uncultured_bacterium"
"ASV_6155","Miguelito Dike","d__Bacteria","Actinobacteriota","Coriobacteriia","OPB41","OPB41","OPB41",NA
"ASV_1927","Miguelito Dike","d__Bacteria","Chloroflexi","Dehalococcoidia","Napoli-4B-65","Napoli-4B-65","Napoli-4B-65","uncultured_bacterium"
"ASV_530","Miguelito Dike","d__Bacteria","Chloroflexi","Dehalococcoidia","Napoli-4B-65","Napoli-4B-65","Napoli-4B-65","uncultured_bacterium"
"ASV_955","Miguelito Dike","d__Bacteria","Chloroflexi","Dehalococcoidia",NA,NA,NA,NA
"ASV_1196","Miguelito Dike","d__Bacteria","Chloroflexi","Dehalococcoidia","Napoli-4B-65","Napoli-4B-65","Napoli-4B-65","uncultured_bacterium"
"ASV_4906","Miguelito Dike","d__Bacteria","Chloroflexi","Dehalococcoidia",NA,NA,NA,NA
"ASV_603","Miguelito Dike","d__Bacteria","Chloroflexi","Dehalococcoidia","t0.6.f","t0.6.f","t0.6.f","uncultured_bacterium"
"ASV_2376","Miguelito Dike","d__Bacteria","Chloroflexi","Dehalococcoidia",NA,NA,NA,NA
"ASV_457","Miguelito Dike","d__Bacteria","Chloroflexi","Dehalococcoidia","Napoli-4B-65","Napoli-4B-65","Napoli-4B-65","uncultured_Chloroflexi"
"ASV_1231","Miguelito Dike","d__Bacteria","Chloroflexi","Dehalococcoidia","Napoli-4B-65","Napoli-4B-65","Napoli-4B-65",NA
"ASV_5069","Miguelito Dike","d__Bacteria","Chloroflexi","Dehalococcoidia","Napoli-4B-65","Napoli-4B-65","Napoli-4B-65",NA
"ASV_2771","Miguelito Dike","d__Bacteria","Chloroflexi","Dehalococcoidia","Napoli-4B-65","Napoli-4B-65","Napoli-4B-65",NA
"ASV_2417","Miguelito Dike","d__Bacteria","Chloroflexi","Dehalococcoidia","Napoli-4B-65","Napoli-4B-65","Napoli-4B-65","uncultured_Chloroflexi"
"ASV_2536","Miguelito Dike","d__Bacteria","Chloroflexi","Dehalococcoidia","Napoli-4B-65","Napoli-4B-65","Napoli-4B-65","uncultured_Chloroflexi"
"ASV_1084","Miguelito Dike","d__Bacteria","Chloroflexi","Dehalococcoidia","Napoli-4B-65","Napoli-4B-65","Napoli-4B-65",NA
"ASV_2469","Miguelito Dike","d__Bacteria","Chloroflexi","Dehalococcoidia","Napoli-4B-65","Napoli-4B-65","Napoli-4B-65","uncultured_Chloroflexi"
"ASV_279","Miguelito Dike","d__Bacteria","Chloroflexi","Dehalococcoidia","t0.6.f","t0.6.f","t0.6.f","uncultured_bacterium"
"ASV_904","Miguelito Dike","d__Bacteria","Chloroflexi","Dehalococcoidia","t0.6.f","t0.6.f","t0.6.f","uncultured_bacterium"
"ASV_156","Miguelito Dike","d__Bacteria","Chloroflexi","Dehalococcoidia","t0.6.f","t0.6.f","t0.6.f","uncultured_bacterium"
"ASV_2185","Miguelito Dike","d__Bacteria","Chloroflexi","Dehalococcoidia",NA,NA,NA,NA
"ASV_2284","Miguelito Dike","d__Bacteria","Chloroflexi","Dehalococcoidia",NA,NA,NA,NA
"ASV_3344","Miguelito Dike","d__Bacteria","Chloroflexi","Dehalococcoidia",NA,NA,NA,NA
"ASV_4757","Miguelito Dike","d__Bacteria","Chloroflexi","Dehalococcoidia","t0.6.f","t0.6.f","t0.6.f","uncultured_bacterium"
"ASV_3503","Miguelito Dike","d__Bacteria","Chloroflexi","Dehalococcoidia","t0.6.f","t0.6.f","t0.6.f","uncultured_bacterium"
"ASV_1007","Miguelito Dike","d__Bacteria","Chloroflexi","Dehalococcoidia","t0.6.f","t0.6.f","t0.6.f","uncultured_bacterium"
"ASV_7082","Miguelito Dike","d__Bacteria","Chloroflexi","Dehalococcoidia","t0.6.f","t0.6.f","t0.6.f","uncultured_bacterium"
"ASV_2046","Miguelito Dike","d__Bacteria","Chloroflexi","Dehalococcoidia","t0.6.f","t0.6.f","t0.6.f","uncultured_bacterium"
"ASV_3012","Miguelito Dike","d__Bacteria","Chloroflexi","Dehalococcoidia","t0.6.f","t0.6.f","t0.6.f","uncultured_bacterium"
"ASV_4299","Miguelito Dike","d__Bacteria","Chloroflexi","Dehalococcoidia","t0.6.f","t0.6.f","t0.6.f","uncultured_bacterium"
"ASV_4394","Miguelito Dike","d__Bacteria","Chloroflexi","Dehalococcoidia","t0.6.f","t0.6.f","t0.6.f","uncultured_bacterium"
"ASV_1083","Miguelito Dike","d__Bacteria","Chloroflexi","Dehalococcoidia","t0.6.f","t0.6.f","t0.6.f","uncultured_bacterium"
"ASV_413","Miguelito Dike","d__Bacteria","Chloroflexi","Dehalococcoidia","t0.6.f","t0.6.f","t0.6.f","uncultured_bacterium"
"ASV_2666","Miguelito Dike","d__Bacteria","Chloroflexi","Dehalococcoidia","t0.6.f","t0.6.f","t0.6.f","uncultured_bacterium"
"ASV_2390","Miguelito Dike","d__Bacteria","Chloroflexi","Dehalococcoidia","t0.6.f","t0.6.f","t0.6.f","uncultured_bacterium"
"ASV_307","Miguelito Dike","d__Bacteria","Chloroflexi","Dehalococcoidia","t0.6.f","t0.6.f","t0.6.f","uncultured_bacterium"
"ASV_1167","Miguelito Dike","d__Bacteria","Chloroflexi","Dehalococcoidia","t0.6.f","t0.6.f","t0.6.f","uncultured_bacterium"
"ASV_1921","Miguelito Dike","d__Bacteria","Chloroflexi","Dehalococcoidia","t0.6.f","t0.6.f","t0.6.f",NA
"ASV_5025","Miguelito Dike","d__Bacteria","Chloroflexi","Dehalococcoidia","Dehalococcoidales","uncultured","uncultured","uncultured_bacterium"
"ASV_4529","Miguelito Dike","d__Bacteria","Chloroflexi","Dehalococcoidia","Dehalococcoidales","uncultured","uncultured","uncultured_bacterium"
"ASV_5291","Miguelito Dike","d__Bacteria","Chloroflexi","Dehalococcoidia","Dehalococcoidales","uncultured","uncultured","uncultured_bacterium"
"ASV_2680","Miguelito Dike","d__Bacteria","Chloroflexi","Dehalococcoidia","t0.6.f","t0.6.f","t0.6.f",NA
"ASV_2841","Miguelito Dike","d__Bacteria","Chloroflexi","Dehalococcoidia","t0.6.f","t0.6.f","t0.6.f",NA
"ASV_6119","Miguelito Dike","d__Bacteria","Chloroflexi","Dehalococcoidia","t0.6.f","t0.6.f","t0.6.f",NA
"ASV_988","Miguelito Dike","d__Bacteria","Chloroflexi","Dehalococcoidia","t0.6.f","t0.6.f","t0.6.f",NA
"ASV_1755","Miguelito Dike","d__Bacteria","Chloroflexi","Dehalococcoidia","t0.6.f","t0.6.f","t0.6.f",NA
"ASV_2724","Miguelito Dike","d__Bacteria","Chloroflexi","Dehalococcoidia","t0.6.f","t0.6.f","t0.6.f",NA
"ASV_7204","Miguelito Dike","d__Bacteria","Chloroflexi","Dehalococcoidia","t0.6.f","t0.6.f","t0.6.f",NA
"ASV_3713","Miguelito Dike","d__Bacteria","Chloroflexi","Dehalococcoidia","t0.6.f","t0.6.f","t0.6.f",NA
"ASV_2952","Miguelito Dike","d__Bacteria","Chloroflexi","Dehalococcoidia","t0.6.f","t0.6.f","t0.6.f","uncultured_Chloroflexi"
"ASV_4979","Miguelito Dike","d__Bacteria","Chloroflexi","Dehalococcoidia","t0.6.f","t0.6.f","t0.6.f","uncultured_Chloroflexi"
"ASV_5041","Miguelito Dike","d__Bacteria","Chloroflexi","Dehalococcoidia","t0.6.f","t0.6.f","t0.6.f","uncultured_Chloroflexi"
"ASV_592","Miguelito Dike","d__Bacteria","Chloroflexi","Dehalococcoidia","t0.6.f","t0.6.f","t0.6.f","uncultured_Chloroflexi"
"ASV_6564","Miguelito Dike","d__Bacteria","Chloroflexi","Dehalococcoidia","t0.6.f","t0.6.f","t0.6.f","uncultured_Chloroflexi"
"ASV_4293","Miguelito Dike","d__Bacteria","Chloroflexi","Dehalococcoidia","t0.6.f","t0.6.f","t0.6.f","uncultured_Chloroflexi"
"ASV_4669","Miguelito Dike","d__Bacteria","Chloroflexi","Dehalococcoidia","t0.6.f","t0.6.f","t0.6.f","uncultured_Chloroflexi"
"ASV_5666","Miguelito Dike","d__Bacteria","Chloroflexi","Dehalococcoidia","t0.6.f","t0.6.f","t0.6.f","uncultured_Chloroflexi"
"ASV_6457","Miguelito Dike","d__Bacteria","Chloroflexi","Dehalococcoidia","t0.6.f","t0.6.f","t0.6.f","uncultured_Chloroflexi"
"ASV_1310","Miguelito Dike","d__Bacteria","Chloroflexi","Dehalococcoidia","t0.6.f","t0.6.f","t0.6.f","uncultured_Chloroflexi"
"ASV_126","Miguelito Dike","d__Bacteria","Chloroflexi","Dehalococcoidia","H3.93","H3.93","H3.93","uncultured_Chloroflexi"
"ASV_3492","Miguelito Dike","d__Bacteria","Chloroflexi","Dehalococcoidia","H3.93","H3.93","H3.93","uncultured_Chloroflexi"
"ASV_2197","Miguelito Dike","d__Bacteria","Chloroflexi","Dehalococcoidia","H3.93","H3.93","H3.93","uncultured_Chloroflexi"
"ASV_271","Miguelito Dike","d__Bacteria","Chloroflexi","Dehalococcoidia","H3.93","H3.93","H3.93","uncultured_Chloroflexi"
"ASV_1156","Miguelito Dike","d__Bacteria","Chloroflexi","Dehalococcoidia","H3.93","H3.93","H3.93","uncultured_Chloroflexi"
"ASV_1237","Miguelito Dike","d__Bacteria","Chloroflexi","Dehalococcoidia","H3.93","H3.93","H3.93","uncultured_Chloroflexi"
"ASV_3425","Miguelito Dike","d__Bacteria","Chloroflexi","Dehalococcoidia","H3.93","H3.93","H3.93","uncultured_Chloroflexi"
"ASV_4608","Miguelito Dike","d__Bacteria","Chloroflexi","Dehalococcoidia","H3.93","H3.93","H3.93","uncultured_Chloroflexi"
"ASV_2574","Miguelito Dike","d__Bacteria","Chloroflexi","Dehalococcoidia","H3.93","H3.93","H3.93","uncultured_Chloroflexi"
"ASV_1847","Miguelito Dike","d__Bacteria","Chloroflexi","Dehalococcoidia",NA,NA,NA,NA
"ASV_3252","Miguelito Dike","d__Bacteria","Chloroflexi","Dehalococcoidia","GIF3","GIF3","GIF3","uncultured_bacterium"
"ASV_902","Miguelito Dike","d__Bacteria","Chloroflexi","Dehalococcoidia","GIF3","GIF3","GIF3","uncultured_bacterium"
"ASV_3943","Miguelito Dike","d__Bacteria","Chloroflexi","Dehalococcoidia","GIF3","GIF3","GIF3","uncultured_bacterium"
"ASV_614","Miguelito Dike","d__Bacteria","Chloroflexi","Dehalococcoidia","GIF3","GIF3","GIF3","uncultured_bacterium"
"ASV_2110","Miguelito Dike","d__Bacteria","Chloroflexi","Dehalococcoidia","GIF3","GIF3","GIF3","uncultured_bacterium"
"ASV_1119","Miguelito Dike","d__Bacteria","Chloroflexi","Dehalococcoidia","GIF3","GIF3","GIF3","uncultured_bacterium"
"ASV_1680","Miguelito Dike","d__Bacteria","Chloroflexi","Dehalococcoidia","GIF3","GIF3","GIF3","uncultured_bacterium"
"ASV_2221","Miguelito Dike","d__Bacteria","Chloroflexi","Dehalococcoidia","GIF3","GIF3","GIF3","uncultured_bacterium"
"ASV_6562","Miguelito Dike","d__Bacteria","Chloroflexi","Dehalococcoidia","GIF3","GIF3","GIF3","uncultured_bacterium"
"ASV_4333","Miguelito Dike","d__Bacteria","Chloroflexi","Dehalococcoidia","GIF3","GIF3","GIF3","uncultured_bacterium"
"ASV_809","Miguelito Dike","d__Bacteria","Chloroflexi","Dehalococcoidia","GIF3","GIF3","GIF3","uncultured_bacterium"
"ASV_1160","Miguelito Dike","d__Bacteria","Chloroflexi","Dehalococcoidia","GIF3","GIF3","GIF3","uncultured_bacterium"
"ASV_2220","Miguelito Dike","d__Bacteria","Chloroflexi","Dehalococcoidia","GIF3","GIF3","GIF3","uncultured_bacterium"
"ASV_1138","Miguelito Dike","d__Bacteria","Chloroflexi","Dehalococcoidia","GIF3","GIF3","GIF3","uncultured_bacterium"
"ASV_5097","Miguelito Dike","d__Bacteria","Chloroflexi","Dehalococcoidia","GIF3","GIF3","GIF3","uncultured_bacterium"
"ASV_5296","Miguelito Dike","d__Bacteria","Chloroflexi","Dehalococcoidia","GIF3","GIF3","GIF3","uncultured_bacterium"
"ASV_1588","Miguelito Dike","d__Bacteria","Chloroflexi","Dehalococcoidia","GIF3","GIF3","GIF3","uncultured_bacterium"
"ASV_3504","Miguelito Dike","d__Bacteria","Chloroflexi","Dehalococcoidia","GIF3","GIF3","GIF3","uncultured_bacterium"
"ASV_99","Miguelito Dike","d__Bacteria","Chloroflexi","Dehalococcoidia","GIF3","GIF3","GIF3","uncultured_bacterium"
"ASV_218","Miguelito Dike","d__Bacteria","Chloroflexi","Dehalococcoidia","GIF3","GIF3","GIF3","uncultured_bacterium"
"ASV_4796","Miguelito Dike","d__Bacteria","Chloroflexi","Dehalococcoidia","GIF3","GIF3","GIF3","uncultured_bacterium"
"ASV_1661","Miguelito Dike","d__Bacteria","Chloroflexi","Dehalococcoidia","GIF3","GIF3","GIF3","uncultured_bacterium"
"ASV_5054","Miguelito Dike","d__Bacteria","Chloroflexi","Dehalococcoidia","GIF3","GIF3","GIF3","uncultured_bacterium"
"ASV_1750","Miguelito Dike","d__Bacteria","Chloroflexi","Dehalococcoidia","GIF3","GIF3","GIF3","uncultured_bacterium"
"ASV_2458","Miguelito Dike","d__Bacteria","Chloroflexi","Dehalococcoidia","GIF3","GIF3","GIF3","uncultured_bacterium"
"ASV_3632","Miguelito Dike","d__Bacteria","Chloroflexi","Dehalococcoidia","GIF3","GIF3","GIF3","uncultured_bacterium"
"ASV_4749","Miguelito Dike","d__Bacteria","Chloroflexi","Dehalococcoidia","GIF3","GIF3","GIF3","uncultured_bacterium"
"ASV_6184","Miguelito Dike","d__Bacteria","Chloroflexi","Dehalococcoidia","GIF3","GIF3","GIF3","uncultured_bacterium"
"ASV_6996","Miguelito Dike","d__Bacteria","Chloroflexi","Dehalococcoidia","GIF3","GIF3","GIF3","uncultured_bacterium"
"ASV_4474","Miguelito Dike","d__Bacteria","Chloroflexi","Dehalococcoidia","GIF3","GIF3","GIF3","uncultured_bacterium"
"ASV_6719","Miguelito Dike","d__Bacteria","Chloroflexi","Dehalococcoidia","GIF3","GIF3","GIF3","uncultured_bacterium"
"ASV_665","Miguelito Dike","d__Bacteria","Chloroflexi","Dehalococcoidia","GIF3","GIF3","GIF3","uncultured_bacterium"
"ASV_1397","Miguelito Dike","d__Bacteria","Chloroflexi","Dehalococcoidia","GIF3","GIF3","GIF3","uncultured_bacterium"
"ASV_7049","Miguelito Dike","d__Bacteria","Chloroflexi","Dehalococcoidia","GIF3","GIF3","GIF3","Dehalococcoidia_bacterium"
"ASV_1971","Miguelito Dike","d__Bacteria","Chloroflexi","Dehalococcoidia","GIF3","GIF3","GIF3",NA
"ASV_2563","Miguelito Dike","d__Bacteria","Chloroflexi","Dehalococcoidia","GIF3","GIF3","GIF3",NA
"ASV_735","Miguelito Dike","d__Bacteria","Chloroflexi","Dehalococcoidia","GIF3","GIF3","GIF3","uncultured_bacterium"
"ASV_620","Miguelito Dike","d__Bacteria","Chloroflexi","Dehalococcoidia","GIF3","GIF3","GIF3","uncultured_bacterium"
"ASV_1128","Miguelito Dike","d__Bacteria","Chloroflexi","Dehalococcoidia","GIF3","GIF3","GIF3","uncultured_bacterium"
"ASV_2810","Miguelito Dike","d__Bacteria","Chloroflexi","Dehalococcoidia","GIF3","GIF3","GIF3","uncultured_bacterium"
"ASV_6593","Miguelito Dike","d__Bacteria","Chloroflexi","Dehalococcoidia","GIF3","GIF3","GIF3","uncultured_bacterium"
"ASV_5793","Miguelito Dike","d__Bacteria","Chloroflexi","Dehalococcoidia","GIF3","GIF3","GIF3","uncultured_bacterium"
"ASV_6031","Miguelito Dike","d__Bacteria","Chloroflexi","Dehalococcoidia","GIF3","GIF3","GIF3","uncultured_bacterium"
"ASV_2715","Miguelito Dike","d__Bacteria","Chloroflexi","Dehalococcoidia","GIF3","GIF3","GIF3","uncultured_bacterium"
"ASV_3635","Miguelito Dike","d__Bacteria","Chloroflexi","Dehalococcoidia","GIF3","GIF3","GIF3","uncultured_bacterium"
"ASV_5531","Miguelito Dike","d__Bacteria","Chloroflexi","Dehalococcoidia","GIF3","GIF3","GIF3","uncultured_bacterium"
"ASV_6322","Miguelito Dike","d__Bacteria","Chloroflexi","Dehalococcoidia","GIF3","GIF3","GIF3","uncultured_bacterium"
"ASV_5739","Miguelito Dike","d__Bacteria","Chloroflexi","Dehalococcoidia","GIF3","GIF3","GIF3","uncultured_bacterium"
"ASV_4148","Miguelito Dike","d__Bacteria","Chloroflexi","Dehalococcoidia","GIF3","GIF3","GIF3","uncultured_bacterium"
"ASV_5235","Miguelito Dike","d__Bacteria","Chloroflexi","Dehalococcoidia","GIF3","GIF3","GIF3","uncultured_bacterium"
"ASV_3625","Miguelito Dike","d__Bacteria","Chloroflexi","Dehalococcoidia","GIF3","GIF3","GIF3","uncultured_bacterium"
"ASV_3172","Miguelito Dike","d__Bacteria","Chloroflexi","Dehalococcoidia","GIF3","GIF3","GIF3","uncultured_bacterium"
"ASV_2289","Miguelito Dike","d__Bacteria","Chloroflexi","Dehalococcoidia","GIF3","GIF3","GIF3","uncultured_bacterium"
"ASV_5508","Miguelito Dike","d__Bacteria","Chloroflexi","Dehalococcoidia","GIF3","GIF3","GIF3","uncultured_bacterium"
"ASV_758","Miguelito Dike","d__Bacteria","Chloroflexi","Dehalococcoidia","GIF3","GIF3","GIF3","uncultured_bacterium"
"ASV_826","Miguelito Dike","d__Bacteria","Chloroflexi","Dehalococcoidia","GIF3","GIF3","GIF3","uncultured_bacterium"
"ASV_1358","Miguelito Dike","d__Bacteria","Chloroflexi","Dehalococcoidia","GIF3","GIF3","GIF3","uncultured_bacterium"
"ASV_4203","Miguelito Dike","d__Bacteria","Chloroflexi","Dehalococcoidia","GIF3","GIF3","GIF3","uncultured_bacterium"
"ASV_5720","Miguelito Dike","d__Bacteria","Chloroflexi","Dehalococcoidia","GIF3","GIF3","GIF3","uncultured_bacterium"
"ASV_1775","Miguelito Dike","d__Bacteria","Chloroflexi","Dehalococcoidia","GIF3","GIF3","GIF3","uncultured_bacterium"
"ASV_1879","Miguelito Dike","d__Bacteria","Chloroflexi","Dehalococcoidia","GIF3","GIF3","GIF3","uncultured_bacterium"
"ASV_3573","Miguelito Dike","d__Bacteria","Chloroflexi","Dehalococcoidia","GIF3","GIF3","GIF3","uncultured_bacterium"
"ASV_3887","Miguelito Dike","d__Bacteria","Chloroflexi","Dehalococcoidia","GIF3","GIF3","GIF3","uncultured_bacterium"
"ASV_1193","Miguelito Dike","d__Bacteria","Chloroflexi","Dehalococcoidia","GIF3","GIF3","GIF3","uncultured_bacterium"
"ASV_2556","Miguelito Dike","d__Bacteria","Chloroflexi","Dehalococcoidia","GIF3","GIF3","GIF3","uncultured_bacterium"
"ASV_5210","Miguelito Dike","d__Bacteria","Chloroflexi","Dehalococcoidia","GIF3","GIF3","GIF3","uncultured_bacterium"
"ASV_1279","Miguelito Dike","d__Bacteria","Chloroflexi","Dehalococcoidia","GIF3","GIF3","GIF3","uncultured_bacterium"
"ASV_1951","Miguelito Dike","d__Bacteria","Chloroflexi","Dehalococcoidia","GIF3","GIF3","GIF3","uncultured_bacterium"
"ASV_4670","Miguelito Dike","d__Bacteria","Chloroflexi","Dehalococcoidia","GIF3","GIF3","GIF3","uncultured_bacterium"
"ASV_6260","Miguelito Dike","d__Bacteria","Chloroflexi","Dehalococcoidia","GIF3","GIF3","GIF3","uncultured_bacterium"
"ASV_5514","Miguelito Dike","d__Bacteria","Chloroflexi","Dehalococcoidia","GIF3","GIF3","GIF3","uncultured_bacterium"
"ASV_4233","Miguelito Dike","d__Bacteria","Chloroflexi","Dehalococcoidia","GIF3","GIF3","GIF3","uncultured_bacterium"
"ASV_5686","Miguelito Dike","d__Bacteria","Chloroflexi","Dehalococcoidia","GIF3","GIF3","GIF3","uncultured_bacterium"
"ASV_6590","Miguelito Dike","d__Bacteria","Chloroflexi","Dehalococcoidia","GIF3","GIF3","GIF3",NA
"ASV_6404","Miguelito Dike","d__Bacteria","Chloroflexi","Dehalococcoidia","GIF3","GIF3","GIF3","uncultured_bacterium"
"ASV_4783","Miguelito Dike","d__Bacteria","Chloroflexi","Dehalococcoidia","GIF3","GIF3","GIF3","uncultured_bacterium"
"ASV_4585","Miguelito Dike","d__Bacteria","Chloroflexi","Dehalococcoidia","GIF3","GIF3","GIF3","uncultured_bacterium"
"ASV_2107","Miguelito Dike","d__Bacteria","Chloroflexi","Dehalococcoidia","GIF3","GIF3","GIF3","uncultured_bacterium"
"ASV_6904","Miguelito Dike","d__Bacteria","Chloroflexi","Dehalococcoidia","GIF3","GIF3","GIF3","uncultured_bacterium"
"ASV_5665","Miguelito Dike","d__Bacteria","Chloroflexi","Dehalococcoidia","GIF3","GIF3","GIF3","uncultured_bacterium"
"ASV_4785","Miguelito Dike","d__Bacteria","Chloroflexi","Dehalococcoidia","GIF3","GIF3","GIF3","uncultured_bacterium"
"ASV_4938","Miguelito Dike","d__Bacteria","Chloroflexi","Dehalococcoidia","GIF3","GIF3","GIF3","uncultured_bacterium"
"ASV_4707","Miguelito Dike","d__Bacteria","Chloroflexi","Dehalococcoidia","GIF3","GIF3","GIF3","uncultured_bacterium"
"ASV_5387","Miguelito Dike","d__Bacteria","Chloroflexi","Dehalococcoidia","GIF3","GIF3","GIF3","uncultured_bacterium"
"ASV_2314","Miguelito Dike","d__Bacteria","Chloroflexi","Dehalococcoidia","GIF3","GIF3","GIF3","uncultured_bacterium"
"ASV_3423","Miguelito Dike","d__Bacteria","Chloroflexi","Dehalococcoidia","GIF3","GIF3","GIF3","uncultured_bacterium"
"ASV_3147","Miguelito Dike","d__Bacteria","Chloroflexi","Dehalococcoidia","GIF3","GIF3","GIF3",NA
"ASV_5389","Miguelito Dike","d__Bacteria","Chloroflexi","Dehalococcoidia","GIF3","GIF3","GIF3","uncultured_bacterium"
"ASV_6455","Miguelito Dike","d__Bacteria","Chloroflexi","Dehalococcoidia","GIF3","GIF3","GIF3","uncultured_bacterium"
"ASV_1224","Miguelito Dike","d__Bacteria","Chloroflexi","Dehalococcoidia","GIF3","GIF3","GIF3","uncultured_bacterium"
"ASV_6701","Miguelito Dike","d__Bacteria","Chloroflexi","Dehalococcoidia","GIF3","GIF3","GIF3","uncultured_bacterium"
"ASV_3011","Miguelito Dike","d__Bacteria","Chloroflexi","Dehalococcoidia","GIF3","GIF3","GIF3","uncultured_bacterium"
"ASV_1773","Miguelito Dike","d__Bacteria","Chloroflexi","Dehalococcoidia","GIF3","GIF3","GIF3","uncultured_bacterium"
"ASV_4978","Miguelito Dike","d__Bacteria","Chloroflexi","Dehalococcoidia","GIF3","GIF3","GIF3","uncultured_bacterium"
"ASV_3222","Miguelito Dike","d__Bacteria","Chloroflexi","Dehalococcoidia","GIF3","GIF3","GIF3","uncultured_bacterium"
"ASV_6659","Miguelito Dike","d__Bacteria","Chloroflexi","Dehalococcoidia","GIF3","GIF3","GIF3","uncultured_bacterium"
"ASV_5368","Miguelito Dike","d__Bacteria","Chloroflexi","Dehalococcoidia","GIF3","GIF3","GIF3","uncultured_bacterium"
"ASV_107","Miguelito Dike","d__Bacteria","Chloroflexi","Dehalococcoidia","GIF3","GIF3","GIF3","uncultured_bacterium"
"ASV_6168","Miguelito Dike","d__Bacteria","Chloroflexi","Dehalococcoidia","GIF3","GIF3","GIF3","uncultured_bacterium"
"ASV_2960","Miguelito Dike","d__Bacteria","Chloroflexi","Dehalococcoidia","GIF3","GIF3","GIF3","uncultured_bacterium"
"ASV_2882","Miguelito Dike","d__Bacteria","Chloroflexi","Dehalococcoidia","GIF3","GIF3","GIF3","uncultured_bacterium"
"ASV_2143","Miguelito Dike","d__Bacteria","Chloroflexi","Dehalococcoidia","GIF3","GIF3","GIF3","uncultured_bacterium"
"ASV_3628","Miguelito Dike","d__Bacteria","Chloroflexi","Dehalococcoidia","GIF3","GIF3","GIF3","uncultured_bacterium"
"ASV_7043","Miguelito Dike","d__Bacteria","Chloroflexi","Dehalococcoidia","GIF3","GIF3","GIF3","uncultured_bacterium"
"ASV_7097","Miguelito Dike","d__Bacteria","Chloroflexi","Dehalococcoidia","GIF3","GIF3","GIF3",NA
"ASV_5000","Miguelito Dike","d__Bacteria","Chloroflexi","Dehalococcoidia","GIF3","GIF3","GIF3","uncultured_bacterium"
"ASV_5565","Miguelito Dike","d__Bacteria","Chloroflexi","Dehalococcoidia","Sh765B-AG-111","Sh765B-AG-111","Sh765B-AG-111","uncultured_Chloroflexi"
"ASV_4905","Miguelito Dike","d__Bacteria","Chloroflexi","Dehalococcoidia","Sh765B-AG-111","Sh765B-AG-111","Sh765B-AG-111",NA
"ASV_6557","Miguelito Dike","d__Bacteria","Chloroflexi","Dehalococcoidia","Sh765B-AG-111","Sh765B-AG-111","Sh765B-AG-111",NA
"ASV_1315","Miguelito Dike","d__Bacteria","Chloroflexi","Dehalococcoidia","Dehalococcoidales","uncultured","uncultured","uncultured_soil"
"ASV_3587","Miguelito Dike","d__Bacteria","Chloroflexi","Dehalococcoidia","Dehalococcoidales","uncultured","uncultured","uncultured_bacterium"
"ASV_5404","Miguelito Dike","d__Bacteria","Chloroflexi","Dehalococcoidia","Dehalococcoidales","uncultured","uncultured","uncultured_bacterium"
"ASV_6924","Miguelito Dike","d__Bacteria","Chloroflexi","Dehalococcoidia",NA,NA,NA,NA
"ASV_5340","Miguelito Dike","d__Bacteria","Chloroflexi","Dehalococcoidia",NA,NA,NA,NA
"ASV_4314","Miguelito Dike","d__Bacteria","Chloroflexi","Dehalococcoidia","Sh765B-AG-111","Sh765B-AG-111","Sh765B-AG-111",NA
"ASV_3271","Miguelito Dike","d__Bacteria","Chloroflexi","Dehalococcoidia","Sh765B-AG-111","Sh765B-AG-111","Sh765B-AG-111",NA
"ASV_4632","Miguelito Dike","d__Bacteria","Chloroflexi","Dehalococcoidia","Sh765B-AG-111","Sh765B-AG-111","Sh765B-AG-111",NA
"ASV_6618","Miguelito Dike","d__Bacteria","Chloroflexi","Dehalococcoidia","Sh765B-AG-111","Sh765B-AG-111","Sh765B-AG-111",NA
"ASV_3537","Miguelito Dike","d__Bacteria","Chloroflexi","Dehalococcoidia","Sh765B-AG-111","Sh765B-AG-111","Sh765B-AG-111",NA
"ASV_6992","Miguelito Dike","d__Bacteria","Chloroflexi","Dehalococcoidia","Sh765B-AG-111","Sh765B-AG-111","Sh765B-AG-111",NA
"ASV_5605","Miguelito Dike","d__Bacteria","Chloroflexi","Dehalococcoidia",NA,NA,NA,NA
"ASV_6111","Miguelito Dike","d__Bacteria","Chloroflexi","Dehalococcoidia",NA,NA,NA,NA
"ASV_3335","Miguelito Dike","d__Bacteria","Chloroflexi","Dehalococcoidia","Sh765B-AG-111","Sh765B-AG-111","Sh765B-AG-111",NA
"ASV_6320","Miguelito Dike","d__Bacteria","Chloroflexi","Dehalococcoidia",NA,NA,NA,NA
"ASV_4357","Miguelito Dike","d__Bacteria","Chloroflexi","Dehalococcoidia",NA,NA,NA,NA
"ASV_4352","Miguelito Dike","d__Bacteria","Chloroflexi","Dehalococcoidia",NA,NA,NA,NA
"ASV_6879","Miguelito Dike","d__Bacteria","Chloroflexi","Dehalococcoidia",NA,NA,NA,NA
"ASV_6043","Miguelito Dike","d__Bacteria","Chloroflexi","Dehalococcoidia",NA,NA,NA,NA
"ASV_1320","Miguelito Dike","d__Bacteria","Chloroflexi","Dehalococcoidia","Sh765B-AG-111","Sh765B-AG-111","Sh765B-AG-111","uncultured_bacterium"
"ASV_3242","Miguelito Dike","d__Bacteria","Chloroflexi","Dehalococcoidia","Sh765B-AG-111","Sh765B-AG-111","Sh765B-AG-111","uncultured_bacterium"
"ASV_5887","Miguelito Dike","d__Bacteria","Chloroflexi","Dehalococcoidia",NA,NA,NA,NA
"ASV_4823","Miguelito Dike","d__Bacteria","Chloroflexi","Dehalococcoidia","Napoli-4B-65","Napoli-4B-65","Napoli-4B-65","uncultured_bacterium"
"ASV_5234","Miguelito Dike","d__Bacteria","Chloroflexi","Dehalococcoidia",NA,NA,NA,NA
"ASV_3183","Miguelito Dike","d__Bacteria","Chloroflexi","Dehalococcoidia",NA,NA,NA,NA
"ASV_240","Miguelito Dike","d__Bacteria","Chloroflexi","Dehalococcoidia","Sh765B-AG-111","Sh765B-AG-111","Sh765B-AG-111","uncultured_bacterium"
"ASV_2555","Miguelito Dike","d__Bacteria","Chloroflexi","Dehalococcoidia",NA,NA,NA,NA
"ASV_4644","Miguelito Dike","d__Bacteria","Chloroflexi","Dehalococcoidia","FW22","FW22","FW22","uncultured_bacterium"
"ASV_6966","Miguelito Dike","d__Bacteria","Chloroflexi","Dehalococcoidia","FW22","FW22","FW22","uncultured_bacterium"
"ASV_4478","Miguelito Dike","d__Bacteria","Chloroflexi","Dehalococcoidia",NA,NA,NA,NA
"ASV_4882","Miguelito Dike","d__Bacteria","Chloroflexi","Dehalococcoidia",NA,NA,NA,NA
"ASV_5908","Miguelito Dike","d__Bacteria","Chloroflexi","Dehalococcoidia",NA,NA,NA,NA
"ASV_5547","Miguelito Dike","d__Bacteria","Chloroflexi","Dehalococcoidia","GIF3","GIF3","GIF3","uncultured_bacterium"
"ASV_378","Miguelito Dike","d__Bacteria","Chloroflexi","Dehalococcoidia","FW22","FW22","FW22","uncultured_bacterium"
"ASV_1389","Miguelito Dike","d__Bacteria","Chloroflexi","Dehalococcoidia","FW22","FW22","FW22","uncultured_bacterium"
"ASV_2520","Miguelito Dike","d__Bacteria","Chloroflexi","Dehalococcoidia","FW22","FW22","FW22","uncultured_bacterium"
"ASV_2905","Miguelito Dike","d__Bacteria","Chloroflexi","Dehalococcoidia",NA,NA,NA,NA
"ASV_6933","Miguelito Dike","d__Bacteria","Chloroflexi","Dehalococcoidia","H3.93","H3.93","H3.93","uncultured_bacterium"
"ASV_5649","Miguelito Dike","d__Bacteria","Chloroflexi","Dehalococcoidia",NA,NA,NA,NA
"ASV_4884","Miguelito Dike","d__Bacteria","Chloroflexi","Dehalococcoidia",NA,NA,NA,NA
"ASV_3709","Miguelito Dike","d__Bacteria","Chloroflexi","Dehalococcoidia","FW22","FW22","FW22","uncultured_Chloroflexi"
"ASV_6170","Miguelito Dike","d__Bacteria","Chloroflexi","Dehalococcoidia","FW22","FW22","FW22","uncultured_Chloroflexi"
"ASV_5869","Miguelito Dike","d__Bacteria","Chloroflexi","Dehalococcoidia",NA,NA,NA,NA
"ASV_139","Miguelito Dike","d__Bacteria","Chloroflexi","Dehalococcoidia","661239","661239","661239","uncultured_bacterium"
"ASV_3190","Miguelito Dike","d__Bacteria","Chloroflexi","Dehalococcoidia","661239","661239","661239","uncultured_bacterium"
"ASV_3918","Miguelito Dike","d__Bacteria","Chloroflexi","Dehalococcoidia","661239","661239","661239","uncultured_bacterium"
"ASV_6004","Miguelito Dike","d__Bacteria","Chloroflexi","Dehalococcoidia","661239","661239","661239","uncultured_bacterium"
"ASV_609","Miguelito Dike","d__Bacteria","Chloroflexi","Dehalococcoidia","661239","661239","661239","uncultured_bacterium"
"ASV_7176","Miguelito Dike","d__Bacteria","Chloroflexi","Dehalococcoidia","661239","661239","661239","uncultured_bacterium"
"ASV_5603","Miguelito Dike","d__Bacteria","Chloroflexi","Dehalococcoidia","661239","661239","661239",NA
"ASV_2870","Miguelito Dike","d__Bacteria","Chloroflexi","Dehalococcoidia","SPG12-343-353-B75","SPG12-343-353-B75","SPG12-343-353-B75","uncultured_bacterium"
"ASV_960","Miguelito Dike","d__Bacteria","Chloroflexi","Dehalococcoidia",NA,NA,NA,NA
"ASV_762","Miguelito Dike","d__Bacteria","Chloroflexi","Dehalococcoidia","Dehalococcoidia","Dehalococcoidia","Dehalococcoidia","uncultured_bacterium"
"ASV_5574","Miguelito Dike","d__Bacteria","Chloroflexi","Dehalococcoidia",NA,NA,NA,NA
"ASV_681","Miguelito Dike","d__Bacteria","Chloroflexi","Dehalococcoidia","661239","661239","661239","uncultured_bacterium"
"ASV_2698","Miguelito Dike","d__Bacteria","Chloroflexi","Dehalococcoidia","661239","661239","661239","uncultured_bacterium"
"ASV_4428","Miguelito Dike","d__Bacteria","Chloroflexi","Dehalococcoidia",NA,NA,NA,NA
"ASV_4840","Miguelito Dike","d__Bacteria","Chloroflexi","Dehalococcoidia",NA,NA,NA,NA
"ASV_5185","Miguelito Dike","d__Bacteria","Chloroflexi","Dehalococcoidia","661239","661239","661239","uncultured_bacterium"
"ASV_3773","Miguelito Dike","d__Bacteria","Chloroflexi","Dehalococcoidia","661239","661239","661239","uncultured_bacterium"
"ASV_6991","Miguelito Dike","d__Bacteria","Chloroflexi","Dehalococcoidia","SPG12-343-353-B75","SPG12-343-353-B75","SPG12-343-353-B75","uncultured_bacterium"
"ASV_5231","Miguelito Dike","d__Bacteria","Chloroflexi","Dehalococcoidia",NA,NA,NA,NA
"ASV_6139","Miguelito Dike","d__Bacteria","Chloroflexi","Dehalococcoidia",NA,NA,NA,NA
"ASV_5685","Miguelito Dike","d__Bacteria","Chloroflexi","Dehalococcoidia","SPG12-343-353-B75","SPG12-343-353-B75","SPG12-343-353-B75","uncultured_bacterium"
"ASV_5853","Miguelito Dike","d__Bacteria","Chloroflexi","Dehalococcoidia",NA,NA,NA,NA
"ASV_5740","Miguelito Dike","d__Bacteria","Chloroflexi","Dehalococcoidia","661239","661239","661239","uncultured_bacterium"
"ASV_2063","Miguelito Dike","d__Bacteria","Chloroflexi","Dehalococcoidia",NA,NA,NA,NA
"ASV_4258","Miguelito Dike","d__Bacteria","Chloroflexi","Dehalococcoidia","661239","661239","661239","uncultured_bacterium"
"ASV_4325","Miguelito Dike","d__Bacteria","Chloroflexi","Dehalococcoidia",NA,NA,NA,NA
"ASV_1970","Miguelito Dike","d__Bacteria","Chloroflexi","Dehalococcoidia","661239","661239","661239","uncultured_bacterium"
"ASV_4569","Miguelito Dike","d__Bacteria","Chloroflexi","Dehalococcoidia","661239","661239","661239","uncultured_bacterium"
"ASV_6682","Miguelito Dike","d__Bacteria","Chloroflexi","Dehalococcoidia",NA,NA,NA,NA
"ASV_6380","Miguelito Dike","d__Bacteria","Chloroflexi","Dehalococcoidia","661239","661239","661239","uncultured_bacterium"
"ASV_6681","Miguelito Dike","d__Bacteria","Chloroflexi","Dehalococcoidia",NA,NA,NA,NA
"ASV_4724","Miguelito Dike","d__Bacteria","Chloroflexi","Dehalococcoidia","661239","661239","661239","uncultured_bacterium"
"ASV_3301","Miguelito Dike","d__Bacteria","Chloroflexi","Dehalococcoidia",NA,NA,NA,NA
"ASV_4354","Miguelito Dike","d__Bacteria","Chloroflexi","Dehalococcoidia",NA,NA,NA,NA
"ASV_5002","Miguelito Dike","d__Bacteria","Chloroflexi","Dehalococcoidia","Dehalococcoidales","uncultured","uncultured","uncultured_bacterium"
"ASV_1807","Miguelito Dike","d__Bacteria","Chloroflexi","Dehalococcoidia","Dehalococcoidales","uncultured","uncultured","uncultured_bacterium"
"ASV_4095","Miguelito Dike","d__Bacteria","Chloroflexi","Dehalococcoidia",NA,NA,NA,NA
"ASV_2840","Miguelito Dike","d__Bacteria","Chloroflexi","Dehalococcoidia",NA,NA,NA,NA
"ASV_4624","Miguelito Dike","d__Bacteria","Chloroflexi","Dehalococcoidia",NA,NA,NA,NA
"ASV_2242","Miguelito Dike","d__Bacteria","Chloroflexi","Dehalococcoidia","SPG12-343-353-B75","SPG12-343-353-B75","SPG12-343-353-B75","uncultured_bacterium"
"ASV_6507","Miguelito Dike","d__Bacteria","Chloroflexi","Dehalococcoidia","SPG12-343-353-B75","SPG12-343-353-B75","SPG12-343-353-B75","uncultured_bacterium"
"ASV_3884","Miguelito Dike","d__Bacteria","Chloroflexi","Dehalococcoidia","661239","661239","661239","uncultured_bacterium"
"ASV_5925","Miguelito Dike","d__Bacteria","Chloroflexi","Dehalococcoidia","Sh765B-TzT-20","Sh765B-TzT-20","Sh765B-TzT-20","uncultured_Chloroflexi"
"ASV_4681","Miguelito Dike","d__Bacteria","Chloroflexi","Dehalococcoidia","Sh765B-TzT-20","Sh765B-TzT-20","Sh765B-TzT-20","uncultured_Chloroflexi"
"ASV_4225","Miguelito Dike","d__Bacteria","Chloroflexi","Dehalococcoidia","Sh765B-TzT-20","Sh765B-TzT-20","Sh765B-TzT-20","uncultured_Chloroflexi"
"ASV_7027","Miguelito Dike","d__Bacteria","Chloroflexi","Dehalococcoidia","Sh765B-AG-111","Sh765B-AG-111","Sh765B-AG-111","uncultured_bacterium"
"ASV_946","Miguelito Dike","d__Bacteria","Chloroflexi","Dehalococcoidia","ER-E4-17","ER-E4-17","ER-E4-17","uncultured_bacterium"
"ASV_6114","Miguelito Dike","d__Bacteria","Chloroflexi","Dehalococcoidia","ER-E4-17","ER-E4-17","ER-E4-17","uncultured_bacterium"
"ASV_2853","Miguelito Dike","d__Bacteria","Chloroflexi","Dehalococcoidia","ER-E4-17","ER-E4-17","ER-E4-17","uncultured_Chloroflexi"
"ASV_6508","Miguelito Dike","d__Bacteria","Chloroflexi","Dehalococcoidia","ER-E4-17","ER-E4-17","ER-E4-17","uncultured_bacterium"
"ASV_7130","Miguelito Dike","d__Bacteria","Chloroflexi","Dehalococcoidia","ER-E4-17","ER-E4-17","ER-E4-17","uncultured_bacterium"
"ASV_2112","Miguelito Dike","d__Bacteria","Chloroflexi","Dehalococcoidia",NA,NA,NA,NA
"ASV_2822","Miguelito Dike","d__Bacteria","Chloroflexi","Dehalococcoidia",NA,NA,NA,NA
"ASV_1175","Miguelito Dike","d__Bacteria","Chloroflexi","Dehalococcoidia",NA,NA,NA,NA
"ASV_2978","Miguelito Dike","d__Bacteria","Chloroflexi","Dehalococcoidia","GIF3","GIF3","GIF3","uncultured_bacterium"
"ASV_4767","Miguelito Dike","d__Bacteria","Chloroflexi","Dehalococcoidia","Napoli-4B-65","Napoli-4B-65","Napoli-4B-65","uncultured_bacterium"
"ASV_5375","Miguelito Dike","d__Bacteria","Chloroflexi","Dehalococcoidia",NA,NA,NA,NA
"ASV_6827","Miguelito Dike","d__Bacteria","Chloroflexi","Dehalococcoidia",NA,NA,NA,NA
"ASV_1100","Miguelito Dike","d__Bacteria","Chloroflexi","Dehalococcoidia","Dehalococcoidia","Dehalococcoidia","Dehalococcoidia","uncultured_bacterium"
"ASV_1101","Miguelito Dike","d__Bacteria","Chloroflexi","Dehalococcoidia","Dehalococcoidia","Dehalococcoidia","Dehalococcoidia","uncultured_bacterium"
"ASV_1719","Miguelito Dike","d__Bacteria","Chloroflexi","Dehalococcoidia","Dehalococcoidia","Dehalococcoidia","Dehalococcoidia","uncultured_bacterium"
"ASV_4571","Miguelito Dike","d__Bacteria","Chloroflexi","Dehalococcoidia","RBG-13-46-9","RBG-13-46-9","RBG-13-46-9","Chloroflexi_bacterium"
"ASV_4822","Miguelito Dike","d__Bacteria","Chloroflexi","Dehalococcoidia","RBG-13-46-9","RBG-13-46-9","RBG-13-46-9","uncultured_bacterium"
"ASV_3846","Miguelito Dike","d__Bacteria","Chloroflexi","Dehalococcoidia","Napoli-4B-65","Napoli-4B-65","Napoli-4B-65","uncultured_bacterium"
"ASV_5213","Miguelito Dike","d__Bacteria","Chloroflexi","Dehalococcoidia","Napoli-4B-65","Napoli-4B-65","Napoli-4B-65","uncultured_bacterium"
"ASV_3509","Miguelito Dike","d__Bacteria","Chloroflexi","Dehalococcoidia",NA,NA,NA,NA
"ASV_5648","Miguelito Dike","d__Bacteria","Chloroflexi","Dehalococcoidia",NA,NA,NA,NA
"ASV_915","Miguelito Dike","d__Bacteria","Chloroflexi","Dehalococcoidia","vadinBA26","vadinBA26","vadinBA26","uncultured_bacterium"
"ASV_2973","Miguelito Dike","d__Bacteria","Chloroflexi","Dehalococcoidia","vadinBA26","vadinBA26","vadinBA26","uncultured_bacterium"
"ASV_3162","Miguelito Dike","d__Bacteria","Chloroflexi","Dehalococcoidia","vadinBA26","vadinBA26","vadinBA26","uncultured_bacterium"
"ASV_6810","Miguelito Dike","d__Bacteria","Chloroflexi","Dehalococcoidia","vadinBA26","vadinBA26","vadinBA26","uncultured_bacterium"
"ASV_6801","Miguelito Dike","d__Bacteria","Chloroflexi","Dehalococcoidia","vadinBA26","vadinBA26","vadinBA26","uncultured_bacterium"
"ASV_6993","Miguelito Dike","d__Bacteria","Chloroflexi","Dehalococcoidia","vadinBA26","vadinBA26","vadinBA26","uncultured_bacterium"
"ASV_3074","Miguelito Dike","d__Bacteria","Chloroflexi","Dehalococcoidia","vadinBA26","vadinBA26","vadinBA26","uncultured_bacterium"
"ASV_2014","Miguelito Dike","d__Bacteria","Chloroflexi","Dehalococcoidia","vadinBA26","vadinBA26","vadinBA26","uncultured_bacterium"
"ASV_1631","Miguelito Dike","d__Bacteria","Chloroflexi","Dehalococcoidia","vadinBA26","vadinBA26","vadinBA26","uncultured_bacterium"
"ASV_6615","Miguelito Dike","d__Bacteria","Chloroflexi","Dehalococcoidia","vadinBA26","vadinBA26","vadinBA26","uncultured_bacterium"
"ASV_2836","Miguelito Dike","d__Bacteria","Chloroflexi","Dehalococcoidia","vadinBA26","vadinBA26","vadinBA26","uncultured_bacterium"
"ASV_1282","Miguelito Dike","d__Bacteria","Chloroflexi","Dehalococcoidia",NA,NA,NA,NA
"ASV_1483","Miguelito Dike","d__Bacteria","Chloroflexi","Dehalococcoidia",NA,NA,NA,NA
"ASV_1497","Miguelito Dike","d__Bacteria","Chloroflexi","Dehalococcoidia","vadinBA26","vadinBA26","vadinBA26","uncultured_bacterium"
"ASV_1632","Miguelito Dike","d__Bacteria","Chloroflexi","Dehalococcoidia",NA,NA,NA,NA
"ASV_7183","Miguelito Dike","d__Bacteria","Chloroflexi","Dehalococcoidia",NA,NA,NA,NA
"ASV_5755","Miguelito Dike","d__Bacteria","Chloroflexi","Dehalococcoidia",NA,NA,NA,NA
"ASV_4534","Miguelito Dike","d__Bacteria","Chloroflexi","Dehalococcoidia","MSBL5","MSBL5","MSBL5","uncultured_bacterium"
"ASV_1039","Miguelito Dike","d__Bacteria","Chloroflexi","Dehalococcoidia","MSBL5","MSBL5","MSBL5","uncultured_bacterium"
"ASV_4266","Miguelito Dike","d__Bacteria","Chloroflexi","Dehalococcoidia","MSBL5","MSBL5","MSBL5","uncultured_bacterium"
"ASV_2134","Miguelito Dike","d__Bacteria","Chloroflexi","Dehalococcoidia","MSBL5","MSBL5","MSBL5",NA
"ASV_1165","Miguelito Dike","d__Bacteria","Chloroflexi","Dehalococcoidia","MSBL5","MSBL5","MSBL5","uncultured_bacterium"
"ASV_1340","Miguelito Dike","d__Bacteria","Chloroflexi","Dehalococcoidia","MSBL5","MSBL5","MSBL5","uncultured_bacterium"
"ASV_2969","Miguelito Dike","d__Bacteria","Chloroflexi","Dehalococcoidia","MSBL5","MSBL5","MSBL5","uncultured_bacterium"
"ASV_3093","Miguelito Dike","d__Bacteria","Chloroflexi","Dehalococcoidia","MSBL5","MSBL5","MSBL5","uncultured_bacterium"
"ASV_5792","Miguelito Dike","d__Bacteria","Chloroflexi","Dehalococcoidia","MSBL5","MSBL5","MSBL5","uncultured_bacterium"
"ASV_2685","Miguelito Dike","d__Bacteria","Chloroflexi","Dehalococcoidia","GIF9","AB-539-J10","SCGC-AB-539-J10",NA
"ASV_1059","Miguelito Dike","d__Bacteria","Chloroflexi","Dehalococcoidia","GIF9","AB-539-J10","SCGC-AB-539-J10","uncultured_bacterium"
"ASV_5493","Miguelito Dike","d__Bacteria","Chloroflexi","Dehalococcoidia","GIF9","AB-539-J10","SCGC-AB-539-J10","uncultured_bacterium"
"ASV_3443","Miguelito Dike","d__Bacteria","Chloroflexi","Dehalococcoidia","GIF9","AB-539-J10","SCGC-AB-539-J10","uncultured_Chloroflexi"
"ASV_1281","Miguelito Dike","d__Bacteria","Chloroflexi","Dehalococcoidia","GIF9","AB-539-J10","SCGC-AB-539-J10","uncultured_Chloroflexi"
"ASV_3464","Miguelito Dike","d__Bacteria","Chloroflexi","Dehalococcoidia","GIF9","AB-539-J10","SCGC-AB-539-J10","uncultured_Chloroflexi"
"ASV_1362","Miguelito Dike","d__Bacteria","Chloroflexi","Dehalococcoidia","GIF9","AB-539-J10","SCGC-AB-539-J10",NA
"ASV_3869","Miguelito Dike","d__Bacteria","Chloroflexi","Dehalococcoidia","GIF9","AB-539-J10","SCGC-AB-539-J10",NA
"ASV_5390","Miguelito Dike","d__Bacteria","Chloroflexi","Dehalococcoidia","GIF9","AB-539-J10","SCGC-AB-539-J10","uncultured_bacterium"
"ASV_305","Miguelito Dike","d__Bacteria","Chloroflexi","Dehalococcoidia","GIF9","AB-539-J10","SCGC-AB-539-J10",NA
"ASV_1195","Miguelito Dike","d__Bacteria","Chloroflexi","Dehalococcoidia","GIF9","AB-539-J10","SCGC-AB-539-J10","uncultured_bacterium"
"ASV_1422","Miguelito Dike","d__Bacteria","Chloroflexi","Dehalococcoidia","GIF9","AB-539-J10","SCGC-AB-539-J10","uncultured_bacterium"
"ASV_1781","Miguelito Dike","d__Bacteria","Chloroflexi","Dehalococcoidia","GIF9","AB-539-J10","SCGC-AB-539-J10","uncultured_bacterium"
"ASV_5248","Miguelito Dike","d__Bacteria","Chloroflexi","Dehalococcoidia","GIF9","AB-539-J10","SCGC-AB-539-J10","uncultured_bacterium"
"ASV_3174","Miguelito Dike","d__Bacteria","Chloroflexi","Dehalococcoidia","GIF9","AB-539-J10","SCGC-AB-539-J10","uncultured_bacterium"
"ASV_1283","Miguelito Dike","d__Bacteria","Chloroflexi","Dehalococcoidia","GIF9","AB-539-J10","AB-539-J10","uncultured_bacterium"
"ASV_1359","Miguelito Dike","d__Bacteria","Chloroflexi","Dehalococcoidia","GIF9","AB-539-J10","AB-539-J10","uncultured_bacterium"
"ASV_4054","Miguelito Dike","d__Bacteria","Chloroflexi","Dehalococcoidia","GIF9","AB-539-J10","AB-539-J10","uncultured_bacterium"
"ASV_2214","Miguelito Dike","d__Bacteria","Chloroflexi","Dehalococcoidia","GIF9","GIF9","GIF9","uncultured_bacterium"
"ASV_3230","Miguelito Dike","d__Bacteria","Chloroflexi","Dehalococcoidia","GIF9","GIF9","GIF9","uncultured_bacterium"
"ASV_5232","Miguelito Dike","d__Bacteria","Chloroflexi","Dehalococcoidia","GIF9","GIF9","GIF9","uncultured_bacterium"
"ASV_682","Miguelito Dike","d__Bacteria","Chloroflexi","Dehalococcoidia","GIF9","GIF9","GIF9","uncultured_bacterium"
"ASV_772","Miguelito Dike","d__Bacteria","Chloroflexi","Dehalococcoidia","GIF9","GIF9","GIF9","uncultured_bacterium"
"ASV_5650","Miguelito Dike","d__Bacteria","Chloroflexi","Dehalococcoidia","GIF9","GIF9","GIF9","uncultured_bacterium"
"ASV_2635","Miguelito Dike","d__Bacteria","Chloroflexi","Dehalococcoidia","GIF9","GIF9","GIF9","uncultured_bacterium"
"ASV_3678","Miguelito Dike","d__Bacteria","Chloroflexi","Dehalococcoidia","GIF9","GIF9","GIF9","uncultured_bacterium"
"ASV_2089","Miguelito Dike","d__Bacteria","Chloroflexi","Dehalococcoidia","GIF9","GIF9","GIF9","uncultured_bacterium"
"ASV_1127","Miguelito Dike","d__Bacteria","Chloroflexi","Dehalococcoidia","GIF9","GIF9","GIF9",NA
"ASV_2625","Miguelito Dike","d__Bacteria","Chloroflexi","Dehalococcoidia","GIF9","GIF9","GIF9","uncultured_Chloroflexi"
"ASV_503","Miguelito Dike","d__Bacteria","Chloroflexi","Dehalococcoidia","GIF9","GIF9","GIF9",NA
"ASV_5868","Miguelito Dike","d__Bacteria","Chloroflexi","Dehalococcoidia","GIF9","GIF9","GIF9",NA
"ASV_1762","Miguelito Dike","d__Bacteria","Chloroflexi","Dehalococcoidia","GIF9","GIF9","GIF9","uncultured_Chloroflexi"
"ASV_2723","Miguelito Dike","d__Bacteria","Chloroflexi","Dehalococcoidia","GIF9","GIF9","GIF9","uncultured_Chloroflexi"
"ASV_2649","Miguelito Dike","d__Bacteria","Chloroflexi","Dehalococcoidia","GIF9","GIF9","GIF9","uncultured_Chloroflexi"
"ASV_6555","Miguelito Dike","d__Bacteria","Chloroflexi","Dehalococcoidia","GIF9","GIF9","GIF9","uncultured_bacterium"
"ASV_4832","Miguelito Dike","d__Bacteria","Chloroflexi","Dehalococcoidia","GIF9","GIF9","GIF9","uncultured_bacterium"
"ASV_2877","Miguelito Dike","d__Bacteria","Chloroflexi","Dehalococcoidia","GIF9","GIF9","GIF9","uncultured_bacterium"
"ASV_2080","Miguelito Dike","d__Bacteria","Chloroflexi","Dehalococcoidia","GIF9","GIF9","GIF9","uncultured_bacterium"
"ASV_5199","Miguelito Dike","d__Bacteria","Chloroflexi","Dehalococcoidia","GIF9","GIF9","GIF9","uncultured_soil"
"ASV_2648","Miguelito Dike","d__Bacteria","Chloroflexi","Dehalococcoidia","GIF9","GIF9","GIF9","uncultured_bacterium"
"ASV_941","Miguelito Dike","d__Bacteria","Chloroflexi","Dehalococcoidia","GIF9","GIF9","GIF9","uncultured_bacterium"
"ASV_3515","Miguelito Dike","d__Bacteria","Chloroflexi","Dehalococcoidia","GIF9","GIF9","GIF9","uncultured_bacterium"
"ASV_5273","Miguelito Dike","d__Bacteria","Chloroflexi","Dehalococcoidia","GIF9","GIF9","GIF9",NA
"ASV_2316","Miguelito Dike","d__Bacteria","Chloroflexi","Dehalococcoidia","GIF9","GIF9","GIF9","uncultured_bacterium"
"ASV_4902","Miguelito Dike","d__Bacteria","Chloroflexi","Dehalococcoidia","JdFR-54","JdFR-54","JdFR-54","Dehalococcoides_sp."
"ASV_2069","Miguelito Dike","d__Bacteria","Chloroflexi","Dehalococcoidia","MSBL5","MSBL5","MSBL5",NA
"ASV_3173","Miguelito Dike","d__Bacteria","Chloroflexi","Dehalococcoidia",NA,NA,NA,NA
"ASV_3920","Miguelito Dike","d__Bacteria","Chloroflexi","Dehalococcoidia","MSBL5","MSBL5","MSBL5",NA
"ASV_1304","Miguelito Dike","d__Bacteria","Chloroflexi","Dehalococcoidia","S085","S085","S085","uncultured_bacterium"
"ASV_3372","Miguelito Dike","d__Bacteria","Chloroflexi","Dehalococcoidia","S085","S085","S085","uncultured_bacterium"
"ASV_4798","Miguelito Dike","d__Bacteria","Chloroflexi","Dehalococcoidia","S085","S085","S085","uncultured_bacterium"
"ASV_785","Miguelito Dike","d__Bacteria","Chloroflexi","Dehalococcoidia","S085","S085","S085","uncultured_bacterium"
"ASV_4317","Miguelito Dike","d__Bacteria","Chloroflexi","Dehalococcoidia","S085","S085","S085","uncultured_bacterium"
"ASV_536","Miguelito Dike","d__Bacteria","Chloroflexi","Dehalococcoidia","S085","S085","S085","uncultured_bacterium"
"ASV_1064","Miguelito Dike","d__Bacteria","Chloroflexi","Dehalococcoidia","S085","S085","S085","uncultured_bacterium"
"ASV_624","Miguelito Dike","d__Bacteria","Chloroflexi","Dehalococcoidia","S085","S085","S085","uncultured_bacterium"
"ASV_4907","Miguelito Dike","d__Bacteria","Chloroflexi","Dehalococcoidia","S085","S085","S085","uncultured_bacterium"
"ASV_2395","Miguelito Dike","d__Bacteria","Chloroflexi","Dehalococcoidia","S085","S085","S085","uncultured_bacterium"
"ASV_1606","Miguelito Dike","d__Bacteria","Chloroflexi","Dehalococcoidia","S085","S085","S085","uncultured_bacterium"
"ASV_5948","Miguelito Dike","d__Bacteria","Chloroflexi","Dehalococcoidia","S085","S085","S085","uncultured_bacterium"
"ASV_1741","Miguelito Dike","d__Bacteria","Chloroflexi","Dehalococcoidia","S085","S085","S085","uncultured_bacterium"
"ASV_5259","Miguelito Dike","d__Bacteria","Chloroflexi","Dehalococcoidia","S085","S085","S085","uncultured_bacterium"
"ASV_1428","Miguelito Dike","d__Bacteria","Chloroflexi","Dehalococcoidia","S085","S085","S085","uncultured_bacterium"
"ASV_2035","Miguelito Dike","d__Bacteria","Chloroflexi","Dehalococcoidia","S085","S085","S085","uncultured_bacterium"
"ASV_2692","Miguelito Dike","d__Bacteria","Chloroflexi","Dehalococcoidia","S085","S085","S085","uncultured_bacterium"
"ASV_3645","Miguelito Dike","d__Bacteria","Chloroflexi","Dehalococcoidia","S085","S085","S085","uncultured_bacterium"
"ASV_1044","Miguelito Dike","d__Bacteria","Chloroflexi","Dehalococcoidia","S085","S085","S085","uncultured_bacterium"
"ASV_753","Miguelito Dike","d__Bacteria","Chloroflexi","Dehalococcoidia","S085","S085","S085","uncultured_bacterium"
"ASV_2370","Miguelito Dike","d__Bacteria","Chloroflexi","Dehalococcoidia","S085","S085","S085","uncultured_bacterium"
"ASV_3703","Miguelito Dike","d__Bacteria","Chloroflexi","Dehalococcoidia","S085","S085","S085","uncultured_bacterium"
"ASV_790","Miguelito Dike","d__Bacteria","Chloroflexi","Dehalococcoidia","S085","S085","S085","uncultured_bacterium"
"ASV_2501","Miguelito Dike","d__Bacteria","Chloroflexi","Dehalococcoidia","S085","S085","S085","uncultured_bacterium"
"ASV_6030","Miguelito Dike","d__Bacteria","Chloroflexi",NA,NA,NA,NA,NA
"ASV_1556","Miguelito Dike","d__Bacteria","Chloroflexi","Dehalococcoidia","S085","S085","S085","uncultured_bacterium"
"ASV_3528","Miguelito Dike","d__Bacteria","Chloroflexi","Dehalococcoidia","S085","S085","S085","uncultured_bacterium"
"ASV_4358","Miguelito Dike","d__Bacteria","Chloroflexi","Dehalococcoidia","S085","S085","S085","uncultured_bacterium"
"ASV_5343","Miguelito Dike","d__Bacteria","Chloroflexi","Dehalococcoidia","S085","S085","S085","uncultured_bacterium"
"ASV_4502","Miguelito Dike","d__Bacteria","Chloroflexi","Dehalococcoidia","S085","S085","S085","uncultured_bacterium"
"ASV_6140","Miguelito Dike","d__Bacteria","Chloroflexi","Dehalococcoidia","S085","S085","S085","uncultured_bacterium"
"ASV_4599","Miguelito Dike","d__Bacteria","Chloroflexi","Dehalococcoidia","S085","S085","S085","uncultured_bacterium"
"ASV_2060","Miguelito Dike","d__Bacteria","Chloroflexi","Dehalococcoidia","S085","S085","S085","uncultured_bacterium"
"ASV_5001","Miguelito Dike","d__Bacteria","Chloroflexi","Dehalococcoidia","S085","S085","S085","uncultured_bacterium"
"ASV_5169","Miguelito Dike","d__Bacteria","Chloroflexi","Dehalococcoidia","S085","S085","S085","uncultured_bacterium"
"ASV_1938","Miguelito Dike","d__Bacteria","Chloroflexi","Dehalococcoidia","S085","S085","S085","uncultured_bacterium"
"ASV_4748","Miguelito Dike","d__Bacteria","Chloroflexi","Dehalococcoidia","S085","S085","S085","uncultured_bacterium"
"ASV_5885","Miguelito Dike","d__Bacteria","Chloroflexi","Dehalococcoidia","S085","S085","S085","uncultured_bacterium"
"ASV_5632","Miguelito Dike","d__Bacteria","Chloroflexi","JG30-KF-CM66","JG30-KF-CM66","JG30-KF-CM66","JG30-KF-CM66","uncultured_bacterium"
"ASV_6707","Miguelito Dike","d__Bacteria","Chloroflexi","JG30-KF-CM66","JG30-KF-CM66","JG30-KF-CM66","JG30-KF-CM66","uncultured_bacterium"
"ASV_5358","Miguelito Dike","d__Bacteria","Chloroflexi","JG30-KF-CM66","JG30-KF-CM66","JG30-KF-CM66","JG30-KF-CM66","uncultured_bacterium"
"ASV_6183","Miguelito Dike","d__Bacteria","Chloroflexi","Dehalococcoidia",NA,NA,NA,NA
"ASV_5942","Miguelito Dike","d__Bacteria","Chloroflexi","Dehalococcoidia","MSBL5","MSBL5","MSBL5","uncultured_bacterium"
"ASV_4732","Miguelito Dike","d__Bacteria","Chloroflexi",NA,NA,NA,NA,NA
"ASV_3039","Miguelito Dike","d__Bacteria","Chloroflexi","JG30-KF-CM66","JG30-KF-CM66","JG30-KF-CM66","JG30-KF-CM66","uncultured_bacterium"
"ASV_4127","Miguelito Dike","d__Bacteria","Chloroflexi","JG30-KF-CM66","JG30-KF-CM66","JG30-KF-CM66","JG30-KF-CM66","uncultured_bacterium"
"ASV_4109","Miguelito Dike","d__Bacteria","Chloroflexi","JG30-KF-CM66","JG30-KF-CM66","JG30-KF-CM66","JG30-KF-CM66","uncultured_bacterium"
"ASV_5028","Miguelito Dike","d__Bacteria","Chloroflexi","JG30-KF-CM66","JG30-KF-CM66","JG30-KF-CM66","JG30-KF-CM66","uncultured_bacterium"
"ASV_4019","Miguelito Dike","d__Bacteria","Chloroflexi","Dehalococcoidia","MSBL5","MSBL5","MSBL5","uncultured_bacterium"
"ASV_3666","Miguelito Dike","d__Bacteria","Chloroflexi","Dehalococcoidia","MSBL5","MSBL5","MSBL5","uncultured_bacterium"
"ASV_1860","Miguelito Dike","d__Bacteria","Chloroflexi","Dehalococcoidia","SAR202_clade","SAR202_clade","SAR202_clade",NA
"ASV_4918","Miguelito Dike","d__Bacteria","Chloroflexi","Dehalococcoidia","SAR202_clade","SAR202_clade","SAR202_clade",NA
"ASV_727","Miguelito Dike","d__Bacteria","Chloroflexi",NA,NA,NA,NA,NA
"ASV_1414","Miguelito Dike","d__Bacteria","Chloroflexi",NA,NA,NA,NA,NA
"ASV_853","Miguelito Dike","d__Bacteria","Chloroflexi",NA,NA,NA,NA,NA
"ASV_3502","Miguelito Dike","d__Bacteria","Chloroflexi","Dehalococcoidia","MSBL5","MSBL5","MSBL5","uncultured_bacterium"
"ASV_452","Miguelito Dike","d__Bacteria","Chloroflexi","Dehalococcoidia","MSBL5","MSBL5","MSBL5","uncultured_bacterium"
"ASV_626","Miguelito Dike","d__Bacteria","Chloroflexi","Dehalococcoidia","MSBL5","MSBL5","MSBL5","uncultured_bacterium"
"ASV_5495","Miguelito Dike","d__Bacteria","Chloroflexi","Dehalococcoidia","MSBL5","MSBL5","MSBL5","uncultured_bacterium"
"ASV_1452","Miguelito Dike","d__Bacteria","Chloroflexi","Dehalococcoidia","MSBL5","MSBL5","MSBL5","uncultured_bacterium"
"ASV_5589","Miguelito Dike","d__Bacteria","Chloroflexi","Dehalococcoidia","MSBL5","MSBL5","MSBL5","uncultured_bacterium"
"ASV_6699","Miguelito Dike","d__Bacteria","Chloroflexi","Dehalococcoidia","MSBL5","MSBL5","MSBL5","uncultured_bacterium"
"ASV_497","Miguelito Dike","d__Bacteria","Chloroflexi","Dehalococcoidia","MSBL5","MSBL5","MSBL5","uncultured_Chloroflexi"
"ASV_3692","Miguelito Dike","d__Bacteria","Chloroflexi","Dehalococcoidia","MSBL5","MSBL5","MSBL5","uncultured_bacterium"
"ASV_5949","Miguelito Dike","d__Bacteria","Chloroflexi","Dehalococcoidia","MSBL5","MSBL5","MSBL5","uncultured_bacterium"
"ASV_6226","Miguelito Dike","d__Bacteria","Chloroflexi","Dehalococcoidia","MSBL5","MSBL5","MSBL5","uncultured_bacterium"
"ASV_6680","Miguelito Dike","d__Bacteria","Chloroflexi","Dehalococcoidia","MSBL5","MSBL5","MSBL5","uncultured_bacterium"
"ASV_4409","Miguelito Dike","d__Bacteria","Chloroflexi","Dehalococcoidia","MSBL5","MSBL5","MSBL5","uncultured_bacterium"
"ASV_6484","Miguelito Dike","d__Bacteria","Chloroflexi","Dehalococcoidia","MSBL5","MSBL5","MSBL5","uncultured_bacterium"
"ASV_4261","Miguelito Dike","d__Bacteria","Chloroflexi","Dehalococcoidia","MSBL5","MSBL5","MSBL5","uncultured_bacterium"
"ASV_2543","Miguelito Dike","d__Bacteria","Chloroflexi","Dehalococcoidia","MSBL5","MSBL5","MSBL5","uncultured_bacterium"
"ASV_3993","Miguelito Dike","d__Bacteria","Chloroflexi","Dehalococcoidia","MSBL5","MSBL5","MSBL5","uncultured_bacterium"
"ASV_4149","Miguelito Dike","d__Bacteria","Chloroflexi","Dehalococcoidia","MSBL5","MSBL5","MSBL5","uncultured_bacterium"
"ASV_4656","Miguelito Dike","d__Bacteria","Chloroflexi","Dehalococcoidia","FS117-23B-02","FS117-23B-02","FS117-23B-02","uncultured_Chloroflexi"
"ASV_5005","Miguelito Dike","d__Bacteria","Chloroflexi","Dehalococcoidia","FS117-23B-02","FS117-23B-02","FS117-23B-02","uncultured_Chloroflexi"
"ASV_4833","Miguelito Dike","d__Bacteria","Chloroflexi","Dehalococcoidia","FS117-23B-02","FS117-23B-02","FS117-23B-02",NA
"ASV_2539","Miguelito Dike","d__Bacteria","Chloroflexi","Dehalococcoidia","FS117-23B-02","FS117-23B-02","FS117-23B-02","uncultured_bacterium"
"ASV_3309","Miguelito Dike","d__Bacteria","Chloroflexi","Dehalococcoidia","SAR202_clade","SAR202_clade","SAR202_clade","uncultured_eubacterium"
"ASV_4475","Miguelito Dike","d__Bacteria","Chloroflexi","Dehalococcoidia","MSBL5","MSBL5","MSBL5","uncultured_bacterium"
"ASV_6159","Miguelito Dike","d__Bacteria","Chloroflexi","Dehalococcoidia","MSBL5","MSBL5","MSBL5","uncultured_bacterium"
"ASV_680","Miguelito Dike","d__Bacteria","Chloroflexi","Anaerolineae","SBR1031","SBR1031","SBR1031","uncultured_bacterium"
"ASV_2124","Miguelito Dike","d__Bacteria","Chloroflexi","Anaerolineae","SBR1031","SBR1031","SBR1031","metagenome"
"ASV_5510","Miguelito Dike","d__Bacteria","Chloroflexi","Anaerolineae","SBR1031","SBR1031","SBR1031","metagenome"
"ASV_991","Miguelito Dike","d__Bacteria","Chloroflexi","Anaerolineae",NA,NA,NA,NA
"ASV_1503","Miguelito Dike","d__Bacteria","Chloroflexi","Anaerolineae","MSB-5B2","MSB-5B2","MSB-5B2","uncultured_bacterium"
"ASV_2901","Miguelito Dike","d__Bacteria","Chloroflexi","Anaerolineae","MSB-5B2","MSB-5B2","MSB-5B2","uncultured_bacterium"
"ASV_3038","Miguelito Dike","d__Bacteria","Chloroflexi","Anaerolineae","MSB-5B2","MSB-5B2","MSB-5B2","uncultured_bacterium"
"ASV_3474","Miguelito Dike","d__Bacteria","Chloroflexi","Anaerolineae","MSB-5B2","MSB-5B2","MSB-5B2","uncultured_bacterium"
"ASV_1159","Miguelito Dike","d__Bacteria","Chloroflexi","Anaerolineae","Ardenticatenales","uncultured","uncultured","uncultured_organism"
"ASV_6378","Miguelito Dike","d__Bacteria","Chloroflexi","Anaerolineae","Ardenticatenales","uncultured","uncultured","uncultured_organism"
"ASV_4864","Miguelito Dike","d__Bacteria","Chloroflexi","Anaerolineae","Ardenticatenales","uncultured","uncultured","uncultured_archaeon"
"ASV_1784","Miguelito Dike","d__Bacteria","Chloroflexi","Anaerolineae","Ardenticatenales","uncultured","uncultured","uncultured_archaeon"
"ASV_4345","Miguelito Dike","d__Bacteria","Chloroflexi","Anaerolineae",NA,NA,NA,NA
"ASV_4231","Miguelito Dike","d__Bacteria","Chloroflexi","Anaerolineae",NA,NA,NA,NA
"ASV_7070","Miguelito Dike","d__Bacteria","Chloroflexi","Anaerolineae","RBG-13-54-9","RBG-13-54-9","RBG-13-54-9",NA
"ASV_5027","Miguelito Dike","d__Bacteria","Chloroflexi","Anaerolineae",NA,NA,NA,NA
"ASV_6480","Miguelito Dike","d__Bacteria","Chloroflexi","Anaerolineae","uncultured","uncultured","uncultured","uncultured_bacterium"
"ASV_1504","Miguelito Dike","d__Bacteria","Chloroflexi","Anaerolineae","uncultured","uncultured","uncultured","uncultured_Chloroflexi"
"ASV_2827","Miguelito Dike","d__Bacteria","Chloroflexi","Anaerolineae","uncultured","uncultured","uncultured","uncultured_Chloroflexi"
"ASV_2348","Miguelito Dike","d__Bacteria","Chloroflexi","Anaerolineae","uncultured","uncultured","uncultured","uncultured_Chloroflexi"
"ASV_4616","Miguelito Dike","d__Bacteria","Chloroflexi","Anaerolineae","uncultured","uncultured","uncultured","uncultured_Chloroflexi"
"ASV_2181","Miguelito Dike","d__Bacteria","Chloroflexi","Anaerolineae","uncultured","uncultured","uncultured",NA
"ASV_5257","Miguelito Dike","d__Bacteria","Chloroflexi","Anaerolineae","uncultured","uncultured","uncultured",NA
"ASV_3258","Miguelito Dike","d__Bacteria","Chloroflexi","Anaerolineae","uncultured","uncultured","uncultured","uncultured_Chloroflexi"
"ASV_447","Miguelito Dike","d__Bacteria","Chloroflexi","Anaerolineae","uncultured","uncultured","uncultured","uncultured_bacterium"
"ASV_5384","Miguelito Dike","d__Bacteria","Chloroflexi","Anaerolineae","uncultured","uncultured","uncultured","uncultured_bacterium"
"ASV_6163","Miguelito Dike","d__Bacteria","Chloroflexi","Anaerolineae","uncultured","uncultured","uncultured","uncultured_bacterium"
"ASV_3968","Miguelito Dike","d__Bacteria","Chloroflexi","Anaerolineae","uncultured","uncultured","uncultured","uncultured_bacterium"
"ASV_4442","Miguelito Dike","d__Bacteria","Chloroflexi","Anaerolineae","uncultured","uncultured","uncultured",NA
"ASV_6136","Miguelito Dike","d__Bacteria","Chloroflexi","Anaerolineae","uncultured","uncultured","uncultured","uncultured_bacterium"
"ASV_4383","Miguelito Dike","d__Bacteria","Chloroflexi","Anaerolineae","uncultured","uncultured","uncultured","uncultured_bacterium"
"ASV_4150","Miguelito Dike","d__Bacteria","Chloroflexi","Anaerolineae","ADurb.Bin180","ADurb.Bin180","ADurb.Bin180","uncultured_bacterium"
"ASV_3652","Miguelito Dike","d__Bacteria","Chloroflexi","Anaerolineae","Anaerolineales","Anaerolineaceae","uncultured","uncultured_Chloroflexi"
"ASV_6347","Miguelito Dike","d__Bacteria","Chloroflexi","Anaerolineae","Anaerolineales","Anaerolineaceae","uncultured","uncultured_Chloroflexi"
"ASV_4026","Miguelito Dike","d__Bacteria","Chloroflexi","Anaerolineae","Anaerolineales","Anaerolineaceae","uncultured","uncultured_Chloroflexi"
"ASV_5828","Miguelito Dike","d__Bacteria","Chloroflexi","Anaerolineae","Anaerolineales","Anaerolineaceae","uncultured","uncultured_Chloroflexi"
"ASV_2490","Miguelito Dike","d__Bacteria","Chloroflexi","Anaerolineae","SBR1031","SBR1031","SBR1031",NA
"ASV_3291","Miguelito Dike","d__Bacteria","Chloroflexi","Anaerolineae","SBR1031","SBR1031","SBR1031","uncultured_bacterium"
"ASV_6091","Miguelito Dike","d__Bacteria","Chloroflexi","Anaerolineae","SBR1031","SBR1031","SBR1031","uncultured_bacterium"
"ASV_7025","Miguelito Dike","d__Bacteria","Chloroflexi","Anaerolineae","SBR1031","SBR1031","SBR1031","uncultured_bacterium"
"ASV_3994","Miguelito Dike","d__Bacteria","Chloroflexi","Anaerolineae","SBR1031","SBR1031","SBR1031","uncultured_bacterium"
"ASV_2587","Miguelito Dike","d__Bacteria","Chloroflexi","Anaerolineae","SBR1031","SBR1031","SBR1031","uncultured_bacterium"
"ASV_2708","Miguelito Dike","d__Bacteria","Chloroflexi","Anaerolineae","SBR1031","SBR1031","SBR1031","uncultured_bacterium"
"ASV_6225","Miguelito Dike","d__Bacteria","Chloroflexi","Anaerolineae","SBR1031","SBR1031","SBR1031","uncultured_bacterium"
"ASV_4770","Miguelito Dike","d__Bacteria","Chloroflexi","Anaerolineae","SBR1031","SBR1031","SBR1031","uncultured_bacterium"
"ASV_3418","Miguelito Dike","d__Bacteria","Chloroflexi","Anaerolineae","SBR1031","SBR1031","SBR1031","uncultured_bacterium"
"ASV_4404","Miguelito Dike","d__Bacteria","Chloroflexi","Anaerolineae","SBR1031","SBR1031","SBR1031","uncultured_bacterium"
"ASV_2891","Miguelito Dike","d__Bacteria","Chloroflexi","Anaerolineae","SBR1031","SBR1031","SBR1031","uncultured_bacterium"
"ASV_5629","Miguelito Dike","d__Bacteria","Chloroflexi","Anaerolineae","SBR1031","SBR1031","SBR1031","uncultured_bacterium"
"ASV_6829","Miguelito Dike","d__Bacteria","Chloroflexi","Anaerolineae","SBR1031","SBR1031","SBR1031","uncultured_bacterium"
"ASV_4784","Miguelito Dike","d__Bacteria","Chloroflexi","Anaerolineae",NA,NA,NA,NA
"ASV_5044","Miguelito Dike","d__Bacteria","Chloroflexi","Anaerolineae","SBR1031","SBR1031","SBR1031",NA
"ASV_2713","Miguelito Dike","d__Bacteria","Chloroflexi","Anaerolineae","ADurb.Bin180","ADurb.Bin180","ADurb.Bin180","uncultured_bacterium"
"ASV_4904","Miguelito Dike","d__Bacteria","Chloroflexi","Anaerolineae","ADurb.Bin180","ADurb.Bin180","ADurb.Bin180","uncultured_bacterium"
"ASV_2241","Miguelito Dike","d__Bacteria","Chloroflexi","Anaerolineae","ADurb.Bin180","ADurb.Bin180","ADurb.Bin180",NA
"ASV_4018","Miguelito Dike","d__Bacteria","Chloroflexi","Anaerolineae","ADurb.Bin180","ADurb.Bin180","ADurb.Bin180","uncultured_bacterium"
"ASV_3570","Miguelito Dike","d__Bacteria","Chloroflexi","Anaerolineae","ADurb.Bin180","ADurb.Bin180","ADurb.Bin180","uncultured_bacterium"
"ASV_7107","Miguelito Dike","d__Bacteria","Chloroflexi","Anaerolineae",NA,NA,NA,NA
"ASV_4429","Miguelito Dike","d__Bacteria","Chloroflexi","Anaerolineae","RBG-13-54-9","RBG-13-54-9","RBG-13-54-9","uncultured_bacterium"
"ASV_374","Miguelito Dike","d__Bacteria","Chloroflexi","Anaerolineae","Thermoflexales","Thermoflexaceae","Thermoflexus","uncultured_bacterium"
"ASV_544","Miguelito Dike","d__Bacteria","Chloroflexi","Anaerolineae","Thermoflexales","Thermoflexaceae","Thermoflexus","uncultured_bacterium"
"ASV_985","Miguelito Dike","d__Bacteria","Chloroflexi","Anaerolineae","Thermoflexales","Thermoflexaceae","Thermoflexus","uncultured_bacterium"
"ASV_807","Miguelito Dike","d__Bacteria","Chloroflexi","Anaerolineae","Thermoflexales","Thermoflexaceae","Thermoflexus","uncultured_bacterium"
"ASV_4020","Miguelito Dike","d__Bacteria","Chloroflexi","Anaerolineae","Thermoflexales","Thermoflexaceae","Thermoflexus","uncultured_bacterium"
"ASV_2273","Miguelito Dike","d__Bacteria","Chloroflexi","Anaerolineae","Thermoflexales","Thermoflexaceae","Thermoflexus","uncultured_bacterium"
"ASV_1394","Miguelito Dike","d__Bacteria","Chloroflexi","Anaerolineae","Thermoflexales","Thermoflexaceae","Thermoflexus","uncultured_bacterium"
"ASV_1036","Miguelito Dike","d__Bacteria","Chloroflexi","Anaerolineae","Thermoflexales","Thermoflexaceae","Thermoflexus","uncultured_bacterium"
"ASV_2152","Miguelito Dike","d__Bacteria","Chloroflexi","Anaerolineae","Thermoflexales","Thermoflexaceae","Thermoflexus","uncultured_bacterium"
"ASV_1271","Miguelito Dike","d__Bacteria","Chloroflexi","Anaerolineae","Thermoflexales","Thermoflexaceae","Thermoflexus","uncultured_bacterium"
"ASV_723","Miguelito Dike","d__Bacteria","Chloroflexi","Anaerolineae","Thermoflexales","Thermoflexaceae","Thermoflexus","uncultured_bacterium"
"ASV_2196","Miguelito Dike","d__Bacteria","Chloroflexi","Anaerolineae","Thermoflexales","Thermoflexaceae","Thermoflexus","uncultured_bacterium"
"ASV_6864","Miguelito Dike","d__Bacteria","Chloroflexi","Anaerolineae","Thermoflexales","Thermoflexaceae","Thermoflexus","uncultured_bacterium"
"ASV_2304","Miguelito Dike","d__Bacteria","Chloroflexi","Anaerolineae","Thermoflexales","Thermoflexaceae","Thermoflexus","uncultured_bacterium"
"ASV_3041","Miguelito Dike","d__Bacteria","Chloroflexi","Anaerolineae","Thermoflexales","Thermoflexaceae","Thermoflexus","uncultured_bacterium"
"ASV_610","Miguelito Dike","d__Bacteria","Chloroflexi","Anaerolineae","Thermoflexales","Thermoflexaceae","Thermoflexus","uncultured_bacterium"
"ASV_1178","Miguelito Dike","d__Bacteria","Chloroflexi","Anaerolineae","Thermoflexales","Thermoflexaceae","Thermoflexus","uncultured_bacterium"
"ASV_1953","Miguelito Dike","d__Bacteria","Chloroflexi","Anaerolineae","Thermoflexales","Thermoflexaceae","Thermoflexus","uncultured_bacterium"
"ASV_5374","Miguelito Dike","d__Bacteria","Chloroflexi","Anaerolineae","Thermoflexales","Thermoflexaceae","Thermoflexus","uncultured_bacterium"
"ASV_3024","Miguelito Dike","d__Bacteria","Chloroflexi","Anaerolineae","Thermoflexales","Thermoflexaceae","Thermoflexus","uncultured_bacterium"
"ASV_4933","Miguelito Dike","d__Bacteria","Chloroflexi","Anaerolineae","Thermoflexales","Thermoflexaceae","Thermoflexus","uncultured_bacterium"
"ASV_6304","Miguelito Dike","d__Bacteria","Chloroflexi","Anaerolineae","Thermoflexales","Thermoflexaceae","Thermoflexus","uncultured_bacterium"
"ASV_2634","Miguelito Dike","d__Bacteria","Chloroflexi","Anaerolineae","Thermoflexales","Thermoflexaceae","Thermoflexus","uncultured_bacterium"
"ASV_4059","Miguelito Dike","d__Bacteria","Chloroflexi","Anaerolineae","SBR1031","SBR1031","SBR1031",NA
"ASV_2537","Miguelito Dike","d__Bacteria","Chloroflexi","Anaerolineae","SBR1031","SBR1031","SBR1031","uncultured_organism"
"ASV_889","Miguelito Dike","d__Bacteria","Chloroflexi","Anaerolineae","SBR1031","SBR1031","SBR1031","uncultured_organism"
"ASV_3812","Miguelito Dike","d__Bacteria","Chloroflexi","Anaerolineae","SBR1031","SBR1031","SBR1031",NA
"ASV_2641","Miguelito Dike","d__Bacteria","Chloroflexi","Anaerolineae","SBR1031","SBR1031","SBR1031","uncultured_organism"
"ASV_2371","Miguelito Dike","d__Bacteria","Chloroflexi","SHA-26","SHA-26","SHA-26","SHA-26","uncultured_Chloroflexi"
"ASV_2479","Miguelito Dike","d__Bacteria","Chloroflexi","SHA-26","SHA-26","SHA-26","SHA-26","uncultured_Chloroflexi"
"ASV_3919","Miguelito Dike","d__Bacteria","Chloroflexi","Anaerolineae","RBG-13-54-9","RBG-13-54-9","RBG-13-54-9","uncultured_bacterium"
"ASV_7014","Miguelito Dike","d__Bacteria","Chloroflexi","Anaerolineae","RBG-13-54-9","RBG-13-54-9","RBG-13-54-9","uncultured_bacterium"
"ASV_4548","Miguelito Dike","d__Bacteria","GAL15","GAL15","GAL15","GAL15","GAL15","uncultured_bacterium"
"ASV_563","Miguelito Dike","d__Bacteria","Acidobacteriota","Acidobacteriae","GOUTB8","GOUTB8","GOUTB8",NA
"ASV_5512","Miguelito Dike","d__Bacteria","Acidobacteriota","Acidobacteriae","GOUTB8","GOUTB8","GOUTB8","uncultured_bacterium"
"ASV_2094","Miguelito Dike","d__Bacteria","Acidobacteriota","Acidobacteriae","GOUTB8","GOUTB8","GOUTB8","uncultured_Acidobacterium"
"ASV_4586","Miguelito Dike","d__Bacteria","Acidobacteriota","Acidobacteriae","AKIW659","AKIW659","AKIW659","uncultured_Acidobacterium"
"ASV_973","Miguelito Dike","d__Bacteria","Acidobacteriota","Acidobacteriae","Subgroup_2","Subgroup_2","Subgroup_2","uncultured_bacterium"
"ASV_6032","Miguelito Dike","d__Bacteria","Acidobacteriota","Acidobacteriae","Subgroup_2","Subgroup_2","Subgroup_2","uncultured_Holophaga"
"ASV_2888","Miguelito Dike","d__Bacteria","Acidobacteriota","Acidobacteriae","Subgroup_2","Subgroup_2","Subgroup_2",NA
"ASV_2929","Miguelito Dike","d__Bacteria","Acidobacteriota","Acidobacteriae","Subgroup_2","Subgroup_2","Subgroup_2","uncultured_Acidobacterium"
"ASV_6115","Miguelito Dike","d__Bacteria","Acidobacteriota","Acidobacteriae","Subgroup_2","Subgroup_2","Subgroup_2","uncultured_Acidobacterium"
"ASV_6164","Miguelito Dike","d__Bacteria","Acidobacteriota","Acidobacteriae","Subgroup_2","Subgroup_2","Subgroup_2","uncultured_Acidobacterium"
"ASV_1857","Miguelito Dike","d__Bacteria","Acidobacteriota","Acidobacteriae","Subgroup_13","Subgroup_13","Subgroup_13","uncultured_bacterium"
"ASV_1126","Miguelito Dike","d__Bacteria","Acidobacteriota","Acidobacteriae","Subgroup_13","Subgroup_13","Subgroup_13","uncultured_bacterium"
"ASV_2044","Miguelito Dike","d__Bacteria","Acidobacteriota","Acidobacteriae","Subgroup_13","Subgroup_13","Subgroup_13","uncultured_bacterium"
"ASV_4294","Miguelito Dike","d__Bacteria","Acidobacteriota","Acidobacteriae","Subgroup_13","Subgroup_13","Subgroup_13","uncultured_bacterium"
"ASV_4000","Miguelito Dike","d__Bacteria","Acidobacteriota","Acidobacteriae","Subgroup_13","Subgroup_13","Subgroup_13","uncultured_bacterium"
"ASV_7020","Miguelito Dike","d__Bacteria","Acidobacteriota","Acidobacteriae","Subgroup_13","Subgroup_13","Subgroup_13","uncultured_bacterium"
"ASV_2581","Miguelito Dike","d__Bacteria","WOR-1","WOR-1","WOR-1","WOR-1","WOR-1","uncultured_bacterium"
"ASV_5773","Miguelito Dike","d__Bacteria","WOR-1","WOR-1","WOR-1","WOR-1","WOR-1","uncultured_bacterium"
"ASV_5385","Miguelito Dike","d__Bacteria","WOR-1","WOR-1","WOR-1","WOR-1","WOR-1","uncultured_bacterium"
"ASV_3903","Miguelito Dike","d__Bacteria","Armatimonadota","uncultured","uncultured","uncultured","uncultured","uncultured_soil"
"ASV_4008","Miguelito Dike","d__Bacteria","Spirochaetota","Leptospirae","Leptospirales","Leptospiraceae","RBG-16-49-21",NA
"ASV_1354","Miguelito Dike","d__Bacteria","Firmicutes","Clostridia","Clostridiales","Clostridiaceae","Clostridium_sensu_stricto_1",NA
"ASV_361","Miguelito Dike","d__Bacteria","Firmicutes","Bacilli","Exiguobacterales","Exiguobacteraceae","Exiguobacterium",NA
"ASV_569","Miguelito Dike","d__Bacteria","Firmicutes","Bacilli","Exiguobacterales","Exiguobacteraceae","Exiguobacterium",NA
"ASV_4899","Reforma Waterfalls","d__Archaea","Crenarchaeota","Bathyarchaeia","Bathyarchaeia","Bathyarchaeia","Bathyarchaeia",NA
"ASV_6234","Reforma Waterfalls","d__Archaea","Crenarchaeota","Bathyarchaeia","Bathyarchaeia","Bathyarchaeia","Bathyarchaeia","uncultured_methanogenic"
"ASV_1191","Reforma Waterfalls","d__Archaea","Crenarchaeota","Bathyarchaeia","Bathyarchaeia","Bathyarchaeia","Bathyarchaeia",NA
"ASV_5039","Reforma Waterfalls","d__Archaea","Crenarchaeota","Bathyarchaeia","Bathyarchaeia","Bathyarchaeia","Bathyarchaeia","uncultured_methanogenic"
"ASV_6282","Reforma Waterfalls","d__Archaea","Crenarchaeota","Bathyarchaeia","Bathyarchaeia","Bathyarchaeia","Bathyarchaeia","uncultured_crenarchaeote"
"ASV_5641","Reforma Waterfalls","d__Archaea","Crenarchaeota","Bathyarchaeia","Bathyarchaeia","Bathyarchaeia","Bathyarchaeia","uncultured_crenarchaeote"
"ASV_2667","Reforma Waterfalls","d__Archaea","Crenarchaeota","Bathyarchaeia","Bathyarchaeia","Bathyarchaeia","Bathyarchaeia",NA
"ASV_5794","Reforma Waterfalls","d__Archaea","Crenarchaeota","Bathyarchaeia","Bathyarchaeia","Bathyarchaeia","Bathyarchaeia","archaeon_RBG_16_50_20"
"ASV_5479","Reforma Waterfalls","d__Archaea","Crenarchaeota","Nitrososphaeria","Nitrosopumilales","Nitrosopumilaceae","Nitrosopumilaceae","uncultured_archaeon"
"ASV_6423","Reforma Waterfalls","d__Archaea","Thermoplasmatota","Thermoplasmata","Marine_Benthic_Group_D_and_DHVEG-1","Marine_Benthic_Group_D_and_DHVEG-1","Marine_Benthic_Group_D_and_DHVEG-1","uncultured_Thermoplasmata"
"ASV_6029","Reforma Waterfalls","d__Archaea","Thermoplasmatota","Thermoplasmata","Marine_Benthic_Group_D_and_DHVEG-1","Marine_Benthic_Group_D_and_DHVEG-1","Marine_Benthic_Group_D_and_DHVEG-1","uncultured_archaeon"
"ASV_6521","Reforma Waterfalls","d__Archaea","Thermoplasmatota","Thermoplasmata","Methanomassiliicoccales","uncultured","uncultured","uncultured_archaeon"
"ASV_3927","Reforma Waterfalls","d__Bacteria","Planctomycetota","vadinHA49","vadinHA49","vadinHA49","vadinHA49","uncultured_bacterium"
"ASV_3876","Reforma Waterfalls","d__Bacteria","Planctomycetota","vadinHA49","vadinHA49","vadinHA49","vadinHA49","uncultured_bacterium"
"ASV_5637","Reforma Waterfalls","d__Bacteria","Planctomycetota","vadinHA49","vadinHA49","vadinHA49","vadinHA49","uncultured_bacterium"
"ASV_5675","Reforma Waterfalls","d__Bacteria","Planctomycetota","Phycisphaerae","mle1-8","mle1-8","mle1-8","uncultured_bacterium"
"ASV_6368","Reforma Waterfalls","d__Bacteria","Planctomycetota","Phycisphaerae","mle1-8","mle1-8","mle1-8","uncultured_bacterium"
"ASV_5176","Reforma Waterfalls","d__Bacteria","Planctomycetota","Phycisphaerae","Tepidisphaerales","WD2101_soil_group","WD2101_soil_group","uncultured_bacterium"
"ASV_3275","Reforma Waterfalls","d__Bacteria","Planctomycetota","Phycisphaerae","Phycisphaerales","Phycisphaeraceae","Urania-1B-19_marine_sediment_group",NA
"ASV_6040","Reforma Waterfalls","d__Bacteria","Planctomycetota","Phycisphaerae","Phycisphaerales","Phycisphaeraceae","Urania-1B-19_marine_sediment_group",NA
"ASV_5401","Reforma Waterfalls","d__Bacteria","Planctomycetota","Phycisphaerae","Phycisphaerales","Phycisphaeraceae","Urania-1B-19_marine_sediment_group",NA
"ASV_5780","Reforma Waterfalls","d__Bacteria","Planctomycetota","Phycisphaerae","Phycisphaerales","Phycisphaeraceae","Urania-1B-19_marine_sediment_group",NA
"ASV_5735","Reforma Waterfalls","d__Bacteria","Planctomycetota","Phycisphaerae","Phycisphaerales","Phycisphaeraceae","Urania-1B-19_marine_sediment_group",NA
"ASV_6352","Reforma Waterfalls","d__Bacteria","Planctomycetota","Phycisphaerae","Phycisphaerales","Phycisphaeraceae","Urania-1B-19_marine_sediment_group",NA
"ASV_5745","Reforma Waterfalls","d__Bacteria","Planctomycetota","Phycisphaerae","Tepidisphaerales","WD2101_soil_group","WD2101_soil_group","uncultured_bacterium"
"ASV_3105","Reforma Waterfalls","d__Bacteria","Planctomycetota","Phycisphaerae","Tepidisphaerales","WD2101_soil_group","WD2101_soil_group","uncultured_planctomycete"
"ASV_6625","Reforma Waterfalls","d__Bacteria","Planctomycetota","Phycisphaerae","Tepidisphaerales","WD2101_soil_group","WD2101_soil_group",NA
"ASV_4802","Reforma Waterfalls","d__Bacteria","Planctomycetota","Phycisphaerae","Tepidisphaerales","WD2101_soil_group","WD2101_soil_group","uncultured_planctomycete"
"ASV_2843","Reforma Waterfalls","d__Bacteria","Planctomycetota","Phycisphaerae","CCM11a","CCM11a","CCM11a","uncultured_bacterium"
"ASV_2084","Reforma Waterfalls","d__Bacteria","Planctomycetota","Phycisphaerae","CCM11a","CCM11a","CCM11a","uncultured_bacterium"
"ASV_5911","Reforma Waterfalls","d__Bacteria","Planctomycetota","Phycisphaerae","CCM11a","CCM11a","CCM11a","uncultured_bacterium"
"ASV_5732","Reforma Waterfalls","d__Bacteria","Planctomycetota","Phycisphaerae","Pla1_lineage","Pla1_lineage","Pla1_lineage","uncultured_bacterium"
"ASV_5499","Reforma Waterfalls","d__Bacteria","Planctomycetota","Phycisphaerae","S-70","S-70","S-70","uncultured_bacterium"
"ASV_5423","Reforma Waterfalls","d__Bacteria","Planctomycetota","OM190","OM190","OM190","OM190",NA
"ASV_6947","Reforma Waterfalls","d__Bacteria","Planctomycetota","Pla4_lineage","Pla4_lineage","Pla4_lineage","Pla4_lineage",NA
"ASV_6196","Reforma Waterfalls","d__Bacteria","Planctomycetota","Pla4_lineage","Pla4_lineage","Pla4_lineage","Pla4_lineage","uncultured_bacterium"
"ASV_7131","Reforma Waterfalls","d__Bacteria","Planctomycetota","Pla4_lineage","Pla4_lineage","Pla4_lineage","Pla4_lineage","uncultured_bacterium"
"ASV_6754","Reforma Waterfalls","d__Bacteria","Planctomycetota","Planctomycetes","Pirellulales","Pirellulaceae","Pirellula",NA
"ASV_3261","Reforma Waterfalls","d__Bacteria","Planctomycetota","Planctomycetes","Planctomycetales","Rubinisphaeraceae","SH-PL14","uncultured_Planctomycetaceae"
"ASV_4754","Reforma Waterfalls","d__Bacteria","Planctomycetota","Planctomycetes","Planctomycetales","uncultured","uncultured","uncultured_bacterium"
"ASV_5502","Reforma Waterfalls","d__Bacteria","Latescibacterota","Latescibacteria","Latescibacterales","Latescibacteraceae","Latescibacteraceae","uncultured_bacterium"
"ASV_803","Reforma Waterfalls","d__Bacteria","Latescibacterota","Latescibacteria","Latescibacterales","Latescibacteraceae","Latescibacteraceae","uncultured_bacterium"
"ASV_1146","Reforma Waterfalls","d__Bacteria","Latescibacterota","Latescibacteria","Latescibacterales","Latescibacteraceae","Latescibacteraceae","uncultured_bacterium"
"ASV_3593","Reforma Waterfalls","d__Bacteria","Latescibacterota","Latescibacteria","Latescibacterales","Latescibacteraceae","Latescibacteraceae","uncultured_bacterium"
"ASV_4349","Reforma Waterfalls","d__Bacteria","Latescibacterota","Latescibacteria","Latescibacterales","Latescibacteraceae","Latescibacteraceae","uncultured_bacterium"
"ASV_6797","Reforma Waterfalls","d__Bacteria","Latescibacterota","Latescibacteria","Latescibacterales","Latescibacteraceae","Latescibacteraceae","uncultured_bacterium"
"ASV_5763","Reforma Waterfalls","d__Bacteria","Latescibacterota","Latescibacteria","Latescibacterales","Latescibacteraceae","Latescibacteraceae","uncultured_bacterium"
"ASV_5518","Reforma Waterfalls","d__Bacteria","Latescibacterota","Latescibacteria","Latescibacterales","Latescibacteraceae","Latescibacteraceae","uncultured_bacterium"
"ASV_6753","Reforma Waterfalls","d__Bacteria","Latescibacterota","Latescibacteria","Latescibacterales","Latescibacteraceae","Latescibacteraceae","uncultured_bacterium"
"ASV_1766","Reforma Waterfalls","d__Bacteria","Latescibacterota","Latescibacteria","Latescibacterales","Latescibacteraceae","Latescibacteraceae","uncultured_bacterium"
"ASV_3621","Reforma Waterfalls","d__Bacteria","Latescibacterota","Latescibacteria","Latescibacterales","Latescibacteraceae","Latescibacteraceae","uncultured_bacterium"
"ASV_1905","Reforma Waterfalls","d__Bacteria","Latescibacterota","Latescibacteria","Latescibacterales","Latescibacteraceae","Latescibacteraceae","uncultured_bacterium"
"ASV_3852","Reforma Waterfalls","d__Bacteria","Latescibacterota","Latescibacteria","Latescibacterales","Latescibacteraceae","Latescibacteraceae","uncultured_bacterium"
"ASV_5278","Reforma Waterfalls","d__Bacteria","Latescibacterota","Latescibacteria","Latescibacterales","Latescibacteraceae","Latescibacteraceae","uncultured_bacterium"
"ASV_3285","Reforma Waterfalls","d__Bacteria","Latescibacterota","Latescibacteria","Latescibacterales","Latescibacteraceae","Latescibacteraceae","uncultured_Latescibacteria"
"ASV_4830","Reforma Waterfalls","d__Bacteria","Latescibacterota","Latescibacteria","Latescibacterales","Latescibacteraceae","Candidatus_Latescibacter","uncultured_bacterium"
"ASV_5339","Reforma Waterfalls","d__Bacteria","Latescibacterota","Latescibacteria","Latescibacterales","Latescibacteraceae","Latescibacteraceae","uncultured_Latescibacteria"
"ASV_1494","Reforma Waterfalls","d__Bacteria","Latescibacterota","Latescibacterota","Latescibacterota","Latescibacterota","Latescibacterota","uncultured_proteobacterium"
"ASV_2358","Reforma Waterfalls","d__Bacteria","Latescibacterota","Latescibacterota","Latescibacterota","Latescibacterota","Latescibacterota","uncultured_prokaryote"
"ASV_4650","Reforma Waterfalls","d__Bacteria","Latescibacterota","Latescibacterota","Latescibacterota","Latescibacterota","Latescibacterota",NA
"ASV_2609","Reforma Waterfalls","d__Bacteria","Latescibacterota","Latescibacterota","Latescibacterota","Latescibacterota","Latescibacterota","uncultured_proteobacterium"
"ASV_2662","Reforma Waterfalls","d__Bacteria","Latescibacterota","Latescibacterota","Latescibacterota","Latescibacterota","Latescibacterota","uncultured_proteobacterium"
"ASV_4142","Reforma Waterfalls","d__Bacteria","Latescibacterota","Latescibacterota","Latescibacterota","Latescibacterota","Latescibacterota",NA
"ASV_6174","Reforma Waterfalls","d__Bacteria","Latescibacterota","Latescibacterota","Latescibacterota","Latescibacterota","Latescibacterota",NA
"ASV_2477","Reforma Waterfalls","d__Bacteria","Latescibacterota","Latescibacterota","Latescibacterota","Latescibacterota","Latescibacterota","uncultured_bacterium"
"ASV_5816","Reforma Waterfalls","d__Bacteria","Latescibacterota","Latescibacterota","Latescibacterota","Latescibacterota","Latescibacterota","uncultured_bacterium"
"ASV_5354","Reforma Waterfalls","d__Bacteria","Latescibacterota","Latescibacterota","Latescibacterota","Latescibacterota","Latescibacterota","uncultured_bacterium"
"ASV_4307","Reforma Waterfalls","d__Bacteria","Latescibacterota","Latescibacterota","Latescibacterota","Latescibacterota","Latescibacterota","uncultured_bacterium"
"ASV_2298","Reforma Waterfalls","d__Bacteria","Latescibacterota","Latescibacterota","Latescibacterota","Latescibacterota","Latescibacterota","metagenome"
"ASV_3530","Reforma Waterfalls","d__Bacteria","Latescibacterota","Latescibacterota","Latescibacterota","Latescibacterota","Latescibacterota","metagenome"
"ASV_3427","Reforma Waterfalls","d__Bacteria","Latescibacterota","Latescibacterota","Latescibacterota","Latescibacterota","Latescibacterota","uncultured_bacterium"
"ASV_5441","Reforma Waterfalls","d__Bacteria","Latescibacterota","Latescibacterota","Latescibacterota","Latescibacterota","Latescibacterota",NA
"ASV_6106","Reforma Waterfalls","d__Bacteria","Latescibacterota","Latescibacterota","Latescibacterota","Latescibacterota","Latescibacterota","uncultured_Latescibacteria"
"ASV_2889","Reforma Waterfalls","d__Bacteria","Latescibacterota","Latescibacterota","Latescibacterota","Latescibacterota","Latescibacterota","Latescibacteria_bacterium"
"ASV_3056","Reforma Waterfalls","d__Bacteria","Latescibacterota","Latescibacterota","Latescibacterota","Latescibacterota","Latescibacterota",NA
"ASV_6824","Reforma Waterfalls","d__Bacteria","Latescibacterota","Latescibacterota","Latescibacterota","Latescibacterota","Latescibacterota","uncultured_bacterium"
"ASV_1360","Reforma Waterfalls","d__Bacteria","Latescibacterota","Latescibacterota","Latescibacterota","Latescibacterota","Latescibacterota","uncultured_soil"
"ASV_2872","Reforma Waterfalls","d__Bacteria","Latescibacterota","Latescibacterota","Latescibacterota","Latescibacterota","Latescibacterota","uncultured_Acidobacterium"
"ASV_3132","Reforma Waterfalls","d__Bacteria","Latescibacterota","Latescibacterota","Latescibacterota","Latescibacterota","Latescibacterota","uncultured_soil"
"ASV_1388","Reforma Waterfalls","d__Bacteria","Latescibacterota","Latescibacterota","Latescibacterota","Latescibacterota","Latescibacterota","uncultured_soil"
"ASV_4329","Reforma Waterfalls","d__Bacteria","Latescibacterota","Latescibacterota","Latescibacterota","Latescibacterota","Latescibacterota","uncultured_soil"
"ASV_5996","Reforma Waterfalls","d__Bacteria","Latescibacterota","Latescibacterota","Latescibacterota","Latescibacterota","Latescibacterota","uncultured_soil"
"ASV_2693","Reforma Waterfalls","d__Bacteria","Latescibacterota","Latescibacterota","Latescibacterota","Latescibacterota","Latescibacterota","uncultured_soil"
"ASV_5346","Reforma Waterfalls","d__Bacteria","Latescibacterota","Latescibacterota","Latescibacterota","Latescibacterota","Latescibacterota","uncultured_soil"
"ASV_5860","Reforma Waterfalls","d__Bacteria","Latescibacterota","Latescibacterota","Latescibacterota","Latescibacterota","Latescibacterota",NA
"ASV_4983","Reforma Waterfalls","d__Bacteria","Latescibacterota","Latescibacterota","Latescibacterota","Latescibacterota","Latescibacterota","uncultured_soil"
"ASV_2052","Reforma Waterfalls","d__Bacteria","Latescibacterota","Latescibacterota","Latescibacterota","Latescibacterota","Latescibacterota",NA
"ASV_4386","Reforma Waterfalls","d__Bacteria","Latescibacterota","Latescibacterota","Latescibacterota","Latescibacterota","Latescibacterota","uncultured_soil"
"ASV_6792","Reforma Waterfalls","d__Bacteria","Latescibacterota","Latescibacterota","Latescibacterota","Latescibacterota","Latescibacterota","uncultured_soil"
"ASV_6945","Reforma Waterfalls","d__Bacteria","Latescibacterota","Latescibacterota","Latescibacterota","Latescibacterota","Latescibacterota","uncultured_soil"
"ASV_2824","Reforma Waterfalls","d__Bacteria","Latescibacterota","Latescibacterota","Latescibacterota","Latescibacterota","Latescibacterota","uncultured_bacterium"
"ASV_3676","Reforma Waterfalls","d__Bacteria","Latescibacterota","Latescibacterota","Latescibacterota","Latescibacterota","Latescibacterota","uncultured_soil"
"ASV_1635","Reforma Waterfalls","d__Bacteria","Latescibacterota","Latescibacterota","Latescibacterota","Latescibacterota","Latescibacterota","uncultured_bacterium"
"ASV_5102","Reforma Waterfalls","d__Bacteria","Latescibacterota","Latescibacterota","Latescibacterota","Latescibacterota","Latescibacterota","uncultured_bacterium"
"ASV_6270","Reforma Waterfalls","d__Bacteria","Latescibacterota","Latescibacterota","Latescibacterota","Latescibacterota","Latescibacterota","uncultured_bacterium"
"ASV_2392","Reforma Waterfalls","d__Bacteria","Latescibacterota","Latescibacterota","Latescibacterota","Latescibacterota","Latescibacterota","uncultured_Latescibacteria"
"ASV_3522","Reforma Waterfalls","d__Bacteria","Latescibacterota","Latescibacterota","Latescibacterota","Latescibacterota","Latescibacterota","uncultured_Latescibacteria"
"ASV_3106","Reforma Waterfalls","d__Bacteria","Latescibacterota","Latescibacterota","Latescibacterota","Latescibacterota","Latescibacterota","uncultured_Latescibacteria"
"ASV_5838","Reforma Waterfalls","d__Bacteria","Latescibacterota","Latescibacterota","Latescibacterota","Latescibacterota","Latescibacterota","uncultured_Latescibacteria"
"ASV_5337","Reforma Waterfalls","d__Bacteria","Latescibacterota","Latescibacterota","Latescibacterota","Latescibacterota","Latescibacterota",NA
"ASV_2780","Reforma Waterfalls","d__Bacteria","Sumerlaeota","Sumerlaeia","Sumerlaeales","Sumerlaeaceae","Sumerlaea","uncultured_bacterium"
"ASV_3896","Reforma Waterfalls","d__Bacteria","Sumerlaeota","Sumerlaeia","Sumerlaeales","Sumerlaeaceae","Sumerlaea",NA
"ASV_4541","Reforma Waterfalls","d__Bacteria","Sumerlaeota","Sumerlaeia","Sumerlaeales","Sumerlaeaceae","Sumerlaea",NA
"ASV_5616","Reforma Waterfalls","d__Bacteria","Sumerlaeota","Sumerlaeia","Sumerlaeales","Sumerlaeaceae","Sumerlaea","uncultured_bacterium"
"ASV_4739","Reforma Waterfalls","d__Bacteria","Sumerlaeota","Sumerlaeia","Sumerlaeales","Sumerlaeaceae","Sumerlaea","uncultured_bacterium"
"ASV_6818","Reforma Waterfalls","d__Bacteria","Verrucomicrobiota","Verrucomicrobiae","Pedosphaerales","Pedosphaeraceae","ADurb.Bin118","uncultured_bacterium"
"ASV_5934","Reforma Waterfalls","d__Bacteria","Verrucomicrobiota","Verrucomicrobiae","Pedosphaerales","Pedosphaeraceae","uncultured","uncultured_bacterium"
"ASV_5729","Reforma Waterfalls","d__Bacteria","Verrucomicrobiota","Verrucomicrobiae","Pedosphaerales","Pedosphaeraceae",NA,NA
"ASV_5983","Reforma Waterfalls","d__Bacteria","Verrucomicrobiota","Verrucomicrobiae","Pedosphaerales","Pedosphaeraceae","uncultured","uncultured_bacterium"
"ASV_7061","Reforma Waterfalls","d__Bacteria","Verrucomicrobiota","Verrucomicrobiae","Pedosphaerales","Pedosphaeraceae","uncultured","uncultured_bacterium"
"ASV_3137","Reforma Waterfalls","d__Bacteria","Verrucomicrobiota","Verrucomicrobiae","Pedosphaerales","Pedosphaeraceae","uncultured","uncultured_bacterium"
"ASV_4165","Reforma Waterfalls","d__Bacteria","Verrucomicrobiota","Verrucomicrobiae","Pedosphaerales","Pedosphaeraceae",NA,NA
"ASV_3358","Reforma Waterfalls","d__Bacteria","Verrucomicrobiota","Verrucomicrobiae","Pedosphaerales","Pedosphaeraceae","Ellin516","uncultured_bacterium"
"ASV_4402","Reforma Waterfalls","d__Bacteria","Verrucomicrobiota","Verrucomicrobiae","Pedosphaerales","Pedosphaeraceae","ADurb.Bin118","uncultured_bacterium"
"ASV_6268","Reforma Waterfalls","d__Bacteria","Verrucomicrobiota","Verrucomicrobiae","Pedosphaerales","Pedosphaeraceae","ADurb.Bin118","uncultured_bacterium"
"ASV_2917","Reforma Waterfalls","d__Bacteria","Verrucomicrobiota","Verrucomicrobiae","Pedosphaerales","Pedosphaeraceae","ADurb.Bin063-1","uncultured_bacterium"
"ASV_4067","Reforma Waterfalls","d__Bacteria","Verrucomicrobiota","Verrucomicrobiae","Pedosphaerales","Pedosphaeraceae","ADurb.Bin063-1","uncultured_bacterium"
"ASV_4923","Reforma Waterfalls","d__Bacteria","Verrucomicrobiota","Verrucomicrobiae","Pedosphaerales","Pedosphaeraceae","ADurb.Bin063-1","uncultured_bacterium"
"ASV_5254","Reforma Waterfalls","d__Bacteria","Verrucomicrobiota","Verrucomicrobiae","Pedosphaerales","Pedosphaeraceae","ADurb.Bin063-1","uncultured_bacterium"
"ASV_7121","Reforma Waterfalls","d__Bacteria","Verrucomicrobiota","Verrucomicrobiae","Pedosphaerales","Pedosphaeraceae","ADurb.Bin063-1",NA
"ASV_3077","Reforma Waterfalls","d__Bacteria","Verrucomicrobiota","Verrucomicrobiae","Pedosphaerales","Pedosphaeraceae","ADurb.Bin063-1",NA
"ASV_4729","Reforma Waterfalls","d__Bacteria","Verrucomicrobiota","Verrucomicrobiae","Pedosphaerales","Pedosphaeraceae","ADurb.Bin063-1","uncultured_Verrucomicrobia"
"ASV_6691","Reforma Waterfalls","d__Bacteria","Verrucomicrobiota","Verrucomicrobiae","Pedosphaerales","Pedosphaeraceae","ADurb.Bin063-1","uncultured_Verrucomicrobia"
"ASV_4398","Reforma Waterfalls","d__Bacteria","Verrucomicrobiota","Verrucomicrobiae","Pedosphaerales","Pedosphaeraceae","Pedosphaeraceae","uncultured_bacterium"
"ASV_6308","Reforma Waterfalls","d__Bacteria","Verrucomicrobiota","Verrucomicrobiae","Pedosphaerales","Pedosphaeraceae","Pedosphaeraceae","uncultured_bacterium"
"ASV_3332","Reforma Waterfalls","d__Bacteria","Verrucomicrobiota","Verrucomicrobiae","Pedosphaerales","Pedosphaeraceae","Pedosphaeraceae","uncultured_bacterium"
"ASV_6793","Reforma Waterfalls","d__Bacteria","Verrucomicrobiota","Verrucomicrobiae","Pedosphaerales","Pedosphaeraceae","Pedosphaeraceae","uncultured_bacterium"
"ASV_4457","Reforma Waterfalls","d__Bacteria","Verrucomicrobiota","Verrucomicrobiae","Pedosphaerales","Pedosphaeraceae","Pedosphaeraceae","uncultured_bacterium"
"ASV_6915","Reforma Waterfalls","d__Bacteria","Verrucomicrobiota","Verrucomicrobiae","Pedosphaerales","Pedosphaeraceae","Pedosphaeraceae","uncultured_bacterium"
"ASV_6105","Reforma Waterfalls","d__Bacteria","Verrucomicrobiota","Verrucomicrobiae","Pedosphaerales","Pedosphaeraceae","Pedosphaeraceae",NA
"ASV_6134","Reforma Waterfalls","d__Bacteria","Verrucomicrobiota","Verrucomicrobiae","Pedosphaerales","Pedosphaeraceae","ADurb.Bin118","uncultured_bacterium"
"ASV_1608","Reforma Waterfalls","d__Bacteria","Verrucomicrobiota","Verrucomicrobiae","Pedosphaerales","Pedosphaeraceae","DEV008","uncultured_bacterium"
"ASV_5693","Reforma Waterfalls","d__Bacteria","Verrucomicrobiota","Verrucomicrobiae","Pedosphaerales","Pedosphaeraceae",NA,NA
"ASV_5400","Reforma Waterfalls","d__Bacteria","Verrucomicrobiota","Verrucomicrobiae","Pedosphaerales","Pedosphaeraceae","Pedosphaeraceae","uncultured_bacterium"
"ASV_4558","Reforma Waterfalls","d__Bacteria","Verrucomicrobiota","Verrucomicrobiae","Verrucomicrobiales","Rubritaleaceae","Luteolibacter",NA
"ASV_5676","Reforma Waterfalls","d__Bacteria","Verrucomicrobiota","Verrucomicrobiae","Verrucomicrobiales","Rubritaleaceae","Luteolibacter",NA
"ASV_4053","Reforma Waterfalls","d__Bacteria","Verrucomicrobiota","Verrucomicrobiae","Chthoniobacterales","Xiphinematobacteraceae","Candidatus_Xiphinematobacter",NA
"ASV_2620","Reforma Waterfalls","d__Bacteria","Verrucomicrobiota","Verrucomicrobiae","S-BQ2-57_soil_group","S-BQ2-57_soil_group","S-BQ2-57_soil_group","uncultured_bacterium"
"ASV_4897","Reforma Waterfalls","d__Bacteria","Verrucomicrobiota","Verrucomicrobiae","S-BQ2-57_soil_group","S-BQ2-57_soil_group","S-BQ2-57_soil_group",NA
"ASV_3736","Reforma Waterfalls","d__Bacteria","Verrucomicrobiota","Verrucomicrobiae","S-BQ2-57_soil_group","S-BQ2-57_soil_group","S-BQ2-57_soil_group","uncultured_bacterium"
"ASV_5178","Reforma Waterfalls","d__Bacteria","Verrucomicrobiota","Verrucomicrobiae","S-BQ2-57_soil_group","S-BQ2-57_soil_group","S-BQ2-57_soil_group","uncultured_bacterium"
"ASV_6299","Reforma Waterfalls","d__Bacteria","Verrucomicrobiota","Verrucomicrobiae","S-BQ2-57_soil_group","S-BQ2-57_soil_group","S-BQ2-57_soil_group","uncultured_bacterium"
"ASV_6894","Reforma Waterfalls","d__Bacteria","Verrucomicrobiota","Verrucomicrobiae","S-BQ2-57_soil_group","S-BQ2-57_soil_group","S-BQ2-57_soil_group","uncultured_bacterium"
"ASV_6022","Reforma Waterfalls","d__Bacteria","Patescibacteria","Saccharimonadia","Saccharimonadales","Saccharimonadales","Saccharimonadales",NA
"ASV_3801","Reforma Waterfalls","d__Bacteria","Patescibacteria","Parcubacteria","Candidatus_Yanofskybacteria","Candidatus_Yanofskybacteria","Candidatus_Yanofskybacteria","uncultured_deep-sea"
"ASV_5272","Reforma Waterfalls","d__Bacteria","Patescibacteria","Parcubacteria","Candidatus_Portnoybacteria","Candidatus_Portnoybacteria","Candidatus_Portnoybacteria","uncultured_bacterium"
"ASV_6223","Reforma Waterfalls","d__Bacteria","Patescibacteria","Parcubacteria","Candidatus_Moranbacteria","Candidatus_Moranbacteria","Candidatus_Moranbacteria","uncultured_soil"
"ASV_6702","Reforma Waterfalls","d__Bacteria","Patescibacteria","Parcubacteria","Candidatus_Moranbacteria","Candidatus_Moranbacteria","Candidatus_Moranbacteria","uncultured_bacterium"
"ASV_4844","Reforma Waterfalls","d__Bacteria","Patescibacteria","Parcubacteria",NA,NA,NA,NA
"ASV_5089","Reforma Waterfalls","d__Bacteria","Patescibacteria","Parcubacteria","Parcubacteria","Parcubacteria","Parcubacteria","uncultured_bacterium"
"ASV_613","Reforma Waterfalls","d__Bacteria","Methylomirabilota","Methylomirabilia","Rokubacteriales","Rokubacteriales","Rokubacteriales","uncultured_bacterium"
"ASV_894","Reforma Waterfalls","d__Bacteria","Methylomirabilota","Methylomirabilia","Rokubacteriales","Rokubacteriales","Rokubacteriales","uncultured_bacterium"
"ASV_4112","Reforma Waterfalls","d__Bacteria","Methylomirabilota","Methylomirabilia","Rokubacteriales","Rokubacteriales","Rokubacteriales","uncultured_bacterium"
"ASV_3490","Reforma Waterfalls","d__Bacteria","Methylomirabilota","Methylomirabilia","Rokubacteriales","Rokubacteriales","Rokubacteriales","uncultured_bacterium"
"ASV_6629","Reforma Waterfalls","d__Bacteria","Methylomirabilota","Methylomirabilia","Rokubacteriales","Rokubacteriales","Rokubacteriales","uncultured_bacterium"
"ASV_1535","Reforma Waterfalls","d__Bacteria","Methylomirabilota","Methylomirabilia","Rokubacteriales","Rokubacteriales","Rokubacteriales","uncultured_bacterium"
"ASV_4122","Reforma Waterfalls","d__Bacteria","Methylomirabilota","Methylomirabilia","Rokubacteriales","Rokubacteriales","Rokubacteriales","uncultured_bacterium"
"ASV_4085","Reforma Waterfalls","d__Bacteria","Methylomirabilota","Methylomirabilia","Rokubacteriales","Rokubacteriales","Rokubacteriales","uncultured_bacterium"
"ASV_3818","Reforma Waterfalls","d__Bacteria","Methylomirabilota","Methylomirabilia","Rokubacteriales","Rokubacteriales","Rokubacteriales","uncultured_bacterium"
"ASV_1622","Reforma Waterfalls","d__Bacteria","Methylomirabilota","Methylomirabilia","Rokubacteriales","Rokubacteriales","Rokubacteriales","uncultured_bacterium"
"ASV_800","Reforma Waterfalls","d__Bacteria","Methylomirabilota","Methylomirabilia","Rokubacteriales","Rokubacteriales","Rokubacteriales","uncultured_bacterium"
"ASV_2524","Reforma Waterfalls","d__Bacteria","Methylomirabilota","Methylomirabilia","Rokubacteriales","Rokubacteriales","Rokubacteriales","uncultured_bacterium"
"ASV_6817","Reforma Waterfalls","d__Bacteria","Methylomirabilota","Methylomirabilia","Rokubacteriales","Rokubacteriales","Rokubacteriales","uncultured_bacterium"
"ASV_2757","Reforma Waterfalls","d__Bacteria","Methylomirabilota","Methylomirabilia","Rokubacteriales","Rokubacteriales","Rokubacteriales","uncultured_bacterium"
"ASV_6154","Reforma Waterfalls","d__Bacteria","Methylomirabilota","Methylomirabilia","Rokubacteriales","Rokubacteriales","Rokubacteriales","uncultured_bacterium"
"ASV_5876","Reforma Waterfalls","d__Bacteria","Methylomirabilota","Methylomirabilia","Rokubacteriales","Rokubacteriales","Rokubacteriales","uncultured_bacterium"
"ASV_7145","Reforma Waterfalls","d__Bacteria","Methylomirabilota","Methylomirabilia","Rokubacteriales","Rokubacteriales","Rokubacteriales","uncultured_bacterium"
"ASV_5363","Reforma Waterfalls","d__Bacteria","Methylomirabilota","Methylomirabilia","Rokubacteriales","Rokubacteriales","Rokubacteriales","uncultured_bacterium"
"ASV_5617","Reforma Waterfalls","d__Bacteria","Methylomirabilota","Methylomirabilia","Rokubacteriales","Rokubacteriales","Rokubacteriales","uncultured_bacterium"
"ASV_1070","Reforma Waterfalls","d__Bacteria","Methylomirabilota","Methylomirabilia","Rokubacteriales","Rokubacteriales","Rokubacteriales","uncultured_bacterium"
"ASV_5783","Reforma Waterfalls","d__Bacteria","Methylomirabilota","Methylomirabilia","Rokubacteriales","Rokubacteriales","Rokubacteriales","uncultured_bacterium"
"ASV_4815","Reforma Waterfalls","d__Bacteria","Methylomirabilota","Methylomirabilia","Rokubacteriales","Rokubacteriales","Rokubacteriales","uncultured_bacterium"
"ASV_1653","Reforma Waterfalls","d__Bacteria","Methylomirabilota","Methylomirabilia","Rokubacteriales","WX65","WX65",NA
"ASV_3466","Reforma Waterfalls","d__Bacteria","Methylomirabilota","Methylomirabilia","Rokubacteriales","WX65","WX65","uncultured_bacterium"
"ASV_4468","Reforma Waterfalls","d__Bacteria","Methylomirabilota","Methylomirabilia","Rokubacteriales","WX65","WX65","uncultured_bacterium"
"ASV_4153","Reforma Waterfalls","d__Bacteria","Methylomirabilota","Methylomirabilia","Rokubacteriales","WX65","WX65","uncultured_bacterium"
"ASV_6649","Reforma Waterfalls","d__Bacteria","Methylomirabilota","Methylomirabilia","Rokubacteriales","WX65","WX65","uncultured_bacterium"
"ASV_7032","Reforma Waterfalls","d__Bacteria","Methylomirabilota","Methylomirabilia","Rokubacteriales","WX65","WX65","uncultured_bacterium"
"ASV_5427","Reforma Waterfalls","d__Bacteria","Acidobacteriota","Aminicenantia","Aminicenantales","Aminicenantales","Aminicenantales","uncultured_Aminicenantes"
"ASV_5076","Reforma Waterfalls","d__Bacteria","Acidobacteriota","Aminicenantia","Aminicenantales","Aminicenantales","Aminicenantales","uncultured_bacterium"
"ASV_5451","Reforma Waterfalls","d__Bacteria","Acidobacteriota","Aminicenantia","Aminicenantales","Aminicenantales","Aminicenantales",NA
"ASV_3408","Reforma Waterfalls","d__Bacteria","Methylomirabilota","Methylomirabilia","Methylomirabilales","Methylomirabilaceae","wb1-A12","uncultured_bacterium"
"ASV_3511","Reforma Waterfalls","d__Bacteria","Methylomirabilota","Methylomirabilia","Methylomirabilales","Methylomirabilaceae","Sh765B-TzT-35","uncultured_bacterium"
"ASV_2137","Reforma Waterfalls","d__Bacteria","Methylomirabilota","Methylomirabilia","Methylomirabilales","Methylomirabilaceae","Sh765B-TzT-35","uncultured_bacterium"
"ASV_3524","Reforma Waterfalls","d__Bacteria","Methylomirabilota","Methylomirabilia","Methylomirabilales","Methylomirabilaceae","Sh765B-TzT-35","uncultured_bacterium"
"ASV_4986","Reforma Waterfalls","d__Bacteria","Methylomirabilota","Methylomirabilia","Methylomirabilales","Methylomirabilaceae","Sh765B-TzT-35","uncultured_bacterium"
"ASV_726","Reforma Waterfalls","d__Bacteria","Methylomirabilota","Methylomirabilia","Methylomirabilales","Methylomirabilaceae","Sh765B-TzT-35","uncultured_bacterium"
"ASV_2407","Reforma Waterfalls","d__Bacteria","Methylomirabilota","Methylomirabilia","Methylomirabilales","Methylomirabilaceae","Z114MB74","uncultured_bacterium"
"ASV_2733","Reforma Waterfalls","d__Bacteria","Methylomirabilota","Methylomirabilia","Methylomirabilales","Methylomirabilaceae","Z114MB74","uncultured_bacterium"
"ASV_5115","Reforma Waterfalls","d__Bacteria","Methylomirabilota","Methylomirabilia","Methylomirabilales","Methylomirabilaceae","Z114MB74","uncultured_bacterium"
"ASV_2250","Reforma Waterfalls","d__Bacteria","Sumerlaeota","Sumerlaeia","uncultured","uncultured","uncultured","uncultured_delta"
"ASV_6018","Reforma Waterfalls","d__Bacteria","Sumerlaeota","Sumerlaeia","uncultured","uncultured","uncultured","uncultured_delta"
"ASV_4838","Reforma Waterfalls","d__Bacteria","Sumerlaeota","Sumerlaeia","uncultured","uncultured","uncultured","uncultured_delta"
"ASV_5126","Reforma Waterfalls","d__Bacteria","Gemmatimonadota","MD2902-B12","MD2902-B12","MD2902-B12","MD2902-B12","uncultured_bacterium"
"ASV_1706","Reforma Waterfalls","d__Bacteria","Gemmatimonadota","AKAU4049","AKAU4049","AKAU4049","AKAU4049","uncultured_soil"
"ASV_2784","Reforma Waterfalls","d__Bacteria","Proteobacteria","Gammaproteobacteria","Enterobacterales","Enterobacteriaceae","Enterobacter",NA
"ASV_3413","Reforma Waterfalls","d__Bacteria","Proteobacteria","Gammaproteobacteria","Aeromonadales","Aeromonadaceae","Aeromonas",NA
"ASV_3807","Reforma Waterfalls","d__Bacteria","Proteobacteria","Gammaproteobacteria","Gammaproteobacteria","Gammaproteobacteria","Gammaproteobacteria","uncultured_bacterium"
"ASV_3787","Reforma Waterfalls","d__Bacteria","Proteobacteria","Gammaproteobacteria","KI89A_clade","KI89A_clade","KI89A_clade","uncultured_gamma"
"ASV_3806","Reforma Waterfalls","d__Bacteria","Proteobacteria","Gammaproteobacteria","KI89A_clade","KI89A_clade","KI89A_clade","uncultured_gamma"
"ASV_3096","Reforma Waterfalls","d__Bacteria","Proteobacteria","Gammaproteobacteria","KI89A_clade","KI89A_clade","KI89A_clade",NA
"ASV_1908","Reforma Waterfalls","d__Bacteria","Proteobacteria","Gammaproteobacteria","Alteromonadales","Alteromonadaceae","Rheinheimera",NA
"ASV_1709","Reforma Waterfalls","d__Bacteria","Proteobacteria","Gammaproteobacteria","Alteromonadales","Alteromonadaceae","Rheinheimera",NA
"ASV_570","Reforma Waterfalls","d__Bacteria","Proteobacteria","Gammaproteobacteria","Pseudomonadales","Moraxellaceae","Acinetobacter",NA
"ASV_2122","Reforma Waterfalls","d__Bacteria","Proteobacteria","Gammaproteobacteria","Pseudomonadales","Moraxellaceae","Acinetobacter",NA
"ASV_3543","Reforma Waterfalls","d__Bacteria","Proteobacteria","Gammaproteobacteria","Pseudomonadales","Moraxellaceae","Acinetobacter","Acinetobacter_baumannii"
"ASV_4025","Reforma Waterfalls","d__Bacteria","Proteobacteria","Gammaproteobacteria","Pseudomonadales","Moraxellaceae","Acinetobacter",NA
"ASV_319","Reforma Waterfalls","d__Bacteria","Proteobacteria","Gammaproteobacteria","Pseudomonadales","Moraxellaceae","Acinetobacter","Acinetobacter_indicus"
"ASV_619","Reforma Waterfalls","d__Bacteria","Proteobacteria","Gammaproteobacteria","Pseudomonadales","Moraxellaceae","Acinetobacter","Acinetobacter_indicus"
"ASV_3776","Reforma Waterfalls","d__Bacteria","Proteobacteria","Gammaproteobacteria","Pseudomonadales","Pseudomonadaceae","Pseudomonas",NA
"ASV_1025","Reforma Waterfalls","d__Bacteria","Proteobacteria","Gammaproteobacteria","Pseudomonadales","Pseudomonadaceae","Pseudomonas",NA
"ASV_1033","Reforma Waterfalls","d__Bacteria","Proteobacteria","Gammaproteobacteria","Pseudomonadales","Pseudomonadaceae","Pseudomonas","Pseudomonas_resinovorans"
"ASV_6389","Reforma Waterfalls","d__Bacteria","Proteobacteria","Gammaproteobacteria","Pseudomonadales","Pseudomonadaceae","Pseudomonas","Pseudomonas_resinovorans"
"ASV_4972","Reforma Waterfalls","d__Bacteria","Proteobacteria","Gammaproteobacteria","Pseudomonadales","Pseudomonadaceae","Pseudomonas",NA
"ASV_205","Reforma Waterfalls","d__Bacteria","Proteobacteria","Gammaproteobacteria","Pseudomonadales","Pseudomonadaceae","Pseudomonas",NA
"ASV_4240","Reforma Waterfalls","d__Bacteria","Proteobacteria","Gammaproteobacteria","Pseudomonadales","Pseudomonadaceae","Pseudomonas","Pseudomonas_peli"
"ASV_2638","Reforma Waterfalls","d__Bacteria","Proteobacteria","Gammaproteobacteria","Pseudomonadales","Pseudomonadaceae","Pseudomonas","Pseudomonas_resinovorans"
"ASV_5415","Reforma Waterfalls","d__Bacteria","Proteobacteria","Gammaproteobacteria","Pseudomonadales","Pseudomonadaceae","Pseudomonas","Pseudomonas_resinovorans"
"ASV_4144","Reforma Waterfalls","d__Bacteria","Proteobacteria","Gammaproteobacteria","Pseudomonadales","Pseudomonadaceae","Pseudomonas",NA
"ASV_3639","Reforma Waterfalls","d__Bacteria","Proteobacteria","Gammaproteobacteria","Pseudomonadales","Pseudomonadaceae","Pseudomonas",NA
"ASV_627","Reforma Waterfalls","d__Bacteria","Proteobacteria","Gammaproteobacteria","Pseudomonadales","Pseudomonadaceae","Pseudomonas",NA
"ASV_2087","Reforma Waterfalls","d__Bacteria","Proteobacteria","Gammaproteobacteria","Pseudomonadales","Pseudomonadaceae","Pseudomonas",NA
"ASV_5386","Reforma Waterfalls","d__Bacteria","Proteobacteria","Gammaproteobacteria","Pseudomonadales","Moraxellaceae","Permianibacter","uncultured_bacterium"
"ASV_7064","Reforma Waterfalls","d__Bacteria","Proteobacteria","Gammaproteobacteria",NA,NA,NA,NA
"ASV_3863","Reforma Waterfalls","d__Bacteria","Proteobacteria","Gammaproteobacteria",NA,NA,NA,NA
"ASV_7118","Reforma Waterfalls","d__Bacteria","Proteobacteria","Gammaproteobacteria","Ectothiorhodospirales","Thioalkalispiraceae","Thioalkalispira-Sulfurivermis","uncultured_bacterium"
"ASV_1837","Reforma Waterfalls","d__Bacteria","Proteobacteria","Gammaproteobacteria","KF-JG30-C25","KF-JG30-C25","KF-JG30-C25","uncultured_organism"
"ASV_4958","Reforma Waterfalls","d__Bacteria","Proteobacteria","Gammaproteobacteria","Steroidobacterales","Woeseiaceae","Woeseia",NA
"ASV_3098","Reforma Waterfalls","d__Bacteria","Proteobacteria","Gammaproteobacteria","Xanthomonadales","Xanthomonadaceae","Lysobacter",NA
"ASV_6814","Reforma Waterfalls","d__Bacteria","Proteobacteria","Gammaproteobacteria","Nitrosococcales","Nitrosococcaceae","CI75cm.2.12","uncultured_bacterium"
"ASV_2429","Reforma Waterfalls","d__Bacteria","Proteobacteria","Gammaproteobacteria","Legionellales","Legionellaceae","uncultured",NA
"ASV_4166","Reforma Waterfalls","d__Bacteria","Proteobacteria","Gammaproteobacteria","Legionellales","Legionellaceae","uncultured","uncultured_gamma"
"ASV_4999","Reforma Waterfalls","d__Bacteria","Proteobacteria","Gammaproteobacteria","Run-SP154","Run-SP154","Run-SP154","uncultured_gamma"
"ASV_4811","Reforma Waterfalls","d__Bacteria","Proteobacteria","Gammaproteobacteria","Arenicellales","Arenicellaceae","Candidatus_Thiosymbion","gamma_proteobacterium"
"ASV_3997","Reforma Waterfalls","d__Bacteria","Proteobacteria","Gammaproteobacteria",NA,NA,NA,NA
"ASV_2387","Reforma Waterfalls","d__Bacteria","Proteobacteria","Gammaproteobacteria","PLTA13","PLTA13","PLTA13",NA
"ASV_4209","Reforma Waterfalls","d__Bacteria","Proteobacteria","Gammaproteobacteria","PLTA13","PLTA13","PLTA13",NA
"ASV_3237","Reforma Waterfalls","d__Bacteria","Proteobacteria","Gammaproteobacteria",NA,NA,NA,NA
"ASV_4636","Reforma Waterfalls","d__Bacteria","Proteobacteria","Gammaproteobacteria","Steroidobacterales","Steroidobacteraceae","uncultured",NA
"ASV_4877","Reforma Waterfalls","d__Bacteria","Proteobacteria","Gammaproteobacteria","Steroidobacterales","Steroidobacteraceae","uncultured",NA
"ASV_320","Reforma Waterfalls","d__Bacteria","Proteobacteria","Gammaproteobacteria","EPR3968-O8a-Bc78","EPR3968-O8a-Bc78","EPR3968-O8a-Bc78",NA
"ASV_1601","Reforma Waterfalls","d__Bacteria","Proteobacteria","Gammaproteobacteria","EPR3968-O8a-Bc78","EPR3968-O8a-Bc78","EPR3968-O8a-Bc78",NA
"ASV_1546","Reforma Waterfalls","d__Bacteria","Proteobacteria","Gammaproteobacteria","EPR3968-O8a-Bc78","EPR3968-O8a-Bc78","EPR3968-O8a-Bc78",NA
"ASV_2078","Reforma Waterfalls","d__Bacteria","Proteobacteria","Gammaproteobacteria","EPR3968-O8a-Bc78","EPR3968-O8a-Bc78","EPR3968-O8a-Bc78",NA
"ASV_1704","Reforma Waterfalls","d__Bacteria","Proteobacteria","Gammaproteobacteria","CCD24","CCD24","CCD24",NA
"ASV_1473","Reforma Waterfalls","d__Bacteria","Proteobacteria","Gammaproteobacteria","CCD24","CCD24","CCD24",NA
"ASV_6041","Reforma Waterfalls","d__Bacteria","Proteobacteria","Gammaproteobacteria","CCD24","CCD24","CCD24","metagenome"
"ASV_5443","Reforma Waterfalls","d__Bacteria","Proteobacteria","Gammaproteobacteria","CCD24","CCD24","CCD24","uncultured_bacterium"
"ASV_6731","Reforma Waterfalls","d__Bacteria","Proteobacteria","Gammaproteobacteria","CCD24","CCD24","CCD24",NA
"ASV_2081","Reforma Waterfalls","d__Bacteria","Proteobacteria","Gammaproteobacteria","CCD24","CCD24","CCD24","uncultured_bacterium"
"ASV_3552","Reforma Waterfalls","d__Bacteria","Proteobacteria","Gammaproteobacteria","EPR3968-O8a-Bc78","EPR3968-O8a-Bc78","EPR3968-O8a-Bc78",NA
"ASV_437","Reforma Waterfalls","d__Bacteria","Proteobacteria","Gammaproteobacteria","EPR3968-O8a-Bc78","EPR3968-O8a-Bc78","EPR3968-O8a-Bc78",NA
"ASV_1316","Reforma Waterfalls","d__Bacteria","Proteobacteria","Gammaproteobacteria","EPR3968-O8a-Bc78","EPR3968-O8a-Bc78","EPR3968-O8a-Bc78","uncultured_bacterium"
"ASV_1506","Reforma Waterfalls","d__Bacteria","Proteobacteria","Gammaproteobacteria","EPR3968-O8a-Bc78","EPR3968-O8a-Bc78","EPR3968-O8a-Bc78",NA
"ASV_4222","Reforma Waterfalls","d__Bacteria","Proteobacteria","Gammaproteobacteria","EPR3968-O8a-Bc78","EPR3968-O8a-Bc78","EPR3968-O8a-Bc78","uncultured_gamma"
"ASV_5781","Reforma Waterfalls","d__Bacteria","Proteobacteria","Gammaproteobacteria","JG36-GS-52","JG36-GS-52","JG36-GS-52","uncultured_bacterium"
"ASV_2086","Reforma Waterfalls","d__Bacteria","Proteobacteria","Gammaproteobacteria","JG36-GS-52","JG36-GS-52","JG36-GS-52",NA
"ASV_4925","Reforma Waterfalls","d__Bacteria","Proteobacteria","Gammaproteobacteria","JG36-GS-52","JG36-GS-52","JG36-GS-52","uncultured_bacterium"
"ASV_5753","Reforma Waterfalls","d__Bacteria","Proteobacteria","Gammaproteobacteria","Chromatiales","Chromatiaceae","uncultured","uncultured_gamma"
"ASV_1170","Reforma Waterfalls","d__Bacteria","Proteobacteria","Gammaproteobacteria","Ectothiorhodospirales","Ectothiorhodospiraceae","uncultured",NA
"ASV_5660","Reforma Waterfalls","d__Bacteria","Proteobacteria","Gammaproteobacteria","B2M28","B2M28","B2M28","uncultured_gamma"
"ASV_2855","Reforma Waterfalls","d__Bacteria","Proteobacteria","Gammaproteobacteria",NA,NA,NA,NA
"ASV_5104","Reforma Waterfalls","d__Bacteria","Proteobacteria","Gammaproteobacteria","Ectothiorhodospirales","Ectothiorhodospiraceae","Thiogranum","uncultured_bacterium"
"ASV_1959","Reforma Waterfalls","d__Bacteria","Proteobacteria","Gammaproteobacteria","Gammaproteobacteria_Incertae_Sedis","Unknown_Family","uncultured","uncultured_bacterium"
"ASV_5397","Reforma Waterfalls","d__Bacteria","Proteobacteria","Gammaproteobacteria","Gammaproteobacteria_Incertae_Sedis","Unknown_Family","uncultured",NA
"ASV_2186","Reforma Waterfalls","d__Bacteria","Proteobacteria","Gammaproteobacteria","Gammaproteobacteria_Incertae_Sedis","Unknown_Family","uncultured","metagenome"
"ASV_4860","Reforma Waterfalls","d__Bacteria","Proteobacteria","Gammaproteobacteria","Gammaproteobacteria_Incertae_Sedis","Unknown_Family","uncultured",NA
"ASV_7057","Reforma Waterfalls","d__Bacteria","Proteobacteria","Gammaproteobacteria","uncultured","uncultured","uncultured",NA
"ASV_5645","Reforma Waterfalls","d__Bacteria","Proteobacteria","Gammaproteobacteria","Nitrosococcales","Nitrosococcaceae","3PJM14","uncultured_bacterium"
"ASV_6099","Reforma Waterfalls","d__Bacteria","Proteobacteria","Gammaproteobacteria","Nitrosococcales","Nitrosococcaceae","3PJM14",NA
"ASV_4484","Reforma Waterfalls","d__Bacteria","Proteobacteria","Gammaproteobacteria","Acidiferrobacterales","Acidiferrobacteraceae","Sulfurifustis",NA
"ASV_4696","Reforma Waterfalls","d__Bacteria","Proteobacteria","Gammaproteobacteria","Acidiferrobacterales","Acidiferrobacteraceae","Sulfurifustis","uncultured_bacterium"
"ASV_2042","Reforma Waterfalls","d__Bacteria","Proteobacteria","Gammaproteobacteria","Acidiferrobacterales","Acidiferrobacteraceae","Sulfurifustis","Sulfuricaulis_limicola"
"ASV_4741","Reforma Waterfalls","d__Bacteria","Proteobacteria","Gammaproteobacteria","Acidiferrobacterales","Acidiferrobacteraceae","Sulfurifustis","uncultured_proteobacterium"
"ASV_4602","Reforma Waterfalls","d__Bacteria","Proteobacteria","Gammaproteobacteria","Acidiferrobacterales","Acidiferrobacteraceae","Sulfurifustis",NA
"ASV_2956","Reforma Waterfalls","d__Bacteria","Proteobacteria","Gammaproteobacteria","Acidiferrobacterales","Acidiferrobacteraceae","Sulfurifustis","uncultured_Thiotrichaceae"
"ASV_2306","Reforma Waterfalls","d__Bacteria","Proteobacteria","Gammaproteobacteria","Acidiferrobacterales","Acidiferrobacteraceae","Sulfurifustis","uncultured_proteobacterium"
"ASV_5381","Reforma Waterfalls","d__Bacteria","Proteobacteria","Gammaproteobacteria","Acidiferrobacterales","Acidiferrobacteraceae","Sulfurifustis","uncultured_proteobacterium"
"ASV_5837","Reforma Waterfalls","d__Bacteria","Proteobacteria","Gammaproteobacteria","Acidiferrobacterales","Acidiferrobacteraceae","Sulfurifustis","uncultured_proteobacterium"
"ASV_4105","Reforma Waterfalls","d__Bacteria","Proteobacteria","Gammaproteobacteria","Acidiferrobacterales","Acidiferrobacteraceae","Sulfurifustis","uncultured_proteobacterium"
"ASV_4407","Reforma Waterfalls","d__Bacteria","Proteobacteria","Gammaproteobacteria","Acidiferrobacterales","Acidiferrobacteraceae","Sulfurifustis",NA
"ASV_2779","Reforma Waterfalls","d__Bacteria","Proteobacteria","Gammaproteobacteria","Acidiferrobacterales","Acidiferrobacteraceae","Sulfurifustis","uncultured_proteobacterium"
"ASV_5163","Reforma Waterfalls","d__Bacteria","Proteobacteria","Gammaproteobacteria","Acidiferrobacterales","Acidiferrobacteraceae","Sulfurifustis",NA
"ASV_1827","Reforma Waterfalls","d__Bacteria","Proteobacteria","Gammaproteobacteria","Acidiferrobacterales","Acidiferrobacteraceae","Sulfurifustis","uncultured_proteobacterium"
"ASV_4957","Reforma Waterfalls","d__Bacteria","Proteobacteria","Gammaproteobacteria","Acidiferrobacterales","Acidiferrobacteraceae","Sulfurifustis","uncultured_proteobacterium"
"ASV_2373","Reforma Waterfalls","d__Bacteria","Proteobacteria","Gammaproteobacteria","Acidiferrobacterales","Acidiferrobacteraceae","Sulfurifustis","uncultured_proteobacterium"
"ASV_4523","Reforma Waterfalls","d__Bacteria","Proteobacteria","Gammaproteobacteria","Acidiferrobacterales","Acidiferrobacteraceae","Sulfurifustis","uncultured_proteobacterium"
"ASV_6213","Reforma Waterfalls","d__Bacteria","Proteobacteria","Gammaproteobacteria","Acidiferrobacterales","Acidiferrobacteraceae","Sulfurifustis",NA
"ASV_3201","Reforma Waterfalls","d__Bacteria","Proteobacteria","Gammaproteobacteria","Acidiferrobacterales","Acidiferrobacteraceae","Sulfurifustis",NA
"ASV_841","Reforma Waterfalls","d__Bacteria","Proteobacteria","Gammaproteobacteria","Acidiferrobacterales","Acidiferrobacteraceae","Sulfurifustis","uncultured_proteobacterium"
"ASV_2228","Reforma Waterfalls","d__Bacteria","Proteobacteria","Gammaproteobacteria","Acidiferrobacterales","Acidiferrobacteraceae","Sulfurifustis",NA
"ASV_748","Reforma Waterfalls","d__Bacteria","Proteobacteria","Gammaproteobacteria",NA,NA,NA,NA
"ASV_6795","Reforma Waterfalls","d__Bacteria","Proteobacteria","Gammaproteobacteria",NA,NA,NA,NA
"ASV_4158","Reforma Waterfalls","d__Bacteria","Proteobacteria","Gammaproteobacteria","WN-HWB-116","WN-HWB-116","WN-HWB-116","uncultured_bacterium"
"ASV_1714","Reforma Waterfalls","d__Bacteria","Proteobacteria","Gammaproteobacteria","Burkholderiales","TRA3-20","TRA3-20",NA
"ASV_2940","Reforma Waterfalls","d__Bacteria","Proteobacteria","Gammaproteobacteria","Burkholderiales","TRA3-20","TRA3-20",NA
"ASV_7116","Reforma Waterfalls","d__Bacteria","Proteobacteria","Gammaproteobacteria","Burkholderiales","TRA3-20","TRA3-20","uncultured_bacterium"
"ASV_3316","Reforma Waterfalls","d__Bacteria","Proteobacteria","Gammaproteobacteria","Burkholderiales","TRA3-20","TRA3-20",NA
"ASV_719","Reforma Waterfalls","d__Bacteria","Proteobacteria","Gammaproteobacteria","Burkholderiales","TRA3-20","TRA3-20",NA
"ASV_3508","Reforma Waterfalls","d__Bacteria","Proteobacteria","Gammaproteobacteria","Burkholderiales","TRA3-20","TRA3-20",NA
"ASV_1372","Reforma Waterfalls","d__Bacteria","Proteobacteria","Gammaproteobacteria","Burkholderiales","TRA3-20","TRA3-20",NA
"ASV_1431","Reforma Waterfalls","d__Bacteria","Proteobacteria","Gammaproteobacteria","Burkholderiales","TRA3-20","TRA3-20",NA
"ASV_6574","Reforma Waterfalls","d__Bacteria","Proteobacteria","Gammaproteobacteria","Burkholderiales","TRA3-20","TRA3-20",NA
"ASV_1462","Reforma Waterfalls","d__Bacteria","Proteobacteria","Gammaproteobacteria","Burkholderiales","Nitrosomonadaceae","GOUTA6",NA
"ASV_5123","Reforma Waterfalls","d__Bacteria","Proteobacteria","Gammaproteobacteria","Burkholderiales","TRA3-20","TRA3-20",NA
"ASV_6102","Reforma Waterfalls","d__Bacteria","Proteobacteria","Gammaproteobacteria","Burkholderiales","TRA3-20","TRA3-20",NA
"ASV_3178","Reforma Waterfalls","d__Bacteria","Proteobacteria","Gammaproteobacteria","Burkholderiales","TRA3-20","TRA3-20",NA
"ASV_2051","Reforma Waterfalls","d__Bacteria","Proteobacteria","Gammaproteobacteria","Burkholderiales","B1-7BS","B1-7BS","uncultured_bacterium"
"ASV_3369","Reforma Waterfalls","d__Bacteria","Proteobacteria","Gammaproteobacteria","Burkholderiales","B1-7BS","B1-7BS","uncultured_bacterium"
"ASV_1726","Reforma Waterfalls","d__Bacteria","Proteobacteria","Gammaproteobacteria","Burkholderiales","B1-7BS","B1-7BS","uncultured_bacterium"
"ASV_5021","Reforma Waterfalls","d__Bacteria","Proteobacteria","Gammaproteobacteria","Burkholderiales","B1-7BS","B1-7BS",NA
"ASV_5914","Reforma Waterfalls","d__Bacteria","Proteobacteria","Gammaproteobacteria","Burkholderiales","B1-7BS","B1-7BS","uncultured_bacterium"
"ASV_3138","Reforma Waterfalls","d__Bacteria","Proteobacteria","Gammaproteobacteria","Burkholderiales","B1-7BS","B1-7BS",NA
"ASV_2894","Reforma Waterfalls","d__Bacteria","Proteobacteria","Gammaproteobacteria","Burkholderiales","B1-7BS","B1-7BS",NA
"ASV_7045","Reforma Waterfalls","d__Bacteria","Proteobacteria","Gammaproteobacteria","Burkholderiales","Hydrogenophilaceae","uncultured","uncultured_bacterium"
"ASV_555","Reforma Waterfalls","d__Bacteria","Proteobacteria","Gammaproteobacteria","Burkholderiales","Comamonadaceae","Hydrogenophaga",NA
"ASV_3318","Reforma Waterfalls","d__Bacteria","Proteobacteria","Gammaproteobacteria","Burkholderiales","Comamonadaceae","Hydrogenophaga",NA
"ASV_3468","Reforma Waterfalls","d__Bacteria","Proteobacteria","Gammaproteobacteria","Burkholderiales","Comamonadaceae","Hydrogenophaga",NA
"ASV_2879","Reforma Waterfalls","d__Bacteria","Proteobacteria","Gammaproteobacteria","Burkholderiales","Comamonadaceae","Hydrogenophaga",NA
"ASV_6047","Reforma Waterfalls","d__Bacteria","Proteobacteria","Gammaproteobacteria","Burkholderiales","Comamonadaceae","Hydrogenophaga",NA
"ASV_1288","Reforma Waterfalls","d__Bacteria","Proteobacteria","Gammaproteobacteria","Burkholderiales","Comamonadaceae","Rhodoferax",NA
"ASV_2315","Reforma Waterfalls","d__Bacteria","Proteobacteria","Gammaproteobacteria","Burkholderiales","Comamonadaceae",NA,NA
"ASV_2551","Reforma Waterfalls","d__Bacteria","Proteobacteria","Gammaproteobacteria","Burkholderiales","Comamonadaceae","Curvibacter",NA
"ASV_5225","Reforma Waterfalls","d__Bacteria","Proteobacteria","Gammaproteobacteria","Burkholderiales","Comamonadaceae","Curvibacter",NA
"ASV_5580","Reforma Waterfalls","d__Bacteria","Proteobacteria","Gammaproteobacteria","Burkholderiales","Comamonadaceae","Curvibacter",NA
"ASV_1309","Reforma Waterfalls","d__Bacteria","Proteobacteria","Gammaproteobacteria","Burkholderiales","Comamonadaceae","Comamonas","Comamonas_aquatica"
"ASV_4532","Reforma Waterfalls","d__Bacteria","Proteobacteria","Gammaproteobacteria","Burkholderiales","Comamonadaceae",NA,NA
"ASV_5483","Reforma Waterfalls","d__Bacteria","Proteobacteria","Gammaproteobacteria","Burkholderiales","Comamonadaceae","[Polyangium]_brachysporum_group","Polyangium_sp."
"ASV_4284","Reforma Waterfalls","d__Bacteria","Proteobacteria","Gammaproteobacteria","Burkholderiales","Comamonadaceae","Inhella","uncultured_bacterium"
"ASV_6544","Reforma Waterfalls","d__Bacteria","Proteobacteria","Gammaproteobacteria","Burkholderiales","Comamonadaceae",NA,NA
"ASV_3928","Reforma Waterfalls","d__Bacteria","Proteobacteria","Gammaproteobacteria","Burkholderiales","Comamonadaceae",NA,NA
"ASV_5316","Reforma Waterfalls","d__Bacteria","Proteobacteria","Gammaproteobacteria","Burkholderiales","Comamonadaceae","Comamonas",NA
"ASV_5265","Reforma Waterfalls","d__Bacteria","Proteobacteria","Gammaproteobacteria","Burkholderiales","Sutterellaceae","uncultured","uncultured_bacterium"
"ASV_4987","Reforma Waterfalls","d__Bacteria","Proteobacteria","Gammaproteobacteria","Burkholderiales","Sutterellaceae","uncultured","uncultured_bacterium"
"ASV_3696","Reforma Waterfalls","d__Bacteria","Proteobacteria","Gammaproteobacteria","Burkholderiales","Sutterellaceae","uncultured","uncultured_bacterium"
"ASV_6626","Reforma Waterfalls","d__Bacteria","Proteobacteria","Gammaproteobacteria","Burkholderiales","SC-I-84","SC-I-84",NA
"ASV_5156","Reforma Waterfalls","d__Bacteria","Proteobacteria","Gammaproteobacteria","Burkholderiales","SC-I-84","SC-I-84","uncultured_bacterium"
"ASV_5938","Reforma Waterfalls","d__Bacteria","Proteobacteria","Gammaproteobacteria","Burkholderiales","Hydrogenophilaceae","uncultured",NA
"ASV_5063","Reforma Waterfalls","d__Bacteria","Proteobacteria","Gammaproteobacteria","Burkholderiales","Hydrogenophilaceae","uncultured",NA
"ASV_390","Reforma Waterfalls","d__Bacteria","Proteobacteria","Gammaproteobacteria","Burkholderiales","Chromobacteriaceae","Vogesella","Vogesella_amnigena"
"ASV_2023","Reforma Waterfalls","d__Bacteria","Proteobacteria","Gammaproteobacteria","Burkholderiales","Chromobacteriaceae","Vogesella","Vogesella_amnigena"
"ASV_855","Reforma Waterfalls","d__Bacteria","Proteobacteria","Gammaproteobacteria","Burkholderiales","Chromobacteriaceae","Vogesella","Vogesella_amnigena"
"ASV_6990","Reforma Waterfalls","d__Bacteria","Proteobacteria","Gammaproteobacteria","Burkholderiales","Chitinimonadaceae","Chitinimonas",NA
"ASV_1907","Reforma Waterfalls","d__Bacteria","Proteobacteria","Gammaproteobacteria","Burkholderiales","Chitinimonadaceae","Chitinimonas","Chitinimonas_sp."
"ASV_3497","Reforma Waterfalls","d__Bacteria","Proteobacteria","Gammaproteobacteria","Burkholderiales","Chitinimonadaceae","Chitinimonas","Chitinimonas_sp."
"ASV_1834","Reforma Waterfalls","d__Bacteria","Proteobacteria","Gammaproteobacteria","Burkholderiales","Chitinibacteraceae","Chitinibacter","Chitinibacter_tainanensis"
"ASV_3711","Reforma Waterfalls","d__Bacteria","Proteobacteria","Gammaproteobacteria","Burkholderiales","Chitinibacteraceae","Chitinilyticum","Chitinilyticum_litopenaei"
"ASV_1650","Reforma Waterfalls","d__Bacteria","Proteobacteria","Gammaproteobacteria","Burkholderiales","Oxalobacteraceae","Massilia","Duganella_sp."
"ASV_4092","Reforma Waterfalls","d__Bacteria","Proteobacteria","Gammaproteobacteria","Burkholderiales","Oxalobacteraceae","Massilia","Duganella_sp."
"ASV_2259","Reforma Waterfalls","d__Bacteria","Proteobacteria","Gammaproteobacteria","Burkholderiales","Hydrogenophilaceae","uncultured",NA
"ASV_469","Reforma Waterfalls","d__Bacteria","Proteobacteria","Gammaproteobacteria","Burkholderiales","Hydrogenophilaceae","uncultured",NA
"ASV_2265","Reforma Waterfalls","d__Bacteria","Proteobacteria","Gammaproteobacteria","Burkholderiales","Hydrogenophilaceae","uncultured",NA
"ASV_836","Reforma Waterfalls","d__Bacteria","Proteobacteria","Gammaproteobacteria","Burkholderiales",NA,NA,NA
"ASV_1966","Reforma Waterfalls","d__Bacteria","Proteobacteria","Gammaproteobacteria","Burkholderiales","Hydrogenophilaceae","uncultured",NA
"ASV_4064","Reforma Waterfalls","d__Bacteria","Proteobacteria","Gammaproteobacteria","Burkholderiales","Hydrogenophilaceae","uncultured",NA
"ASV_2474","Reforma Waterfalls","d__Bacteria","Proteobacteria","Gammaproteobacteria","Burkholderiales","Hydrogenophilaceae","uncultured",NA
"ASV_6332","Reforma Waterfalls","d__Bacteria","Proteobacteria","Gammaproteobacteria","Burkholderiales","Hydrogenophilaceae","uncultured",NA
"ASV_4283","Reforma Waterfalls","d__Bacteria","Proteobacteria","Gammaproteobacteria","Burkholderiales","Hydrogenophilaceae","uncultured",NA
"ASV_2686","Reforma Waterfalls","d__Bacteria","Proteobacteria","Gammaproteobacteria","Burkholderiales","Hydrogenophilaceae","Thiobacillus",NA
"ASV_3304","Reforma Waterfalls","d__Bacteria","Proteobacteria","Gammaproteobacteria","Burkholderiales","Hydrogenophilaceae","Thiobacillus",NA
"ASV_3794","Reforma Waterfalls","d__Bacteria","Proteobacteria","Gammaproteobacteria","Burkholderiales","Hydrogenophilaceae","Thiobacillus",NA
"ASV_5442","Reforma Waterfalls","d__Bacteria","Proteobacteria","Gammaproteobacteria","Burkholderiales","Hydrogenophilaceae","Thiobacillus",NA
"ASV_3702","Reforma Waterfalls","d__Bacteria","Proteobacteria","Gammaproteobacteria","Burkholderiales","Rhodocyclaceae","uncultured",NA
"ASV_7071","Reforma Waterfalls","d__Bacteria","Proteobacteria","Gammaproteobacteria","Burkholderiales","Rhodocyclaceae",NA,NA
"ASV_3546","Reforma Waterfalls","d__Bacteria","Proteobacteria","Gammaproteobacteria","Burkholderiales","Rhodocyclaceae",NA,NA
"ASV_5264","Reforma Waterfalls","d__Bacteria","Proteobacteria","Gammaproteobacteria","Burkholderiales","Gallionellaceae","Sideroxydans",NA
"ASV_5535","Reforma Waterfalls","d__Bacteria","Proteobacteria","Gammaproteobacteria","Burkholderiales","Leeiaceae","Leeia","uncultured_bacterium"
"ASV_1327","Reforma Waterfalls","d__Bacteria","Proteobacteria","Gammaproteobacteria","Burkholderiales","Hydrogenophilaceae","uncultured",NA
"ASV_3791","Reforma Waterfalls","d__Bacteria","Proteobacteria","Gammaproteobacteria","Burkholderiales","A21b","A21b","uncultured_organism"
"ASV_3270","Reforma Waterfalls","d__Bacteria","Proteobacteria","Gammaproteobacteria","Burkholderiales","Hydrogenophilaceae","uncultured",NA
"ASV_5849","Reforma Waterfalls","d__Bacteria","Proteobacteria","Gammaproteobacteria","Burkholderiales","Hydrogenophilaceae","uncultured",NA
"ASV_631","Reforma Waterfalls","d__Bacteria","Proteobacteria","Gammaproteobacteria","Burkholderiales","Hydrogenophilaceae","uncultured","uncultured_bacterium"
"ASV_1114","Reforma Waterfalls","d__Bacteria","Proteobacteria","Gammaproteobacteria","Burkholderiales","Nitrosomonadaceae","Ellin6067","uncultured_bacterium"
"ASV_3799","Reforma Waterfalls","d__Bacteria","Proteobacteria","Gammaproteobacteria","Burkholderiales","Nitrosomonadaceae","Ellin6067",NA
"ASV_2703","Reforma Waterfalls","d__Bacteria","Proteobacteria","Gammaproteobacteria","Burkholderiales","B1-7BS","B1-7BS","bacterium_enrichment"
"ASV_3438","Reforma Waterfalls","d__Bacteria","Proteobacteria","Gammaproteobacteria","Burkholderiales","Nitrosomonadaceae","oc32","uncultured_bacterium"
"ASV_4849","Reforma Waterfalls","d__Bacteria","Proteobacteria","Gammaproteobacteria","Burkholderiales","Nitrosomonadaceae","oc32","uncultured_bacterium"
"ASV_3831","Reforma Waterfalls","d__Bacteria","Proteobacteria","Gammaproteobacteria","Burkholderiales","Nitrosomonadaceae","mle1-7","uncultured_bacterium"
"ASV_5075","Reforma Waterfalls","d__Bacteria","Proteobacteria","Gammaproteobacteria","Burkholderiales","Nitrosomonadaceae","mle1-7","uncultured_bacterium"
"ASV_6688","Reforma Waterfalls","d__Bacteria","Proteobacteria","Gammaproteobacteria","Burkholderiales","Nitrosomonadaceae","mle1-7","uncultured_bacterium"
"ASV_3033","Reforma Waterfalls","d__Bacteria","Proteobacteria","Gammaproteobacteria","Burkholderiales","Nitrosomonadaceae","mle1-7","uncultured_bacterium"
"ASV_5638","Reforma Waterfalls","d__Bacteria","Proteobacteria","Gammaproteobacteria","Burkholderiales","Nitrosomonadaceae","mle1-7","uncultured_beta"
"ASV_5462","Reforma Waterfalls","d__Bacteria","Proteobacteria","Gammaproteobacteria","Burkholderiales","Nitrosomonadaceae","mle1-7",NA
"ASV_6716","Reforma Waterfalls","d__Bacteria","Proteobacteria","Gammaproteobacteria","Burkholderiales","Nitrosomonadaceae","mle1-7","uncultured_soil"
"ASV_7063","Reforma Waterfalls","d__Bacteria","Proteobacteria","Gammaproteobacteria","Burkholderiales","Nitrosomonadaceae","mle1-7","uncultured_soil"
"ASV_4458","Reforma Waterfalls","d__Bacteria","Proteobacteria","Gammaproteobacteria","Burkholderiales","Nitrosomonadaceae","mle1-7",NA
"ASV_214","Reforma Waterfalls","d__Bacteria","Proteobacteria","Gammaproteobacteria","Burkholderiales","Nitrosomonadaceae","MND1","uncultured_beta"
"ASV_589","Reforma Waterfalls","d__Bacteria","Proteobacteria","Gammaproteobacteria","Burkholderiales","Nitrosomonadaceae","MND1",NA
"ASV_690","Reforma Waterfalls","d__Bacteria","Proteobacteria","Gammaproteobacteria","Burkholderiales","Nitrosomonadaceae","MND1",NA
"ASV_2352","Reforma Waterfalls","d__Bacteria","Proteobacteria","Gammaproteobacteria","Burkholderiales","Nitrosomonadaceae","MND1",NA
"ASV_6491","Reforma Waterfalls","d__Bacteria","Proteobacteria","Gammaproteobacteria","Burkholderiales","Nitrosomonadaceae","MND1",NA
"ASV_1799","Reforma Waterfalls","d__Bacteria","Proteobacteria","Gammaproteobacteria","Burkholderiales","Nitrosomonadaceae","MND1",NA
"ASV_4328","Reforma Waterfalls","d__Bacteria","Proteobacteria","Gammaproteobacteria","Burkholderiales","Nitrosomonadaceae","MND1",NA
"ASV_4611","Reforma Waterfalls","d__Bacteria","Proteobacteria","Gammaproteobacteria","Burkholderiales","Nitrosomonadaceae","MND1",NA
"ASV_910","Reforma Waterfalls","d__Bacteria","Proteobacteria","Gammaproteobacteria","Burkholderiales","Nitrosomonadaceae","MND1","uncultured_Burkholderiales"
"ASV_4517","Reforma Waterfalls","d__Bacteria","Proteobacteria","Gammaproteobacteria","Burkholderiales","Nitrosomonadaceae","MND1",NA
"ASV_1944","Reforma Waterfalls","d__Bacteria","Proteobacteria","Gammaproteobacteria","Burkholderiales","Nitrosomonadaceae","MND1","uncultured_Burkholderiales"
"ASV_4813","Reforma Waterfalls","d__Bacteria","Proteobacteria","Gammaproteobacteria","Burkholderiales","Nitrosomonadaceae","MND1",NA
"ASV_3273","Reforma Waterfalls","d__Bacteria","Proteobacteria","Gammaproteobacteria","Burkholderiales","Nitrosomonadaceae","MND1",NA
"ASV_3191","Reforma Waterfalls","d__Bacteria","Proteobacteria","Gammaproteobacteria","Burkholderiales","Nitrosomonadaceae","MND1","uncultured_bacterium"
"ASV_1610","Reforma Waterfalls","d__Bacteria","Proteobacteria","Gammaproteobacteria","Burkholderiales","Nitrosomonadaceae","MND1","uncultured_bacterium"
"ASV_3482","Reforma Waterfalls","d__Bacteria","Proteobacteria","Gammaproteobacteria","Burkholderiales","Nitrosomonadaceae","MND1","uncultured_beta"
"ASV_6529","Reforma Waterfalls","d__Bacteria","Proteobacteria","Gammaproteobacteria","Burkholderiales","Nitrosomonadaceae","MND1",NA
"ASV_6761","Reforma Waterfalls","d__Bacteria","Proteobacteria","Gammaproteobacteria",NA,NA,NA,NA
"ASV_3020","Reforma Waterfalls","d__Bacteria","Proteobacteria","Gammaproteobacteria",NA,NA,NA,NA
"ASV_6023","Reforma Waterfalls","d__Bacteria","Proteobacteria","Gammaproteobacteria",NA,NA,NA,NA
"ASV_1883","Reforma Waterfalls","d__Bacteria","Proteobacteria","Gammaproteobacteria","MBMPE27","MBMPE27","MBMPE27",NA
"ASV_3538","Reforma Waterfalls","d__Bacteria","Proteobacteria","Alphaproteobacteria","Rhizobiales","Xanthobacteraceae",NA,NA
"ASV_6690","Reforma Waterfalls","d__Bacteria","Proteobacteria","Alphaproteobacteria","Rhizobiales","Xanthobacteraceae",NA,NA
"ASV_4760","Reforma Waterfalls","d__Bacteria","Proteobacteria","Alphaproteobacteria","Rhizobiales","Xanthobacteraceae","Pseudolabrys",NA
"ASV_7012","Reforma Waterfalls","d__Bacteria","Proteobacteria","Alphaproteobacteria","Rhizobiales","Xanthobacteraceae","uncultured",NA
"ASV_6550","Reforma Waterfalls","d__Bacteria","Proteobacteria","Alphaproteobacteria","Rhizobiales","Xanthobacteraceae","uncultured",NA
"ASV_3235","Reforma Waterfalls","d__Bacteria","Proteobacteria","Alphaproteobacteria","Rhizobiales","Rhizobiales_Incertae_Sedis","Bauldia","metagenome"
"ASV_2819","Reforma Waterfalls","d__Bacteria","Proteobacteria","Alphaproteobacteria","Parvibaculales","Parvibaculaceae","uncultured","uncultured_bacterium"
"ASV_3567","Reforma Waterfalls","d__Bacteria","Proteobacteria","Alphaproteobacteria","Parvibaculales","Parvibaculaceae","uncultured","uncultured_bacterium"
"ASV_6236","Reforma Waterfalls","d__Bacteria","Proteobacteria","Alphaproteobacteria","Caulobacterales","Parvularculaceae","Amphiplicatus","uncultured_Rhizobiales"
"ASV_1703","Reforma Waterfalls","d__Bacteria","Proteobacteria","Alphaproteobacteria","Rhizobiales","Rhizobiaceae",NA,NA
"ASV_4286","Reforma Waterfalls","d__Bacteria","Proteobacteria","Alphaproteobacteria","Rhizobiales","Rhizobiaceae",NA,NA
"ASV_6605","Reforma Waterfalls","d__Bacteria","Proteobacteria","Alphaproteobacteria","Rhizobiales","Rhizobiaceae","Ensifer",NA
"ASV_1730","Reforma Waterfalls","d__Bacteria","Proteobacteria","Alphaproteobacteria","Rhizobiales","KF-JG30-B3","KF-JG30-B3","uncultured_bacterium"
"ASV_6516","Reforma Waterfalls","d__Bacteria","Proteobacteria","Alphaproteobacteria","Rhizobiales","KF-JG30-B3","KF-JG30-B3",NA
"ASV_4928","Reforma Waterfalls","d__Bacteria","Proteobacteria","Alphaproteobacteria","Caulobacterales","Hyphomonadaceae","SWB02","uncultured_bacterium"
"ASV_2183","Reforma Waterfalls","d__Bacteria","Proteobacteria","Alphaproteobacteria","Caulobacterales","Hyphomonadaceae","SWB02","uncultured_bacterium"
"ASV_6017","Reforma Waterfalls","d__Bacteria","Proteobacteria","Alphaproteobacteria","Caulobacterales","Hyphomonadaceae","SWB02","uncultured_bacterium"
"ASV_4944","Reforma Waterfalls","d__Bacteria","Proteobacteria","Alphaproteobacteria",NA,NA,NA,NA
"ASV_3550","Reforma Waterfalls","d__Bacteria","Proteobacteria","Alphaproteobacteria","Rhizobiales","Hyphomicrobiaceae","Hyphomicrobium",NA
"ASV_6741","Reforma Waterfalls","d__Bacteria","Proteobacteria","Alphaproteobacteria","Rhizobiales","Hyphomicrobiaceae","Hyphomicrobium",NA
"ASV_3622","Reforma Waterfalls","d__Bacteria","Proteobacteria","Alphaproteobacteria","Rhizobiales","Rhizobiales_Incertae_Sedis","uncultured","uncultured_bacterium"
"ASV_3002","Reforma Waterfalls","d__Bacteria","Proteobacteria","Alphaproteobacteria","Rhizobiales","Methyloligellaceae","Methyloligellaceae","uncultured_bacterium"
"ASV_1838","Reforma Waterfalls","d__Bacteria","Proteobacteria","Alphaproteobacteria","Sphingomonadales","Sphingomonadaceae","Sphingomonas",NA
"ASV_6548","Reforma Waterfalls","d__Bacteria","Proteobacteria","Alphaproteobacteria","Sphingomonadales","Sphingomonadaceae","Sphingomonas",NA
"ASV_6496","Reforma Waterfalls","d__Bacteria","Proteobacteria","Alphaproteobacteria","Sphingomonadales","Sphingomonadaceae","Sphingomonas",NA
"ASV_1861","Reforma Waterfalls","d__Bacteria","Proteobacteria","Alphaproteobacteria","Sphingomonadales","Sphingomonadaceae","Sphingomonas",NA
"ASV_6673","Reforma Waterfalls","d__Bacteria","Proteobacteria","Alphaproteobacteria","Sphingomonadales","Sphingomonadaceae","Sphingomonas",NA
"ASV_5859","Reforma Waterfalls","d__Bacteria","Proteobacteria","Alphaproteobacteria","uncultured","uncultured","uncultured","uncultured_bacterium"
"ASV_6039","Reforma Waterfalls","d__Bacteria","Proteobacteria","Alphaproteobacteria","uncultured","uncultured","uncultured",NA
"ASV_3303","Reforma Waterfalls","d__Bacteria","Proteobacteria","Alphaproteobacteria","Elsterales","uncultured","uncultured",NA
"ASV_5981","Reforma Waterfalls","d__Bacteria","Proteobacteria","Alphaproteobacteria","Elsterales","uncultured","uncultured","uncultured_bacterium"
"ASV_6101","Reforma Waterfalls","d__Bacteria","Proteobacteria","Alphaproteobacteria","uncultured","uncultured","uncultured",NA
"ASV_990","Reforma Waterfalls","d__Bacteria","Proteobacteria","Alphaproteobacteria","Dongiales","Dongiaceae","Dongia",NA
"ASV_2096","Reforma Waterfalls","d__Bacteria","Proteobacteria","Alphaproteobacteria","Dongiales","Dongiaceae","Dongia",NA
"ASV_6727","Reforma Waterfalls","d__Bacteria","Proteobacteria","Alphaproteobacteria","Dongiales","Dongiaceae","Dongia","uncultured_bacterium"
"ASV_7169","Reforma Waterfalls","d__Bacteria","Proteobacteria","Alphaproteobacteria","Dongiales","Dongiaceae","Dongia",NA
"ASV_3262","Reforma Waterfalls","d__Bacteria","Proteobacteria","Alphaproteobacteria","Dongiales","Dongiaceae","Dongia",NA
"ASV_5105","Reforma Waterfalls","d__Bacteria","Proteobacteria","Alphaproteobacteria","Reyranellales","Reyranellaceae","uncultured","uncultured_soil"
"ASV_4946","Reforma Waterfalls","d__Bacteria","Proteobacteria","Alphaproteobacteria","Defluviicoccales","uncultured","uncultured",NA
"ASV_4836","Reforma Waterfalls","d__Bacteria","Proteobacteria","Alphaproteobacteria","Tistrellales","Geminicoccaceae","Candidatus_Alysiosphaera",NA
"ASV_7123","Reforma Waterfalls","d__Bacteria","Proteobacteria","Alphaproteobacteria","Tistrellales","Geminicoccaceae","Candidatus_Alysiosphaera",NA
"ASV_6422","Reforma Waterfalls","d__Bacteria","Proteobacteria","Alphaproteobacteria","Tistrellales","Geminicoccaceae","uncultured","uncultured_Rhodospirillales"
"ASV_7088","Reforma Waterfalls","d__Bacteria","Proteobacteria","Alphaproteobacteria","Puniceispirillales","EF100-94H03","EF100-94H03","uncultured_bacterium"
"ASV_5711","Reforma Waterfalls","d__Bacteria","Proteobacteria","Alphaproteobacteria","Ferrovibrionales","Ferrovibrionales","uncultured","uncultured_bacterium"
"ASV_6418","Reforma Waterfalls","d__Bacteria","Gemmatimonadota","BD2-11_terrestrial_group","BD2-11_terrestrial_group","BD2-11_terrestrial_group","BD2-11_terrestrial_group","unidentified_bacterium"
"ASV_7056","Reforma Waterfalls","d__Bacteria","Gemmatimonadota","BD2-11_terrestrial_group","BD2-11_terrestrial_group","BD2-11_terrestrial_group","BD2-11_terrestrial_group","uncultured_soil"
"ASV_3860","Reforma Waterfalls","d__Bacteria","Gemmatimonadota","BD2-11_terrestrial_group","BD2-11_terrestrial_group","BD2-11_terrestrial_group","BD2-11_terrestrial_group","uncultured_soil"
"ASV_1268","Reforma Waterfalls","d__Bacteria","Gemmatimonadota","BD2-11_terrestrial_group","BD2-11_terrestrial_group","BD2-11_terrestrial_group","BD2-11_terrestrial_group","uncultured_soil"
"ASV_4415","Reforma Waterfalls","d__Bacteria","Gemmatimonadota","BD2-11_terrestrial_group","BD2-11_terrestrial_group","BD2-11_terrestrial_group","BD2-11_terrestrial_group","uncultured_soil"
"ASV_5092","Reforma Waterfalls","d__Bacteria","Gemmatimonadota","Longimicrobia","Longimicrobiales","Longimicrobiaceae","Longimicrobiaceae","uncultured_bacterium"
"ASV_4461","Reforma Waterfalls","d__Bacteria","Gemmatimonadota","S0134_terrestrial_group","S0134_terrestrial_group","S0134_terrestrial_group","S0134_terrestrial_group","uncultured_Gemmatimonadetes"
"ASV_6608","Reforma Waterfalls","d__Bacteria","Gemmatimonadota","S0134_terrestrial_group","S0134_terrestrial_group","S0134_terrestrial_group","S0134_terrestrial_group","uncultured_Gemmatimonadetes"
"ASV_3226","Reforma Waterfalls","d__Bacteria","Gemmatimonadota","S0134_terrestrial_group","S0134_terrestrial_group","S0134_terrestrial_group","S0134_terrestrial_group",NA
"ASV_5421","Reforma Waterfalls","d__Bacteria","Gemmatimonadota","S0134_terrestrial_group","S0134_terrestrial_group","S0134_terrestrial_group","S0134_terrestrial_group","uncultured_Gemmatimonadetes"
"ASV_1166","Reforma Waterfalls","d__Bacteria","Dadabacteria","Dadabacteriia","Dadabacteriales","Dadabacteriales","Dadabacteriales",NA
"ASV_6729","Reforma Waterfalls","d__Bacteria","Dadabacteria","Dadabacteriia","Dadabacteriales","Dadabacteriales","Dadabacteriales",NA
"ASV_5863","Reforma Waterfalls","d__Bacteria","Dadabacteria","Dadabacteriia","Dadabacteriales","Dadabacteriales","Dadabacteriales","uncultured_bacterium"
"ASV_4309","Reforma Waterfalls","d__Bacteria","Dadabacteria","Dadabacteriia","Dadabacteriales","Dadabacteriales","Dadabacteriales","uncultured_Nitrospirae"
"ASV_5036","Reforma Waterfalls","d__Bacteria","Dadabacteria","Dadabacteriia","Dadabacteriales","Dadabacteriales","Dadabacteriales","uncultured_Nitrospirae"
"ASV_2160","Reforma Waterfalls","d__Bacteria","Dadabacteria","Dadabacteriia","Dadabacteriales","Dadabacteriales","Dadabacteriales","uncultured_deep-sea"
"ASV_5748","Reforma Waterfalls","d__Bacteria","Dadabacteria","Dadabacteriia","Dadabacteriales","Dadabacteriales","Dadabacteriales","uncultured_deep-sea"
"ASV_6545","Reforma Waterfalls","d__Bacteria","Dadabacteria","Dadabacteriia","Dadabacteriales","Dadabacteriales","Dadabacteriales","uncultured_soil"
"ASV_4065","Reforma Waterfalls","d__Bacteria","Dadabacteria","Dadabacteriia","Dadabacteriales","Dadabacteriales","Dadabacteriales","uncultured_bacterium"
"ASV_1836","Reforma Waterfalls","d__Bacteria","Sva0485","Sva0485","Sva0485","Sva0485","Sva0485","uncultured_delta"
"ASV_2658","Reforma Waterfalls","d__Bacteria","Sva0485","Sva0485","Sva0485","Sva0485","Sva0485","uncultured_Spirochaetales"
"ASV_2008","Reforma Waterfalls","d__Bacteria","Sva0485","Sva0485","Sva0485","Sva0485","Sva0485","uncultured_Spirochaetales"
"ASV_6627","Reforma Waterfalls","d__Bacteria","Sva0485","Sva0485","Sva0485","Sva0485","Sva0485","uncultured_delta"
"ASV_3217","Reforma Waterfalls","d__Bacteria","Sva0485","Sva0485","Sva0485","Sva0485","Sva0485",NA
"ASV_2948","Reforma Waterfalls","d__Bacteria","Sva0485","Sva0485","Sva0485","Sva0485","Sva0485",NA
"ASV_6576","Reforma Waterfalls","d__Bacteria","Sva0485","Sva0485","Sva0485","Sva0485","Sva0485",NA
"ASV_1024","Reforma Waterfalls","d__Bacteria","Sva0485","Sva0485","Sva0485","Sva0485","Sva0485",NA
"ASV_1715","Reforma Waterfalls","d__Bacteria","Sva0485","Sva0485","Sva0485","Sva0485","Sva0485",NA
"ASV_3805","Reforma Waterfalls","d__Bacteria","Sva0485","Sva0485","Sva0485","Sva0485","Sva0485",NA
"ASV_1060","Reforma Waterfalls","d__Bacteria","Sva0485","Sva0485","Sva0485","Sva0485","Sva0485",NA
"ASV_6150","Reforma Waterfalls","d__Bacteria","Sva0485","Sva0485","Sva0485","Sva0485","Sva0485",NA
"ASV_6952","Reforma Waterfalls","d__Bacteria","Sva0485","Sva0485","Sva0485","Sva0485","Sva0485",NA
"ASV_4459","Reforma Waterfalls","d__Bacteria","Sva0485","Sva0485","Sva0485","Sva0485","Sva0485",NA
"ASV_962","Reforma Waterfalls","d__Bacteria","Sva0485","Sva0485","Sva0485","Sva0485","Sva0485","uncultured_prokaryote"
"ASV_2518","Reforma Waterfalls","d__Bacteria","Sva0485","Sva0485","Sva0485","Sva0485","Sva0485","uncultured_prokaryote"
"ASV_5921","Reforma Waterfalls","d__Bacteria","Sva0485","Sva0485","Sva0485","Sva0485","Sva0485","uncultured_delta"
"ASV_504","Reforma Waterfalls","d__Bacteria","Sva0485","Sva0485","Sva0485","Sva0485","Sva0485","uncultured_delta"
"ASV_6757","Reforma Waterfalls","d__Bacteria","Sva0485","Sva0485","Sva0485","Sva0485","Sva0485","uncultured_delta"
"ASV_6064","Reforma Waterfalls","d__Bacteria","Sva0485","Sva0485","Sva0485","Sva0485","Sva0485","uncultured_delta"
"ASV_4640","Reforma Waterfalls","d__Bacteria","Sva0485","Sva0485","Sva0485","Sva0485","Sva0485","uncultured_delta"
"ASV_6525","Reforma Waterfalls","d__Bacteria","Sva0485","Sva0485","Sva0485","Sva0485","Sva0485","uncultured_delta"
"ASV_3416","Reforma Waterfalls","d__Bacteria","Sva0485","Sva0485","Sva0485","Sva0485","Sva0485","uncultured_delta"
"ASV_2679","Reforma Waterfalls","d__Bacteria","Sva0485","Sva0485","Sva0485","Sva0485","Sva0485",NA
"ASV_1515","Reforma Waterfalls","d__Bacteria","Sva0485","Sva0485","Sva0485","Sva0485","Sva0485","uncultured_delta"
"ASV_6683","Reforma Waterfalls","d__Bacteria","Sva0485","Sva0485","Sva0485","Sva0485","Sva0485","uncultured_delta"
"ASV_5355","Reforma Waterfalls","d__Bacteria","Sva0485","Sva0485","Sva0485","Sva0485","Sva0485",NA
"ASV_3788","Reforma Waterfalls","d__Bacteria","Sva0485","Sva0485","Sva0485","Sva0485","Sva0485",NA
"ASV_5217","Reforma Waterfalls","d__Bacteria","Sva0485","Sva0485","Sva0485","Sva0485","Sva0485","uncultured_delta"
"ASV_1368","Reforma Waterfalls","d__Bacteria","Sva0485","Sva0485","Sva0485","Sva0485","Sva0485","uncultured_delta"
"ASV_6395","Reforma Waterfalls","d__Bacteria","Sva0485","Sva0485","Sva0485","Sva0485","Sva0485","uncultured_delta"
"ASV_6892","Reforma Waterfalls","d__Bacteria","Sva0485","Sva0485","Sva0485","Sva0485","Sva0485","uncultured_delta"
"ASV_4373","Reforma Waterfalls","d__Bacteria","Sva0485","Sva0485","Sva0485","Sva0485","Sva0485","uncultured_delta"
"ASV_2936","Reforma Waterfalls","d__Bacteria","Sva0485","Sva0485","Sva0485","Sva0485","Sva0485","uncultured_delta"
"ASV_4460","Reforma Waterfalls","d__Bacteria","Sva0485","Sva0485","Sva0485","Sva0485","Sva0485","uncultured_delta"
"ASV_4471","Reforma Waterfalls","d__Bacteria","Sva0485","Sva0485","Sva0485","Sva0485","Sva0485","uncultured_delta"
"ASV_6061","Reforma Waterfalls","d__Bacteria","Sva0485","Sva0485","Sva0485","Sva0485","Sva0485","uncultured_delta"
"ASV_4901","Reforma Waterfalls","d__Bacteria","Sva0485","Sva0485","Sva0485","Sva0485","Sva0485","uncultured_delta"
"ASV_2355","Reforma Waterfalls","d__Bacteria","Desulfobacterota","Desulfobacteria","Desulfatiglandales","Desulfatiglandaceae","Desulfatiglans",NA
"ASV_3294","Reforma Waterfalls","d__Bacteria","Desulfobacterota","Desulfobacteria","Desulfatiglandales","Desulfatiglandaceae","Desulfatiglans",NA
"ASV_3579","Reforma Waterfalls","d__Bacteria","Desulfobacterota","Desulfobacteria","Desulfatiglandales","Desulfatiglandaceae","Desulfatiglans",NA
"ASV_1241","Reforma Waterfalls","d__Bacteria","Desulfobacterota","Desulfobacteria","Desulfatiglandales","Desulfatiglandaceae","Desulfatiglans",NA
"ASV_5626","Reforma Waterfalls","d__Bacteria","Desulfobacterota","Desulfobacteria","Desulfatiglandales","Desulfatiglandaceae","Desulfatiglans",NA
"ASV_2764","Reforma Waterfalls","d__Bacteria","Desulfobacterota","Desulfobacteria","Desulfatiglandales","Desulfatiglandaceae","Desulfatiglans","uncultured_delta"
"ASV_6175","Reforma Waterfalls","d__Bacteria","Desulfobacterota","Desulfobacteria","Desulfatiglandales","Desulfatiglandaceae","Desulfatiglans","uncultured_delta"
"ASV_6301","Reforma Waterfalls","d__Bacteria","Desulfobacterota","Desulfobacteria","Desulfatiglandales","Desulfatiglandaceae","Desulfatiglans",NA
"ASV_1732","Reforma Waterfalls","d__Bacteria","Desulfobacterota","Desulfobacteria","Desulfatiglandales","Desulfatiglandaceae","Desulfatiglans",NA
"ASV_3785","Reforma Waterfalls","d__Bacteria","Desulfobacterota","Desulfobacteria","Desulfatiglandales","Desulfatiglandaceae","Desulfatiglans","uncultured_Desulfobacteraceae"
"ASV_6847","Reforma Waterfalls","d__Bacteria","Desulfobacterota","Desulfobacteria","Desulfatiglandales","Desulfatiglandaceae","Desulfatiglans",NA
"ASV_6374","Reforma Waterfalls","d__Bacteria","Desulfobacterota","Desulfobacteria","Desulfobacterales","Desulfosarcinaceae","Desulfatirhabdium","uncultured_bacterium"
"ASV_5961","Reforma Waterfalls","d__Bacteria","Desulfobacterota","Desulfobaccia","Desulfobaccales","Desulfobaccaceae","Desulfobacca","uncultured_delta"
"ASV_6957","Reforma Waterfalls","d__Bacteria","Desulfobacterota","Desulfobaccia","Desulfobaccales","Desulfobaccaceae","Desulfobacca",NA
"ASV_4494","Reforma Waterfalls","d__Bacteria","Desulfobacterota","Desulfobaccia","Desulfobaccales","Desulfobaccaceae","Desulfobacca","uncultured_delta"
"ASV_5884","Reforma Waterfalls","d__Bacteria","Desulfobacterota","Desulfobaccia","Desulfobaccales","Desulfobaccaceae","Desulfobacca","uncultured_delta"
"ASV_4447","Reforma Waterfalls","d__Bacteria","RCP2-54","RCP2-54","RCP2-54","RCP2-54","RCP2-54","hydrothermal_vent"
"ASV_6776","Reforma Waterfalls","d__Bacteria","Desulfobacterota","Desulfuromonadia","Bradymonadales","Bradymonadales","Bradymonadales","uncultured_delta"
"ASV_6269","Reforma Waterfalls","d__Bacteria","Desulfobacterota","Desulfuromonadia","Geobacterales","Geobacteraceae","uncultured","uncultured_bacterium"
"ASV_2083","Reforma Waterfalls","d__Bacteria","Desulfobacterota","Desulfuromonadia","Geobacterales","Geobacteraceae","uncultured",NA
"ASV_4507","Reforma Waterfalls","d__Bacteria","Desulfobacterota","Desulfuromonadia","Geobacterales","Geobacteraceae","uncultured","uncultured_bacterium"
"ASV_6493","Reforma Waterfalls","d__Bacteria","Desulfobacterota","Desulfuromonadia","Geobacterales","Geobacteraceae","uncultured","uncultured_bacterium"
"ASV_3878","Reforma Waterfalls","d__Bacteria","Desulfobacterota","Desulfuromonadia","Desulfuromonadia","Desulfuromonadaceae","Desulfuromonadaceae","uncultured_bacterium"
"ASV_6671","Reforma Waterfalls","d__Bacteria","Desulfobacterota","Desulfuromonadia","Desulfuromonadia","Desulfuromonadaceae","Desulfuromonadaceae","uncultured_Pelobacter"
"ASV_3983","Reforma Waterfalls","d__Bacteria","Desulfobacterota","uncultured","uncultured","uncultured","uncultured","Desulfarculaceae_bacterium"
"ASV_4087","Reforma Waterfalls","d__Bacteria","Desulfobacterota","Desulfobulbia","Desulfobulbales","Desulfobulbaceae","uncultured","uncultured_bacterium"
"ASV_4030","Reforma Waterfalls","d__Bacteria","Desulfobacterota",NA,NA,NA,NA,NA
"ASV_2002","Reforma Waterfalls","d__Bacteria","Desulfobacterota","uncultured","uncultured","uncultured","uncultured","uncultured_delta"
"ASV_5319","Reforma Waterfalls","d__Bacteria","Desulfobacterota","uncultured","uncultured","uncultured","uncultured","uncultured_delta"
"ASV_6851","Reforma Waterfalls","d__Bacteria","Desulfobacterota","uncultured","uncultured","uncultured","uncultured","uncultured_delta"
"ASV_6042","Reforma Waterfalls","d__Bacteria","Desulfobacterota","uncultured","uncultured","uncultured","uncultured","uncultured_delta"
"ASV_751","Reforma Waterfalls","d__Bacteria","Desulfobacterota","uncultured","uncultured","uncultured","uncultured","uncultured_delta"
"ASV_3898","Reforma Waterfalls","d__Bacteria","Sva0485","Sva0485","Sva0485","Sva0485","Sva0485","uncultured_bacterium"
"ASV_5904","Reforma Waterfalls","d__Bacteria","Sva0485","Sva0485","Sva0485","Sva0485","Sva0485",NA
"ASV_6086","Reforma Waterfalls","d__Bacteria","Sva0485","Sva0485","Sva0485","Sva0485","Sva0485","uncultured_proteobacterium"
"ASV_3814","Reforma Waterfalls","d__Bacteria","Dependentiae","Babeliae","Babeliales","Vermiphilaceae","Vermiphilaceae","uncultured_bacterium"
"ASV_4279","Reforma Waterfalls","d__Bacteria","Sva0485","Sva0485","Sva0485","Sva0485","Sva0485",NA
"ASV_1052","Reforma Waterfalls","d__Bacteria","MBNT15","MBNT15","MBNT15","MBNT15","MBNT15","Deltaproteobacteria_bacterium"
"ASV_2029","Reforma Waterfalls","d__Bacteria","MBNT15","MBNT15","MBNT15","MBNT15","MBNT15","uncultured_prokaryote"
"ASV_4505","Reforma Waterfalls","d__Bacteria","MBNT15","MBNT15","MBNT15","MBNT15","MBNT15","uncultured_prokaryote"
"ASV_2441","Reforma Waterfalls","d__Bacteria","MBNT15","MBNT15","MBNT15","MBNT15","MBNT15","uncultured_prokaryote"
"ASV_4574","Reforma Waterfalls","d__Bacteria","MBNT15","MBNT15","MBNT15","MBNT15","MBNT15","uncultured_prokaryote"
"ASV_3186","Reforma Waterfalls","d__Bacteria","MBNT15","MBNT15","MBNT15","MBNT15","MBNT15",NA
"ASV_3159","Reforma Waterfalls","d__Bacteria","MBNT15","MBNT15","MBNT15","MBNT15","MBNT15",NA
"ASV_2582","Reforma Waterfalls","d__Bacteria","MBNT15","MBNT15","MBNT15","MBNT15","MBNT15","uncultured_Syntrophobacteraceae"
"ASV_2935","Reforma Waterfalls","d__Bacteria","Desulfobacterota","Syntrophobacteria","Syntrophobacterales","uncultured","uncultured","uncultured_prokaryote"
"ASV_3879","Reforma Waterfalls","d__Bacteria","Desulfobacterota","Syntrophobacteria","Syntrophobacterales","uncultured","uncultured","uncultured_prokaryote"
"ASV_1902","Reforma Waterfalls","d__Bacteria","Desulfobacterota","Syntrophobacteria","Syntrophobacterales","uncultured","uncultured","uncultured_prokaryote"
"ASV_4695","Reforma Waterfalls","d__Bacteria","Desulfobacterota","Syntrophobacteria","Syntrophobacterales","Syntrophobacteraceae","Syntrophobacter",NA
"ASV_4287","Reforma Waterfalls","d__Bacteria","Desulfobacterota","Syntrophobacteria","Syntrophobacterales","Syntrophobacteraceae","Syntrophobacter",NA
"ASV_3412","Reforma Waterfalls","d__Bacteria","NB1-j","NB1-j","NB1-j","NB1-j","NB1-j",NA
"ASV_2832","Reforma Waterfalls","d__Bacteria","NB1-j","NB1-j","NB1-j","NB1-j","NB1-j",NA
"ASV_1188","Reforma Waterfalls","d__Bacteria","NB1-j","NB1-j","NB1-j","NB1-j","NB1-j","uncultured_bacterium"
"ASV_5331","Reforma Waterfalls","d__Bacteria","NB1-j","NB1-j","NB1-j","NB1-j","NB1-j",NA
"ASV_2217","Reforma Waterfalls","d__Bacteria","NB1-j","NB1-j","NB1-j","NB1-j","NB1-j","uncultured_bacterium"
"ASV_5440","Reforma Waterfalls","d__Bacteria","NB1-j","NB1-j","NB1-j","NB1-j","NB1-j","uncultured_bacterium"
"ASV_6599","Reforma Waterfalls","d__Bacteria","NB1-j","NB1-j","NB1-j","NB1-j","NB1-j","uncultured_bacterium"
"ASV_1844","Reforma Waterfalls","d__Bacteria","NB1-j","NB1-j","NB1-j","NB1-j","NB1-j","uncultured_bacterium"
"ASV_2058","Reforma Waterfalls","d__Bacteria","NB1-j","NB1-j","NB1-j","NB1-j","NB1-j","uncultured_bacterium"
"ASV_5463","Reforma Waterfalls","d__Bacteria","NB1-j","NB1-j","NB1-j","NB1-j","NB1-j","uncultured_bacterium"
"ASV_1790","Reforma Waterfalls","d__Bacteria","NB1-j","NB1-j","NB1-j","NB1-j","NB1-j","uncultured_bacterium"
"ASV_5913","Reforma Waterfalls","d__Bacteria","NB1-j","NB1-j","NB1-j","NB1-j","NB1-j","uncultured_bacterium"
"ASV_6771","Reforma Waterfalls","d__Bacteria","NB1-j","NB1-j","NB1-j","NB1-j","NB1-j","uncultured_bacterium"
"ASV_6943","Reforma Waterfalls","d__Bacteria","NB1-j","NB1-j","NB1-j","NB1-j","NB1-j","uncultured_bacterium"
"ASV_2132","Reforma Waterfalls","d__Bacteria","NB1-j","NB1-j","NB1-j","NB1-j","NB1-j",NA
"ASV_6914","Reforma Waterfalls","d__Bacteria","NB1-j","NB1-j","NB1-j","NB1-j","NB1-j","uncultured_bacterium"
"ASV_6212","Reforma Waterfalls","d__Bacteria","NB1-j","NB1-j","NB1-j","NB1-j","NB1-j",NA
"ASV_6369","Reforma Waterfalls","d__Bacteria","NB1-j","NB1-j","NB1-j","NB1-j","NB1-j",NA
"ASV_5955","Reforma Waterfalls","d__Bacteria","NB1-j","NB1-j","NB1-j","NB1-j","NB1-j",NA
"ASV_5450","Reforma Waterfalls","d__Bacteria","NB1-j","NB1-j","NB1-j","NB1-j","NB1-j","uncultured_bacterium"
"ASV_2274","Reforma Waterfalls","d__Bacteria","NB1-j","NB1-j","NB1-j","NB1-j","NB1-j","uncultured_bacterium"
"ASV_3764","Reforma Waterfalls","d__Bacteria","NB1-j","NB1-j","NB1-j","NB1-j","NB1-j","uncultured_bacterium"
"ASV_4890","Reforma Waterfalls","d__Bacteria","NB1-j","NB1-j","NB1-j","NB1-j","NB1-j","uncultured_bacterium"
"ASV_5379","Reforma Waterfalls","d__Bacteria","NB1-j","NB1-j","NB1-j","NB1-j","NB1-j","uncultured_bacterium"
"ASV_989","Reforma Waterfalls","d__Bacteria","NB1-j","NB1-j","NB1-j","NB1-j","NB1-j","uncultured_bacterium"
"ASV_4873","Reforma Waterfalls","d__Bacteria","NB1-j","NB1-j","NB1-j","NB1-j","NB1-j","uncultured_bacterium"
"ASV_885","Reforma Waterfalls","d__Bacteria","NB1-j","NB1-j","NB1-j","NB1-j","NB1-j","uncultured_bacterium"
"ASV_1348","Reforma Waterfalls","d__Bacteria","NB1-j","NB1-j","NB1-j","NB1-j","NB1-j","uncultured_bacterium"
"ASV_3602","Reforma Waterfalls","d__Bacteria","NB1-j","NB1-j","NB1-j","NB1-j","NB1-j","uncultured_bacterium"
"ASV_3674","Reforma Waterfalls","d__Bacteria","NB1-j","NB1-j","NB1-j","NB1-j","NB1-j","uncultured_bacterium"
"ASV_3104","Reforma Waterfalls","d__Bacteria","NB1-j","NB1-j","NB1-j","NB1-j","NB1-j","uncultured_bacterium"
"ASV_1894","Reforma Waterfalls","d__Bacteria","NB1-j","NB1-j","NB1-j","NB1-j","NB1-j","uncultured_bacterium"
"ASV_5263","Reforma Waterfalls","d__Bacteria","NB1-j","NB1-j","NB1-j","NB1-j","NB1-j","uncultured_bacterium"
"ASV_6131","Reforma Waterfalls","d__Bacteria","NB1-j","NB1-j","NB1-j","NB1-j","NB1-j","uncultured_Green"
"ASV_2792","Reforma Waterfalls","d__Bacteria","NB1-j","NB1-j","NB1-j","NB1-j","NB1-j","metagenome"
"ASV_3026","Reforma Waterfalls","d__Bacteria","NB1-j","NB1-j","NB1-j","NB1-j","NB1-j","metagenome"
"ASV_5800","Reforma Waterfalls","d__Bacteria","NB1-j","NB1-j","NB1-j","NB1-j","NB1-j",NA
"ASV_4504","Reforma Waterfalls","d__Bacteria","NB1-j","NB1-j","NB1-j","NB1-j","NB1-j","uncultured_bacterium"
"ASV_2994","Reforma Waterfalls","d__Bacteria","NB1-j","NB1-j","NB1-j","NB1-j","NB1-j",NA
"ASV_3822","Reforma Waterfalls","d__Bacteria","NB1-j","NB1-j","NB1-j","NB1-j","NB1-j",NA
"ASV_4154","Reforma Waterfalls","d__Bacteria","NB1-j","NB1-j","NB1-j","NB1-j","NB1-j",NA
"ASV_4850","Reforma Waterfalls","d__Bacteria","NB1-j","NB1-j","NB1-j","NB1-j","NB1-j",NA
"ASV_4775","Reforma Waterfalls","d__Bacteria","NB1-j","NB1-j","NB1-j","NB1-j","NB1-j",NA
"ASV_5710","Reforma Waterfalls","d__Bacteria","NB1-j","NB1-j","NB1-j","NB1-j","NB1-j",NA
"ASV_4074","Reforma Waterfalls","d__Bacteria","NB1-j","NB1-j","NB1-j","NB1-j","NB1-j","uncultured_bacterium"
"ASV_559","Reforma Waterfalls","d__Bacteria","NB1-j","NB1-j","NB1-j","NB1-j","NB1-j","uncultured_Desulfoglaeba"
"ASV_4673","Reforma Waterfalls","d__Bacteria","NB1-j","NB1-j","NB1-j","NB1-j","NB1-j","uncultured_Desulfoglaeba"
"ASV_6328","Reforma Waterfalls","d__Bacteria","NB1-j","NB1-j","NB1-j","NB1-j","NB1-j","uncultured_Desulfoglaeba"
"ASV_4114","Reforma Waterfalls","d__Bacteria","NB1-j","NB1-j","NB1-j","NB1-j","NB1-j","uncultured_Desulfoglaeba"
"ASV_3355","Reforma Waterfalls","d__Bacteria","NB1-j","NB1-j","NB1-j","NB1-j","NB1-j","uncultured_Desulfoglaeba"
"ASV_5138","Reforma Waterfalls","d__Bacteria","NB1-j","NB1-j","NB1-j","NB1-j","NB1-j","uncultured_Desulfoglaeba"
"ASV_2897","Reforma Waterfalls","d__Bacteria","NB1-j","NB1-j","NB1-j","NB1-j","NB1-j",NA
"ASV_1550","Reforma Waterfalls","d__Bacteria","NB1-j","NB1-j","NB1-j","NB1-j","NB1-j",NA
"ASV_6577","Reforma Waterfalls","d__Bacteria","NB1-j","NB1-j","NB1-j","NB1-j","NB1-j","uncultured_bacterium"
"ASV_697","Reforma Waterfalls","d__Bacteria","NB1-j","NB1-j","NB1-j","NB1-j","NB1-j","uncultured_bacterium"
"ASV_2895","Reforma Waterfalls","d__Bacteria","NB1-j","NB1-j","NB1-j","NB1-j","NB1-j","uncultured_bacterium"
"ASV_1527","Reforma Waterfalls","d__Bacteria","NB1-j","NB1-j","NB1-j","NB1-j","NB1-j","uncultured_bacterium"
"ASV_3760","Reforma Waterfalls","d__Bacteria","NB1-j","NB1-j","NB1-j","NB1-j","NB1-j","uncultured_bacterium"
"ASV_625","Reforma Waterfalls","d__Bacteria","Myxococcota","Polyangia","Polyangiales","Sandaracinaceae","uncultured","uncultured_delta"
"ASV_5556","Reforma Waterfalls","d__Bacteria","Myxococcota","Polyangia","Haliangiales","Haliangiaceae","Haliangium",NA
"ASV_6082","Reforma Waterfalls","d__Bacteria","Myxococcota","Polyangia","Haliangiales","Haliangiaceae","Haliangium",NA
"ASV_6575","Reforma Waterfalls","d__Bacteria","Myxococcota","Polyangia","Haliangiales","Haliangiaceae","Haliangium",NA
"ASV_4254","Reforma Waterfalls","d__Bacteria","Myxococcota","Polyangia","Haliangiales","Haliangiaceae","Haliangium",NA
"ASV_5047","Reforma Waterfalls","d__Bacteria","Myxococcota","Polyangia","Polyangiales","Polyangiaceae","uncultured","metagenome"
"ASV_6839","Reforma Waterfalls","d__Bacteria","Myxococcota","Myxococcia","Myxococcales","Myxococcaceae","P3OB-42","uncultured_bacterium"
"ASV_2050","Reforma Waterfalls","d__Bacteria","Myxococcota","Myxococcia","Myxococcales","Anaeromyxobacteraceae","Anaeromyxobacter",NA
"ASV_6417","Reforma Waterfalls","d__Bacteria","Myxococcota","Myxococcia","Myxococcales","Anaeromyxobacteraceae","Anaeromyxobacter",NA
"ASV_3861","Reforma Waterfalls","d__Bacteria","Zixibacteria","Zixibacteria","Zixibacteria","Zixibacteria","Zixibacteria","uncultured_Nitrospinaceae"
"ASV_6602","Reforma Waterfalls","d__Bacteria","Zixibacteria","Zixibacteria","Zixibacteria","Zixibacteria","Zixibacteria","uncultured_Nitrospinaceae"
"ASV_3551","Reforma Waterfalls","d__Bacteria","Zixibacteria","Zixibacteria","Zixibacteria","Zixibacteria","Zixibacteria","uncultured_candidate"
"ASV_5315","Reforma Waterfalls","d__Bacteria","Bdellovibrionota","Bdellovibrionia","Bdellovibrionales","Bdellovibrionaceae","OM27_clade","uncultured_Myxococcales"
"ASV_3157","Reforma Waterfalls","d__Bacteria","Desulfobacterota","uncultured","uncultured","uncultured","uncultured",NA
"ASV_6689","Reforma Waterfalls","d__Bacteria","Desulfobacterota","uncultured","uncultured","uncultured","uncultured","uncultured_proteobacterium"
"ASV_2203","Reforma Waterfalls","d__Bacteria","Desulfobacterota","uncultured","uncultured","uncultured","uncultured","uncultured_proteobacterium"
"ASV_2687","Reforma Waterfalls","d__Bacteria","Desulfobacterota","uncultured","uncultured","uncultured","uncultured",NA
"ASV_1986","Reforma Waterfalls","d__Bacteria","Desulfobacterota","uncultured","uncultured","uncultured","uncultured",NA
"ASV_4557","Reforma Waterfalls","d__Bacteria","Desulfobacterota","uncultured","uncultured","uncultured","uncultured",NA
"ASV_6813","Reforma Waterfalls","d__Bacteria","Desulfobacterota","uncultured","uncultured","uncultured","uncultured",NA
"ASV_4651","Reforma Waterfalls","d__Bacteria","Desulfobacterota","uncultured","uncultured","uncultured","uncultured","uncultured_sludge"
"ASV_7146","Reforma Waterfalls","d__Bacteria","MBNT15","MBNT15","MBNT15","MBNT15","MBNT15","uncultured_Anaeromyxobacter"
"ASV_2861","Reforma Waterfalls","d__Bacteria","MBNT15","MBNT15","MBNT15","MBNT15","MBNT15","uncultured_bacterium"
"ASV_3370","Reforma Waterfalls","d__Bacteria","MBNT15","MBNT15","MBNT15","MBNT15","MBNT15","uncultured_bacterium"
"ASV_5557","Reforma Waterfalls","d__Bacteria","MBNT15","MBNT15","MBNT15","MBNT15","MBNT15",NA
"ASV_3828","Reforma Waterfalls","d__Bacteria","MBNT15","MBNT15","MBNT15","MBNT15","MBNT15","uncultured_bacterium"
"ASV_6193","Reforma Waterfalls","d__Bacteria","MBNT15","MBNT15","MBNT15","MBNT15","MBNT15",NA
"ASV_4445","Reforma Waterfalls","d__Bacteria","MBNT15","MBNT15","MBNT15","MBNT15","MBNT15","uncultured_bacterium"
"ASV_2101","Reforma Waterfalls","d__Bacteria","MBNT15","MBNT15","MBNT15","MBNT15","MBNT15",NA
"ASV_2725","Reforma Waterfalls","d__Bacteria","Myxococcota","bacteriap25","bacteriap25","bacteriap25","bacteriap25","uncultured_Syntrophobacterales"
"ASV_4863","Reforma Waterfalls","d__Bacteria","Myxococcota","bacteriap25","bacteriap25","bacteriap25","bacteriap25","uncultured_Syntrophobacterales"
"ASV_3982","Reforma Waterfalls","d__Bacteria","Myxococcota","bacteriap25","bacteriap25","bacteriap25","bacteriap25","uncultured_Desulfovibrionales"
"ASV_6100","Reforma Waterfalls","d__Bacteria","Myxococcota","bacteriap25","bacteriap25","bacteriap25","bacteriap25","uncultured_bacterium"
"ASV_4164","Reforma Waterfalls","d__Bacteria","Myxococcota","bacteriap25","bacteriap25","bacteriap25","bacteriap25","uncultured_soil"
"ASV_3354","Reforma Waterfalls","d__Bacteria","RCP2-54","RCP2-54","RCP2-54","RCP2-54","RCP2-54",NA
"ASV_2258","Reforma Waterfalls","d__Bacteria","Myxococcota","bacteriap25","bacteriap25","bacteriap25","bacteriap25",NA
"ASV_481","Reforma Waterfalls","d__Bacteria","Gemmatimonadota","Gemmatimonadetes","Gemmatimonadales","Gemmatimonadaceae",NA,NA
"ASV_5380","Reforma Waterfalls","d__Bacteria","Gemmatimonadota","Gemmatimonadetes","Gemmatimonadales","Gemmatimonadaceae",NA,NA
"ASV_2842","Reforma Waterfalls","d__Bacteria","Gemmatimonadota","Gemmatimonadetes","Gemmatimonadales","Gemmatimonadaceae","uncultured","uncultured_bacterium"
"ASV_4609","Reforma Waterfalls","d__Bacteria","Gemmatimonadota","Gemmatimonadetes","Gemmatimonadales","Gemmatimonadaceae","uncultured","uncultured_bacterium"
"ASV_462","Reforma Waterfalls","d__Bacteria","Gemmatimonadota","Gemmatimonadetes","Gemmatimonadales","Gemmatimonadaceae","uncultured","metagenome"
"ASV_6891","Reforma Waterfalls","d__Bacteria","Gemmatimonadota","Gemmatimonadetes","Gemmatimonadales","Gemmatimonadaceae","uncultured","metagenome"
"ASV_1240","Reforma Waterfalls","d__Bacteria","Gemmatimonadota","Gemmatimonadetes","Gemmatimonadales","Gemmatimonadaceae","uncultured",NA
"ASV_4068","Reforma Waterfalls","d__Bacteria","Gemmatimonadota","Gemmatimonadetes","Gemmatimonadales","Gemmatimonadaceae","uncultured",NA
"ASV_4086","Reforma Waterfalls","d__Bacteria","Gemmatimonadota","Gemmatimonadetes","Gemmatimonadales","Gemmatimonadaceae","uncultured",NA
"ASV_5896","Reforma Waterfalls","d__Bacteria","Gemmatimonadota","Gemmatimonadetes","Gemmatimonadales","Gemmatimonadaceae","uncultured",NA
"ASV_5034","Reforma Waterfalls","d__Bacteria","Gemmatimonadota","Gemmatimonadetes","Gemmatimonadales","Gemmatimonadaceae","uncultured","uncultured_bacterium"
"ASV_1690","Reforma Waterfalls","d__Bacteria","Gemmatimonadota","Gemmatimonadetes","Gemmatimonadales","Gemmatimonadaceae","uncultured",NA
"ASV_4236","Reforma Waterfalls","d__Bacteria","Gemmatimonadota","Gemmatimonadetes","Gemmatimonadales","Gemmatimonadaceae","uncultured","uncultured_bacterium"
"ASV_5465","Reforma Waterfalls","d__Bacteria","Gemmatimonadota","Gemmatimonadetes","Gemmatimonadales","Gemmatimonadaceae","uncultured",NA
"ASV_4702","Reforma Waterfalls","d__Bacteria","Gemmatimonadota","Gemmatimonadetes","Gemmatimonadales","Gemmatimonadaceae","uncultured","uncultured_actinobacterium"
"ASV_1639","Reforma Waterfalls","d__Bacteria","Bacteroidota","Bacteroidia","Flavobacteriales","Crocinitomicaceae","Fluviicola",NA
"ASV_5998","Reforma Waterfalls","d__Bacteria","Bacteroidota","Bacteroidia","Flavobacteriales","Crocinitomicaceae","Fluviicola","uncultured_bacterium"
"ASV_5790","Reforma Waterfalls","d__Bacteria","Bacteroidota","Bacteroidia","Bacteroidetes_VC2.1_Bac22","Bacteroidetes_VC2.1_Bac22","Bacteroidetes_VC2.1_Bac22","metagenome"
"ASV_5877","Reforma Waterfalls","d__Bacteria","Bacteroidota","Bacteroidia","Sphingobacteriales","Sphingobacteriaceae","Solitalea","Solitalea_canadensis"
"ASV_6581","Reforma Waterfalls","d__Bacteria","Bacteroidota","Bacteroidia","Sphingobacteriales","Sphingobacteriaceae",NA,NA
"ASV_877","Reforma Waterfalls","d__Bacteria","Bacteroidota","Bacteroidia","Flavobacteriales","Flavobacteriaceae","Flavobacterium",NA
"ASV_970","Reforma Waterfalls","d__Bacteria","Bacteroidota","Bacteroidia","Flavobacteriales","Flavobacteriaceae","Flavobacterium",NA
"ASV_3476","Reforma Waterfalls","d__Bacteria","Bacteroidota","Bacteroidia","Flavobacteriales","Flavobacteriaceae","Flavobacterium",NA
"ASV_6998","Reforma Waterfalls","d__Bacteria","Bacteroidota","Bacteroidia","Flavobacteriales","Flavobacteriaceae","Flavobacterium","Flavobacterium_glycines"
"ASV_6922","Reforma Waterfalls","d__Bacteria","Bacteroidota","Bacteroidia","Bacteroidales","SB-5","SB-5","uncultured_bacterium"
"ASV_3658","Reforma Waterfalls","d__Bacteria","Bacteroidota","Bacteroidia","Bacteroidales","SB-5","SB-5","uncultured_bacterium"
"ASV_5060","Reforma Waterfalls","d__Bacteria","Bacteroidota","Bacteroidia","Sphingobacteriales","Lentimicrobiaceae","Lentimicrobiaceae",NA
"ASV_1913","Reforma Waterfalls","d__Bacteria","Bacteroidota","Bacteroidia","Chitinophagales","Saprospiraceae","uncultured","uncultured_Haliscomenobacter"
"ASV_1297","Reforma Waterfalls","d__Bacteria","Bacteroidota","Bacteroidia","Chitinophagales","Saprospiraceae","uncultured","uncultured_Haliscomenobacter"
"ASV_6732","Reforma Waterfalls","d__Bacteria","Bacteroidota","Bacteroidia","Chitinophagales","Saprospiraceae","uncultured",NA
"ASV_6728","Reforma Waterfalls","d__Bacteria","Bacteroidota","Bacteroidia","Chitinophagales","Saprospiraceae","uncultured","uncultured_soil"
"ASV_7170","Reforma Waterfalls","d__Bacteria","Bacteroidota","Bacteroidia","Chitinophagales","37-13","37-13","uncultured_bacterium"
"ASV_1475","Reforma Waterfalls","d__Bacteria","Bacteroidota","Bacteroidia","Chitinophagales","Chitinophagaceae","uncultured",NA
"ASV_4921","Reforma Waterfalls","d__Bacteria","Bacteroidota","Bacteroidia","Chitinophagales","Chitinophagaceae","UTBCD1","uncultured_bacterium"
"ASV_6678","Reforma Waterfalls","d__Bacteria","Bacteroidota","Bacteroidia","Chitinophagales","Chitinophagaceae","Lacibacter","Lacibacter_cauensis"
"ASV_3747","Reforma Waterfalls","d__Bacteria","Bacteroidota","Bacteroidia","Cytophagales","Microscillaceae","Chryseolinea","uncultured_bacterium"
"ASV_6709","Reforma Waterfalls","d__Bacteria","Bacteroidota","Bacteroidia","Cytophagales","Microscillaceae","uncultured",NA
"ASV_5160","Reforma Waterfalls","d__Bacteria","Bacteroidota","Bacteroidia","Cytophagales","Microscillaceae","uncultured","uncultured_bacterium"
"ASV_4742","Reforma Waterfalls","d__Bacteria","Bacteroidota","Ignavibacteria","Ignavibacteriales","Ignavibacteriaceae","Ignavibacterium","uncultured_bacterium"
"ASV_5180","Reforma Waterfalls","d__Bacteria","Bacteroidota","Ignavibacteria","Ignavibacteriales","Ignavibacteriaceae","Ignavibacterium","uncultured_bacterium"
"ASV_5799","Reforma Waterfalls","d__Bacteria","Bacteroidota","Ignavibacteria","Ignavibacteriales","Ignavibacteriaceae","Ignavibacterium","uncultured_bacterium"
"ASV_2671","Reforma Waterfalls","d__Bacteria","Bacteroidota","Ignavibacteria","Ignavibacteriales","Ignavibacteriaceae","Ignavibacterium",NA
"ASV_4433","Reforma Waterfalls","d__Bacteria","Bacteroidota","Ignavibacteria","Ignavibacteriales","Ignavibacteriaceae","Ignavibacterium","uncultured_bacterium"
"ASV_2763","Reforma Waterfalls","d__Bacteria","Bacteroidota","Ignavibacteria","Ignavibacteriales","PHOS-HE36","PHOS-HE36","uncultured_bacterium"
"ASV_3535","Reforma Waterfalls","d__Bacteria","Bacteroidota","Ignavibacteria","Ignavibacteriales","PHOS-HE36","PHOS-HE36","uncultured_bacterium"
"ASV_6468","Reforma Waterfalls","d__Bacteria","Bacteroidota","Ignavibacteria","Ignavibacteriales","Ignavibacteriaceae","Ignavibacterium","uncultured_bacterium"
"ASV_5037","Reforma Waterfalls","d__Bacteria","Bacteroidota","Ignavibacteria","Ignavibacteriales","Ignavibacteriaceae","Ignavibacterium",NA
"ASV_3958","Reforma Waterfalls","d__Bacteria","Bacteroidota","Ignavibacteria","Ignavibacteriales","Ignavibacteriaceae","Ignavibacterium","uncultured_bacterium"
"ASV_6652","Reforma Waterfalls","d__Bacteria","Bacteroidota","Ignavibacteria","Ignavibacteriales","Ignavibacteriaceae","Ignavibacterium","uncultured_bacterium"
"ASV_4278","Reforma Waterfalls","d__Bacteria","Bacteroidota","Ignavibacteria","Ignavibacteriales","LD-RB-34","LD-RB-34","uncultured_bacterium"
"ASV_5304","Reforma Waterfalls","d__Bacteria","Bacteroidota","SJA-28","SJA-28","SJA-28","SJA-28","uncultured_bacterium"
"ASV_1669","Reforma Waterfalls","d__Bacteria","Bacteroidota","SJA-28","SJA-28","SJA-28","SJA-28","uncultured_bacterium"
"ASV_6870","Reforma Waterfalls","d__Bacteria","Bacteroidota","SJA-28","SJA-28","SJA-28","SJA-28","uncultured_bacterium"
"ASV_5136","Reforma Waterfalls","d__Bacteria","Bacteroidota","Kapabacteria","Kapabacteriales","Kapabacteriales","Kapabacteriales","uncultured_bacterium"
"ASV_6953","Reforma Waterfalls","d__Bacteria","Bacteroidota","Kapabacteria","Kapabacteriales","Kapabacteriales","Kapabacteriales","Ignavibacteria_bacterium"
"ASV_5593","Reforma Waterfalls","d__Bacteria","Bacteroidota","Kryptonia","Kryptoniales","BSV26","BSV26","uncultured_bacterium"
"ASV_2854","Reforma Waterfalls","d__Bacteria","Bacteroidota","Kryptonia","Kryptoniales","BSV26","BSV26","uncultured_bacterium"
"ASV_4274","Reforma Waterfalls","d__Bacteria","Bacteroidota","Kryptonia","Kryptoniales","BSV26","BSV26","uncultured_bacterium"
"ASV_5912","Reforma Waterfalls","d__Bacteria","Bacteroidota","Kryptonia","Kryptoniales","BSV26","BSV26","uncultured_bacterium"
"ASV_3004","Reforma Waterfalls","d__Bacteria","Bacteroidota","Kryptonia","Kryptoniales","BSV26","BSV26","uncultured_prokaryote"
"ASV_2253","Reforma Waterfalls","d__Bacteria","Bacteroidota","Kryptonia","Kryptoniales","BSV26","BSV26","uncultured_Chlorobi"
"ASV_5662","Reforma Waterfalls","d__Bacteria","Bacteroidota","Kryptonia","Kryptoniales","BSV26","BSV26",NA
"ASV_947","Reforma Waterfalls","d__Bacteria","Bacteroidota","Kryptonia","Kryptoniales","BSV26","BSV26",NA
"ASV_3378","Reforma Waterfalls","d__Bacteria","Bacteroidota","Kryptonia","Kryptoniales","BSV26","BSV26",NA
"ASV_4762","Reforma Waterfalls","d__Bacteria","Bacteroidota","Kryptonia","Kryptoniales","BSV26","BSV26","uncultured_bacterium"
"ASV_1352","Reforma Waterfalls","d__Bacteria","Campilobacterota","Campylobacteria","Campylobacterales","Sulfurimonadaceae","Sulfuricurvum",NA
"ASV_2752","Reforma Waterfalls","d__Bacteria","Campilobacterota","Campylobacteria","Campylobacterales","Sulfurimonadaceae","Sulfuricurvum",NA
"ASV_3114","Reforma Waterfalls","d__Bacteria","Campilobacterota","Campylobacteria","Campylobacterales","Sulfurimonadaceae","Sulfuricurvum",NA
"ASV_2626","Reforma Waterfalls","d__Bacteria","Spirochaetota","Spirochaetia","Spirochaetales","Spirochaetaceae","Spirochaeta","uncultured_Spirochaetes"
"ASV_4937","Reforma Waterfalls","d__Bacteria","Spirochaetota","Spirochaetia","Spirochaetales","Spirochaetaceae","Spirochaeta","uncultured_bacterium"
"ASV_4971","Reforma Waterfalls","d__Bacteria","Spirochaetota","Spirochaetia","Spirochaetales","Spirochaetaceae","Spirochaeta","uncultured_soil"
"ASV_6799","Reforma Waterfalls","d__Bacteria","Spirochaetota","Spirochaetia","Spirochaetales","Spirochaetaceae","Spirochaeta","uncultured_soil"
"ASV_3752","Reforma Waterfalls","d__Bacteria","Spirochaetota","Spirochaetia","Spirochaetales","Spirochaetaceae","uncultured","uncultured_Spirochaetes"
"ASV_5679","Reforma Waterfalls","d__Bacteria","Spirochaetota","Spirochaetia","Spirochaetales","Spirochaetaceae","uncultured",NA
"ASV_6141","Reforma Waterfalls","d__Bacteria","Spirochaetota","Spirochaetia","Spirochaetales","Spirochaetaceae","uncultured",NA
"ASV_5571","Reforma Waterfalls","d__Bacteria","Patescibacteria","WWE3","WWE3","WWE3","WWE3",NA
"ASV_4547","Reforma Waterfalls","d__Bacteria","Patescibacteria","Microgenomatia","Candidatus_Woesebacteria","Candidatus_Woesebacteria","Candidatus_Woesebacteria","Candidatus_Woesebacteria"
"ASV_4302","Reforma Waterfalls","d__Bacteria","Patescibacteria","Microgenomatia","Candidatus_Woesebacteria","Candidatus_Woesebacteria","Candidatus_Woesebacteria","Candidatus_Woesebacteria"
"ASV_4273","Reforma Waterfalls","d__Bacteria","Chloroflexi","Ktedonobacteria","Ktedonobacterales","Ktedonobacteraceae","uncultured","uncultured_bacterium"
"ASV_2804","Reforma Waterfalls","d__Bacteria","Nitrospirota","Thermodesulfovibrionia","uncultured","uncultured","uncultured","uncultured_Nitrospirae"
"ASV_6895","Reforma Waterfalls","d__Bacteria","Nitrospirota","Thermodesulfovibrionia","uncultured","uncultured","uncultured","uncultured_Nitrospirae"
"ASV_1644","Reforma Waterfalls","d__Bacteria","Nitrospirota","Thermodesulfovibrionia","uncultured","uncultured","uncultured",NA
"ASV_5297","Reforma Waterfalls","d__Bacteria","Nitrospirota","Thermodesulfovibrionia","uncultured","uncultured","uncultured","uncultured_prokaryote"
"ASV_3158","Reforma Waterfalls","d__Bacteria","Nitrospirota","Thermodesulfovibrionia","uncultured","uncultured","uncultured","uncultured_bacterium"
"ASV_2226","Reforma Waterfalls","d__Bacteria","Nitrospirota","Thermodesulfovibrionia","uncultured","uncultured","uncultured","uncultured_bacterium"
"ASV_5124","Reforma Waterfalls","d__Bacteria","Nitrospirota","Thermodesulfovibrionia","uncultured","uncultured","uncultured","uncultured_prokaryote"
"ASV_6600","Reforma Waterfalls","d__Bacteria","Nitrospirota","Thermodesulfovibrionia","uncultured","uncultured","uncultured","uncultured_bacterium"
"ASV_1670","Reforma Waterfalls","d__Bacteria","Nitrospirota","Thermodesulfovibrionia","uncultured","uncultured","uncultured","uncultured_bacterium"
"ASV_5362","Reforma Waterfalls","d__Bacteria","Nitrospirota","Thermodesulfovibrionia","uncultured","uncultured","uncultured","uncultured_bacterium"
"ASV_3750","Reforma Waterfalls","d__Bacteria","Nitrospirota","Thermodesulfovibrionia","uncultured","uncultured","uncultured","uncultured_bacterium"
"ASV_2393","Reforma Waterfalls","d__Bacteria","Nitrospirota","Thermodesulfovibrionia","uncultured","uncultured","uncultured","uncultured_bacterium"
"ASV_1450","Reforma Waterfalls","d__Bacteria","Nitrospirota","Thermodesulfovibrionia","uncultured","uncultured","uncultured","uncultured_bacterium"
"ASV_1979","Reforma Waterfalls","d__Bacteria","Nitrospirota","Thermodesulfovibrionia","uncultured","uncultured","uncultured","uncultured_bacterium"
"ASV_3329","Reforma Waterfalls","d__Bacteria","Nitrospirota","Thermodesulfovibrionia","uncultured","uncultured","uncultured","uncultured_bacterium"
"ASV_1536","Reforma Waterfalls","d__Bacteria","Nitrospirota","Thermodesulfovibrionia","uncultured","uncultured","uncultured","uncultured_bacterium"
"ASV_2850","Reforma Waterfalls","d__Bacteria","Nitrospirota","Thermodesulfovibrionia","uncultured","uncultured","uncultured","uncultured_Nitrospirae"
"ASV_3607","Reforma Waterfalls","d__Bacteria","Nitrospirota","Thermodesulfovibrionia","uncultured","uncultured","uncultured","uncultured_Nitrospirae"
"ASV_5179","Reforma Waterfalls","d__Bacteria","Nitrospirota","Thermodesulfovibrionia","uncultured","uncultured","uncultured",NA
"ASV_5084","Reforma Waterfalls","d__Bacteria","Nitrospirota","Thermodesulfovibrionia","uncultured","uncultured","uncultured",NA
"ASV_1421","Reforma Waterfalls","d__Bacteria","Nitrospirota","Thermodesulfovibrionia","uncultured","uncultured","uncultured","uncultured_bacterium"
"ASV_2428","Reforma Waterfalls","d__Bacteria","Nitrospirota","Thermodesulfovibrionia","uncultured","uncultured","uncultured","uncultured_Nitrospirae"
"ASV_3518","Reforma Waterfalls","d__Bacteria","Nitrospirota","Thermodesulfovibrionia","uncultured","uncultured","uncultured","uncultured_Nitrospirae"
"ASV_2542","Reforma Waterfalls","d__Bacteria","Nitrospirota","Thermodesulfovibrionia","uncultured","uncultured","uncultured","uncultured_Nitrospirae"
"ASV_5730","Reforma Waterfalls","d__Bacteria","Nitrospirota","Thermodesulfovibrionia","uncultured","uncultured","uncultured","uncultured_Nitrospirae"
"ASV_6014","Reforma Waterfalls","d__Bacteria","Nitrospirota","Thermodesulfovibrionia","uncultured","uncultured","uncultured","uncultured_Nitrospirae"
"ASV_5598","Reforma Waterfalls","d__Bacteria","Nitrospirota","Thermodesulfovibrionia","uncultured","uncultured","uncultured","uncultured_Nitrospirae"
"ASV_1180","Reforma Waterfalls","d__Bacteria","Nitrospirota","Thermodesulfovibrionia","uncultured","uncultured","uncultured","uncultured_Nitrospirae"
"ASV_4401","Reforma Waterfalls","d__Bacteria","Nitrospirota","Thermodesulfovibrionia","uncultured","uncultured","uncultured","uncultured_Nitrospirae"
"ASV_1888","Reforma Waterfalls","d__Bacteria","Nitrospirota","Thermodesulfovibrionia","uncultured","uncultured","uncultured","uncultured_Nitrospirae"
"ASV_1225","Reforma Waterfalls","d__Bacteria","Nitrospirota","Thermodesulfovibrionia","uncultured","uncultured","uncultured","uncultured_Nitrospirae"
"ASV_5396","Reforma Waterfalls","d__Bacteria","Nitrospirota","Thermodesulfovibrionia","uncultured","uncultured","uncultured","uncultured_bacterium"
"ASV_5691","Reforma Waterfalls","d__Bacteria","Nitrospirota","Thermodesulfovibrionia","uncultured","uncultured","uncultured","uncultured_bacterium"
"ASV_2484","Reforma Waterfalls","d__Bacteria","Nitrospirota","Thermodesulfovibrionia","uncultured","uncultured","uncultured","uncultured_bacterium"
"ASV_5009","Reforma Waterfalls","d__Bacteria","Nitrospirota","Thermodesulfovibrionia","uncultured","uncultured","uncultured","uncultured_bacterium"
"ASV_1939","Reforma Waterfalls","d__Bacteria","Nitrospirota","Thermodesulfovibrionia","uncultured","uncultured","uncultured","uncultured_bacterium"
"ASV_6756","Reforma Waterfalls","d__Bacteria","Nitrospirota","Thermodesulfovibrionia","uncultured","uncultured","uncultured","uncultured_bacterium"
"ASV_1353","Reforma Waterfalls","d__Bacteria","Nitrospirota","Thermodesulfovibrionia","uncultured","uncultured","uncultured","uncultured_Thermodesulfovibrio"
"ASV_4714","Reforma Waterfalls","d__Bacteria","Nitrospirota","Thermodesulfovibrionia","uncultured","uncultured","uncultured","uncultured_prokaryote"
"ASV_4297","Reforma Waterfalls","d__Bacteria","Nitrospirota","Thermodesulfovibrionia","uncultured","uncultured","uncultured",NA
"ASV_2864","Reforma Waterfalls","d__Bacteria","Nitrospirota","Leptospirillia","Leptospirillales","Leptospirillaceae","Leptospirillum","Nitrospirae_bacterium"
"ASV_4604","Reforma Waterfalls","d__Bacteria","Nitrospirota","Leptospirillia","Leptospirillales","Leptospirillaceae","Leptospirillum","Nitrospirae_bacterium"
"ASV_2493","Reforma Waterfalls","d__Bacteria","Nitrospirota","Leptospirillia","Leptospirillales","Leptospirillaceae","Leptospirillum","Nitrospirae_bacterium"
"ASV_2818","Reforma Waterfalls","d__Bacteria","Nitrospirota","Leptospirillia","Leptospirillales","Leptospirillaceae","Leptospirillum","Nitrospirae_bacterium"
"ASV_1811","Reforma Waterfalls","d__Bacteria","Nitrospirota","Leptospirillia","Leptospirillales","Leptospirillaceae","Leptospirillum","Nitrospirae_bacterium"
"ASV_1567","Reforma Waterfalls","d__Bacteria","Nitrospirota","Leptospirillia","Leptospirillales","Leptospirillaceae","Leptospirillum","Nitrospirae_bacterium"
"ASV_3000","Reforma Waterfalls","d__Bacteria","Verrucomicrobiota","Omnitrophia","Omnitrophales","Omnitrophaceae","Candidatus_Omnitrophus","uncultured_bacterium"
"ASV_4022","Reforma Waterfalls","d__Bacteria","Nitrospirota","Nitrospiria","Nitrospirales","Nitrospiraceae","Nitrospira","uncultured_bacterium"
"ASV_3648","Reforma Waterfalls","d__Bacteria","Nitrospirota","4-29-1","4-29-1","4-29-1","4-29-1","uncultured_bacterium"
"ASV_2305","Reforma Waterfalls","d__Bacteria","Nitrospirota","4-29-1","4-29-1","4-29-1","4-29-1","uncultured_bacterium"
"ASV_2812","Reforma Waterfalls","d__Bacteria","Nitrospirota","4-29-1","4-29-1","4-29-1","4-29-1","uncultured_bacterium"
"ASV_2695","Reforma Waterfalls","d__Bacteria","Nitrospirota","4-29-1","4-29-1","4-29-1","4-29-1","uncultured_prokaryote"
"ASV_5506","Reforma Waterfalls","d__Bacteria","Nitrospirota","4-29-1","4-29-1","4-29-1","4-29-1","uncultured_bacterium"
"ASV_6606","Reforma Waterfalls","d__Bacteria","Nitrospirota","4-29-1","4-29-1","4-29-1","4-29-1","uncultured_bacterium"
"ASV_5592","Reforma Waterfalls","d__Bacteria","Nitrospirota","4-29-1","4-29-1","4-29-1","4-29-1","uncultured_proteobacterium"
"ASV_7128","Reforma Waterfalls","d__Bacteria","Nitrospirota","4-29-1","4-29-1","4-29-1","4-29-1","uncultured_bacterium"
"ASV_5690","Reforma Waterfalls","d__Bacteria","Acetothermia","Acetothermiia","Acetothermiia","Acetothermiia","Acetothermiia","uncultured_bacterium"
"ASV_4591","Reforma Waterfalls","d__Bacteria","Nitrospirota","Nitrospiria","Nitrospirales","Nitrospiraceae","Nitrospira","uncultured_bacterium"
"ASV_4943","Reforma Waterfalls","d__Bacteria","Nitrospirota","Nitrospiria","Nitrospirales","Nitrospiraceae","Nitrospira","uncultured_bacterium"
"ASV_4524","Reforma Waterfalls","d__Bacteria","Nitrospirota","Nitrospiria","Nitrospirales","Nitrospiraceae","Nitrospira","uncultured_Nitrospirales"
"ASV_1054","Reforma Waterfalls","d__Bacteria","Nitrospirota","Nitrospiria","Nitrospirales","Nitrospiraceae","Nitrospira",NA
"ASV_5980","Reforma Waterfalls","d__Bacteria","Nitrospirota","Nitrospiria","Nitrospirales","Nitrospiraceae","Nitrospira","Nitrospirae_bacterium"
"ASV_6103","Reforma Waterfalls","d__Bacteria","Hydrogenedentes","Hydrogenedentia","Hydrogenedentiales","Hydrogenedensaceae","Hydrogenedensaceae","uncultured_bacterium"
"ASV_866","Reforma Waterfalls","d__Bacteria","Acidobacteriota","Subgroup_18","Subgroup_18","Subgroup_18","Subgroup_18",NA
"ASV_5177","Reforma Waterfalls","d__Bacteria","Acidobacteriota","Subgroup_18","Subgroup_18","Subgroup_18","Subgroup_18",NA
"ASV_4763","Reforma Waterfalls","d__Bacteria","Acidobacteriota","Subgroup_18","Subgroup_18","Subgroup_18","Subgroup_18","uncultured_bacterium"
"ASV_2959","Reforma Waterfalls","d__Bacteria","Acidobacteriota","Subgroup_18","Subgroup_18","Subgroup_18","Subgroup_18",NA
"ASV_5511","Reforma Waterfalls","d__Bacteria","Acidobacteriota","Subgroup_18","Subgroup_18","Subgroup_18","Subgroup_18",NA
"ASV_5283","Reforma Waterfalls","d__Bacteria","Acidobacteriota","Subgroup_18","Subgroup_18","Subgroup_18","Subgroup_18",NA
"ASV_4751","Reforma Waterfalls","d__Bacteria","Acidobacteriota","Subgroup_18","Subgroup_18","Subgroup_18","Subgroup_18","uncultured_bacterium"
"ASV_917","Reforma Waterfalls","d__Bacteria","Acidobacteriota","Subgroup_18","Subgroup_18","Subgroup_18","Subgroup_18",NA
"ASV_6088","Reforma Waterfalls","d__Bacteria","Acidobacteriota","Subgroup_18","Subgroup_18","Subgroup_18","Subgroup_18","uncultured_bacterium"
"ASV_5883","Reforma Waterfalls","d__Bacteria","Acidobacteriota","Subgroup_18","Subgroup_18","Subgroup_18","Subgroup_18",NA
"ASV_3914","Reforma Waterfalls","d__Bacteria","Acidobacteriota","Holophagae","Subgroup_7","Subgroup_7","Subgroup_7","uncultured_Acidobacterium"
"ASV_5348","Reforma Waterfalls","d__Bacteria","Acidobacteriota","Holophagae","Subgroup_7","Subgroup_7","Subgroup_7","uncultured_Acidobacteria"
"ASV_5302","Reforma Waterfalls","d__Bacteria","Acidobacteriota","Holophagae","Subgroup_7","Subgroup_7","Subgroup_7","uncultured_Acidobacteria"
"ASV_2694","Reforma Waterfalls","d__Bacteria","Acidobacteriota","Holophagae","Subgroup_7","Subgroup_7","Subgroup_7","uncultured_Acidobacteria"
"ASV_6518","Reforma Waterfalls","d__Bacteria","Acidobacteriota","Thermoanaerobaculia","Thermoanaerobaculales","Thermoanaerobaculaceae","Thermoanaerobaculum","uncultured_bacterium"
"ASV_6842","Reforma Waterfalls","d__Bacteria","Acidobacteriota","Thermoanaerobaculia","Thermoanaerobaculales","Thermoanaerobaculaceae","Subgroup_23",NA
"ASV_5023","Reforma Waterfalls","d__Bacteria","Acidobacteriota","Thermoanaerobaculia","Thermoanaerobaculales","Thermoanaerobaculaceae","Subgroup_23",NA
"ASV_6598","Reforma Waterfalls","d__Bacteria","Acidobacteriota","Holophagae","Subgroup_7","Subgroup_7","Subgroup_7","uncultured_Acidobacteriales"
"ASV_6840","Reforma Waterfalls","d__Bacteria","Acidobacteriota","Holophagae","Subgroup_7","Subgroup_7","Subgroup_7","uncultured_Acidobacteriales"
"ASV_4295","Reforma Waterfalls","d__Bacteria","Acidobacteriota","Thermoanaerobaculia","Thermoanaerobaculales","Thermoanaerobaculaceae","Subgroup_10","uncultured_bacterium"
"ASV_4589","Reforma Waterfalls","d__Bacteria","Acidobacteriota","Thermoanaerobaculia","Thermoanaerobaculales","Thermoanaerobaculaceae","Subgroup_10","uncultured_prokaryote"
"ASV_6913","Reforma Waterfalls","d__Bacteria","Acidobacteriota","Thermoanaerobaculia","Thermoanaerobaculales","Thermoanaerobaculaceae","Subgroup_10","uncultured_prokaryote"
"ASV_5875","Reforma Waterfalls","d__Bacteria","Entotheonellaeota","Entotheonellia","Entotheonellales","Entotheonellaceae","Entotheonellaceae","uncultured_bacterium"
"ASV_5761","Reforma Waterfalls","d__Bacteria","Acidobacteriota","Subgroup_22","Subgroup_22","Subgroup_22","Subgroup_22","uncultured_Acidobacteriales"
"ASV_4891","Reforma Waterfalls","d__Bacteria","Acidobacteriota","Subgroup_22","Subgroup_22","Subgroup_22","Subgroup_22","uncultured_bacterium"
"ASV_1816","Reforma Waterfalls","d__Bacteria","Acidobacteriota","Subgroup_22","Subgroup_22","Subgroup_22","Subgroup_22",NA
"ASV_3897","Reforma Waterfalls","d__Bacteria","Acidobacteriota","Subgroup_22","Subgroup_22","Subgroup_22","Subgroup_22","uncultured_Acidobacteria"
"ASV_4814","Reforma Waterfalls","d__Bacteria","Acidobacteriota","Subgroup_22","Subgroup_22","Subgroup_22","Subgroup_22","uncultured_Acidobacteria"
"ASV_3590","Reforma Waterfalls","d__Bacteria","Acidobacteriota","Subgroup_22","Subgroup_22","Subgroup_22","Subgroup_22","uncultured_bacterium"
"ASV_5125","Reforma Waterfalls","d__Bacteria","Acidobacteriota","Subgroup_22","Subgroup_22","Subgroup_22","Subgroup_22","uncultured_bacterium"
"ASV_7093","Reforma Waterfalls","d__Bacteria","Acidobacteriota","Subgroup_22","Subgroup_22","Subgroup_22","Subgroup_22",NA
"ASV_184","Reforma Waterfalls","d__Bacteria","Acidobacteriota","Vicinamibacteria","Vicinamibacterales","Vicinamibacteraceae","Vicinamibacteraceae",NA
"ASV_4596","Reforma Waterfalls","d__Bacteria","Acidobacteriota","Vicinamibacteria","Vicinamibacterales","Vicinamibacteraceae","Vicinamibacteraceae",NA
"ASV_5083","Reforma Waterfalls","d__Bacteria","Acidobacteriota","Vicinamibacteria","Vicinamibacterales","Vicinamibacteraceae","Vicinamibacteraceae",NA
"ASV_5798","Reforma Waterfalls","d__Bacteria","Acidobacteriota","Vicinamibacteria","Vicinamibacterales","Vicinamibacteraceae","Vicinamibacteraceae",NA
"ASV_3722","Reforma Waterfalls","d__Bacteria","Acidobacteriota","Vicinamibacteria","Vicinamibacterales","Vicinamibacteraceae","Vicinamibacteraceae",NA
"ASV_2293","Reforma Waterfalls","d__Bacteria","Acidobacteriota","Vicinamibacteria","Vicinamibacterales","Vicinamibacteraceae","Vicinamibacteraceae",NA
"ASV_3086","Reforma Waterfalls","d__Bacteria","Acidobacteriota","Vicinamibacteria","Vicinamibacterales","Vicinamibacteraceae","Vicinamibacteraceae",NA
"ASV_1162","Reforma Waterfalls","d__Bacteria","Acidobacteriota","Vicinamibacteria","Vicinamibacterales","Vicinamibacteraceae","Vicinamibacteraceae",NA
"ASV_1980","Reforma Waterfalls","d__Bacteria","Acidobacteriota","Vicinamibacteria","Vicinamibacterales","Vicinamibacteraceae","Vicinamibacteraceae",NA
"ASV_2007","Reforma Waterfalls","d__Bacteria","Acidobacteriota","Vicinamibacteria","Vicinamibacterales","Vicinamibacteraceae","Vicinamibacteraceae",NA
"ASV_7147","Reforma Waterfalls","d__Bacteria","Acidobacteriota","Vicinamibacteria","Vicinamibacterales","Vicinamibacteraceae","Vicinamibacteraceae",NA
"ASV_4296","Reforma Waterfalls","d__Bacteria","Acidobacteriota","Vicinamibacteria","Vicinamibacterales","Vicinamibacteraceae","Vicinamibacteraceae",NA
"ASV_3331","Reforma Waterfalls","d__Bacteria","Acidobacteriota","Vicinamibacteria","Vicinamibacterales","Vicinamibacteraceae","Vicinamibacteraceae",NA
"ASV_2256","Reforma Waterfalls","d__Bacteria","Acidobacteriota","Vicinamibacteria","Vicinamibacterales","Vicinamibacteraceae","Vicinamibacteraceae",NA
"ASV_3409","Reforma Waterfalls","d__Bacteria","Acidobacteriota","Vicinamibacteria","Vicinamibacterales","Vicinamibacteraceae","Vicinamibacteraceae",NA
"ASV_5051","Reforma Waterfalls","d__Bacteria","Acidobacteriota","Vicinamibacteria","Vicinamibacterales","Vicinamibacteraceae","Vicinamibacteraceae",NA
"ASV_4091","Reforma Waterfalls","d__Bacteria","Acidobacteriota","Vicinamibacteria","Vicinamibacterales","Vicinamibacteraceae","Vicinamibacteraceae",NA
"ASV_5055","Reforma Waterfalls","d__Bacteria","Acidobacteriota","Vicinamibacteria","Vicinamibacterales","Vicinamibacteraceae","Vicinamibacteraceae",NA
"ASV_1285","Reforma Waterfalls","d__Bacteria","Acidobacteriota","Vicinamibacteria","Vicinamibacterales","Vicinamibacteraceae","Vicinamibacteraceae",NA
"ASV_4968","Reforma Waterfalls","d__Bacteria","Acidobacteriota","Vicinamibacteria","Vicinamibacterales","Vicinamibacteraceae","Vicinamibacteraceae",NA
"ASV_1152","Reforma Waterfalls","d__Bacteria","Acidobacteriota","Vicinamibacteria","Vicinamibacterales","Vicinamibacteraceae","Vicinamibacteraceae","uncultured_Acidobacteriales"
"ASV_3844","Reforma Waterfalls","d__Bacteria","Acidobacteriota","Vicinamibacteria","Vicinamibacterales","uncultured","uncultured","uncultured_Acidobacteria"
"ASV_4482","Reforma Waterfalls","d__Bacteria","Acidobacteriota","Vicinamibacteria","Vicinamibacterales","uncultured","uncultured",NA
"ASV_2326","Reforma Waterfalls","d__Bacteria","Acidobacteriota","Vicinamibacteria","Vicinamibacterales","uncultured","uncultured","uncultured_bacterium"
"ASV_3009","Reforma Waterfalls","d__Bacteria","Acidobacteriota","Vicinamibacteria","Vicinamibacterales","uncultured","uncultured","uncultured_bacterium"
"ASV_3090","Reforma Waterfalls","d__Bacteria","Acidobacteriota","Vicinamibacteria","Vicinamibacterales","uncultured","uncultured",NA
"ASV_3407","Reforma Waterfalls","d__Bacteria","Acidobacteriota","Vicinamibacteria","Vicinamibacterales","Vicinamibacteraceae","Vicinamibacteraceae","uncultured_organism"
"ASV_4275","Reforma Waterfalls","d__Bacteria","Acidobacteriota","Vicinamibacteria","Vicinamibacterales","uncultured","uncultured",NA
"ASV_1776","Reforma Waterfalls","d__Bacteria","Acidobacteriota","Vicinamibacteria","Vicinamibacterales","uncultured","uncultured",NA
"ASV_3972","Reforma Waterfalls","d__Bacteria","Acidobacteriota","Vicinamibacteria","Vicinamibacterales","uncultured","uncultured","uncultured_bacterium"
"ASV_6942","Reforma Waterfalls","d__Bacteria","Acidobacteriota","Vicinamibacteria","Vicinamibacterales","uncultured","uncultured","uncultured_bacterium"
"ASV_6068","Reforma Waterfalls","d__Bacteria","Acidobacteriota","Vicinamibacteria","Vicinamibacterales","uncultured","uncultured",NA
"ASV_6327","Reforma Waterfalls","d__Bacteria","Acidobacteriota","Vicinamibacteria","Vicinamibacterales","uncultured","uncultured","uncultured_bacterium"
"ASV_7006","Reforma Waterfalls","d__Bacteria","Acidobacteriota","Vicinamibacteria","Vicinamibacterales","uncultured","uncultured","uncultured_bacterium"
"ASV_6647","Reforma Waterfalls","d__Bacteria","Acidobacteriota","Vicinamibacteria","Subgroup_17","Subgroup_17","Subgroup_17",NA
"ASV_2381","Reforma Waterfalls","d__Bacteria","Acidobacteriota","Vicinamibacteria","Subgroup_17","Subgroup_17","Subgroup_17",NA
"ASV_1429","Reforma Waterfalls","d__Bacteria","Acidobacteriota","Vicinamibacteria","Subgroup_17","Subgroup_17","Subgroup_17",NA
"ASV_2482","Reforma Waterfalls","d__Bacteria","Acidobacteriota","Vicinamibacteria","Subgroup_17","Subgroup_17","Subgroup_17","uncultured_bacterium"
"ASV_6524","Reforma Waterfalls","d__Bacteria","Acidobacteriota","Vicinamibacteria","Subgroup_17","Subgroup_17","Subgroup_17",NA
"ASV_6632","Reforma Waterfalls","d__Bacteria","Acidobacteriota","Vicinamibacteria","Subgroup_17","Subgroup_17","Subgroup_17","uncultured_bacterium"
"ASV_3345","Reforma Waterfalls","d__Bacteria","Acidobacteriota","Vicinamibacteria","Subgroup_17","Subgroup_17","Subgroup_17",NA
"ASV_3280","Reforma Waterfalls","d__Bacteria","Acidobacteriota","Vicinamibacteria","Subgroup_17","Subgroup_17","Subgroup_17",NA
"ASV_4483","Reforma Waterfalls","d__Bacteria","Acidobacteriota","Vicinamibacteria","Subgroup_17","Subgroup_17","Subgroup_17","uncultured_Acidobacteria"
"ASV_6963","Reforma Waterfalls","d__Bacteria","Acidobacteriota","Vicinamibacteria","Subgroup_17","Subgroup_17","Subgroup_17","uncultured_bacterium"
"ASV_6733","Reforma Waterfalls","d__Bacteria","Acidobacteriota","Vicinamibacteria","Subgroup_17","Subgroup_17","Subgroup_17","uncultured_bacterium"
"ASV_5960","Reforma Waterfalls","d__Bacteria","Acidobacteriota","Vicinamibacteria","Subgroup_17","Subgroup_17","Subgroup_17","uncultured_bacterium"
"ASV_6755","Reforma Waterfalls","d__Bacteria","Acidobacteriota","Subgroup_25","Subgroup_25","Subgroup_25","Subgroup_25","uncultured_bacterium"
"ASV_6800","Reforma Waterfalls","d__Bacteria","Acidobacteriota","Subgroup_25","Subgroup_25","Subgroup_25","Subgroup_25",NA
"ASV_5910","Reforma Waterfalls","d__Bacteria","Acidobacteriota","Subgroup_25","Subgroup_25","Subgroup_25","Subgroup_25",NA
"ASV_3877","Reforma Waterfalls","d__Bacteria","Acidobacteriota","Subgroup_25","Subgroup_25","Subgroup_25","Subgroup_25","uncultured_bacterium"
"ASV_2016","Reforma Waterfalls","d__Bacteria","Acidobacteriota","Vicinamibacteria","Subgroup_9","Subgroup_9","Subgroup_9","uncultured_bacterium"
"ASV_2119","Reforma Waterfalls","d__Bacteria","Acidobacteriota","Vicinamibacteria","Subgroup_9","Subgroup_9","Subgroup_9","uncultured_bacterium"
"ASV_6871","Reforma Waterfalls","d__Bacteria","Acidobacteriota","Vicinamibacteria","Subgroup_9","Subgroup_9","Subgroup_9","uncultured_bacterium"
"ASV_4720","Reforma Waterfalls","d__Bacteria","Acidobacteriota","Vicinamibacteria","Subgroup_9","Subgroup_9","Subgroup_9","uncultured_bacterium"
"ASV_5305","Reforma Waterfalls","d__Bacteria","Acidobacteriota","Vicinamibacteria","Subgroup_9","Subgroup_9","Subgroup_9","uncultured_bacterium"
"ASV_6469","Reforma Waterfalls","d__Bacteria","Acidobacteriota","Vicinamibacteria","Subgroup_9","Subgroup_9","Subgroup_9","uncultured_bacterium"
"ASV_2292","Reforma Waterfalls","d__Bacteria","Acidobacteriota","Vicinamibacteria","Subgroup_9","Subgroup_9","Subgroup_9","uncultured_bacterium"
"ASV_2873","Reforma Waterfalls","d__Bacteria","Acidobacteriota","Vicinamibacteria","Subgroup_9","Subgroup_9","Subgroup_9","uncultured_bacterium"
"ASV_2500","Reforma Waterfalls","d__Bacteria","Acidobacteriota","Vicinamibacteria","Subgroup_9","Subgroup_9","Subgroup_9","uncultured_bacterium"
"ASV_4055","Reforma Waterfalls","d__Bacteria","Acidobacteriota","Subgroup_22","Subgroup_22","Subgroup_22","Subgroup_22","uncultured_bacterium"
"ASV_1974","Reforma Waterfalls","d__Bacteria","Acidobacteriota","Subgroup_22","Subgroup_22","Subgroup_22","Subgroup_22","uncultured_bacterium"
"ASV_7089","Reforma Waterfalls","d__Bacteria","Acidobacteriota","Subgroup_22","Subgroup_22","Subgroup_22","Subgroup_22","uncultured_bacterium"
"ASV_5078","Reforma Waterfalls","d__Bacteria","Acidobacteriota","Subgroup_21","Subgroup_21","Subgroup_21","Subgroup_21","uncultured_bacterium"
"ASV_5734","Reforma Waterfalls","d__Bacteria","Zixibacteria","Zixibacteria","Zixibacteria","Zixibacteria","Zixibacteria","candidate_division"
"ASV_5844","Reforma Waterfalls","d__Bacteria","Zixibacteria","Zixibacteria","Zixibacteria","Zixibacteria","Zixibacteria","candidate_division"
"ASV_2566","Reforma Waterfalls","d__Bacteria","Zixibacteria","Zixibacteria","Zixibacteria","Zixibacteria","Zixibacteria",NA
"ASV_6623","Reforma Waterfalls","d__Bacteria","Zixibacteria","Zixibacteria","Zixibacteria","Zixibacteria","Zixibacteria","uncultured_bacterium"
"ASV_3686","Reforma Waterfalls","d__Bacteria","Calditrichota","Calditrichia","Calditrichales","Calditrichaceae","Calorithrix","bacterium_enrichment"
"ASV_2590","Reforma Waterfalls","d__Bacteria","Calditrichota","Calditrichia","Calditrichales","Calditrichaceae","Calorithrix",NA
"ASV_5797","Reforma Waterfalls","d__Bacteria","Calditrichota","Calditrichia","Calditrichales","Calditrichaceae","Calorithrix","bacterium_enrichment"
"ASV_4540","Reforma Waterfalls","d__Bacteria","Calditrichota","Calditrichia","Calditrichales","Calditrichaceae","Calditrichaceae","uncultured_bacterium"
"ASV_1347","Reforma Waterfalls","d__Bacteria","Calditrichota","Calditrichia","Calditrichales","Calditrichaceae","Calditrichaceae","uncultured_prokaryote"
"ASV_5918","Reforma Waterfalls","d__Bacteria","Calditrichota","Calditrichia","Calditrichales","Calditrichaceae","Calditrichaceae","uncultured_prokaryote"
"ASV_3015","Reforma Waterfalls","d__Bacteria","LCP-89","LCP-89","LCP-89","LCP-89","LCP-89","uncultured_bacterium"
"ASV_6147","Reforma Waterfalls","d__Bacteria","LCP-89","LCP-89","LCP-89","LCP-89","LCP-89","uncultured_bacterium"
"ASV_3198","Reforma Waterfalls","d__Bacteria","LCP-89","LCP-89","LCP-89","LCP-89","LCP-89","uncultured_bacterium"
"ASV_6976","Reforma Waterfalls","d__Bacteria","LCP-89","LCP-89","LCP-89","LCP-89","LCP-89","uncultured_bacterium"
"ASV_5569","Reforma Waterfalls","d__Bacteria","LCP-89","LCP-89","LCP-89","LCP-89","LCP-89","uncultured_bacterium"
"ASV_6355","Reforma Waterfalls","d__Bacteria","LCP-89","LCP-89","LCP-89","LCP-89","LCP-89","uncultured_bacterium"
"ASV_3772","Reforma Waterfalls","d__Bacteria","LCP-89","LCP-89","LCP-89","LCP-89","LCP-89","uncultured_bacterium"
"ASV_6425","Reforma Waterfalls","d__Bacteria","Zixibacteria","Zixibacteria","Zixibacteria","Zixibacteria","Zixibacteria","bacterium_enrichment"
"ASV_6078","Reforma Waterfalls","d__Bacteria","Zixibacteria","Zixibacteria","Zixibacteria","Zixibacteria","Zixibacteria",NA
"ASV_3851","Reforma Waterfalls","d__Bacteria","Zixibacteria","Zixibacteria","Zixibacteria","Zixibacteria","Zixibacteria","uncultured_bacterium"
"ASV_3050","Reforma Waterfalls","d__Bacteria","Zixibacteria","Zixibacteria","Zixibacteria","Zixibacteria","Zixibacteria","uncultured_prokaryote"
"ASV_4764","Reforma Waterfalls","d__Bacteria","Zixibacteria","Zixibacteria","Zixibacteria","Zixibacteria","Zixibacteria","uncultured_prokaryote"
"ASV_5481","Reforma Waterfalls","d__Bacteria","Zixibacteria","Zixibacteria","Zixibacteria","Zixibacteria","Zixibacteria","uncultured_bacterium"
"ASV_4989","Reforma Waterfalls","d__Bacteria","Zixibacteria","Zixibacteria","Zixibacteria","Zixibacteria","Zixibacteria","uncultured_bacterium"
"ASV_3224","Reforma Waterfalls","d__Bacteria","Zixibacteria","Zixibacteria","Zixibacteria","Zixibacteria","Zixibacteria","uncultured_bacterium"
"ASV_4388","Reforma Waterfalls","d__Bacteria","Acidobacteriota","Subgroup_5","Subgroup_5","Subgroup_5","Subgroup_5","uncultured_bacterium"
"ASV_5717","Reforma Waterfalls","d__Bacteria","Acidobacteriota","Subgroup_5","Subgroup_5","Subgroup_5","Subgroup_5","uncultured_bacterium"
"ASV_5749","Reforma Waterfalls","d__Bacteria","Acidobacteriota","Subgroup_5","Subgroup_5","Subgroup_5","Subgroup_5","uncultured_bacterium"
"ASV_7125","Reforma Waterfalls","d__Bacteria","Acidobacteriota","Subgroup_5","Subgroup_5","Subgroup_5","Subgroup_5","uncultured_bacterium"
"ASV_5608","Reforma Waterfalls","d__Bacteria","Acidobacteriota","Subgroup_5","Subgroup_5","Subgroup_5","Subgroup_5","uncultured_bacterium"
"ASV_6588","Reforma Waterfalls","d__Bacteria","Acidobacteriota","Subgroup_5","Subgroup_5","Subgroup_5","Subgroup_5","uncultured_bacterium"
"ASV_3669","Reforma Waterfalls","d__Bacteria","Acidobacteriota","Subgroup_5","Subgroup_5","Subgroup_5","Subgroup_5","uncultured_bacterium"
"ASV_7090","Reforma Waterfalls","d__Bacteria","Acidobacteriota","Subgroup_5","Subgroup_5","Subgroup_5","Subgroup_5","uncultured_bacterium"
"ASV_3131","Reforma Waterfalls","d__Bacteria","Zixibacteria","Zixibacteria","Zixibacteria","Zixibacteria","Zixibacteria","uncultured_bacterium"
"ASV_4221","Reforma Waterfalls","d__Bacteria","Zixibacteria","Zixibacteria","Zixibacteria","Zixibacteria","Zixibacteria","uncultured_bacterium"
"ASV_2131","Reforma Waterfalls","d__Bacteria","Zixibacteria","Zixibacteria","Zixibacteria","Zixibacteria","Zixibacteria","uncultured_bacterium"
"ASV_3095","Reforma Waterfalls","d__Bacteria","Zixibacteria","Zixibacteria","Zixibacteria","Zixibacteria","Zixibacteria","uncultured_bacterium"
"ASV_6310","Reforma Waterfalls","d__Bacteria","Zixibacteria","Zixibacteria","Zixibacteria","Zixibacteria","Zixibacteria","uncultured_bacterium"
"ASV_2862","Reforma Waterfalls","d__Bacteria","TA06","TA06","TA06","TA06","TA06","uncultured_organism"
"ASV_5233","Reforma Waterfalls","d__Bacteria","TA06","TA06","TA06","TA06","TA06",NA
"ASV_2249","Reforma Waterfalls","d__Bacteria","TA06","TA06","TA06","TA06","TA06","uncultured_bacterium"
"ASV_7010","Reforma Waterfalls","d__Bacteria","Armatimonadota","DG-56","DG-56","DG-56","DG-56","uncultured_bacterium"
"ASV_5056","Reforma Waterfalls","d__Bacteria","Actinobacteriota","Acidimicrobiia","Actinomarinales","uncultured","uncultured","uncultured_Actinobacteridae"
"ASV_1423","Reforma Waterfalls","d__Bacteria","Actinobacteriota","Thermoleophilia","Gaiellales","Gaiellaceae","Gaiella","uncultured_bacterium"
"ASV_4911","Reforma Waterfalls","d__Bacteria","Actinobacteriota","Thermoleophilia","Gaiellales","Gaiellaceae","Gaiella","uncultured_soil"
"ASV_2908","Reforma Waterfalls","d__Bacteria","Actinobacteriota","MB-A2-108","MB-A2-108","MB-A2-108","MB-A2-108","uncultured_bacterium"
"ASV_4872","Reforma Waterfalls","d__Bacteria","Actinobacteriota","MB-A2-108","MB-A2-108","MB-A2-108","MB-A2-108",NA
"ASV_4212","Reforma Waterfalls","d__Bacteria","Chloroflexi","Dehalococcoidia","Napoli-4B-65","Napoli-4B-65","Napoli-4B-65","uncultured_Chloroflexi"
"ASV_4799","Reforma Waterfalls","d__Bacteria","Chloroflexi","Dehalococcoidia","t0.6.f","t0.6.f","t0.6.f","uncultured_bacterium"
"ASV_3626","Reforma Waterfalls","d__Bacteria","Chloroflexi","Dehalococcoidia","GIF3","GIF3","GIF3","uncultured_bacterium"
"ASV_4771","Reforma Waterfalls","d__Bacteria","Chloroflexi","Dehalococcoidia","GIF3","GIF3","GIF3","uncultured_bacterium"
"ASV_6760","Reforma Waterfalls","d__Bacteria","Chloroflexi","Dehalococcoidia","GIF3","GIF3","GIF3","uncultured_bacterium"
"ASV_5326","Reforma Waterfalls","d__Bacteria","Chloroflexi","Dehalococcoidia","GIF3","GIF3","GIF3","uncultured_bacterium"
"ASV_3608","Reforma Waterfalls","d__Bacteria","Chloroflexi","Dehalococcoidia","GIF3","GIF3","GIF3","uncultured_bacterium"
"ASV_4733","Reforma Waterfalls","d__Bacteria","Chloroflexi","Dehalococcoidia","GIF3","GIF3","GIF3","uncultured_bacterium"
"ASV_6739","Reforma Waterfalls","d__Bacteria","Chloroflexi","Dehalococcoidia","GIF3","GIF3","GIF3","uncultured_bacterium"
"ASV_6069","Reforma Waterfalls","d__Bacteria","Chloroflexi","Dehalococcoidia","GIF3","GIF3","GIF3","uncultured_bacterium"
"ASV_3365","Reforma Waterfalls","d__Bacteria","Chloroflexi","Dehalococcoidia","GIF3","GIF3","GIF3","uncultured_bacterium"
"ASV_6586","Reforma Waterfalls","d__Bacteria","Chloroflexi","Dehalococcoidia","GIF3","GIF3","GIF3","uncultured_bacterium"
"ASV_5402","Reforma Waterfalls","d__Bacteria","Chloroflexi","Dehalococcoidia","GIF3","GIF3","GIF3","uncultured_bacterium"
"ASV_3753","Reforma Waterfalls","d__Bacteria","Chloroflexi","Dehalococcoidia","GIF3","GIF3","GIF3","uncultured_bacterium"
"ASV_2224","Reforma Waterfalls","d__Bacteria","Chloroflexi","Dehalococcoidia","GIF3","GIF3","GIF3","uncultured_bacterium"
"ASV_7037","Reforma Waterfalls","d__Bacteria","Chloroflexi","Dehalococcoidia","GIF3","GIF3","GIF3","uncultured_bacterium"
"ASV_4331","Reforma Waterfalls","d__Bacteria","Chloroflexi","Dehalococcoidia","GIF3","GIF3","GIF3","uncultured_bacterium"
"ASV_4362","Reforma Waterfalls","d__Bacteria","Chloroflexi","Dehalococcoidia","GIF3","GIF3","GIF3","uncultured_bacterium"
"ASV_6399","Reforma Waterfalls","d__Bacteria","Chloroflexi","Dehalococcoidia","GIF3","GIF3","GIF3","uncultured_bacterium"
"ASV_4839","Reforma Waterfalls","d__Bacteria","Chloroflexi","Dehalococcoidia","GIF3","GIF3","GIF3","uncultured_bacterium"
"ASV_5012","Reforma Waterfalls","d__Bacteria","Chloroflexi","Dehalococcoidia",NA,NA,NA,NA
"ASV_6373","Reforma Waterfalls","d__Bacteria","Chloroflexi","Dehalococcoidia",NA,NA,NA,NA
"ASV_7050","Reforma Waterfalls","d__Bacteria","Chloroflexi","Dehalococcoidia","Sh765B-AG-111","Sh765B-AG-111","Sh765B-AG-111",NA
"ASV_3298","Reforma Waterfalls","d__Bacteria","Chloroflexi","Dehalococcoidia",NA,NA,NA,NA
"ASV_6527","Reforma Waterfalls","d__Bacteria","Chloroflexi","Dehalococcoidia","Sh765B-TzT-20","Sh765B-TzT-20","Sh765B-TzT-20","uncultured_bacterium"
"ASV_6024","Reforma Waterfalls","d__Bacteria","Chloroflexi","Dehalococcoidia",NA,NA,NA,NA
"ASV_7038","Reforma Waterfalls","d__Bacteria","Chloroflexi","Dehalococcoidia","ER-E4-17","ER-E4-17","ER-E4-17","uncultured_bacterium"
"ASV_5509","Reforma Waterfalls","d__Bacteria","Chloroflexi","Dehalococcoidia","ER-E4-17","ER-E4-17","ER-E4-17","uncultured_bacterium"
"ASV_4245","Reforma Waterfalls","d__Bacteria","Chloroflexi","Dehalococcoidia","ER-E4-17","ER-E4-17","ER-E4-17","uncultured_bacterium"
"ASV_5987","Reforma Waterfalls","d__Bacteria","Chloroflexi","Dehalococcoidia","RBG-13-46-9","RBG-13-46-9","RBG-13-46-9","Chloroflexi_bacterium"
"ASV_3082","Reforma Waterfalls","d__Bacteria","Chloroflexi","Dehalococcoidia","RBG-13-46-9","RBG-13-46-9","RBG-13-46-9","Chloroflexi_bacterium"
"ASV_4469","Reforma Waterfalls","d__Bacteria","Chloroflexi","Dehalococcoidia","vadinBA26","vadinBA26","vadinBA26","uncultured_bacterium"
"ASV_6297","Reforma Waterfalls","d__Bacteria","Chloroflexi","Dehalococcoidia","vadinBA26","vadinBA26","vadinBA26","uncultured_bacterium"
"ASV_4416","Reforma Waterfalls","d__Bacteria","Chloroflexi","Dehalococcoidia",NA,NA,NA,NA
"ASV_6796","Reforma Waterfalls","d__Bacteria","Chloroflexi","Dehalococcoidia","Dehalococcoidales","uncultured","uncultured","uncultured_bacterium"
"ASV_4892","Reforma Waterfalls","d__Bacteria","Chloroflexi","Dehalococcoidia","FW22","FW22","FW22","uncultured_bacterium"
"ASV_4639","Reforma Waterfalls","d__Bacteria","Chloroflexi","Dehalococcoidia","GIF9","AB-539-J10","SCGC-AB-539-J10","uncultured_bacterium"
"ASV_4638","Reforma Waterfalls","d__Bacteria","Chloroflexi","Dehalococcoidia","GIF9","AB-539-J10","SCGC-AB-539-J10","uncultured_bacterium"
"ASV_6256","Reforma Waterfalls","d__Bacteria","Chloroflexi","Dehalococcoidia","GIF9","AB-539-J10","SCGC-AB-539-J10",NA
"ASV_3989","Reforma Waterfalls","d__Bacteria","Chloroflexi","Dehalococcoidia","GIF9","AB-539-J10","SCGC-AB-539-J10","uncultured_bacterium"
"ASV_6133","Reforma Waterfalls","d__Bacteria","Chloroflexi","Dehalococcoidia","GIF9","GIF9","GIF9","uncultured_bacterium"
"ASV_3491","Reforma Waterfalls","d__Bacteria","Chloroflexi","Dehalococcoidia","GIF9","GIF9","GIF9","uncultured_bacterium"
"ASV_4318","Reforma Waterfalls","d__Bacteria","Chloroflexi","Dehalococcoidia","GIF9","GIF9","GIF9","uncultured_bacterium"
"ASV_7000","Reforma Waterfalls","d__Bacteria","Chloroflexi","Dehalococcoidia","GIF9","GIF9","GIF9","uncultured_Chloroflexi"
"ASV_5642","Reforma Waterfalls","d__Bacteria","Chloroflexi","Dehalococcoidia","GIF9","GIF9","GIF9","uncultured_bacterium"
"ASV_5600","Reforma Waterfalls","d__Bacteria","Chloroflexi","Dehalococcoidia","GIF9","GIF9","GIF9","uncultured_bacterium"
"ASV_7062","Reforma Waterfalls","d__Bacteria","Chloroflexi","Dehalococcoidia","GIF9","GIF9","GIF9","uncultured_bacterium"
"ASV_4603","Reforma Waterfalls","d__Bacteria","Chloroflexi","Dehalococcoidia",NA,NA,NA,NA
"ASV_5058","Reforma Waterfalls","d__Bacteria","Chloroflexi","Dehalococcoidia","S085","S085","S085","uncultured_bacterium"
"ASV_6137","Reforma Waterfalls","d__Bacteria","Chloroflexi","Dehalococcoidia","S085","S085","S085","uncultured_bacterium"
"ASV_4903","Reforma Waterfalls","d__Bacteria","Chloroflexi","Dehalococcoidia","S085","S085","S085","uncultured_bacterium"
"ASV_5158","Reforma Waterfalls","d__Bacteria","Chloroflexi","Dehalococcoidia","S085","S085","S085","metagenome"
"ASV_4559","Reforma Waterfalls","d__Bacteria","Chloroflexi","JG30-KF-CM66","JG30-KF-CM66","JG30-KF-CM66","JG30-KF-CM66","uncultured_bacterium"
"ASV_5478","Reforma Waterfalls","d__Bacteria","Chloroflexi","JG30-KF-CM66","JG30-KF-CM66","JG30-KF-CM66","JG30-KF-CM66","uncultured_bacterium"
"ASV_5216","Reforma Waterfalls","d__Bacteria","Chloroflexi","JG30-KF-CM66","JG30-KF-CM66","JG30-KF-CM66","JG30-KF-CM66","uncultured_bacterium"
"ASV_6408","Reforma Waterfalls","d__Bacteria","Chloroflexi","Dehalococcoidia","SAR202_clade","SAR202_clade","SAR202_clade",NA
"ASV_5142","Reforma Waterfalls","d__Bacteria","Chloroflexi","Dehalococcoidia","FW22","FW22","FW22","uncultured_bacterium"
"ASV_3862","Reforma Waterfalls","d__Bacteria","Chloroflexi","Dehalococcoidia","FS117-23B-02","FS117-23B-02","FS117-23B-02","uncultured_bacterium"
"ASV_4950","Reforma Waterfalls","d__Bacteria","Chloroflexi","Dehalococcoidia","FS117-23B-02","FS117-23B-02","FS117-23B-02","uncultured_Chloroflexi"
"ASV_6292","Reforma Waterfalls","d__Bacteria","Chloroflexi","Dehalococcoidia","SAR202_clade","SAR202_clade","SAR202_clade","uncultured_bacterium"
"ASV_5654","Reforma Waterfalls","d__Bacteria","Chloroflexi","Anaerolineae","Ardenticatenales","uncultured","uncultured","uncultured_organism"
"ASV_5839","Reforma Waterfalls","d__Bacteria","Chloroflexi","Anaerolineae","Ardenticatenales","uncultured","uncultured","uncultured_archaeon"
"ASV_4716","Reforma Waterfalls","d__Bacteria","Chloroflexi","Anaerolineae","Ardenticatenales","uncultured","uncultured","uncultured_archaeon"
"ASV_1406","Reforma Waterfalls","d__Bacteria","Chloroflexi","Anaerolineae","Ardenticatenales","uncultured","uncultured",NA
"ASV_2129","Reforma Waterfalls","d__Bacteria","Chloroflexi","Anaerolineae","Ardenticatenales","uncultured","uncultured","uncultured_bacterium"
"ASV_5139","Reforma Waterfalls","d__Bacteria","Chloroflexi","Anaerolineae","Ardenticatenales","uncultured","uncultured","uncultured_prokaryote"
"ASV_4803","Reforma Waterfalls","d__Bacteria","Chloroflexi","Anaerolineae","SJA-15","SJA-15","SJA-15","uncultured_bacterium"
"ASV_3496","Reforma Waterfalls","d__Bacteria","Chloroflexi","Anaerolineae","ADurb.Bin180","ADurb.Bin180","ADurb.Bin180","uncultured_bacterium"
"ASV_4057","Reforma Waterfalls","d__Bacteria","Chloroflexi","Anaerolineae","uncultured","uncultured","uncultured","uncultured_Chloroflexi"
"ASV_4313","Reforma Waterfalls","d__Bacteria","Chloroflexi","Anaerolineae","uncultured","uncultured","uncultured","uncultured_Chloroflexi"
"ASV_7108","Reforma Waterfalls","d__Bacteria","Chloroflexi","Anaerolineae","uncultured","uncultured","uncultured",NA
"ASV_4594","Reforma Waterfalls","d__Bacteria","Chloroflexi","Anaerolineae","Anaerolineales","Anaerolineaceae","uncultured","uncultured_Chlorobi"
"ASV_3820","Reforma Waterfalls","d__Bacteria","Chloroflexi","Anaerolineae","Anaerolineales","Anaerolineaceae","uncultured","uncultured_Chlorobi"
"ASV_5712","Reforma Waterfalls","d__Bacteria","Chloroflexi","Anaerolineae","Anaerolineales","Anaerolineaceae","uncultured","uncultured_Chlorobi"
"ASV_2995","Reforma Waterfalls","d__Bacteria","Chloroflexi","Anaerolineae","Anaerolineales","Anaerolineaceae","uncultured","uncultured_Chlorobi"
"ASV_6956","Reforma Waterfalls","d__Bacteria","Chloroflexi","Anaerolineae","Anaerolineales","Anaerolineaceae","uncultured","uncultured_Chloroflexi"
"ASV_4123","Reforma Waterfalls","d__Bacteria","Chloroflexi","Anaerolineae","Anaerolineales","Anaerolineaceae","uncultured",NA
"ASV_4922","Reforma Waterfalls","d__Bacteria","Chloroflexi","Anaerolineae","Anaerolineales","Anaerolineaceae","uncultured","uncultured_Chlorobi"
"ASV_3205","Reforma Waterfalls","d__Bacteria","Chloroflexi","Anaerolineae","Anaerolineales","Anaerolineaceae","RBG-16-58-14",NA
"ASV_5077","Reforma Waterfalls","d__Bacteria","Chloroflexi","Anaerolineae","Anaerolineales","Anaerolineaceae","RBG-16-58-14","uncultured_bacterium"
"ASV_3953","Reforma Waterfalls","d__Bacteria","Chloroflexi","Anaerolineae","Anaerolineales","Anaerolineaceae","uncultured","uncultured_Chloroflexi"
"ASV_4919","Reforma Waterfalls","d__Bacteria","Chloroflexi","Anaerolineae","Anaerolineales","Anaerolineaceae","Pelolinea","uncultured_bacterium"
"ASV_951","Reforma Waterfalls","d__Bacteria","Chloroflexi","Anaerolineae","Anaerolineales","Anaerolineaceae","uncultured","uncultured_prokaryote"
"ASV_3483","Reforma Waterfalls","d__Bacteria","Chloroflexi","Anaerolineae","Anaerolineales","Anaerolineaceae","uncultured","uncultured_Anaerolineaceae"
"ASV_6930","Reforma Waterfalls","d__Bacteria","Chloroflexi","Anaerolineae","Anaerolineales","Anaerolineaceae","uncultured","uncultured_Anaerolineaceae"
"ASV_6492","Reforma Waterfalls","d__Bacteria","Chloroflexi","Anaerolineae","Anaerolineales","Anaerolineaceae","uncultured","uncultured_Chloroflexi"
"ASV_5581","Reforma Waterfalls","d__Bacteria","Chloroflexi","Anaerolineae","Anaerolineales","Anaerolineaceae","uncultured",NA
"ASV_3286","Reforma Waterfalls","d__Bacteria","Chloroflexi","Anaerolineae","RBG-13-54-9","RBG-13-54-9","RBG-13-54-9","uncultured_Chloroflexi"
"ASV_5536","Reforma Waterfalls","d__Bacteria","GAL15","GAL15","GAL15","GAL15","GAL15","uncultured_bacterium"
"ASV_5956","Reforma Waterfalls","d__Bacteria","Chloroflexi","KD4-96","KD4-96","KD4-96","KD4-96","uncultured_bacterium"
"ASV_3317","Reforma Waterfalls","d__Bacteria","Chloroflexi","Gitt-GS-136","Gitt-GS-136","Gitt-GS-136","Gitt-GS-136","uncultured_bacterium"
"ASV_5349","Reforma Waterfalls","d__Bacteria","Chloroflexi","KD4-96","KD4-96","KD4-96","KD4-96",NA
"ASV_5498","Reforma Waterfalls","d__Bacteria","Acidobacteriota","Blastocatellia","11-24","11-24","11-24","uncultured_bacterium"
"ASV_6217","Reforma Waterfalls","d__Bacteria","Acidobacteriota","Blastocatellia","Pyrinomonadales","Pyrinomonadaceae","RB41",NA
"ASV_2913","Reforma Waterfalls","d__Bacteria","Acidobacteriota","Blastocatellia","11-24","11-24","11-24","uncultured_Acidobacteria"
"ASV_7036","Reforma Waterfalls","d__Bacteria","Acidobacteriota","Acidobacteriae",NA,NA,NA,NA
"ASV_6944","Reforma Waterfalls","d__Bacteria","Acidobacteriota","Acidobacteriae",NA,NA,NA,NA
"ASV_3377","Reforma Waterfalls","d__Bacteria","Acidobacteriota","Acidobacteriae","Subgroup_2","Subgroup_2","Subgroup_2","uncultured_bacterium"
"ASV_6059","Reforma Waterfalls","d__Bacteria","Acidobacteriota","Acidobacteriae","Subgroup_2","Subgroup_2","Subgroup_2","uncultured_bacterium"
"ASV_4473","Reforma Waterfalls","d__Bacteria","Acidobacteriota","Acidobacteriae","Subgroup_2","Subgroup_2","Subgroup_2","uncultured_bacterium"
"ASV_3971","Reforma Waterfalls","d__Bacteria","Acidobacteriota","Acidobacteriae","Subgroup_2","Subgroup_2","Subgroup_2","uncultured_bacterium"
"ASV_6850","Reforma Waterfalls","d__Bacteria","Acidobacteriota","Acidobacteriae","Subgroup_2","Subgroup_2","Subgroup_2","uncultured_bacterium"
"ASV_6845","Reforma Waterfalls","d__Bacteria","Acidobacteriota","Acidobacteriae","Subgroup_2","Subgroup_2","Subgroup_2","uncultured_bacterium"
"ASV_6648","Reforma Waterfalls","d__Bacteria","Acidobacteriota","Acidobacteriae","Subgroup_2","Subgroup_2","Subgroup_2","uncultured_Holophaga"
"ASV_6058","Reforma Waterfalls","d__Bacteria","Acidobacteriota","Acidobacteriae","Subgroup_2","Subgroup_2","Subgroup_2",NA
"ASV_3836","Reforma Waterfalls","d__Bacteria","Acidobacteriota","Acidobacteriae","Subgroup_15","Subgroup_15","Subgroup_15","uncultured_bacterium"
"ASV_4889","Reforma Waterfalls","d__Bacteria","Acidobacteriota","Acidobacteriae","Subgroup_15","Subgroup_15","Subgroup_15","uncultured_bacterium"
"ASV_5420","Reforma Waterfalls","d__Bacteria","Acidobacteriota","Acidobacteriae","Subgroup_15","Subgroup_15","Subgroup_15","uncultured_bacterium"
"ASV_2702","Reforma Waterfalls","d__Bacteria","Acidobacteriota","Acidobacteriae","Subgroup_15","Subgroup_15","Subgroup_15","uncultured_bacterium"
"ASV_6329","Reforma Waterfalls","d__Bacteria","Acidobacteriota","Acidobacteriae","Subgroup_15","Subgroup_15","Subgroup_15","uncultured_bacterium"
"ASV_3326","Reforma Waterfalls","d__Bacteria","Acidobacteriota","Acidobacteriae","Subgroup_15","Subgroup_15","Subgroup_15","uncultured_bacterium"
"ASV_4470","Reforma Waterfalls","d__Bacteria","Acidobacteriota","Acidobacteriae","Subgroup_13","Subgroup_13","Subgroup_13","uncultured_Acidobacterium"
"ASV_6745","Reforma Waterfalls","d__Bacteria","Acidobacteriota","Acidobacteriae","Subgroup_13","Subgroup_13","Subgroup_13","uncultured_Acidobacterium"
"ASV_3792","Reforma Waterfalls","d__Bacteria","Acidobacteriota","Acidobacteriae","Subgroup_13","Subgroup_13","Subgroup_13","uncultured_bacterium"
"ASV_3399","Reforma Waterfalls","d__Bacteria","Nitrospinota","P9X2b3D02","P9X2b3D02","P9X2b3D02","P9X2b3D02","uncultured_prokaryote"
"ASV_4446","Reforma Waterfalls","d__Bacteria","Nitrospinota","P9X2b3D02","P9X2b3D02","P9X2b3D02","P9X2b3D02","uncultured_prokaryote"
"ASV_7119","Reforma Waterfalls","d__Bacteria","Nitrospinota","P9X2b3D02","P9X2b3D02","P9X2b3D02","P9X2b3D02","uncultured_prokaryote"
"ASV_1272","Reforma Waterfalls","d__Bacteria","Actinobacteriota","Thermoleophilia","Gaiellales","uncultured","uncultured","uncultured_actinobacterium"
"ASV_4497","Reforma Waterfalls","d__Bacteria","Actinobacteriota","Thermoleophilia","Gaiellales","uncultured","uncultured","uncultured_actinobacterium"
"ASV_5219","Reforma Waterfalls","d__Bacteria","Spirochaetota","Leptospirae","Leptospirales","Leptospiraceae","RBG-16-49-21","uncultured_prokaryote"
"ASV_4449","Reforma Waterfalls","d__Bacteria","Spirochaetota","Leptospirae","Leptospirales","Leptospiraceae","uncultured","uncultured_bacterium"
"ASV_1585","Reforma Waterfalls","d__Bacteria","Firmicutes","Clostridia","Clostridiales","Clostridiaceae","Clostridium_sensu_stricto_1",NA
"ASV_1465","Reforma Waterfalls","d__Bacteria","Firmicutes","Clostridia","Clostridiales","Clostridiaceae","Clostridium_sensu_stricto_6","uncultured_bacterium"
"ASV_4595","Reforma Waterfalls","d__Bacteria","Firmicutes","Clostridia","Clostridiales","Clostridiaceae","Clostridium_sensu_stricto_9","uncultured_bacterium"
"ASV_6898","Reforma Waterfalls","d__Bacteria","Firmicutes","Clostridia","Clostridiales","Clostridiaceae","Clostridium_sensu_stricto_8","uncultured_bacterium"
"ASV_5622","Reforma Waterfalls","d__Bacteria","Firmicutes","Clostridia","Clostridiales","Caloramatoraceae","Fervidicella","uncultured_bacterium"
"ASV_5678","Reforma Waterfalls","d__Bacteria","Firmicutes","Bacilli","Bacillales","Bacillaceae","Bacillus","Bacillus_foraminis"
"ASV_3973","Reforma Waterfalls","d__Bacteria","Firmicutes","Bacilli","Bacillales","Bacillaceae","Bacillus",NA
"ASV_4496","Reforma Waterfalls","d__Bacteria","Firmicutes","Bacilli","Bacillales","Bacillaceae","Bacillus",NA
