n_nodes	n_edges	density	average_degree	max_degree	components	largest_component_prop	transitivity	natural_connectivity	average_path_length_lcc	modularity_louvain	prop_positive_edges	mean_abs_weight	robustness_auc_random	robustness_auc_targeted	dataset	network_group	bootstrap_id	n_samples_group	n_subsample	edge_density_target	ridge_lambda
200	398	0.02	3.98	17	66	0.38	0.744295545092358	6.09211396001635	4.53789473684211	0.836894901643898	0.85929648241206	0.0371965402007031	0.116	0.039	depth_natural	Coastal_natural	1	13	13	0.02	0.1
200	398	0.02	3.98	21	44	0.715	0.462890625	4.35223573230184	4.50832266325224	0.74310939117699	0.804020100502513	0.0381266780318311	0.278375	0.094375	depth_natural	Coastal_natural	2	13	13	0.02	0.1
200	398	0.02	3.98	16	103	0.215	0.783161239078634	7.77071117757183	3.06866002214839	0.769889017954092	0.896984924623116	0.0368229216809236	0.079125	0.030125	depth_natural	Coastal_natural	3	13	13	0.02	0.1
200	398	0.02	3.98	17	71	0.635	0.616504854368932	5.97307736437428	4.36995375578053	0.716733794601147	0.736180904522613	0.0358663500135235	0.236375	0.091875	depth_natural	Coastal_natural	4	13	13	0.02	0.1
200	398	0.02	3.98	18	92	0.535	0.668217505088689	6.13356317008065	3.71698113207547	0.740858816696548	0.814070351758794	0.0348651067480246	0.182875	0.070125	depth_natural	Coastal_natural	5	13	13	0.02	0.1
200	398	0.02	3.98	18	94	0.48	0.623042836041359	6.54973099292999	4.11425438596491	0.742957879851519	0.937185929648241	0.0382674784728952	0.19925	0.05125	depth_natural	Coastal_natural	6	13	13	0.02	0.1
200	398	0.02	3.98	17	84	0.49	0.681684622918707	6.90935537466278	4.19776982958132	0.778310522461554	0.924623115577889	0.0376475222915667	0.20025	0.07175	depth_natural	Coastal_natural	7	13	13	0.02	0.1
200	398	0.02	3.98	31	74	0.555	0.474766867800329	5.76794537838716	3.13677313677314	0.674348501300472	0.881909547738693	0.0377524272944756	0.237375	0.066125	depth_natural	Coastal_natural	8	13	13	0.02	0.1
200	398	0.02	3.98	18	95	0.41	0.664583925021301	6.73173502529491	3.42999096657633	0.698921744400394	0.886934673366834	0.0379068219669755	0.17775	0.07	depth_natural	Coastal_natural	9	13	13	0.02	0.1
200	398	0.02	3.98	31	66	0.6	0.421714285714286	5.84286911689979	3.32240896358543	0.665166283679705	0.776381909547739	0.0405503073358337	0.23275	0.072	depth_natural	Coastal_natural	10	13	13	0.02	0.1
200	398	0.02	3.98	24	80	0.58	0.431318681318681	5.22251113812475	3.29955022488756	0.600079543445873	0.688442211055276	0.0407922784531153	0.233	0.11625	depth_natural	Coastal_natural	11	13	13	0.02	0.1
200	398	0.02	3.98	23	56	0.645	0.60069848661234	4.76391096811062	4.99781976744186	0.767265978131865	0.879396984924623	0.040432898224837	0.237125	0.079375	depth_natural	Coastal_natural	12	13	13	0.02	0.1
200	398	0.02	3.98	20	82	0.545	0.554146341463415	5.07793914100906	3.62181447502548	0.713353198151562	0.821608040201005	0.0427029759362406	0.228375	0.081125	depth_natural	Coastal_natural	13	13	13	0.02	0.1
200	398	0.02	3.98	14	84	0.415	0.751905972045743	6.81454049474027	4.38701146047605	0.774825761975708	0.836683417085427	0.0364878362268889	0.145125	0.070375	depth_natural	Coastal_natural	14	13	13	0.02	0.1
200	398	0.02	3.98	15	84	0.5	0.7708082026538	7.03863716482653	4.62444444444444	0.77365470568925	0.876884422110553	0.0349802785165704	0.144	0.09025	depth_natural	Coastal_natural	15	13	13	0.02	0.1
200	398	0.02	3.98	18	77	0.56	0.694390715667311	6.87777595164231	4.42454954954955	0.766322188833615	0.821608040201005	0.0331948007069293	0.2265	0.092	depth_natural	Coastal_natural	16	13	13	0.02	0.1
200	398	0.02	3.98	23	121	0.36	0.759972954699121	8.7259236700937	3.31572769953052	0.679985985202394	0.907035175879397	0.0363739153879864	0.126	0.054	depth_natural	Coastal_natural	17	13	13	0.02	0.1
200	398	0.02	3.98	17	65	0.65	0.530163236337828	5.87523282722337	4.40417412045319	0.703331355268806	0.778894472361809	0.036073533268718	0.21725	0.08175	depth_natural	Coastal_natural	18	13	13	0.02	0.1
200	398	0.02	3.98	18	87	0.475	0.738920454545455	7.61089423923459	4.46047032474804	0.75278402060554	0.85678391959799	0.0331543621176848	0.169625	0.077125	depth_natural	Coastal_natural	19	13	13	0.02	0.1
200	398	0.02	3.98	17	100	0.43	0.741456953642384	7.59505130785796	4.73351573187414	0.717447160425242	0.891959798994975	0.0347718106812119	0.1675	0.05225	depth_natural	Coastal_natural	20	13	13	0.02	0.1
200	398	0.02	3.98	20	77	0.56	0.473881764153894	5.22921071054685	3.38175675675676	0.665889118961642	0.71105527638191	0.0411953759328391	0.22875	0.0825	depth_natural	Coastal_natural	21	13	13	0.02	0.1
200	398	0.02	3.98	13	66	0.6	0.596956691377292	4.73575786722538	4.70532212885154	0.777436175854145	0.881909547738693	0.0395721502451327	0.281	0.10125	depth_natural	Coastal_natural	22	13	13	0.02	0.1
200	398	0.02	3.98	29	68	0.65	0.437097226113757	6.05934441046111	3.87918902802624	0.630943663038812	0.673366834170854	0.0354935632010313	0.2655	0.102	depth_natural	Coastal_natural	23	13	13	0.02	0.1
200	398	0.02	3.98	21	57	0.65	0.473969631236443	4.47505237789337	3.90769230769231	0.696263983232747	0.771356783919598	0.0393263231451409	0.25825	0.08925	depth_natural	Coastal_natural	24	13	13	0.02	0.1
200	398	0.02	3.98	22	156	0.12	0.935814606741573	14.5934926914077	1.24275362318841	0.499542309537638	0.904522613065327	0.0287607293520672	0.05925	0.01725	depth_natural	Coastal_natural	25	13	13	0.02	0.1
200	398	0.02	3.98	16	46	0.67	0.437225636523266	3.51118500324202	4.17371787678151	0.740760965632181	0.814070351758794	0.0416453550003515	0.22675	0.09325	depth_natural	Coastal_natural	26	13	13	0.02	0.1
200	398	0.02	3.98	27	69	0.64	0.474833808167141	4.83782141322233	3.73966535433071	0.677508143733744	0.816582914572864	0.0407112367324369	0.25525	0.06575	depth_natural	Coastal_natural	27	13	13	0.02	0.1
200	398	0.02	3.98	22	64	0.63	0.444444444444444	4.45285092949745	3.78730158730159	0.665147344764021	0.826633165829146	0.0436087190459341	0.23075	0.0975	depth_natural	Coastal_natural	28	13	13	0.02	0.1
200	398	0.02	3.98	24	65	0.65	0.426531259917487	4.91778848083953	3.50017889087657	0.649699502537815	0.71105527638191	0.0394207878864881	0.26025	0.0885	depth_natural	Coastal_natural	29	13	13	0.02	0.1
200	398	0.02	3.98	20	83	0.59	0.481191694252182	5.54979162527659	3.78878748370274	0.639876518269741	0.763819095477387	0.0368762178605766	0.22625	0.08675	depth_natural	Coastal_natural	30	13	13	0.02	0.1
200	398	0.02	3.98	22	65	0.68	0.481821055959532	5.84346088204458	4.47331154684096	0.713760384838767	0.834170854271357	0.0408752085502169	0.2475	0.0885	depth_natural	Coastal_natural	31	13	13	0.02	0.1
200	398	0.02	3.98	19	80	0.565	0.520398329585609	5.29870765942441	3.70954487989886	0.658828059897478	0.773869346733668	0.0373043183017	0.229875	0.085875	depth_natural	Coastal_natural	32	13	13	0.02	0.1
200	398	0.02	3.98	16	44	0.75	0.438902743142145	3.78977070049517	4.2234451901566	0.709360243428196	0.773869346733668	0.0418455142234985	0.2695	0.11325	depth_natural	Coastal_natural	33	13	13	0.02	0.1
200	398	0.02	3.98	23	91	0.54	0.64735516372796	7.51626203500064	4.22118380062305	0.728990429534608	0.819095477386935	0.038820513925885	0.195	0.08125	depth_natural	Coastal_natural	34	13	13	0.02	0.1
200	398	0.02	3.98	30	83	0.525	0.54940161424993	6.17079697393743	3.31923076923077	0.668834120350496	0.758793969849246	0.0377677111470838	0.204125	0.058875	depth_natural	Coastal_natural	35	13	13	0.02	0.1
200	398	0.02	3.98	14	66	0.57	0.545454545454545	5.10187727197537	4.09392951405061	0.701582662053989	0.78391959798995	0.0359602022881863	0.249	0.10675	depth_natural	Coastal_natural	36	13	13	0.02	0.1
200	398	0.02	3.98	21	62	0.595	0.468431771894094	5.59465890763827	3.9376157242558	0.644453422893361	0.781407035175879	0.0350480255396044	0.258625	0.091125	depth_natural	Coastal_natural	37	13	13	0.02	0.1
200	398	0.02	3.98	17	67	0.61	0.434683954619125	5.48623558292294	3.76818859233166	0.621471048710891	0.78643216080402	0.0395065534586102	0.234	0.084	depth_natural	Coastal_natural	38	13	13	0.02	0.1
200	398	0.02	3.98	19	66	0.59	0.542130919220056	4.8490886214793	4.14703751991888	0.732895002651448	0.826633165829146	0.0395812984397811	0.21975	0.08525	depth_natural	Coastal_natural	39	13	13	0.02	0.1
200	398	0.02	3.98	25	85	0.49	0.586244541484716	8.00515266288619	3.69724384599201	0.674446352364839	0.728643216080402	0.0376179999231408	0.20075	0.06275	depth_natural	Coastal_natural	40	13	13	0.02	0.1
200	398	0.02	3.98	16	83	0.51	0.691888619854721	6.48044882278506	4.42127742185983	0.762654352162824	0.78391959798995	0.0376862769984389	0.19725	0.08525	depth_natural	Coastal_natural	41	13	13	0.02	0.1
200	398	0.02	3.98	13	60	0.63	0.6002326483133	4.84043835597133	4.85650793650794	0.780387490214894	0.791457286432161	0.0396568087305466	0.19925	0.09025	depth_natural	Coastal_natural	42	13	13	0.02	0.1
200	398	0.02	3.98	17	61	0.55	0.547699214365881	4.99913181957641	3.98815679733111	0.727929850256307	0.85678391959799	0.0395610736498323	0.21275	0.08875	depth_natural	Coastal_natural	43	13	13	0.02	0.1
200	398	0.02	3.98	19	84	0.525	0.520872865275142	5.86749436723124	3.65457875457875	0.662587434660741	0.791457286432161	0.0363095341064144	0.235375	0.082875	depth_natural	Coastal_natural	44	13	13	0.02	0.1
200	398	0.02	3.98	21	79	0.565	0.449684589966957	6.27276524689218	3.59149810366625	0.612370899724755	0.695979899497487	0.0360337582685247	0.225875	0.077125	depth_natural	Coastal_natural	45	13	13	0.02	0.1
200	398	0.02	3.98	22	81	0.55	0.433287482806052	6.45152003003638	3.29824854045038	0.588709881063609	0.748743718592965	0.0367365912061674	0.2505	0.07225	depth_natural	Coastal_natural	46	13	13	0.02	0.1
200	398	0.02	3.98	20	66	0.645	0.356486210418795	4.28471598205557	3.50859980620155	0.589129693694604	0.701005025125628	0.0424838743463958	0.264125	0.097875	depth_natural	Coastal_natural	47	13	13	0.02	0.1
200	398	0.02	3.98	21	61	0.55	0.578635014836795	4.89327334515222	4.50258548790659	0.756151991111336	0.796482412060301	0.0389821599622147	0.199	0.09775	depth_natural	Coastal_natural	48	13	13	0.02	0.1
200	398	0.02	3.98	18	107	0.39	0.776286353467561	10.3426316073278	3.38927738927739	0.691696548066968	0.675879396984925	0.0295926835939443	0.1685	0.046	depth_natural	Coastal_natural	49	13	13	0.02	0.1
200	398	0.02	3.98	23	56	0.67	0.507297970808117	5.28164592734038	4.11020087532263	0.691734425898336	0.826633165829146	0.0401746831673316	0.23675	0.11325	depth_natural	Coastal_natural	50	13	13	0.02	0.1
200	398	0.02	3.98	20	71	0.57	0.568667344862665	5.04507560662534	3.79770222015215	0.743188303325674	0.78391959798995	0.0401776366061469	0.23475	0.069	depth_natural	Coastal_natural	51	13	13	0.02	0.1
200	398	0.02	3.98	25	83	0.58	0.496901408450704	6.44319804772075	3.66461769115442	0.649806823060024	0.736180904522613	0.0373489852106798	0.23725	0.0755	depth_natural	Coastal_natural	52	13	13	0.02	0.1
200	398	0.02	3.98	25	81	0.56	0.452830188679245	5.83606750599325	3.41296653796654	0.603640059594455	0.846733668341708	0.0413496148721794	0.23925	0.0735	depth_natural	Coastal_natural	53	13	13	0.02	0.1
200	398	0.02	3.98	16	93	0.4	0.772913385826772	6.55065502265158	4.67310126582279	0.779579429812378	0.841708542713568	0.0330514290222704	0.12525	0.06975	depth_natural	Coastal_natural	54	13	13	0.02	0.1
200	398	0.02	3.98	20	83	0.58	0.515654952076677	5.42301585022598	3.82308845577211	0.677504987247797	0.753768844221106	0.0367139171859921	0.24175	0.09725	depth_natural	Coastal_natural	55	13	13	0.02	0.1
200	398	0.02	3.98	16	89	0.43	0.612459783562445	6.83821101649886	3.61586867305062	0.705001136334941	0.816582914572864	0.0379911639145016	0.17125	0.07225	depth_natural	Coastal_natural	56	13	13	0.02	0.1
200	398	0.02	3.98	15	109	0.305	0.856699430936368	8.58999276692407	4.99726775956284	0.769166182672155	0.85929648241206	0.0344418723638072	0.097625	0.048375	depth_natural	Coastal_natural	57	13	13	0.02	0.1
200	398	0.02	3.98	19	47	0.695	0.379127134724858	3.90981460152442	3.68095089146074	0.674875634453675	0.793969849246231	0.0453893889826835	0.286875	0.094875	depth_natural	Coastal_natural	58	13	13	0.02	0.1
200	398	0.02	3.98	26	63	0.515	0.634782608695652	5.7948619790205	4.02113078241005	0.82422161056539	0.886934673366834	0.0378858362159621	0.188625	0.046625	depth_natural	Coastal_natural	59	13	13	0.02	0.1
200	398	0.02	3.98	22	48	0.64	0.454332552693208	4.59378695045406	4.04318405511811	0.745271584050908	0.861809045226131	0.0420408255840893	0.25475	0.08975	depth_natural	Coastal_natural	60	13	13	0.02	0.1
200	398	0.02	3.98	24	62	0.64	0.449742710120069	4.74712046379778	3.83968996062992	0.686706143784248	0.685929648241206	0.0390885084738127	0.255	0.1075	depth_natural	Coastal_natural	61	13	13	0.02	0.1
200	398	0.02	3.98	18	60	0.665	0.343738914508691	4.23034621795485	3.53850535429483	0.598138304588268	0.736180904522613	0.0418626279020483	0.291125	0.088625	depth_natural	Coastal_natural	62	13	13	0.02	0.1
200	398	0.02	3.98	19	39	0.745	0.407376362112322	3.76197987387891	4.16987121349537	0.702636928360395	0.78894472361809	0.044536518720435	0.318125	0.144875	depth_natural	Coastal_natural	63	13	13	0.02	0.1
200	398	0.02	3.98	18	53	0.68	0.35385182454847	3.99158219534673	3.61372549019608	0.642180753011288	0.71105527638191	0.0416418642635826	0.27075	0.09875	depth_natural	Coastal_natural	64	13	13	0.02	0.1
200	398	0.02	3.98	15	89	0.28	0.802597402597403	7.72759126300452	3.3512987012987	0.797514582965077	0.824120603015075	0.0336293380579236	0.12225	0.057	depth_natural	Coastal_natural	65	13	13	0.02	0.1
200	398	0.02	3.98	19	87	0.275	0.87888287261328	9.71126495355105	3.81279461279461	0.811643014065301	0.944723618090452	0.0321908959864817	0.107375	0.036625	depth_natural	Coastal_natural	66	13	13	0.02	0.1
200	398	0.02	3.98	19	80	0.57	0.559930008748906	6.52800484496504	4.04781866169849	0.677634403171637	0.768844221105528	0.0374587493234809	0.2625	0.08375	depth_natural	Coastal_natural	67	13	13	0.02	0.1
200	398	0.02	3.98	16	70	0.575	0.524185587364265	6.00904260101006	4.25751334858886	0.679806065503397	0.819095477386935	0.0404224467086785	0.212375	0.088375	depth_natural	Coastal_natural	68	13	13	0.02	0.1
200	398	0.02	3.98	23	80	0.55	0.485687903970452	5.19415744816165	3.5069224353628	0.665201005025126	0.708542713567839	0.0410250571283512	0.249	0.06925	depth_natural	Coastal_natural	69	13	13	0.02	0.1
200	398	0.02	3.98	15	70	0.545	0.66281441196465	6.54104836336608	4.12996941896024	0.746186964975632	0.851758793969849	0.0362314162850209	0.222375	0.090375	depth_natural	Coastal_natural	70	13	13	0.02	0.1
200	398	0.02	3.98	24	79	0.56	0.390291262135922	5.67949207672428	3.10698198198198	0.552015731925961	0.726130653266332	0.0407366530443372	0.23675	0.069	depth_natural	Coastal_natural	71	13	13	0.02	0.1
200	398	0.02	3.98	24	100	0.465	0.592709599027947	8.62030749903068	3.34689107059374	0.623238680841393	0.85929648241206	0.0354300391107461	0.172875	0.055875	depth_natural	Coastal_natural	72	13	13	0.02	0.1
200	398	0.02	3.98	24	45	0.755	0.408227848101266	3.7471845835581	4.62887417218543	0.696046185702381	0.78894472361809	0.0423686964350782	0.266625	0.087375	depth_natural	Coastal_natural	73	13	13	0.02	0.1
200	398	0.02	3.98	28	77	0.56	0.397644927536232	5.09075464523061	3.10730373230373	0.601165374611752	0.761306532663317	0.039969586229312	0.24725	0.0835	depth_natural	Coastal_natural	74	13	13	0.02	0.1
200	398	0.02	3.98	15	77	0.42	0.739510489510489	5.89989348837071	4.48565691336776	0.798458372263327	0.904522613065327	0.0325501555690141	0.10175	0.058	depth_natural	Coastal_natural	75	13	13	0.02	0.1
200	398	0.02	3.98	24	65	0.52	0.61965811965812	5.16677056170303	4.09503360716953	0.783708113431479	0.841708542713568	0.0353415770857189	0.18175	0.05825	depth_natural	Coastal_natural	76	13	13	0.02	0.1
200	398	0.02	3.98	23	73	0.595	0.447048611111111	5.97549514789699	3.69249394673123	0.614050150248731	0.708542713567839	0.0402695041332608	0.240375	0.087125	depth_natural	Coastal_natural	77	13	13	0.02	0.1
200	398	0.02	3.98	15	67	0.545	0.572153734590283	4.92876968603951	4.15783214407068	0.750511350723467	0.798994974874372	0.0401255744684413	0.221375	0.073875	depth_natural	Coastal_natural	78	13	13	0.02	0.1
200	398	0.02	3.98	17	108	0.33	0.774141195563971	7.94195446175736	3.66013986013986	0.740221206535189	0.904522613065327	0.0336032766069965	0.13875	0.0605	depth_natural	Coastal_natural	79	13	13	0.02	0.1
200	398	0.02	3.98	14	62	0.615	0.614275414563807	5.27895728956841	4.4411568705851	0.770943284260499	0.836683417085427	0.0404770961470683	0.248375	0.101375	depth_natural	Coastal_natural	80	13	13	0.02	0.1
200	398	0.02	3.98	17	48	0.655	0.402710975076519	3.26120915992879	3.75913094539049	0.69250776495543	0.819095477386935	0.0414937873847096	0.247375	0.096875	depth_natural	Coastal_natural	81	13	13	0.02	0.1
200	398	0.02	3.98	15	73	0.58	0.550421585160202	5.47067320100303	3.9383808095952	0.70061362086816	0.758793969849246	0.0414404174579138	0.217	0.0995	depth_natural	Coastal_natural	82	13	13	0.02	0.1
200	398	0.02	3.98	33	93	0.52	0.487442673072723	7.7542431196982	2.88088125466766	0.56872301204515	0.660804020100503	0.0352639902992945	0.244	0.0555	depth_natural	Coastal_natural	83	13	13	0.02	0.1
200	398	0.02	3.98	29	71	0.56	0.50630187519213	5.57981080098646	3.66891891891892	0.740783061033812	0.874371859296482	0.041008311839346	0.20175	0.0595	depth_natural	Coastal_natural	84	13	13	0.02	0.1
200	398	0.02	3.98	22	61	0.66	0.386845039018952	3.90684831274839	3.58639833448994	0.671876972803717	0.741206030150754	0.0430977374577119	0.274	0.10525	depth_natural	Coastal_natural	85	13	13	0.02	0.1
200	398	0.02	3.98	16	81	0.515	0.627839065541856	5.55480124437606	3.89282314867695	0.74708656347062	0.816582914572864	0.0376356294132803	0.219625	0.072125	depth_natural	Coastal_natural	86	13	13	0.02	0.1
200	398	0.02	3.98	17	69	0.555	0.698700410396717	6.17213092832372	5.73513513513513	0.794784222620641	0.924623115577889	0.0412773407376725	0.148125	0.069375	depth_natural	Coastal_natural	87	13	13	0.02	0.1
200	398	0.02	3.98	22	79	0.525	0.621856866537718	5.88670660739917	4.05879120879121	0.726288477563698	0.876884422110553	0.0425803734819876	0.212125	0.079625	depth_natural	Coastal_natural	88	13	13	0.02	0.1
200	398	0.02	3.98	23	98	0.495	0.570149253731343	7.7400356933312	3.34343434343434	0.648048660387364	0.804020100502513	0.0350184567983012	0.207375	0.059125	depth_natural	Coastal_natural	89	13	13	0.02	0.1
200	398	0.02	3.98	20	69	0.645	0.606132879045997	5.40770258229359	4.68507751937984	0.766113860761092	0.881909547738693	0.0370481095756952	0.189875	0.051875	depth_natural	Coastal_natural	90	13	13	0.02	0.1
200	398	0.02	3.98	25	89	0.555	0.546987951807229	6.49519116186294	3.399180999181	0.638714931441125	0.763819095477387	0.0387007701431862	0.236375	0.077625	depth_natural	Coastal_natural	91	13	13	0.02	0.1
200	398	0.02	3.98	24	65	0.515	0.571428571428571	6.26088621956821	4.12640395964211	0.777249943183253	0.871859296482412	0.0411813351062348	0.194125	0.050375	depth_natural	Coastal_natural	92	13	13	0.02	0.1
200	398	0.02	3.98	20	83	0.555	0.493638676844784	5.92881926846429	3.45372645372645	0.634147496275347	0.680904522613065	0.0382039917870325	0.252125	0.083625	depth_natural	Coastal_natural	93	13	13	0.02	0.1
200	398	0.02	3.98	15	53	0.62	0.489867498051442	4.44200395844416	3.81549960660897	0.714650513875912	0.806532663316583	0.0424132807069078	0.25325	0.1	depth_natural	Coastal_natural	94	13	13	0.02	0.1
200	398	0.02	3.98	21	63	0.535	0.604048295454545	5.38495672697396	3.99823664256745	0.76304891290624	0.871859296482412	0.0354232015608285	0.208625	0.056125	depth_natural	Coastal_natural	95	13	13	0.02	0.1
200	398	0.02	3.98	15	66	0.58	0.514766355140187	4.95144449972738	3.96941529235382	0.719587257897528	0.791457286432161	0.0396751066135457	0.188	0.084	depth_natural	Coastal_natural	96	13	13	0.02	0.1
200	398	0.02	3.98	18	66	0.545	0.653537818055071	5.47822959898176	4.51732925586137	0.777508775030934	0.796482412060301	0.0367183067081975	0.175625	0.072125	depth_natural	Coastal_natural	97	13	13	0.02	0.1
200	398	0.02	3.98	14	54	0.615	0.641066454436928	4.97960764272878	4.66186858589897	0.779664654932956	0.841708542713568	0.0391712978539397	0.208375	0.118375	depth_natural	Coastal_natural	98	13	13	0.02	0.1
200	398	0.02	3.98	26	70	0.57	0.62308444734268	5.57994369146863	3.82611395746002	0.776410317921265	0.876884422110553	0.0416906186765775	0.179	0.08125	depth_natural	Coastal_natural	99	13	13	0.02	0.1
200	398	0.02	3.98	21	83	0.55	0.538729329852045	5.77794943321596	3.66071726438699	0.716178253074417	0.761306532663317	0.0371506688245861	0.21425	0.07625	depth_natural	Coastal_natural	100	13	13	0.02	0.1
200	398	0.02	3.98	14	46	0.665	0.438432040903281	3.66345303079072	4.21337434495329	0.730136233933487	0.801507537688442	0.0420787085246679	0.272625	0.089875	depth_natural	Coastal_natural	101	13	13	0.02	0.1
200	398	0.02	3.98	19	76	0.47	0.704441541476159	6.53234205473937	4.42598947609243	0.785804020100502	0.864321608040201	0.0326281379073881	0.183	0.0545	depth_natural	Coastal_natural	102	13	13	0.02	0.1
200	398	0.02	3.98	18	51	0.675	0.434952978056426	4.15573702718478	3.92681039248203	0.701563723138305	0.791457286432161	0.0419742734138887	0.279125	0.112375	depth_natural	Coastal_natural	103	13	13	0.02	0.1
200	398	0.02	3.98	18	89	0.49	0.725036179450072	7.03727750299049	4.12728802861351	0.761641120173733	0.879396984924623	0.038741341431109	0.16525	0.07875	depth_natural	Coastal_natural	104	13	13	0.02	0.1
200	398	0.02	3.98	19	67	0.575	0.568544102019129	5.28206627113429	4.22257818459191	0.714177040983813	0.809045226130653	0.0360826974773152	0.211375	0.094875	depth_natural	Coastal_natural	105	13	13	0.02	0.1
200	398	0.02	3.98	22	79	0.59	0.484200743494424	5.44453432294395	4.08547008547009	0.63894535491528	0.738693467336683	0.0364544540999209	0.24275	0.0905	depth_natural	Coastal_natural	106	13	13	0.02	0.1
200	398	0.02	3.98	19	76	0.535	0.734375	7.03386700323821	4.54769881855052	0.799844069594203	0.904522613065327	0.0420198138725722	0.155625	0.094625	depth_natural	Coastal_natural	107	13	13	0.02	0.1
200	398	0.02	3.98	17	55	0.655	0.436383928571429	4.19136039395964	3.72319436288902	0.69210689124012	0.773869346733668	0.0430149505512157	0.252625	0.091625	depth_natural	Coastal_natural	108	13	13	0.02	0.1
200	398	0.02	3.98	24	89	0.46	0.601015801354402	6.83913514545634	3.77783086478739	0.71339107598293	0.824120603015075	0.036737013863604	0.20075	0.04575	depth_natural	Coastal_natural	109	13	13	0.02	0.1
200	398	0.02	3.98	27	146	0.17	0.906305506216696	14.2272512747944	1.83244206773619	0.521258932855231	0.690954773869347	0.0239206773128572	0.08425	0.021	depth_natural	Coastal_natural	110	13	13	0.02	0.1
200	398	0.02	3.98	26	115	0.365	0.799829096346934	11.8606304477728	3.20243531202435	0.656211333047145	0.914572864321608	0.0351484036333676	0.173875	0.053875	depth_natural	Coastal_natural	111	13	13	0.02	0.1
200	398	0.02	3.98	15	42	0.735	0.381841323716589	3.90876501653262	4.14164569937564	0.669847352339587	0.78643216080402	0.0410465633913305	0.291125	0.114875	depth_natural	Coastal_natural	112	13	13	0.02	0.1
200	398	0.02	3.98	22	82	0.54	0.665472581978506	7.8443568648711	4.33108341986847	0.697242493876417	0.869346733668342	0.0380631746148952	0.1965	0.07	depth_natural	Coastal_natural	113	13	13	0.02	0.1
200	398	0.02	3.98	27	48	0.65	0.498229043683589	4.20485487486551	3.895885509839	0.737383525668544	0.793969849246231	0.0387858840191893	0.22225	0.0915	depth_natural	Coastal_natural	114	13	13	0.02	0.1
200	398	0.02	3.98	16	44	0.69	0.493150684931507	4.60642551026533	4.56511160478155	0.748096638973764	0.874371859296482	0.0412073703978368	0.274	0.10425	depth_natural	Coastal_natural	115	13	13	0.02	0.1
200	398	0.02	3.98	18	70	0.55	0.595168374816984	4.65494564349701	4.52443703085905	0.784699250018939	0.846733668341708	0.0403528246007953	0.18975	0.05975	depth_natural	Coastal_natural	116	13	13	0.02	0.1
200	398	0.02	3.98	21	80	0.59	0.533313414998506	5.81821926761486	3.89424887729972	0.678979066185197	0.836683417085427	0.0365565105705859	0.2575	0.0875	depth_natural	Coastal_natural	117	13	13	0.02	0.1
200	398	0.02	3.98	13	62	0.485	0.745977011494253	5.4200305479524	5.45382302405498	0.846159187899296	0.909547738693467	0.0349804743296332	0.199375	0.054125	depth_natural	Coastal_natural	118	13	13	0.02	0.1
200	398	0.02	3.98	17	70	0.49	0.602972399150743	5.15937905609522	3.63475699558174	0.760182823666069	0.866834170854271	0.0400106188478034	0.1655	0.063	depth_natural	Coastal_natural	119	13	13	0.02	0.1
200	398	0.02	3.98	25	70	0.595	0.433668801463861	5.06905852838938	3.57669847600057	0.646372566349334	0.748743718592965	0.0408160612442439	0.236375	0.078125	depth_natural	Coastal_natural	120	13	13	0.02	0.1
200	398	0.02	3.98	26	90	0.46	0.736683719530545	6.66003038686489	4.51027233635929	0.786732026969016	0.964824120603015	0.037615882440173	0.12875	0.05525	depth_natural	Coastal_natural	121	13	13	0.02	0.1
200	398	0.02	3.98	15	74	0.45	0.705158865732832	5.90810751793823	4.69263420724095	0.812331128001818	0.866834170854271	0.0365940117985452	0.14625	0.068	depth_natural	Coastal_natural	122	13	13	0.02	0.1
200	398	0.02	3.98	18	63	0.615	0.574	5.91277941743798	4.27429028388645	0.730603393853691	0.809045226130653	0.040254676107766	0.225125	0.079375	depth_natural	Coastal_natural	123	13	13	0.02	0.1
200	398	0.02	3.98	21	110	0.31	0.67739678096571	8.80141977382945	2.79640401903755	0.652518244488776	0.741206030150754	0.0288203424596143	0.14225	0.03325	depth_natural	Coastal_natural	124	13	13	0.02	0.1
200	398	0.02	3.98	15	55	0.585	0.593393148450245	4.62714282447326	4.41084585912172	0.764968056362213	0.861809045226131	0.0345891323078791	0.171125	0.083625	depth_natural	Coastal_natural	125	13	13	0.02	0.1
200	398	0.02	3.98	30	64	0.625	0.366816431322208	4.71818433088489	3.42477419354839	0.626205777631878	0.706030150753769	0.0386950455003689	0.278625	0.087125	depth_natural	Coastal_natural	126	13	13	0.02	0.1
200	398	0.02	3.98	20	88	0.54	0.553292410714286	6.99009333561699	4.05295950155763	0.652884396858665	0.708542713567839	0.0322627221740239	0.20975	0.06575	depth_natural	Coastal_natural	127	13	13	0.02	0.1
200	398	0.02	3.98	20	72	0.575	0.401443096097081	4.91662490519708	3.40320366132723	0.605432943612535	0.791457286432161	0.0392047569880976	0.243875	0.093125	depth_natural	Coastal_natural	128	13	13	0.02	0.1
200	398	0.02	3.98	15	67	0.495	0.693323550990462	5.54153057307555	5.23149866007009	0.816715486982652	0.899497487437186	0.0400119114136385	0.187875	0.061875	depth_natural	Coastal_natural	129	13	13	0.02	0.1
200	398	0.02	3.98	20	74	0.575	0.509675303378157	5.34576006403576	4.00106788710908	0.704038408121007	0.741206030150754	0.0371846176725752	0.231125	0.080125	depth_natural	Coastal_natural	130	13	13	0.02	0.1
200	398	0.02	3.98	17	48	0.685	0.568032786885246	4.14825691521351	4.68044224989266	0.804484103936769	0.881909547738693	0.0427410331780228	0.281625	0.092375	depth_natural	Coastal_natural	131	13	13	0.02	0.1
200	398	0.02	3.98	19	96	0.505	0.561568194367753	6.29251508939208	3.36019801980198	0.651514481957526	0.673366834170854	0.0335070345554997	0.172875	0.053875	depth_natural	Coastal_natural	132	13	13	0.02	0.1
200	398	0.02	3.98	25	72	0.525	0.512126865671642	5.85529850780012	3.68992673992674	0.724252544127673	0.866834170854271	0.0399989770961783	0.232375	0.067875	depth_natural	Coastal_natural	133	13	13	0.02	0.1
200	398	0.02	3.98	22	68	0.52	0.532083633741889	4.97988401705376	3.53864824495892	0.740461099467185	0.844221105527638	0.039767819911767	0.20725	0.091	depth_natural	Coastal_natural	134	13	13	0.02	0.1
200	398	0.02	3.98	17	93	0.45	0.738251210481344	7.75995727503953	4.7250936329588	0.764497739956062	0.844221105527638	0.0354231060676276	0.16375	0.072	depth_natural	Coastal_natural	135	13	13	0.02	0.1
200	398	0.02	3.98	16	63	0.64	0.416807861741782	5.11210489180639	3.75701279527559	0.627828211408803	0.78894472361809	0.0383522333062975	0.2335	0.113	depth_natural	Coastal_natural	136	13	13	0.02	0.1
200	398	0.02	3.98	20	80	0.45	0.64875	6.86550549867428	4.29612983770287	0.759295851114871	0.819095477386935	0.0355245779115804	0.16	0.0555	depth_natural	Coastal_natural	137	13	13	0.02	0.1
200	398	0.02	3.98	21	76	0.62	0.473926380368098	5.26306909219573	3.78101232625229	0.673587788187167	0.801507537688442	0.0364690109048498	0.271	0.076	depth_natural	Coastal_natural	138	13	13	0.02	0.1
200	398	0.02	3.98	15	87	0.41	0.761220825852783	7.87143666004758	4.26016260162602	0.764077927325068	0.846733668341708	0.0320388614886931	0.16075	0.0805	depth_natural	Coastal_natural	139	13	13	0.02	0.1
200	398	0.02	3.98	26	105	0.385	0.765298413497859	7.60370740061515	3.95112781954887	0.747875684957451	0.881909547738693	0.0363902927179968	0.146625	0.029375	depth_natural	Coastal_natural	140	13	13	0.02	0.1
200	398	0.02	3.98	23	71	0.6	0.46875	5.02186702608897	3.96918767507003	0.697012070402263	0.756281407035176	0.0363629916239297	0.237	0.089	depth_natural	Coastal_natural	141	13	13	0.02	0.1
200	398	0.02	3.98	17	60	0.655	0.477426636568849	4.28859648375154	3.92025836758661	0.703056740991389	0.861809045226131	0.0391954199143572	0.258125	0.091625	depth_natural	Coastal_natural	142	13	13	0.02	0.1
200	398	0.02	3.98	21	100	0.44	0.605009131228803	7.40630517308523	3.70454545454545	0.657950556804121	0.791457286432161	0.0344440769783487	0.1665	0.04775	depth_natural	Coastal_natural	143	13	13	0.02	0.1
200	398	0.02	3.98	20	98	0.38	0.886324293133295	7.92624936005	4.83543859649123	0.815178278326305	0.924623115577889	0.0346572826189279	0.129	0.04725	depth_natural	Coastal_natural	144	13	13	0.02	0.1
200	398	0.02	3.98	21	90	0.405	0.691139240506329	6.21464149702616	3.44907407407407	0.752244261508548	0.849246231155779	0.0329146105202099	0.146375	0.061125	depth_natural	Coastal_natural	145	13	13	0.02	0.1
200	398	0.02	3.98	21	100	0.46	0.557623661397246	6.91222477628485	3.17677974199713	0.61676472816343	0.809045226130653	0.0368761826604775	0.1945	0.0565	depth_natural	Coastal_natural	146	13	13	0.02	0.1
200	398	0.02	3.98	16	36	0.675	0.408733624454148	4.15035227097995	4.33200663349917	0.688401176737961	0.819095477386935	0.041120650445659	0.263875	0.112875	depth_natural	Coastal_natural	147	13	13	0.02	0.1
200	398	0.02	3.98	18	61	0.64	0.565134827193316	4.56361070439095	4.48732775590551	0.759251660311609	0.841708542713568	0.0400599513030631	0.23575	0.1105	depth_natural	Coastal_natural	148	13	13	0.02	0.1
200	398	0.02	3.98	18	60	0.64	0.467718268525312	4.78585091611374	4.32492618110236	0.693429458852049	0.801507537688442	0.0389302669256501	0.27225	0.12175	depth_natural	Coastal_natural	149	13	13	0.02	0.1
200	398	0.02	3.98	22	66	0.465	0.730823863636364	6.97504663739078	4.96096306685367	0.810042675690008	0.92964824120603	0.0355182069372494	0.188375	0.075625	depth_natural	Coastal_natural	150	13	13	0.02	0.1
200	398	0.02	3.98	19	99	0.475	0.666319082377477	7.86396792071023	3.83113101903695	0.707441099972223	0.889447236180904	0.040810826196166	0.162375	0.056375	depth_natural	Coastal_natural	151	13	13	0.02	0.1
200	398	0.02	3.98	17	86	0.395	0.643380109823063	6.57032658473755	3.43557286595261	0.720527890709831	0.819095477386935	0.037435486360096	0.171375	0.049625	depth_natural	Coastal_natural	152	13	13	0.02	0.1
200	398	0.02	3.98	15	76	0.495	0.674336283185841	6.35965207293428	4.24056895485467	0.772398424282215	0.78643216080402	0.0367864804993214	0.198375	0.097125	depth_natural	Coastal_natural	153	13	13	0.02	0.1
200	398	0.02	3.98	20	100	0.495	0.563571428571429	7.46817936953666	3.45475159760874	0.623841569657332	0.816582914572864	0.0383568115207119	0.243375	0.068375	depth_natural	Coastal_natural	154	13	13	0.02	0.1
200	398	0.02	3.98	18	93	0.33	0.752258417738845	8.24150376166815	3.91655011655012	0.758500416656145	0.861809045226131	0.033526365620708	0.141	0.05125	depth_natural	Coastal_natural	155	13	13	0.02	0.1
200	398	0.02	3.98	24	85	0.54	0.543928371572468	6.28708865280499	3.4515403253721	0.669212898664175	0.819095477386935	0.0383829544886887	0.21975	0.0785	depth_natural	Coastal_natural	156	13	13	0.02	0.1
200	398	0.02	3.98	17	84	0.43	0.670212765957447	5.68598134577096	3.78331053351573	0.771385192293124	0.766331658291457	0.0363109063205841	0.17125	0.07825	depth_natural	Coastal_natural	157	13	13	0.02	0.1
200	398	0.02	3.98	18	69	0.51	0.576457645764576	4.87596144533926	3.80722189866045	0.743598646498826	0.846733668341708	0.0403733084424762	0.2005	0.075	depth_natural	Coastal_natural	158	13	13	0.02	0.1
200	398	0.02	3.98	26	90	0.52	0.607939802802283	8.19400224709483	3.66654219566841	0.654803540314639	0.829145728643216	0.0378861756410629	0.208	0.0675	depth_natural	Coastal_natural	159	13	13	0.02	0.1
200	398	0.02	3.98	20	117	0.28	0.841429238673517	8.47395056606984	3.17792207792208	0.757559783843842	0.816582914572864	0.0357644203546116	0.11725	0.045	depth_natural	Coastal_natural	160	13	13	0.02	0.1
200	398	0.02	3.98	20	60	0.625	0.492034757422158	4.90954524050085	4.09406451612903	0.695620060099492	0.766331658291457	0.0389691929700129	0.277375	0.106125	depth_natural	Coastal_natural	161	13	13	0.02	0.1
200	398	0.02	3.98	17	40	0.725	0.346153846153846	3.5117996688892	3.83314176245211	0.656100856038989	0.690954773869347	0.0443276732038637	0.336375	0.103875	depth_natural	Coastal_natural	162	13	13	0.02	0.1
200	398	0.02	3.98	16	68	0.57	0.666666666666667	5.79849996040576	5.26874708896134	0.786107042751446	0.85678391959799	0.0367034996046429	0.21	0.0695	depth_natural	Coastal_natural	163	13	13	0.02	0.1
200	398	0.02	3.98	18	88	0.395	0.682722815113931	7.83736216889357	3.84290814670562	0.721547435670816	0.809045226130653	0.0334140182318531	0.164875	0.061625	depth_natural	Coastal_natural	164	13	13	0.02	0.1
200	398	0.02	3.98	22	63	0.615	0.42220722240972	4.59872156604421	3.5942956150873	0.676204515037499	0.796482412060301	0.0398259625727905	0.242125	0.078875	depth_natural	Coastal_natural	165	13	13	0.02	0.1
200	398	0.02	3.98	17	55	0.65	0.38272921108742	4.73108389517711	3.83530113297555	0.627329486629126	0.776381909547739	0.0415045750689222	0.264	0.10025	depth_natural	Coastal_natural	166	13	13	0.02	0.1
200	398	0.02	3.98	24	83	0.555	0.542982697061247	6.9429443865005	3.76134316134316	0.651991111335572	0.839195979899497	0.0381015722269814	0.228125	0.054375	depth_natural	Coastal_natural	167	13	13	0.02	0.1
200	398	0.02	3.98	27	48	0.685	0.385201305767138	4.49341122125348	3.69063975955346	0.657805358450544	0.804020100502513	0.0420642922265113	0.275625	0.096375	depth_natural	Coastal_natural	168	13	13	0.02	0.1
200	398	0.02	3.98	27	80	0.55	0.566433566433566	6.75983989710251	3.52393661384487	0.680184843817075	0.791457286432161	0.0380069811225358	0.232	0.067	depth_natural	Coastal_natural	169	13	13	0.02	0.1
200	398	0.02	3.98	16	86	0.48	0.659652333028362	6.49097133171197	4.12214912280702	0.729249261382288	0.914572864321608	0.0369152217704635	0.2105	0.069	depth_natural	Coastal_natural	170	13	13	0.02	0.1
200	398	0.02	3.98	26	69	0.655	0.476707083599234	5.39935883071866	4.22254844392249	0.663139819701523	0.78643216080402	0.0357838680952293	0.212625	0.085875	depth_natural	Coastal_natural	171	13	13	0.02	0.1
200	398	0.02	3.98	15	65	0.585	0.59840690341852	6.02599677153018	4.05806071323313	0.75805850862352	0.806532663316583	0.0403302919973376	0.248125	0.073875	depth_natural	Coastal_natural	172	13	13	0.02	0.1
200	398	0.02	3.98	25	58	0.64	0.510934393638171	5.31284989436034	4.31028543307087	0.725764500896442	0.796482412060301	0.0405029340590803	0.22575	0.07725	depth_natural	Coastal_natural	173	13	13	0.02	0.1
200	398	0.02	3.98	36	89	0.515	0.373953488372093	6.64572932436885	2.85360746240244	0.598305598343476	0.71356783919598	0.0336882841294802	0.205125	0.047125	depth_natural	Coastal_natural	174	13	13	0.02	0.1
200	398	0.02	3.98	31	86	0.575	0.461348684210526	6.16897007791423	3.36308161708619	0.613150551753744	0.758793969849246	0.037510626116259	0.272125	0.088125	depth_natural	Coastal_natural	175	13	13	0.02	0.1
200	398	0.02	3.98	19	94	0.455	0.723094170403587	7.7679611613883	4.41245421245421	0.738538799525264	0.864321608040201	0.0378142648050433	0.176625	0.069875	depth_natural	Coastal_natural	176	13	13	0.02	0.1
200	398	0.02	3.98	13	53	0.71	0.55188679245283	4.88339005828845	4.47647587653581	0.735000378778314	0.834170854271357	0.0428128550765813	0.2915	0.15025	depth_natural	Coastal_natural	177	13	13	0.02	0.1
200	398	0.02	3.98	24	87	0.355	0.734077299945563	7.75746897977126	3.28370221327968	0.740281179768188	0.839195979899497	0.0326088728087427	0.131375	0.039875	depth_natural	Coastal_natural	178	13	13	0.02	0.1
200	398	0.02	3.98	37	97	0.52	0.437856328392246	6.96423387976047	2.83457804331591	0.569622610540138	0.731155778894472	0.0351967822534201	0.224	0.056	depth_natural	Coastal_natural	179	13	13	0.02	0.1
200	398	0.02	3.98	24	100	0.36	0.67746835443038	7.45187486215618	3.77034428794992	0.768462286305901	0.884422110552764	0.0365345980226357	0.17775	0.04475	depth_natural	Coastal_natural	180	13	13	0.02	0.1
200	398	0.02	3.98	19	79	0.56	0.626403641881639	6.19431110267344	4.36422136422136	0.732595136486452	0.844221105527638	0.0377150697728627	0.21625	0.06475	depth_natural	Coastal_natural	181	13	13	0.02	0.1
200	398	0.02	3.98	15	86	0.46	0.733455882352941	7.36675146961134	3.94242713807931	0.761142395394056	0.844221105527638	0.0340243699369995	0.16375	0.0845	depth_natural	Coastal_natural	182	13	13	0.02	0.1
200	398	0.02	3.98	18	80	0.58	0.377938517179023	4.84737013466128	3.15022488755622	0.580199994949623	0.706030150753769	0.0418844340253552	0.2715	0.0755	depth_natural	Coastal_natural	183	13	13	0.02	0.1
200	398	0.02	3.98	22	81	0.545	0.577914110429448	6.14184340914787	3.74481821270812	0.715032448675538	0.793969849246231	0.0374277127979676	0.201375	0.078375	depth_natural	Coastal_natural	184	13	13	0.02	0.1
200	398	0.02	3.98	18	85	0.545	0.591979075850044	5.89310231401587	3.44818212708121	0.706610944168077	0.796482412060301	0.0383581677485695	0.180125	0.078875	depth_natural	Coastal_natural	185	13	13	0.02	0.1
200	398	0.02	3.98	16	48	0.71	0.493036211699164	4.31004626464271	4.60333633003696	0.74297997525315	0.834170854271357	0.0425791603161708	0.24325	0.111	depth_natural	Coastal_natural	186	13	13	0.02	0.1
200	398	0.02	3.98	25	72	0.575	0.479674796747967	5.60198877484837	3.47780320366133	0.665721825206434	0.776381909547739	0.0413883817107035	0.246375	0.082625	depth_natural	Coastal_natural	187	13	13	0.02	0.1
200	398	0.02	3.98	20	85	0.45	0.612818261633011	6.34913608119862	3.62197253433208	0.749977904598369	0.846733668341708	0.0395666061506551	0.1615	0.05525	depth_natural	Coastal_natural	188	13	13	0.02	0.1
200	398	0.02	3.98	22	65	0.59	0.634657039711191	5.53468341951354	4.5180356366797	0.780213883487791	0.844221105527638	0.0414239795317135	0.2515	0.0995	depth_natural	Coastal_natural	189	13	13	0.02	0.1
200	398	0.02	3.98	12	64	0.52	0.721621621621622	5.74242962142098	4.4878640776699	0.818148531602737	0.829145728643216	0.0362631702651561	0.186	0.1	depth_natural	Coastal_natural	190	13	13	0.02	0.1
200	398	0.02	3.98	22	85	0.485	0.551351351351351	5.93472210276866	3.44222508591065	0.689553294108735	0.731155778894472	0.0332712094468934	0.180375	0.061625	depth_natural	Coastal_natural	191	13	13	0.02	0.1
200	398	0.02	3.98	15	100	0.285	0.863870094722598	9.71706438534556	3.60964912280702	0.80295005176637	0.922110552763819	0.0340882401660624	0.147375	0.055625	depth_natural	Coastal_natural	192	13	13	0.02	0.1
200	398	0.02	3.98	18	97	0.32	0.692500696961249	8.06985956449658	2.80654761904762	0.705616651094669	0.814070351758794	0.0335462918786456	0.15	0.05175	depth_natural	Coastal_natural	193	13	13	0.02	0.1
200	398	0.02	3.98	15	57	0.645	0.613931523022432	4.89962388077862	4.99539728682171	0.776397691977475	0.836683417085427	0.0401693188136056	0.227625	0.107875	depth_natural	Coastal_natural	194	13	13	0.02	0.1
200	398	0.02	3.98	18	68	0.635	0.477857878475798	4.8835933672407	3.89201349831271	0.666091134062271	0.816582914572864	0.0397292995158929	0.261625	0.108375	depth_natural	Coastal_natural	195	13	13	0.02	0.1
200	398	0.02	3.98	17	68	0.565	0.470185728250244	5.26853919787771	3.6763590391909	0.6848753819348	0.746231155778894	0.0401107082689928	0.238375	0.080375	depth_natural	Coastal_natural	196	13	13	0.02	0.1
200	398	0.02	3.98	24	101	0.445	0.826440177252585	9.24181138954615	4.47548518896834	0.740470568925027	0.947236180904523	0.0335592605770821	0.154125	0.059875	depth_natural	Coastal_natural	197	13	13	0.02	0.1
200	398	0.02	3.98	31	75	0.62	0.40394973070018	5.55926490929934	3.73078940466824	0.607838185904396	0.693467336683417	0.0364233393382167	0.28225	0.09175	depth_natural	Coastal_natural	198	13	13	0.02	0.1
200	398	0.02	3.98	22	82	0.5	0.546951748049697	6.57692229915339	3.80363636363636	0.671337213706725	0.796482412060301	0.0370951786024945	0.2385	0.0615	depth_natural	Coastal_natural	199	13	13	0.02	0.1
200	398	0.02	3.98	17	76	0.525	0.752593524049041	7.50019013181569	5.16355311355311	0.781675336481402	0.902010050251256	0.0384344488256808	0.161375	0.078375	depth_natural	Coastal_natural	200	13	13	0.02	0.1
200	398	0.02	3.98	20	70	0.655	0.239218877135883	4.99864719417621	2.9745155607751	0.460758566702861	0.530150753768844	0.0466141612652474	0.274875	0.083375	depth_natural	Interior_relict	1	50	13	0.02	0.1
200	398	0.02	3.98	28	83	0.59	0.260640961442163	5.69837423832917	2.83050847457627	0.45560402515088	0.537688442211055	0.050717593915232	0.26325	0.08475	depth_natural	Interior_relict	2	50	13	0.02	0.1
200	398	0.02	3.98	29	86	0.575	0.217562900838678	5.6321717712843	2.68161708619375	0.416056412716851	0.535175879396985	0.0551304457424167	0.263875	0.080625	depth_natural	Interior_relict	3	50	13	0.02	0.1
200	398	0.02	3.98	31	68	0.665	0.196029153053531	5.15682707649089	2.88288904078378	0.413938410646196	0.5678391959799	0.0510758534325873	0.276625	0.085375	depth_natural	Interior_relict	4	50	13	0.02	0.1
200	398	0.02	3.98	27	84	0.585	0.254512635379061	5.5371731242397	2.76038903625111	0.426059316683922	0.565326633165829	0.0455719653132179	0.286125	0.089375	depth_natural	Interior_relict	5	50	13	0.02	0.1
200	398	0.02	3.98	29	75	0.63	0.219040247678019	5.12262606170839	2.85333333333333	0.438688416959168	0.530150753768844	0.0510136621231297	0.27675	0.089	depth_natural	Interior_relict	6	50	13	0.02	0.1
200	398	0.02	3.98	35	69	0.66	0.191864927091328	5.08706503447427	2.85033541522091	0.424430569935103	0.512562814070352	0.0513642389847621	0.2885	0.089	depth_natural	Interior_relict	7	50	13	0.02	0.1
200	398	0.02	3.98	24	86	0.575	0.243661971830986	6.04667182391322	2.68024408848207	0.405033963788793	0.49748743718593	0.0495240573088407	0.254125	0.074625	depth_natural	Interior_relict	8	50	13	0.02	0.1
200	398	0.02	3.98	24	62	0.695	0.17914979757085	5.35690919165844	2.94484412470024	0.398733617837933	0.532663316582915	0.0532673763988601	0.332625	0.090625	depth_natural	Interior_relict	9	50	13	0.02	0.1
200	398	0.02	3.98	22	74	0.635	0.214568487727633	5.13113602315519	2.88901387326584	0.418647887679604	0.540201005025126	0.0511979648780925	0.250375	0.086375	depth_natural	Interior_relict	10	50	13	0.02	0.1
200	398	0.02	3.98	25	74	0.635	0.226989079563183	5.62901555659645	2.98362704661917	0.423906593267847	0.575376884422111	0.0513620501151221	0.256625	0.092125	depth_natural	Interior_relict	11	50	13	0.02	0.1
200	398	0.02	3.98	26	83	0.585	0.234146341463415	5.30589219837907	2.76657824933687	0.414721219161132	0.550251256281407	0.0526967537072296	0.274375	0.082625	depth_natural	Interior_relict	12	50	13	0.02	0.1
200	398	0.02	3.98	24	71	0.65	0.217821782178218	5.71876243519887	2.99522957662493	0.421485568546249	0.510050251256281	0.0480540779296903	0.2935	0.0855	depth_natural	Interior_relict	13	50	13	0.02	0.1
200	398	0.02	3.98	21	74	0.63	0.208194622279129	5.14704388536848	2.84	0.423647761420166	0.527638190954774	0.0484467483628293	0.29925	0.0805	depth_natural	Interior_relict	14	50	13	0.02	0.1
200	398	0.02	3.98	23	59	0.7	0.279989241527703	5.73710566935015	3.3344295991778	0.520567662432767	0.522613065326633	0.0426123424159141	0.28425	0.0955	depth_natural	Interior_relict	15	50	13	0.02	0.1
200	398	0.02	3.98	30	77	0.62	0.231046931407942	5.94498132243993	2.81523734592185	0.412334915784955	0.545226130653266	0.0506061385563865	0.299	0.07575	depth_natural	Interior_relict	16	50	13	0.02	0.1
200	398	0.02	3.98	25	87	0.57	0.244025735294118	6.54219109882058	2.71510634994566	0.378431100224742	0.577889447236181	0.050494008626448	0.2565	0.081	depth_natural	Interior_relict	17	50	13	0.02	0.1
200	398	0.02	3.98	31	82	0.595	0.235743152222721	6.57053980726421	2.7046004842615	0.429493573394611	0.525125628140704	0.0449731624184818	0.251625	0.077625	depth_natural	Interior_relict	18	50	13	0.02	0.1
200	398	0.02	3.98	21	85	0.58	0.260935524652339	5.65730052619557	2.79340329835082	0.447469760864625	0.545226130653266	0.0460522398428422	0.2625	0.07925	depth_natural	Interior_relict	19	50	13	0.02	0.1
200	398	0.02	3.98	32	91	0.55	0.268277945619335	7.33619858188378	2.61267723102586	0.408313552688063	0.510050251256281	0.0464770651984921	0.215	0.062	depth_natural	Interior_relict	20	50	13	0.02	0.1
200	398	0.02	3.98	38	58	0.715	0.247511786275537	5.82314420597329	3.19757707081651	0.496275346582157	0.472361809045226	0.0465680749530994	0.311375	0.101375	depth_natural	Interior_relict	21	50	13	0.02	0.1
200	398	0.02	3.98	22	77	0.62	0.208660351826793	4.81386696859795	2.84107002360346	0.42659276280902	0.525125628140704	0.055500122165975	0.2635	0.09125	depth_natural	Interior_relict	22	50	13	0.02	0.1
200	398	0.02	3.98	30	77	0.62	0.232253277269354	5.54572621099026	2.84080776291634	0.434998484886745	0.585427135678392	0.0487157864756897	0.27075	0.08	depth_natural	Interior_relict	23	50	13	0.02	0.1
200	398	0.02	3.98	31	77	0.62	0.219960765080922	5.82899907979775	2.82336742722266	0.410349486124088	0.560301507537688	0.0560262187092949	0.265	0.08625	depth_natural	Interior_relict	24	50	13	0.02	0.1
200	398	0.02	3.98	35	73	0.635	0.219842969307637	5.8910571965615	2.85326834145732	0.454325648342214	0.540201005025126	0.0540173884147477	0.272375	0.078625	depth_natural	Interior_relict	25	50	13	0.02	0.1
200	398	0.02	3.98	25	77	0.62	0.242682277807344	5.28334165915841	2.88093364804616	0.459666422565087	0.565326633165829	0.0525737154103543	0.26025	0.0905	depth_natural	Interior_relict	26	50	13	0.02	0.1
200	398	0.02	3.98	26	75	0.63	0.203181118522319	5.47939875738572	2.82273015873016	0.395204666548825	0.527638190954774	0.0512016883478335	0.29	0.09825	depth_natural	Interior_relict	27	50	13	0.02	0.1
200	398	0.02	3.98	27	55	0.73	0.170194003527337	4.18608016850044	3.06584789796882	0.454278301053004	0.535175879396985	0.0513495061949305	0.3065	0.10125	depth_natural	Interior_relict	28	50	13	0.02	0.1
200	398	0.02	3.98	29	76	0.625	0.267068757539204	6.46604469390933	2.92	0.446371303754956	0.482412060301508	0.0465481697546412	0.281375	0.085875	depth_natural	Interior_relict	29	50	13	0.02	0.1
200	398	0.02	3.98	22	65	0.68	0.183962264150943	4.45963142286542	3.0421568627451	0.42430431049721	0.540201005025126	0.0518562186055818	0.287	0.1065	depth_natural	Interior_relict	30	50	13	0.02	0.1
200	398	0.02	3.98	25	71	0.645	0.235294117647059	5.02816781540994	2.99079457364341	0.466866367010934	0.545226130653266	0.0467735539203748	0.286875	0.099875	depth_natural	Interior_relict	31	50	13	0.02	0.1
200	398	0.02	3.98	20	73	0.64	0.21991341991342	4.52138864767419	2.96149114173228	0.443246382667104	0.527638190954774	0.0491424362497209	0.2745	0.10425	depth_natural	Interior_relict	32	50	13	0.02	0.1
200	398	0.02	3.98	26	65	0.68	0.209209475645462	4.95032282254016	2.93910675381264	0.448303073154718	0.535175879396985	0.0494001748759034	0.30075	0.102	depth_natural	Interior_relict	33	50	13	0.02	0.1
200	398	0.02	3.98	29	76	0.625	0.238314176245211	5.40581214767979	2.87832258064516	0.450054922855483	0.530150753768844	0.0529076621817345	0.280625	0.087375	depth_natural	Interior_relict	34	50	13	0.02	0.1
200	398	0.02	3.98	24	73	0.64	0.220074152542373	5.17379423242087	2.85088582677165	0.435468801292897	0.532663316582915	0.0517646477199807	0.2705	0.086	depth_natural	Interior_relict	35	50	13	0.02	0.1
200	398	0.02	3.98	24	70	0.655	0.217850541325588	5.13906032731097	2.96911332941867	0.445822075200121	0.532663316582915	0.0505978965336366	0.307875	0.083875	depth_natural	Interior_relict	36	50	13	0.02	0.1
200	398	0.02	3.98	26	69	0.66	0.217650243638332	5.11672810455383	2.95743696507055	0.45240650488624	0.515075376884422	0.0556081167338221	0.29875	0.0965	depth_natural	Interior_relict	37	50	13	0.02	0.1
200	398	0.02	3.98	27	82	0.595	0.236008447729673	5.19511232362592	2.83307221193562	0.429436756647559	0.557788944723618	0.048960282053191	0.261375	0.094125	depth_natural	Interior_relict	38	50	13	0.02	0.1
200	398	0.02	3.98	22	74	0.635	0.213543055185284	5.19034569790498	2.90051243594551	0.42259349511376	0.527638190954774	0.0515003088829551	0.295125	0.085625	depth_natural	Interior_relict	39	50	13	0.02	0.1
200	398	0.02	3.98	28	77	0.62	0.23907249466951	5.11631189934499	2.81864673485445	0.442709780056059	0.552763819095477	0.0462862086264323	0.28675	0.0935	depth_natural	Interior_relict	40	50	13	0.02	0.1
200	398	0.02	3.98	24	69	0.66	0.225215799110646	5.0541686843866	2.94749016886421	0.453729072498169	0.597989949748744	0.0514516206053032	0.3125	0.0765	depth_natural	Interior_relict	41	50	13	0.02	0.1
200	398	0.02	3.98	28	68	0.665	0.21451355661882	4.93760526543053	3.00524037366143	0.449916037473801	0.492462311557789	0.0511202292317267	0.255625	0.095375	depth_natural	Interior_relict	42	50	13	0.02	0.1
200	398	0.02	3.98	27	81	0.6	0.242083040112597	6.21000391067227	2.77801120448179	0.398342213580465	0.537688442211055	0.0509233233440412	0.25025	0.0795	depth_natural	Interior_relict	43	50	13	0.02	0.1
200	398	0.02	3.98	26	78	0.615	0.238759689922481	5.48374387389132	2.87524990003998	0.426760056564228	0.525125628140704	0.0493887518432535	0.287375	0.090375	depth_natural	Interior_relict	44	50	13	0.02	0.1
200	398	0.02	3.98	36	80	0.605	0.215846994535519	6.10349924201091	2.71349862258953	0.393528572510795	0.512562814070352	0.0564049657708467	0.251375	0.077625	depth_natural	Interior_relict	45	50	13	0.02	0.1
200	398	0.02	3.98	25	84	0.585	0.222535934291581	5.46471983965965	2.77866195107574	0.40743289310876	0.515075376884422	0.0547534490969584	0.267125	0.094625	depth_natural	Interior_relict	46	50	13	0.02	0.1
200	398	0.02	3.98	37	80	0.6	0.246430924665056	6.31437379610161	2.71330532212885	0.452570642155501	0.535175879396985	0.0459067858052631	0.2415	0.074	depth_natural	Interior_relict	47	50	13	0.02	0.1
200	398	0.02	3.98	30	72	0.645	0.200674099040705	5.1915213904998	2.91000484496124	0.406766874573874	0.542713567839196	0.0507142607607008	0.268875	0.079125	depth_natural	Interior_relict	48	50	13	0.02	0.1
200	398	0.02	3.98	29	80	0.595	0.261447562776957	6.04561390155277	2.83762996724113	0.430932930986591	0.555276381909548	0.0463666789805793	0.260875	0.086375	depth_natural	Interior_relict	49	50	13	0.02	0.1
200	398	0.02	3.98	32	83	0.59	0.219679633867277	7.04027056162928	2.62219324931189	0.379011893639049	0.535175879396985	0.0525271340108503	0.2675	0.07025	depth_natural	Interior_relict	50	50	13	0.02	0.1
200	398	0.02	3.98	32	82	0.595	0.237043922844527	5.82703320398329	2.72909841902863	0.424500012625944	0.580402010050251	0.0474146458266771	0.276125	0.080625	depth_natural	Interior_relict	51	50	13	0.02	0.1
200	398	0.02	3.98	20	71	0.65	0.203639514731369	4.57911157409119	2.9407274895647	0.411649958334385	0.555276381909548	0.0544217008280066	0.27725	0.102	depth_natural	Interior_relict	52	50	13	0.02	0.1
200	398	0.02	3.98	31	63	0.69	0.194701986754967	5.0127791513864	3.00412567438908	0.456756142521654	0.525125628140704	0.0509161819978098	0.3225	0.096	depth_natural	Interior_relict	53	50	13	0.02	0.1
200	398	0.02	3.98	30	78	0.61	0.254970178926441	5.63125317152973	2.85963961522829	0.451636322315093	0.527638190954774	0.0450391466733959	0.2495	0.0875	depth_natural	Interior_relict	54	50	13	0.02	0.1
200	398	0.02	3.98	31	75	0.63	0.204494382022472	5.3142753822092	2.80812698412698	0.431668392212318	0.550251256281407	0.0527094955816487	0.26425	0.08675	depth_natural	Interior_relict	55	50	13	0.02	0.1
200	398	0.02	3.98	23	68	0.665	0.245722300140252	4.9964992487053	3.0373661426293	0.468151056791495	0.560301507537688	0.0524578599171746	0.246875	0.099625	depth_natural	Interior_relict	56	50	13	0.02	0.1
200	398	0.02	3.98	30	83	0.59	0.24508721572091	6.67977885506164	2.7021584818195	0.404749880053534	0.557788944723618	0.0473656788479025	0.25925	0.07025	depth_natural	Interior_relict	57	50	13	0.02	0.1
200	398	0.02	3.98	33	72	0.645	0.252558853633572	5.54694831515392	2.98231589147287	0.453271382035807	0.5	0.043703459680213	0.291125	0.091625	depth_natural	Interior_relict	58	50	13	0.02	0.1
200	398	0.02	3.98	22	68	0.665	0.225177304964539	4.37281960040457	3.0125313283208	0.474984848867453	0.517587939698492	0.0486999687689615	0.290625	0.099875	depth_natural	Interior_relict	59	50	13	0.02	0.1
200	398	0.02	3.98	25	82	0.595	0.226827430293896	5.37670791723531	2.76256943455348	0.398241206030151	0.557788944723618	0.0504995167801296	0.238375	0.074125	depth_natural	Interior_relict	60	50	13	0.02	0.1
200	398	0.02	3.98	27	67	0.67	0.203966005665722	4.47741853651205	2.9525305801818	0.46783856468271	0.522613065326633	0.0496906562052148	0.27125	0.09175	depth_natural	Interior_relict	61	50	13	0.02	0.1
200	398	0.02	3.98	28	66	0.675	0.200396263798472	5.00337243066087	2.99933665008292	0.433180348981086	0.527638190954774	0.0531723874685298	0.289125	0.098625	depth_natural	Interior_relict	62	50	13	0.02	0.1
200	398	0.02	3.98	33	84	0.585	0.211239886289088	6.48818839072772	2.66666666666667	0.355625489255322	0.540201005025126	0.054855784290604	0.260375	0.072875	depth_natural	Interior_relict	63	50	13	0.02	0.1
200	398	0.02	3.98	26	72	0.63	0.243110504774898	5.09097309614401	2.91898412698413	0.465133456225853	0.510050251256281	0.0507961408741484	0.26075	0.094	depth_natural	Interior_relict	64	50	13	0.02	0.1
200	398	0.02	3.98	22	76	0.625	0.195915279878971	5.13358587779349	2.78954838709677	0.391227494255196	0.560301507537688	0.0568985397232996	0.270375	0.075875	depth_natural	Interior_relict	65	50	13	0.02	0.1
200	398	0.02	3.98	25	80	0.605	0.282620041753653	5.41660436101598	2.9129476584022	0.490760965632181	0.5678391959799	0.0408371774884913	0.272125	0.078125	depth_natural	Interior_relict	66	50	13	0.02	0.1
200	398	0.02	3.98	31	71	0.65	0.231234256926952	5.41994488742169	2.89886702444842	0.451693139062145	0.585427135678392	0.047681186463814	0.31625	0.0875	depth_natural	Interior_relict	67	50	13	0.02	0.1
200	398	0.02	3.98	26	75	0.63	0.253955696202532	5.20782407548437	2.8904126984127	0.46748503825661	0.479899497487437	0.0449259669552402	0.26575	0.09	depth_natural	Interior_relict	68	50	13	0.02	0.1
200	398	0.02	3.98	25	72	0.645	0.212415856394914	5.4959829797006	2.86300872093023	0.410725107951819	0.522613065326633	0.0518061070596973	0.283375	0.087625	depth_natural	Interior_relict	69	50	13	0.02	0.1
200	398	0.02	3.98	29	72	0.64	0.218847352024922	5.25611519237114	2.94475885826772	0.45087245271584	0.545226130653266	0.0528244828996356	0.27325	0.08975	depth_natural	Interior_relict	70	50	13	0.02	0.1
200	398	0.02	3.98	22	73	0.635	0.243421052631579	4.98905021010416	2.90601174853143	0.473558117219262	0.57035175879397	0.0478430727404954	0.281375	0.093125	depth_natural	Interior_relict	71	50	13	0.02	0.1
200	398	0.02	3.98	29	76	0.625	0.234775420225958	5.05026434005135	2.89793548387097	0.441718643468599	0.540201005025126	0.0480310318794897	0.278875	0.098125	depth_natural	Interior_relict	72	50	13	0.02	0.1
200	398	0.02	3.98	26	68	0.665	0.207905138339921	5.08551567828178	2.94303941672363	0.447258276306154	0.550251256281407	0.0508079483120699	0.298875	0.096125	depth_natural	Interior_relict	73	50	13	0.02	0.1
200	398	0.02	3.98	22	49	0.76	0.18395788169712	3.97993074916701	3.21993726036947	0.475404661498447	0.552763819095477	0.0501704476778686	0.288	0.11775	depth_natural	Interior_relict	74	50	13	0.02	0.1
200	398	0.02	3.98	23	72	0.645	0.235725938009788	4.92816989083684	2.93798449612403	0.461405646322062	0.557788944723618	0.0480046065780217	0.285625	0.092375	depth_natural	Interior_relict	75	50	13	0.02	0.1
200	398	0.02	3.98	30	78	0.615	0.225348991801462	6.09107505895028	2.79554844728775	0.410671447690715	0.555276381909548	0.0508228005392102	0.257125	0.074125	depth_natural	Interior_relict	76	50	13	0.02	0.1
200	398	0.02	3.98	27	72	0.645	0.228789323164919	5.73077717617406	2.82848837209302	0.430762480745436	0.522613065326633	0.0484888486382698	0.235625	0.076375	depth_natural	Interior_relict	77	50	13	0.02	0.1
200	398	0.02	3.98	30	85	0.58	0.250945494994438	6.56351475520427	2.74707646176912	0.403323148405343	0.562814070351759	0.0466099561241184	0.266	0.06975	depth_natural	Interior_relict	78	50	13	0.02	0.1
200	398	0.02	3.98	30	78	0.615	0.232268121590023	5.4634388977929	2.82673597227776	0.435869675008207	0.540201005025126	0.0513046726804187	0.274625	0.085875	depth_natural	Interior_relict	79	50	13	0.02	0.1
200	398	0.02	3.98	24	60	0.705	0.187553771149986	4.50562943977481	3.0274569402229	0.464224388273023	0.537688442211055	0.0539737225838811	0.308875	0.092375	depth_natural	Interior_relict	80	50	13	0.02	0.1
200	398	0.02	3.98	26	73	0.64	0.19921568627451	5.08818309284421	2.87795275590551	0.41962008535138	0.555276381909548	0.054442550252544	0.27875	0.096	depth_natural	Interior_relict	81	50	13	0.02	0.1
200	398	0.02	3.98	22	70	0.655	0.185092127303183	4.59995739037204	2.92718731650029	0.419092952198177	0.532663316582915	0.052391199188918	0.311875	0.093375	depth_natural	Interior_relict	82	50	13	0.02	0.1
200	398	0.02	3.98	29	79	0.61	0.247196489517309	5.98186292936863	2.82834304294811	0.423884497866215	0.532663316582915	0.0510723297973974	0.255	0.0805	depth_natural	Interior_relict	83	50	13	0.02	0.1
200	398	0.02	3.98	22	61	0.7	0.193188854489164	4.0694336995733	3.10904419321685	0.458384889270473	0.512562814070352	0.0493694917081066	0.309	0.11225	depth_natural	Interior_relict	84	50	13	0.02	0.1
200	398	0.02	3.98	25	69	0.66	0.20817643894567	4.83801513364377	2.93927827897294	0.471503244867554	0.542713567839196	0.0506796977196173	0.30425	0.09025	depth_natural	Interior_relict	85	50	13	0.02	0.1
200	398	0.02	3.98	20	75	0.63	0.253735122815903	6.07647742265026	2.93092063492063	0.421586576096563	0.547738693467337	0.0470959009786523	0.23475	0.083	depth_natural	Interior_relict	86	50	13	0.02	0.1
200	398	0.02	3.98	31	78	0.615	0.232882686436982	6.53083564050703	2.77262428361989	0.406763718087927	0.525125628140704	0.0501588509853982	0.262625	0.070625	depth_natural	Interior_relict	87	50	13	0.02	0.1
200	398	0.02	3.98	24	80	0.605	0.274565724656469	5.73723853156698	2.88209366391185	0.454616045049367	0.494974874371859	0.0445336273786039	0.250125	0.087125	depth_natural	Interior_relict	88	50	13	0.02	0.1
200	398	0.02	3.98	18	72	0.645	0.224436741767764	4.60223665962189	2.96184593023256	0.474855432943612	0.545226130653266	0.0509503145737429	0.283625	0.089125	depth_natural	Interior_relict	89	50	13	0.02	0.1
200	398	0.02	3.98	26	70	0.655	0.209385209385209	4.32309500147104	2.93435114503817	0.469937627837681	0.565326633165829	0.0538343030026892	0.279625	0.104375	depth_natural	Interior_relict	90	50	13	0.02	0.1
200	398	0.02	3.98	38	82	0.595	0.233490566037736	6.18406554599837	2.80957128614158	0.420898462160047	0.537688442211055	0.0496891811333183	0.293375	0.074375	depth_natural	Interior_relict	91	50	13	0.02	0.1
200	398	0.02	3.98	26	85	0.58	0.264428881912582	6.09120037660329	2.81019490254873	0.430023863033762	0.550251256281407	0.0483178032896597	0.2565	0.08375	depth_natural	Interior_relict	92	50	13	0.02	0.1
200	398	0.02	3.98	26	71	0.65	0.26241134751773	5.34195864657355	2.99105545617174	0.45533256735941	0.540201005025126	0.0430374656392308	0.27675	0.0925	depth_natural	Interior_relict	93	50	13	0.02	0.1
200	398	0.02	3.98	25	71	0.65	0.208220526704406	5.29638246463513	2.86511627906977	0.442185803388803	0.580402010050251	0.0480082483580808	0.276	0.07375	depth_natural	Interior_relict	94	50	13	0.02	0.1
200	398	0.02	3.98	25	72	0.645	0.24235807860262	4.29524651981695	3.02640503875969	0.482276331405773	0.565326633165829	0.0457226434560246	0.288375	0.110125	depth_natural	Interior_relict	95	50	13	0.02	0.1
200	398	0.02	3.98	30	86	0.575	0.245878473857748	6.05691300267897	2.74935163996949	0.41777985404409	0.562814070351759	0.0533874851575045	0.241875	0.079625	depth_natural	Interior_relict	96	50	13	0.02	0.1
200	398	0.02	3.98	39	75	0.63	0.223821989528796	6.33790429441152	2.75339682539683	0.410286356405141	0.522613065326633	0.0455648020164106	0.282	0.076	depth_natural	Interior_relict	97	50	13	0.02	0.1
200	398	0.02	3.98	20	68	0.665	0.215958369470945	4.50372078780869	2.99692412850308	0.456768768465443	0.555276381909548	0.0533477291123083	0.292375	0.098625	depth_natural	Interior_relict	98	50	13	0.02	0.1
200	398	0.02	3.98	29	63	0.69	0.205709711846318	5.04957173504445	2.98349730244367	0.452535920810081	0.547738693467337	0.0510871709993512	0.295	0.0885	depth_natural	Interior_relict	99	50	13	0.02	0.1
200	398	0.02	3.98	30	81	0.6	0.25678496868476	6.38377080403279	2.7827731092437	0.427546021565112	0.530150753768844	0.0502378445588455	0.261	0.07925	depth_natural	Interior_relict	100	50	13	0.02	0.1
200	398	0.02	3.98	33	70	0.655	0.211195306770961	5.54686650318384	2.8825601879037	0.429815534961238	0.57286432160804	0.0515885782097515	0.305375	0.079125	depth_natural	Interior_relict	101	50	13	0.02	0.1
200	398	0.02	3.98	22	71	0.645	0.206927441027172	4.24763572245893	2.92999031007752	0.43828438675791	0.515075376884422	0.0496014927306664	0.287125	0.094375	depth_natural	Interior_relict	102	50	13	0.02	0.1
200	398	0.02	3.98	24	73	0.64	0.212145748987854	5.17423316184783	2.95964566929134	0.454597106133683	0.532663316582915	0.0517543481423993	0.2595	0.09225	depth_natural	Interior_relict	103	50	13	0.02	0.1
200	398	0.02	3.98	23	77	0.62	0.215071972904318	4.690724260358	2.88185156045109	0.425096588469988	0.542713567839196	0.0470374823643776	0.269	0.0985	depth_natural	Interior_relict	104	50	13	0.02	0.1
200	398	0.02	3.98	24	81	0.6	0.233341072672394	5.89681116447347	2.73025210084034	0.412978838918209	0.527638190954774	0.049619161083864	0.2675	0.071	depth_natural	Interior_relict	105	50	13	0.02	0.1
200	398	0.02	3.98	23	77	0.62	0.245364490728981	5.67826894587946	2.88919485969053	0.422129491679503	0.638190954773869	0.0439217596054518	0.28775	0.089	depth_natural	Interior_relict	106	50	13	0.02	0.1
200	398	0.02	3.98	25	62	0.695	0.210185185185185	4.23195597624052	3.09071004066312	0.481528244236257	0.484924623115578	0.0490791191514197	0.288375	0.104125	depth_natural	Interior_relict	107	50	13	0.02	0.1
200	398	0.02	3.98	21	68	0.665	0.213414634146341	4.59633233822149	3.00888585099111	0.439171359309108	0.550251256281407	0.049056020060371	0.283875	0.105875	depth_natural	Interior_relict	108	50	13	0.02	0.1
200	398	0.02	3.98	25	77	0.62	0.216342412451362	5.30472873345202	2.87673747705219	0.39141057044014	0.510050251256281	0.0513461210545564	0.26175	0.10125	depth_natural	Interior_relict	109	50	13	0.02	0.1
200	398	0.02	3.98	37	68	0.665	0.201596292481977	5.29447174279096	2.89815447710185	0.442937047044267	0.560301507537688	0.0509537158700902	0.276375	0.092625	depth_natural	Interior_relict	110	50	13	0.02	0.1
200	398	0.02	3.98	23	74	0.635	0.207	5.29849813144773	2.83552055993001	0.40338627812429	0.484924623115578	0.0487204609543229	0.285625	0.075125	depth_natural	Interior_relict	111	50	13	0.02	0.1
200	398	0.02	3.98	25	75	0.63	0.221629855293222	5.24886860075653	2.8831746031746	0.420775359208101	0.505025125628141	0.0475498381256971	0.2755	0.08275	depth_natural	Interior_relict	112	50	13	0.02	0.1
200	398	0.02	3.98	24	71	0.65	0.233169604160647	4.64023624873234	3.01633870005963	0.466610691649201	0.522613065326633	0.050139670562042	0.273	0.09925	depth_natural	Interior_relict	113	50	13	0.02	0.1
200	398	0.02	3.98	35	69	0.66	0.194379391100703	4.89418674509959	2.93603978718483	0.443341077245524	0.487437185929648	0.0514759081945068	0.2945	0.097	depth_natural	Interior_relict	114	50	13	0.02	0.1
200	398	0.02	3.98	27	81	0.6	0.242543751540547	6.04262148870055	2.87605042016807	0.409812883513043	0.552763819095477	0.0476290492508093	0.2605	0.083	depth_natural	Interior_relict	115	50	13	0.02	0.1
200	398	0.02	3.98	34	80	0.605	0.228896103896104	5.98447888720271	2.75661157024793	0.422170525996818	0.525125628140704	0.0549412528412161	0.255875	0.078375	depth_natural	Interior_relict	116	50	13	0.02	0.1
200	398	0.02	3.98	31	69	0.66	0.213135701507795	5.04194838466374	2.85438352995605	0.45637105123608	0.510050251256281	0.0525484891467268	0.277	0.084	depth_natural	Interior_relict	117	50	13	0.02	0.1
200	398	0.02	3.98	28	73	0.64	0.194943109987358	4.95912426877071	2.81053149606299	0.424458978308629	0.557788944723618	0.0550486075558768	0.28325	0.07775	depth_natural	Interior_relict	118	50	13	0.02	0.1
200	398	0.02	3.98	32	88	0.565	0.280120481927711	6.35291042305399	2.71491782553729	0.437296406656398	0.532663316582915	0.0422632407884471	0.265375	0.081375	depth_natural	Interior_relict	119	50	13	0.02	0.1
200	398	0.02	3.98	27	74	0.635	0.230367793240557	5.65391840903365	2.85389326334208	0.442627711421429	0.542713567839196	0.0520721417501247	0.276875	0.085875	depth_natural	Interior_relict	120	50	13	0.02	0.1
200	398	0.02	3.98	25	69	0.66	0.200166112956811	4.80409276631895	2.96911866759195	0.409017449054317	0.565326633165829	0.0496846735260926	0.2775	0.09675	depth_natural	Interior_relict	121	50	13	0.02	0.1
200	398	0.02	3.98	28	83	0.59	0.259052924791086	6.53696407000365	2.74054758800522	0.420260851998687	0.565326633165829	0.0472899346513553	0.2455	0.07775	depth_natural	Interior_relict	122	50	13	0.02	0.1
200	398	0.02	3.98	28	94	0.535	0.247882810711833	6.35381549068737	2.61805678010933	0.393414939016691	0.522613065326633	0.0497716848776044	0.230375	0.069625	depth_natural	Interior_relict	123	50	13	0.02	0.1
200	398	0.02	3.98	22	77	0.615	0.268107476635514	4.66884072757337	2.97414367586299	0.48160715638494	0.585427135678392	0.0472505163532695	0.275875	0.103625	depth_natural	Interior_relict	124	50	13	0.02	0.1
200	398	0.02	3.98	27	74	0.63	0.230381569474442	5.81405929068781	2.83136507936508	0.419575894548117	0.540201005025126	0.0484174214746426	0.29125	0.07775	depth_natural	Interior_relict	125	50	13	0.02	0.1
200	398	0.02	3.98	23	85	0.58	0.231143552311436	4.93958676506265	2.76521739130435	0.431816747051842	0.552763819095477	0.0496835242451732	0.26225	0.0875	depth_natural	Interior_relict	126	50	13	0.02	0.1
200	398	0.02	3.98	29	68	0.66	0.217557251908397	5.51186052582997	2.94517696044414	0.428802302972147	0.525125628140704	0.0514508430750909	0.2865	0.085	depth_natural	Interior_relict	127	50	13	0.02	0.1
200	398	0.02	3.98	28	67	0.67	0.216223855285472	4.88181647266088	3.0369206598586	0.447655993535517	0.57286432160804	0.0501085696444869	0.30875	0.11125	depth_natural	Interior_relict	128	50	13	0.02	0.1
200	398	0.02	3.98	23	73	0.64	0.219908727895037	4.55318263004786	2.90034448818898	0.45147534153178	0.532663316582915	0.0512235049468971	0.278	0.0965	depth_natural	Interior_relict	129	50	13	0.02	0.1
200	398	0.02	3.98	32	85	0.58	0.268982733513626	7.03033418496826	2.67061469265367	0.407716976844019	0.489949748743719	0.0446737500222903	0.257	0.0655	depth_natural	Interior_relict	130	50	13	0.02	0.1
200	398	0.02	3.98	37	64	0.685	0.194218824653607	5.39873175957617	2.84929154143409	0.45349233605212	0.542713567839196	0.0518082918814518	0.276375	0.092875	depth_natural	Interior_relict	131	50	13	0.02	0.1
200	398	0.02	3.98	28	90	0.555	0.254437869822485	6.98562214468779	2.77117117117117	0.392348046766496	0.515075376884422	0.0526536969714691	0.236375	0.071625	depth_natural	Interior_relict	132	50	13	0.02	0.1
200	398	0.02	3.98	25	94	0.535	0.294898672257163	6.58601157216362	2.66831246693705	0.413925784702407	0.530150753768844	0.0449067331040832	0.243625	0.075125	depth_natural	Interior_relict	133	50	13	0.02	0.1
200	398	0.02	3.98	30	63	0.69	0.195532194480946	4.72211638981557	2.92700729927007	0.448956465745814	0.507537688442211	0.0509249040873809	0.31975	0.09325	depth_natural	Interior_relict	134	50	13	0.02	0.1
200	398	0.02	3.98	28	70	0.655	0.224004009020296	5.75660099242188	2.91309453904874	0.460364005959445	0.512562814070352	0.0485217978894854	0.289625	0.098625	depth_natural	Interior_relict	135	50	13	0.02	0.1
200	398	0.02	3.98	31	72	0.645	0.204809930178433	5.26246683179695	2.91230620155039	0.432365975606677	0.520100502512563	0.0547840631137334	0.260375	0.091625	depth_natural	Interior_relict	136	50	13	0.02	0.1
200	398	0.02	3.98	23	73	0.64	0.207415667688877	4.82854244762543	2.93774606299213	0.400457059165173	0.547738693467337	0.0497834181211294	0.28275	0.0975	depth_natural	Interior_relict	137	50	13	0.02	0.1
200	398	0.02	3.98	33	75	0.63	0.259278897136797	5.31412245136536	2.95695238095238	0.457128607863438	0.595477386934673	0.0475449559776809	0.27425	0.09675	depth_natural	Interior_relict	138	50	13	0.02	0.1
200	398	0.02	3.98	22	87	0.565	0.270382912216723	5.43583798571496	2.76469658659924	0.422088457362188	0.552763819095477	0.050315993274441	0.243125	0.081375	depth_natural	Interior_relict	139	50	13	0.02	0.1
200	398	0.02	3.98	24	74	0.635	0.197866149369544	5.56108137973699	2.83114610673666	0.410156940481301	0.494974874371859	0.0510829063269729	0.275625	0.074875	depth_natural	Interior_relict	140	50	13	0.02	0.1
200	398	0.02	3.98	42	80	0.605	0.255494505494505	6.18386596550974	2.77809917355372	0.460250372465342	0.472361809045226	0.0459278384813081	0.263125	0.076375	depth_natural	Interior_relict	141	50	13	0.02	0.1
200	398	0.02	3.98	29	79	0.61	0.218583396801219	5.58829766737479	2.83836878471752	0.409295219817681	0.577889447236181	0.0524030515102233	0.267	0.0915	depth_natural	Interior_relict	142	50	13	0.02	0.1
200	398	0.02	3.98	28	80	0.605	0.261363636363636	5.38311611747293	2.83553719008264	0.453514431453751	0.580402010050251	0.0472896944865444	0.271125	0.071375	depth_natural	Interior_relict	143	50	13	0.02	0.1
200	398	0.02	3.98	36	86	0.575	0.24339274738783	7.27127814265976	2.6836003051106	0.360780030807303	0.5	0.0479899075830419	0.248375	0.065625	depth_natural	Interior_relict	144	50	13	0.02	0.1
200	398	0.02	3.98	19	71	0.65	0.213466627462511	4.41405427649762	2.95301132975552	0.4579398247519	0.585427135678392	0.0467751427607904	0.3085	0.1075	depth_natural	Interior_relict	145	50	13	0.02	0.1
200	398	0.02	3.98	23	70	0.655	0.211764705882353	5.14227720623789	2.97991779213153	0.443044367566476	0.510050251256281	0.0531170228928734	0.281625	0.094375	depth_natural	Interior_relict	146	50	13	0.02	0.1
200	398	0.02	3.98	23	71	0.64	0.233756148071447	5.62037104429617	2.92778051181102	0.426943132749173	0.555276381909548	0.0529602850865059	0.3125	0.0875	depth_natural	Interior_relict	147	50	13	0.02	0.1
200	398	0.02	3.98	33	70	0.655	0.226109415355717	6.23148228593842	2.89677040516735	0.418827807378602	0.565326633165829	0.0529090642772721	0.238375	0.086625	depth_natural	Interior_relict	148	50	13	0.02	0.1
200	398	0.02	3.98	31	75	0.63	0.227534418022528	5.2945689346462	2.82146031746032	0.451308047776571	0.597989949748744	0.0476478838771079	0.2805	0.0845	depth_natural	Interior_relict	149	50	13	0.02	0.1
200	398	0.02	3.98	22	77	0.62	0.247927031509121	5.11841312643596	2.94322056123787	0.435437236433423	0.540201005025126	0.0488897323191844	0.26375	0.094	depth_natural	Interior_relict	150	50	13	0.02	0.1
200	398	0.02	3.98	29	67	0.67	0.215973003374578	4.85974974387138	3.00897766805072	0.441844902906492	0.527638190954774	0.0501765030487968	0.28775	0.10275	depth_natural	Interior_relict	151	50	13	0.02	0.1
200	398	0.02	3.98	25	80	0.605	0.245510518214469	5.32301473009239	2.78898071625344	0.411577359157597	0.522613065326633	0.0462305175725362	0.285375	0.078875	depth_natural	Interior_relict	152	50	13	0.02	0.1
200	398	0.02	3.98	25	79	0.605	0.199788583509514	4.9309148807453	2.7870523415978	0.411135451124972	0.565326633165829	0.05326033591244	0.274125	0.080375	depth_natural	Interior_relict	153	50	13	0.02	0.1
200	398	0.02	3.98	27	63	0.69	0.202775636083269	5.43424537742775	3.01851264148947	0.422173682482766	0.532663316582915	0.0512871413668772	0.316	0.09625	depth_natural	Interior_relict	154	50	13	0.02	0.1
200	398	0.02	3.98	22	70	0.655	0.230834512022631	4.63929395737236	2.98520258367587	0.443808237165728	0.532663316582915	0.0508744128837249	0.290625	0.095375	depth_natural	Interior_relict	155	50	13	0.02	0.1
200	398	0.02	3.98	26	77	0.62	0.245570252058897	5.61045277191542	2.85260949383687	0.471121310067928	0.507537688442211	0.0486714970924278	0.31175	0.073	depth_natural	Interior_relict	156	50	13	0.02	0.1
200	398	0.02	3.98	26	75	0.63	0.223335138061722	4.96116418604737	2.91479365079365	0.458144996338476	0.532663316582915	0.0473415409296824	0.2675	0.08925	depth_natural	Interior_relict	157	50	13	0.02	0.1
200	398	0.02	3.98	29	69	0.66	0.197035522616918	5.30540776843534	2.95338885033542	0.440304537764198	0.552763819095477	0.051231233968648	0.2645	0.09225	depth_natural	Interior_relict	158	50	13	0.02	0.1
200	398	0.02	3.98	29	74	0.635	0.20228734810579	5.83988762188105	2.84251968503937	0.414604429181081	0.492462311557789	0.0565386338589386	0.272375	0.085375	depth_natural	Interior_relict	159	50	13	0.02	0.1
200	398	0.02	3.98	25	75	0.63	0.263551401869159	5.34630119748652	2.94793650793651	0.452232898159137	0.542713567839196	0.0444489522472714	0.28125	0.0865	depth_natural	Interior_relict	160	50	13	0.02	0.1
200	398	0.02	3.98	31	69	0.655	0.218243243243243	6.20207534737567	2.83887257780388	0.413853185525618	0.50251256281407	0.0528022922542855	0.272125	0.077375	depth_natural	Interior_relict	161	50	13	0.02	0.1
200	398	0.02	3.98	19	71	0.65	0.26238582895101	5.05214207986806	3.06428145497913	0.484006085704906	0.562814070351759	0.0477669435460137	0.29425	0.0935	depth_natural	Interior_relict	162	50	13	0.02	0.1
200	398	0.02	3.98	34	79	0.61	0.202943270828388	5.64466406924052	2.72984690421352	0.400892654225903	0.550251256281407	0.0484282533974089	0.261	0.083	depth_natural	Interior_relict	163	50	13	0.02	0.1
200	398	0.02	3.98	29	76	0.625	0.222517516308287	5.81650286736113	2.84812903225806	0.387537562182773	0.537688442211055	0.0492473490687049	0.266625	0.089125	depth_natural	Interior_relict	164	50	13	0.02	0.1
200	398	0.02	3.98	23	77	0.62	0.209553158705701	5.43454106210159	2.86323105166536	0.406757405116032	0.505025125628141	0.0567371867081927	0.2755	0.087	depth_natural	Interior_relict	165	50	13	0.02	0.1
200	398	0.02	3.98	40	73	0.64	0.23533724340176	5.98680883279479	2.94254429133858	0.421605515012247	0.557788944723618	0.0446067135131862	0.2795	0.10075	depth_natural	Interior_relict	166	50	13	0.02	0.1
200	398	0.02	3.98	24	85	0.58	0.239040742650851	5.60307256638086	2.76521739130435	0.405595818287417	0.537688442211055	0.0510231511320952	0.23225	0.085	depth_natural	Interior_relict	167	50	13	0.02	0.1
200	398	0.02	3.98	25	78	0.615	0.211189913317573	4.86347146335434	2.8000799680128	0.406751092144138	0.530150753768844	0.0478354526307737	0.261375	0.085875	depth_natural	Interior_relict	168	50	13	0.02	0.1
200	398	0.02	3.98	22	72	0.645	0.24056999161777	4.66116116515415	2.89789244186047	0.461427741723694	0.552763819095477	0.0481972990149139	0.299125	0.095625	depth_natural	Interior_relict	169	50	13	0.02	0.1
200	398	0.02	3.98	19	66	0.675	0.202151755379388	4.67368434607858	2.9893864013267	0.442880230297215	0.57035175879397	0.0518121254151425	0.303375	0.096625	depth_natural	Interior_relict	170	50	13	0.02	0.1
200	398	0.02	3.98	21	66	0.675	0.227945361411497	4.59655074936016	3.05351022664455	0.469590414383475	0.545226130653266	0.0467398189575086	0.283375	0.096125	depth_natural	Interior_relict	171	50	13	0.02	0.1
200	398	0.02	3.98	24	70	0.655	0.235602094240838	5.09750841173695	2.96277157956547	0.4564657458145	0.50251256281407	0.0467463908620176	0.288375	0.082875	depth_natural	Interior_relict	172	50	13	0.02	0.1
200	398	0.02	3.98	21	77	0.62	0.235058621675722	4.72093241637435	2.91883031733543	0.427640716143532	0.540201005025126	0.0507414507129172	0.294	0.0965	depth_natural	Interior_relict	173	50	13	0.02	0.1
200	398	0.02	3.98	29	69	0.66	0.209358939680822	4.81799042709119	2.93881563728892	0.444960354536502	0.522613065326633	0.0502877987927696	0.2835	0.10125	depth_natural	Interior_relict	174	50	13	0.02	0.1
200	398	0.02	3.98	25	74	0.63	0.2166392092257	4.97905900062193	2.91022222222222	0.468447766470544	0.49748743718593	0.0506535922880311	0.28125	0.09075	depth_natural	Interior_relict	175	50	13	0.02	0.1
200	398	0.02	3.98	26	65	0.68	0.187714285714286	4.68748126696698	2.99727668845316	0.411817252089594	0.535175879396985	0.0533642306046289	0.2915	0.10275	depth_natural	Interior_relict	176	50	13	0.02	0.1
200	398	0.02	3.98	30	73	0.635	0.222861250898634	5.64356904786591	2.81864766904137	0.430642534279437	0.542713567839196	0.0477497738724309	0.294875	0.076375	depth_natural	Interior_relict	177	50	13	0.02	0.1
200	398	0.02	3.98	30	73	0.64	0.227466733617876	5.69672529348769	2.89431594488189	0.433817959142446	0.550251256281407	0.04574742525412	0.2485	0.08675	depth_natural	Interior_relict	178	50	13	0.02	0.1
200	398	0.02	3.98	31	91	0.55	0.255627009646302	6.22956693150379	2.66255212677231	0.403029595212242	0.5	0.0493978615509934	0.232	0.0705	depth_natural	Interior_relict	179	50	13	0.02	0.1
200	398	0.02	3.98	29	77	0.62	0.213694507148232	5.26999430753037	2.79438762129557	0.42569632079998	0.505025125628141	0.0485306740802364	0.28525	0.09625	depth_natural	Interior_relict	180	50	13	0.02	0.1
200	398	0.02	3.98	23	76	0.625	0.220137931034483	4.89034798853158	2.87961290322581	0.434023130729022	0.532663316582915	0.0500399793690486	0.272875	0.092625	depth_natural	Interior_relict	181	50	13	0.02	0.1
200	398	0.02	3.98	20	66	0.675	0.214835948644793	4.75413248594764	3.09297954671089	0.448154718315194	0.552763819095477	0.0521807578064592	0.318625	0.091375	depth_natural	Interior_relict	182	50	13	0.02	0.1
200	398	0.02	3.98	20	66	0.675	0.196228638774308	4.43694745732467	3.00917634051962	0.43537095022853	0.542713567839196	0.0525328329210213	0.303875	0.104875	depth_natural	Interior_relict	183	50	13	0.02	0.1
200	398	0.02	3.98	20	65	0.68	0.213500305436775	4.17719902039699	3.06938997821351	0.479148253831974	0.537688442211055	0.045409587481714	0.27825	0.109	depth_natural	Interior_relict	184	50	13	0.02	0.1
200	398	0.02	3.98	26	64	0.685	0.202635914332784	5.05425187075513	3.02984113353371	0.452090856291508	0.512562814070352	0.0522362374888342	0.293125	0.103125	depth_natural	Interior_relict	185	50	13	0.02	0.1
200	398	0.02	3.98	24	76	0.625	0.218208807521029	5.46735596768637	2.81483870967742	0.42721774702659	0.550251256281407	0.0490532489529496	0.266375	0.077375	depth_natural	Interior_relict	186	50	13	0.02	0.1
200	398	0.02	3.98	28	71	0.65	0.236947791164659	5.04953566650186	2.94991055456172	0.468542461048963	0.57035175879397	0.0447513416700517	0.30525	0.0885	depth_natural	Interior_relict	187	50	13	0.02	0.1
200	398	0.02	3.98	31	82	0.595	0.300137048880767	6.59037399727986	2.91397236860846	0.495142168127068	0.585427135678392	0.0449628357832083	0.248375	0.077125	depth_natural	Interior_relict	188	50	13	0.02	0.1
200	398	0.02	3.98	23	82	0.595	0.295882053889171	5.40536994298264	2.83392679105541	0.489962374687508	0.552763819095477	0.0474203489472887	0.261875	0.077375	depth_natural	Interior_relict	189	50	13	0.02	0.1
200	398	0.02	3.98	24	70	0.655	0.24073093220339	5.08157098379061	2.96629477392836	0.469539910608318	0.522613065326633	0.0483606399935173	0.302875	0.094375	depth_natural	Interior_relict	190	50	13	0.02	0.1
200	398	0.02	3.98	29	76	0.625	0.246506024096386	5.8045492214844	2.84387096774194	0.445436983914548	0.474874371859296	0.0485560778873348	0.283875	0.081375	depth_natural	Interior_relict	191	50	13	0.02	0.1
200	398	0.02	3.98	21	56	0.725	0.203389830508475	4.39778972545914	3.21197318007663	0.470568925027146	0.535175879396985	0.0504201015952834	0.300375	0.115125	depth_natural	Interior_relict	192	50	13	0.02	0.1
200	398	0.02	3.98	23	65	0.68	0.222062211981567	4.47711402964502	3.04531590413943	0.456784550895179	0.547738693467337	0.0471457877564993	0.3255	0.10575	depth_natural	Interior_relict	193	50	13	0.02	0.1
200	398	0.02	3.98	30	67	0.67	0.205288985823337	4.69899291462298	2.89799124677365	0.473362415090528	0.603015075376884	0.0540280606234368	0.284	0.0995	depth_natural	Interior_relict	194	50	13	0.02	0.1
200	398	0.02	3.98	30	66	0.675	0.199503311258278	4.62154519330722	2.98728579325594	0.45272530996692	0.547738693467337	0.0475498009071814	0.341625	0.098625	depth_natural	Interior_relict	195	50	13	0.02	0.1
200	398	0.02	3.98	24	83	0.59	0.261201629327902	5.77486824057705	2.82225119513255	0.411956137471276	0.522613065326633	0.0458704118856072	0.26675	0.08825	depth_natural	Interior_relict	196	50	13	0.02	0.1
200	398	0.02	3.98	26	72	0.64	0.25639751552795	5.83339228231287	2.90182086614173	0.470890886593773	0.562814070351759	0.0496071791078476	0.28	0.08475	depth_natural	Interior_relict	197	50	13	0.02	0.1
200	398	0.02	3.98	32	72	0.645	0.213839389030317	5.98814691863918	2.8047480620155	0.411391126486705	0.520100502512563	0.0525412097020611	0.293625	0.076625	depth_natural	Interior_relict	198	50	13	0.02	0.1
200	398	0.02	3.98	21	66	0.67	0.233941093969144	4.71012793987838	3.04870384917518	0.466882149440671	0.522613065326633	0.0495032436158416	0.2465	0.09625	depth_natural	Interior_relict	199	50	13	0.02	0.1
200	398	0.02	3.98	21	71	0.64	0.286831028262177	4.55770968638635	3.08722933070866	0.507165223100427	0.57286432160804	0.0437830037964775	0.24175	0.10075	depth_natural	Interior_relict	200	50	13	0.02	0.1
200	398	0.02	3.98	26	129	0.35	0.628732991694646	10.2692470076727	2.4111801242236	0.518241332289589	0.525125628140704	0.0264137554884674	0.1575	0.03325	interior_impaired	Coastal_impaired	1	9	9	0.02	0.1
200	398	0.02	3.98	25	101	0.5	0.527689680409856	6.94512781466867	3.23151515151515	0.631376101613596	0.550251256281407	0.0307701347992766	0.1935	0.06825	interior_impaired	Coastal_impaired	2	9	9	0.02	0.1
200	398	0.02	3.98	34	143	0.29	0.664346590909091	14.3283844869015	2.23532970356927	0.379428549784096	0.489949748743719	0.0225148720419039	0.11825	0.02925	interior_impaired	Coastal_impaired	3	9	9	0.02	0.1
200	398	0.02	3.98	24	119	0.41	0.511316669946861	8.95294609761492	2.67028003613369	0.487572914825383	0.469849246231156	0.034751336271922	0.1875	0.05575	interior_impaired	Coastal_impaired	4	9	9	0.02	0.1
200	398	0.02	3.98	26	107	0.415	0.512387634290726	9.09298356247044	2.808698207464	0.56833476427363	0.525125628140704	0.0305174406560177	0.200625	0.053625	interior_impaired	Coastal_impaired	5	9	9	0.02	0.1
200	398	0.02	3.98	20	144	0.285	0.888444941665335	12.9039716111442	3.14285714285714	0.556131789601273	0.85929648241206	0.0229459026295664	0.138125	0.023125	interior_impaired	Coastal_impaired	6	9	9	0.02	0.1
200	398	0.02	3.98	19	102	0.495	0.482903734876381	6.38931802257244	3.01793444650588	0.58644352415343	0.525125628140704	0.0360797401302153	0.227875	0.066125	interior_impaired	Coastal_impaired	7	9	9	0.02	0.1
200	398	0.02	3.98	24	149	0.26	0.817786159872334	14.6282425551311	2.30165912518854	0.462952324436252	0.670854271356784	0.0233003574250727	0.1065	0.0245	interior_impaired	Coastal_impaired	8	9	9	0.02	0.1
200	398	0.02	3.98	29	99	0.51	0.484130859375	6.43605801242862	3.15977480100951	0.611060958056615	0.57286432160804	0.0321936080780207	0.2145	0.0525	interior_impaired	Coastal_impaired	9	9	9	0.02	0.1
200	398	0.02	3.98	23	117	0.41	0.579388855602157	9.72007816889851	2.7940379403794	0.534503547890205	0.542713567839196	0.0333255965323086	0.19475	0.0505	interior_impaired	Coastal_impaired	10	9	9	0.02	0.1
200	398	0.02	3.98	18	105	0.45	0.517031011692933	7.12583717475662	2.89662921348315	0.597566980631802	0.562814070351759	0.036983081383823	0.1985	0.06	interior_impaired	Coastal_impaired	11	9	9	0.02	0.1
200	398	0.02	3.98	20	111	0.45	0.549830508474576	8.71192722129525	3.02971285892634	0.563713668846746	0.562814070351759	0.0327508732502944	0.2235	0.0635	interior_impaired	Coastal_impaired	12	9	9	0.02	0.1
200	398	0.02	3.98	23	100	0.5	0.542452830188679	6.74566709952265	3.12424242424242	0.629539026792253	0.557788944723618	0.030527426997079	0.23225	0.06275	interior_impaired	Coastal_impaired	13	9	9	0.02	0.1
200	398	0.02	3.98	22	114	0.415	0.634073734829402	7.89707310473313	2.93388186893917	0.621136461200475	0.57035175879397	0.0319180113143053	0.178875	0.056625	interior_impaired	Coastal_impaired	14	9	9	0.02	0.1
200	398	0.02	3.98	22	101	0.5	0.432974191931847	7.00557642700864	2.99292929292929	0.514336759172748	0.449748743718593	0.0355176289130294	0.227	0.07375	interior_impaired	Coastal_impaired	15	9	9	0.02	0.1
200	398	0.02	3.98	26	102	0.48	0.4960520204366	8.41801689969273	3.08421052631579	0.52379674755688	0.472361809045226	0.0325772194367521	0.157	0.06175	interior_impaired	Coastal_impaired	16	9	9	0.02	0.1
200	398	0.02	3.98	26	130	0.355	0.72436974789916	10.3925338045134	3.20764587525151	0.574884472614328	0.522613065326633	0.0280190240633632	0.124125	0.035375	interior_impaired	Coastal_impaired	17	9	9	0.02	0.1
200	398	0.02	3.98	19	90	0.55	0.456906729634002	5.38793336131099	3.18632193494579	0.591598065705412	0.540201005025126	0.0393752901038305	0.2565	0.08925	interior_impaired	Coastal_impaired	18	9	9	0.02	0.1
200	398	0.02	3.98	29	128	0.365	0.622332506203474	12.9405557839043	2.91742770167428	0.475161612080503	0.492462311557789	0.0281648810853829	0.157625	0.038375	interior_impaired	Coastal_impaired	19	9	9	0.02	0.1
200	398	0.02	3.98	22	112	0.445	0.541094486575118	8.99838141888233	2.93718079673136	0.524617433903184	0.507537688442211	0.0319832871210926	0.170875	0.053125	interior_impaired	Coastal_impaired	20	9	9	0.02	0.1
200	398	0.02	3.98	30	116	0.425	0.504447268106734	7.69134866848907	2.63557422969188	0.55532057271281	0.530150753768844	0.0284800012552879	0.202125	0.046625	interior_impaired	Coastal_impaired	21	9	9	0.02	0.1
200	398	0.02	3.98	32	148	0.265	0.642520360051436	13.9202225510224	2.13207547169811	0.394983712532512	0.494974874371859	0.0230755633973648	0.137375	0.026125	interior_impaired	Coastal_impaired	22	9	9	0.02	0.1
200	398	0.02	3.98	27	117	0.42	0.594917463075586	8.24356553686018	2.90189328743546	0.600010100755031	0.580402010050251	0.0329402386972406	0.166	0.056	interior_impaired	Coastal_impaired	23	9	9	0.02	0.1
200	398	0.02	3.98	30	106	0.475	0.561160714285714	8.07994044782486	2.93325867861142	0.585398727304866	0.57035175879397	0.0339362788879968	0.216125	0.058625	interior_impaired	Coastal_impaired	24	9	9	0.02	0.1
200	398	0.02	3.98	20	104	0.435	0.60196292257361	6.28830295510844	3.43303929430634	0.681469533597636	0.590452261306533	0.0307206669869008	0.193875	0.064125	interior_impaired	Coastal_impaired	25	9	9	0.02	0.1
200	398	0.02	3.98	19	113	0.44	0.712897526501767	9.60081822983737	3.47257053291536	0.658259892426959	0.600502512562814	0.0327419640375969	0.16575	0.06075	interior_impaired	Coastal_impaired	26	9	9	0.02	0.1
200	398	0.02	3.98	18	120	0.405	0.808876003568243	10.8660380928947	3.58425925925926	0.665570313880963	0.751256281407035	0.02809368894238	0.178375	0.066375	interior_impaired	Coastal_impaired	27	9	9	0.02	0.1
200	398	0.02	3.98	36	135	0.33	0.684470377019749	14.19230460159	2.61818181818182	0.451058685386733	0.5	0.0282387488134598	0.14725	0.03725	interior_impaired	Coastal_impaired	28	9	9	0.02	0.1
200	398	0.02	3.98	19	104	0.465	0.652073139325264	7.52001490211293	3.66760168302945	0.690916896037979	0.608040201005025	0.0328824285871873	0.192875	0.058125	interior_impaired	Coastal_impaired	29	9	9	0.02	0.1
200	398	0.02	3.98	20	111	0.415	0.683351177730193	6.86056991751401	3.43961210696444	0.70668985631676	0.618090452261307	0.0325760595960426	0.159375	0.064125	interior_impaired	Coastal_impaired	30	9	9	0.02	0.1
200	398	0.02	3.98	22	115	0.43	0.563730084348641	7.89457385519149	2.99480164158687	0.591853741067145	0.525125628140704	0.0312803339683344	0.196	0.063	interior_impaired	Coastal_impaired	31	9	9	0.02	0.1
200	398	0.02	3.98	30	132	0.285	0.638987341772152	12.3138462391517	2.19987468671679	0.481897553092094	0.474874371859296	0.0257152119347387	0.132625	0.033375	interior_impaired	Coastal_impaired	32	9	9	0.02	0.1
200	398	0.02	3.98	24	147	0.27	0.719035101283439	13.0488909776687	2.03633822501747	0.472743743844852	0.489949748743719	0.0256530560769113	0.129	0.02875	interior_impaired	Coastal_impaired	33	9	9	0.02	0.1
200	398	0.02	3.98	20	101	0.5	0.415219611848825	6.18404163526224	2.90222222222222	0.523099164162521	0.527638190954774	0.0374087708426013	0.218	0.07375	interior_impaired	Coastal_impaired	34	9	9	0.02	0.1
200	398	0.02	3.98	22	122	0.395	0.609597924773022	8.51608643359532	3.03700097370983	0.589719956566753	0.472361809045226	0.0285623362550936	0.183125	0.057125	interior_impaired	Coastal_impaired	35	9	9	0.02	0.1
200	398	0.02	3.98	21	110	0.455	0.626210312992569	8.92976551856706	3.26715506715507	0.603943082245398	0.487437185929648	0.0333094808409011	0.181625	0.067625	interior_impaired	Coastal_impaired	36	9	9	0.02	0.1
200	398	0.02	3.98	36	129	0.26	0.647351581940988	11.3978785087349	2.08521870286576	0.566690235095073	0.653266331658292	0.0298184006517029	0.1195	0.03025	interior_impaired	Coastal_impaired	37	9	9	0.02	0.1
200	398	0.02	3.98	39	154	0.235	0.59460348798947	17.2893810344458	1.74375578168363	0.192637180879271	0.520100502512563	0.023583466368261	0.125875	0.021875	interior_impaired	Coastal_impaired	38	9	9	0.02	0.1
200	398	0.02	3.98	16	91	0.55	0.464646464646465	4.93306149195353	3.23169307756464	0.607604605944294	0.535175879396985	0.0397815898992439	0.2315	0.08875	interior_impaired	Coastal_impaired	39	9	9	0.02	0.1
200	398	0.02	3.98	18	95	0.53	0.49353507565337	6.01146287385235	3.23647798742138	0.620322087826065	0.527638190954774	0.0371509570664178	0.229	0.07825	interior_impaired	Coastal_impaired	40	9	9	0.02	0.1
200	398	0.02	3.98	17	89	0.555	0.60486674391657	6.97139974382134	3.64275184275184	0.679323123153456	0.57286432160804	0.0355395819586273	0.237625	0.084875	interior_impaired	Coastal_impaired	41	9	9	0.02	0.1
200	398	0.02	3.98	32	129	0.235	0.722977941176471	12.3280767688534	2.22849213691027	0.562820383323653	0.623115577889447	0.0283037648634092	0.111625	0.027875	interior_impaired	Coastal_impaired	42	9	9	0.02	0.1
200	398	0.02	3.98	23	106	0.455	0.528688524590164	8.20493469228714	2.96605616605617	0.590307062952956	0.49748743718593	0.0313090665778867	0.181375	0.054125	interior_impaired	Coastal_impaired	43	9	9	0.02	0.1
200	398	0.02	3.98	26	128	0.365	0.540240871726247	9.9587915082299	2.44596651445966	0.498267089214919	0.505025125628141	0.0307598167348887	0.184875	0.046125	interior_impaired	Coastal_impaired	44	9	9	0.02	0.1
200	398	0.02	3.98	22	127	0.37	0.539339584182634	8.66616460949827	2.49203998519067	0.4901486073584	0.479899497487437	0.0355120201863	0.19225	0.05175	interior_impaired	Coastal_impaired	45	9	9	0.02	0.1
200	398	0.02	3.98	24	127	0.37	0.6357918810749	11.5450830939113	2.79192891521659	0.495924976642004	0.517587939698492	0.0282175764581694	0.17825	0.0515	interior_impaired	Coastal_impaired	46	9	9	0.02	0.1
200	398	0.02	3.98	21	119	0.375	0.579871269748391	10.0411003543539	2.58306306306306	0.524721597939446	0.512562814070352	0.0335667164877307	0.150125	0.046625	interior_impaired	Coastal_impaired	47	9	9	0.02	0.1
200	398	0.02	3.98	26	115	0.43	0.626	8.3692227639001	3.37154582763338	0.608725158455595	0.547738693467337	0.0263520651551641	0.17875	0.04975	interior_impaired	Coastal_impaired	48	9	9	0.02	0.1
200	398	0.02	3.98	30	96	0.525	0.46971177332682	7.46949463323141	3.14194139194139	0.586929622989318	0.515075376884422	0.0323460149992781	0.238625	0.076125	interior_impaired	Coastal_impaired	49	9	9	0.02	0.1
200	398	0.02	3.98	20	97	0.52	0.507212925562608	5.52878457414999	3.19958924570575	0.62369005833186	0.542713567839196	0.0356949591304225	0.23625	0.083	interior_impaired	Coastal_impaired	50	9	9	0.02	0.1
200	398	0.02	3.98	25	129	0.36	0.577478344562079	9.95895589742427	2.39358372456964	0.513765435216282	0.527638190954774	0.0308726744850102	0.1625	0.04475	interior_impaired	Coastal_impaired	51	9	9	0.02	0.1
200	398	0.02	3.98	27	127	0.37	0.564372918978912	10.4820338223052	2.46205109218808	0.456200600994924	0.510050251256281	0.0286368439956347	0.192	0.0425	interior_impaired	Coastal_impaired	52	9	9	0.02	0.1
200	398	0.02	3.98	30	120	0.405	0.589195272931908	10.7182007651265	3.14876543209877	0.530491654251155	0.557788944723618	0.0280718830244263	0.165875	0.051125	interior_impaired	Coastal_impaired	53	9	9	0.02	0.1
200	398	0.02	3.98	30	126	0.365	0.578080229226361	10.2426190704089	2.4779299847793	0.484586879119214	0.512562814070352	0.0292115986719364	0.185375	0.040875	interior_impaired	Coastal_impaired	54	9	9	0.02	0.1
200	398	0.02	3.98	24	115	0.405	0.548724656638326	8.50297440712917	3.29598765432099	0.556800964622105	0.530150753768844	0.0315649660925356	0.188875	0.047875	interior_impaired	Coastal_impaired	55	9	9	0.02	0.1
200	398	0.02	3.98	41	156	0.225	0.74990541051835	15.7136233221919	1.63434343434343	0.325872452715841	0.50251256281407	0.0240865469854773	0.103125	0.023125	interior_impaired	Coastal_impaired	56	9	9	0.02	0.1
200	398	0.02	3.98	19	96	0.52	0.44429347826087	6.07083400081097	3.09260642270351	0.566242014090553	0.510050251256281	0.0375801006859868	0.24	0.0765	interior_impaired	Coastal_impaired	57	9	9	0.02	0.1
200	398	0.02	3.98	26	97	0.52	0.416929420325006	6.40424108129285	2.87957430918596	0.55650109845711	0.454773869346734	0.0330836037130893	0.19525	0.067	interior_impaired	Coastal_impaired	58	9	9	0.02	0.1
200	398	0.02	3.98	29	101	0.475	0.507085020242915	6.80856274245525	3.07928331466965	0.632405116032423	0.550251256281407	0.0303476427156296	0.205875	0.061625	interior_impaired	Coastal_impaired	59	9	9	0.02	0.1
200	398	0.02	3.98	23	108	0.465	0.594405594405594	8.69310645050067	3.51636278634876	0.634706194288023	0.487437185929648	0.0316094029525299	0.175375	0.059375	interior_impaired	Coastal_impaired	60	9	9	0.02	0.1
200	398	0.02	3.98	28	158	0.215	0.74045534150613	17.3528909361462	1.73421926910299	0.22580237872781	0.552763819095477	0.0126838623321291	0.111125	0.020625	interior_impaired	Coastal_impaired	61	9	9	0.02	0.1
200	398	0.02	3.98	20	88	0.565	0.529516994633274	6.20829938295666	3.76232616940582	0.657742228731597	0.510050251256281	0.0350422702217959	0.256125	0.095375	interior_impaired	Coastal_impaired	62	9	9	0.02	0.1
200	398	0.02	3.98	20	102	0.495	0.458560794044665	6.47109962896196	2.85322613894042	0.535595692027979	0.527638190954774	0.0374792684004034	0.224625	0.062125	interior_impaired	Coastal_impaired	63	9	9	0.02	0.1
200	398	0.02	3.98	24	117	0.42	0.511289622231871	8.02551128707817	2.58261617900172	0.514854422868109	0.482412060301508	0.0330643486391318	0.201	0.06175	interior_impaired	Coastal_impaired	64	9	9	0.02	0.1
200	398	0.02	3.98	20	113	0.44	0.637117800426641	8.7209579091673	3.17319749216301	0.668963536274337	0.517587939698492	0.0315995939240597	0.192	0.05125	interior_impaired	Coastal_impaired	65	9	9	0.02	0.1
200	398	0.02	3.98	27	110	0.38	0.613620407208051	8.03080645063994	3.00035087719298	0.631133052195652	0.530150753768844	0.0310146722854485	0.15675	0.04475	interior_impaired	Coastal_impaired	66	9	9	0.02	0.1
200	398	0.02	3.98	21	123	0.39	0.558666666666667	7.84476035614297	2.52747252747253	0.544579051034065	0.49748743718593	0.0344022473709803	0.16375	0.052	interior_impaired	Coastal_impaired	67	9	9	0.02	0.1
200	398	0.02	3.98	24	103	0.47	0.583271650629164	7.53350226869345	3.1679249599634	0.648427438701043	0.530150753768844	0.0311581622061469	0.1985	0.0575	interior_impaired	Coastal_impaired	68	9	9	0.02	0.1
200	398	0.02	3.98	21	107	0.39	0.690866510538642	7.44988647735538	3.07392607392607	0.71037031893134	0.680904522613065	0.0324394626127704	0.1855	0.051	interior_impaired	Coastal_impaired	69	9	9	0.02	0.1
200	398	0.02	3.98	20	92	0.515	0.472722237607311	6.11140445528787	3.29735389301352	0.627755612232014	0.520100502512563	0.0354416101663298	0.233875	0.071375	interior_impaired	Coastal_impaired	70	9	9	0.02	0.1
200	398	0.02	3.98	32	124	0.385	0.510659232535257	10.5758548169052	2.34415584415584	0.428224666043787	0.484924623115578	0.0287434967458165	0.177375	0.037625	interior_impaired	Coastal_impaired	71	9	9	0.02	0.1
200	398	0.02	3.98	23	130	0.355	0.596385542168675	10.2613850656971	2.61327967806841	0.4882610287619	0.464824120603015	0.0279984479961874	0.175125	0.041875	interior_impaired	Coastal_impaired	72	9	9	0.02	0.1
200	398	0.02	3.98	22	101	0.465	0.567527675276753	8.49987722952538	3.16806919121085	0.617190853766319	0.590452261306533	0.0328443443968174	0.197875	0.065125	interior_impaired	Coastal_impaired	73	9	9	0.02	0.1
200	398	0.02	3.98	21	114	0.435	0.563477025106585	7.57445077031958	2.87543437583534	0.58869725511982	0.537688442211055	0.0333357304326455	0.192625	0.066125	interior_impaired	Coastal_impaired	74	9	9	0.02	0.1
200	398	0.02	3.98	25	99	0.51	0.430961232076474	5.72981142862416	3.10328091632693	0.570594808211914	0.517587939698492	0.0372681803006892	0.22325	0.07025	interior_impaired	Coastal_impaired	75	9	9	0.02	0.1
200	398	0.02	3.98	32	110	0.455	0.621811224489796	8.42126851314006	3.68937728937729	0.603034014292568	0.615577889447236	0.0248741823580685	0.158125	0.042125	interior_impaired	Coastal_impaired	76	9	9	0.02	0.1
200	398	0.02	3.98	21	97	0.52	0.481026189203634	6.13883501156383	3.02912621359223	0.59036072321406	0.520100502512563	0.0364846270415798	0.23925	0.0805	interior_impaired	Coastal_impaired	77	9	9	0.02	0.1
200	398	0.02	3.98	29	115	0.37	0.603573792190602	8.7153505852056	2.75046279155868	0.588277442488826	0.540201005025126	0.0331554801749335	0.1555	0.0485	interior_impaired	Coastal_impaired	78	9	9	0.02	0.1
200	398	0.02	3.98	27	110	0.38	0.613620407208051	8.03080645063994	3.00035087719298	0.631133052195652	0.530150753768844	0.0310146722854485	0.15	0.04475	interior_impaired	Coastal_impaired	79	9	9	0.02	0.1
200	398	0.02	3.98	32	140	0.285	0.598259276225378	12.7627320024968	2.10526315789474	0.378225928638166	0.4321608040201	0.0284858696431516	0.137875	0.035875	interior_impaired	Coastal_impaired	80	9	9	0.02	0.1
200	398	0.02	3.98	21	100	0.505	0.476215505913272	6.12655745890529	2.95762376237624	0.559184111512335	0.542713567839196	0.0369488458644681	0.203375	0.065625	interior_impaired	Coastal_impaired	81	9	9	0.02	0.1
200	398	0.02	3.98	19	111	0.45	0.576866404715128	7.62347346879314	3.07815230961298	0.63246824575137	0.515075376884422	0.0314357787418495	0.174	0.067	interior_impaired	Coastal_impaired	82	9	9	0.02	0.1
200	398	0.02	3.98	23	105	0.48	0.454406130268199	6.3868547307712	2.8390350877193	0.554881821166132	0.5	0.0379742524498211	0.23675	0.071	interior_impaired	Coastal_impaired	83	9	9	0.02	0.1
200	398	0.02	3.98	28	171	0.15	0.974842767295597	22.0802762879049	1.09425287356322	0.00718416201611076	0.768844221105528	0.0180778151567141	0.07625	0.0155	interior_impaired	Coastal_impaired	84	9	9	0.02	0.1
200	398	0.02	3.98	31	160	0.205	0.823618559104686	18.3959791672718	1.76219512195122	0.212743996363728	0.5678391959799	0.0238477437182717	0.108125	0.022875	interior_impaired	Coastal_impaired	85	9	9	0.02	0.1
200	398	0.02	3.98	19	96	0.525	0.424331550802139	6.2671416410193	3.15677655677656	0.534437261685311	0.487437185929648	0.0352844164386015	0.238375	0.077875	interior_impaired	Coastal_impaired	86	9	9	0.02	0.1
200	398	0.02	3.98	18	103	0.465	0.561560769839177	6.59893165847827	3.01986909770921	0.64860735840004	0.547738693467337	0.0359235022150156	0.200625	0.066875	interior_impaired	Coastal_impaired	87	9	9	0.02	0.1
200	398	0.02	3.98	22	99	0.51	0.506513809275664	6.37309058228935	3.05591147350029	0.617866341759046	0.525125628140704	0.0364828926923405	0.2345	0.078	interior_impaired	Coastal_impaired	88	9	9	0.02	0.1
200	398	0.02	3.98	20	113	0.37	0.696415508412582	7.7714596151555	3.15475749722325	0.695086613974395	0.565326633165829	0.0317525018589399	0.12075	0.04225	interior_impaired	Coastal_impaired	89	9	9	0.02	0.1
200	398	0.02	3.98	25	113	0.435	0.662082957619477	9.36869630430735	3.35311414060412	0.652518244488776	0.600502512562814	0.0319204132877294	0.152125	0.052125	interior_impaired	Coastal_impaired	90	9	9	0.02	0.1
200	398	0.02	3.98	18	111	0.41	0.740229885057471	7.94341739707942	3.67871123155676	0.721209691674453	0.660804020100503	0.0321232686494042	0.15325	0.04575	interior_impaired	Coastal_impaired	91	9	9	0.02	0.1
200	398	0.02	3.98	22	105	0.48	0.578277886497065	7.90841083246895	3.31644736842105	0.623393348652812	0.57035175879397	0.03061556758364	0.21025	0.06775	interior_impaired	Coastal_impaired	92	9	9	0.02	0.1
200	398	0.02	3.98	23	122	0.37	0.563503071131365	9.6881491224234	2.598667160311	0.513948511401227	0.49748743718593	0.0327728414175482	0.16825	0.043	interior_impaired	Coastal_impaired	93	9	9	0.02	0.1
200	398	0.02	3.98	21	96	0.505	0.424485699949824	7.13065423044424	3.06633663366337	0.501594025403399	0.50251256281407	0.0354781020899469	0.240375	0.075625	interior_impaired	Coastal_impaired	94	9	9	0.02	0.1
200	398	0.02	3.98	23	121	0.4	0.560240963855422	8.06413000728611	2.60822784810127	0.506514986995278	0.5	0.0296318018784337	0.18525	0.0515	interior_impaired	Coastal_impaired	95	9	9	0.02	0.1
200	398	0.02	3.98	22	103	0.49	0.502496255616575	6.49915033152714	2.98148537765622	0.587756622307517	0.555276381909548	0.0374532471038515	0.21875	0.0525	interior_impaired	Coastal_impaired	96	9	9	0.02	0.1
200	398	0.02	3.98	28	130	0.355	0.604107530472533	11.3909729788929	2.51991951710262	0.451790990126512	0.437185929648241	0.0283412258284213	0.167875	0.036875	interior_impaired	Coastal_impaired	97	9	9	0.02	0.1
200	398	0.02	3.98	26	140	0.305	0.672517321016166	12.9856725584207	2.43169398907104	0.437144895330926	0.530150753768844	0.0214590336522459	0.150375	0.037625	interior_impaired	Coastal_impaired	98	9	9	0.02	0.1
200	398	0.02	3.98	23	118	0.415	0.538096265918411	8.16898757156574	2.74346165148398	0.536690992651701	0.545226130653266	0.0329813570623587	0.186125	0.050375	interior_impaired	Coastal_impaired	99	9	9	0.02	0.1
200	398	0.02	3.98	16	90	0.555	0.436470259703993	5.73792276347441	3.15642915642916	0.574723491831014	0.510050251256281	0.037519105790077	0.235375	0.085875	interior_impaired	Coastal_impaired	100	9	9	0.02	0.1
200	398	0.02	3.98	21	118	0.415	0.643618280843003	7.54417972591526	3.10637672641787	0.631717002095907	0.517587939698492	0.0325911774298957	0.176625	0.047375	interior_impaired	Coastal_impaired	101	9	9	0.02	0.1
200	398	0.02	3.98	33	121	0.4	0.549943883277217	9.04364197860935	2.77974683544304	0.559395596070806	0.557788944723618	0.0298443533651277	0.183	0.03125	interior_impaired	Coastal_impaired	102	9	9	0.02	0.1
200	398	0.02	3.98	23	116	0.42	0.5118004045853	7.53963909167536	2.85542168674699	0.518607484659478	0.555276381909548	0.0334262619292747	0.18325	0.05575	interior_impaired	Coastal_impaired	103	9	9	0.02	0.1
200	398	0.02	3.98	23	91	0.535	0.405045744385916	5.59205470572572	2.9520366778346	0.565768541198455	0.525125628140704	0.035816315493063	0.260875	0.076625	interior_impaired	Coastal_impaired	104	9	9	0.02	0.1
200	398	0.02	3.98	26	106	0.475	0.468200270635995	7.21992404660519	2.79014557670773	0.552830105300371	0.515075376884422	0.0333740184310603	0.205125	0.057875	interior_impaired	Coastal_impaired	105	9	9	0.02	0.1
200	398	0.02	3.98	21	111	0.45	0.55141296604132	7.26228950814362	3.08464419475655	0.58883929698745	0.49748743718593	0.0309977822604838	0.20125	0.059	interior_impaired	Coastal_impaired	106	9	9	0.02	0.1
200	398	0.02	3.98	24	109	0.445	0.61627358490566	7.3426778170833	2.92671092951992	0.645444559480821	0.613065326633166	0.0315688255364363	0.196125	0.044375	interior_impaired	Coastal_impaired	107	9	9	0.02	0.1
200	398	0.02	3.98	18	87	0.565	0.54470300061237	5.41697548758635	3.72487357774968	0.679654554177925	0.517587939698492	0.0343213458803228	0.237125	0.060625	interior_impaired	Coastal_impaired	108	9	9	0.02	0.1
200	398	0.02	3.98	26	127	0.37	0.638656987295826	11.2642195714575	2.7660125879304	0.498948890179541	0.532663316582915	0.0298215304970934	0.1725	0.0415	interior_impaired	Coastal_impaired	109	9	9	0.02	0.1
200	398	0.02	3.98	25	133	0.34	0.696475082479597	11.0817370916008	2.80333625987709	0.488939673240575	0.537688442211055	0.0291100005706343	0.12125	0.04275	interior_impaired	Coastal_impaired	110	9	9	0.02	0.1
200	398	0.02	3.98	25	115	0.43	0.534237132352941	7.60835615964739	2.88508891928865	0.561570414888513	0.477386934673367	0.0339336249973169	0.18925	0.059	interior_impaired	Coastal_impaired	111	9	9	0.02	0.1
200	398	0.02	3.98	21	109	0.46	0.472639348434716	6.24791628294146	2.75250836120401	0.554828160905028	0.537688442211055	0.0372460387325826	0.19325	0.0665	interior_impaired	Coastal_impaired	112	9	9	0.02	0.1
200	398	0.02	3.98	21	108	0.465	0.474364791288566	7.48362224840046	2.73842917251052	0.530280169692684	0.49748743718593	0.0338919571752912	0.189625	0.064125	interior_impaired	Coastal_impaired	113	9	9	0.02	0.1
200	398	0.02	3.98	25	109	0.46	0.557665260196906	7.56987605707297	3.0370281892021	0.610896820787354	0.542713567839196	0.0334004351767988	0.16625	0.0535	interior_impaired	Coastal_impaired	114	9	9	0.02	0.1
200	398	0.02	3.98	29	149	0.26	0.83563726845452	15.8545219119989	2.56184012066365	0.420642786798313	0.510050251256281	0.0254610078420521	0.10025	0.02325	interior_impaired	Coastal_impaired	115	9	9	0.02	0.1
200	398	0.02	3.98	21	99	0.51	0.503811163019425	7.08635471677293	3.25431954960202	0.589947223554961	0.464824120603015	0.0333567892373928	0.19025	0.06475	interior_impaired	Coastal_impaired	116	9	9	0.02	0.1
200	398	0.02	3.98	24	97	0.515	0.5	6.06475400716654	3.14525033314297	0.613418853059266	0.527638190954774	0.0367116590580561	0.225125	0.072875	interior_impaired	Coastal_impaired	117	9	9	0.02	0.1
200	398	0.02	3.98	30	129	0.36	0.597310422114307	10.5523458326706	2.43427230046948	0.522960278780839	0.547738693467337	0.0285106635058167	0.16125	0.0425	interior_impaired	Coastal_impaired	118	9	9	0.02	0.1
200	398	0.02	3.98	33	138	0.315	0.620959843290891	11.5689924715241	2.17665130568356	0.427839574758213	0.477386934673367	0.0296505224105454	0.146625	0.037625	interior_impaired	Coastal_impaired	119	9	9	0.02	0.1
200	398	0.02	3.98	26	121	0.4	0.657578359811078	9.36483276367839	2.87373417721519	0.609687886669529	0.522613065326633	0.0339268385628557	0.18525	0.0555	interior_impaired	Coastal_impaired	120	9	9	0.02	0.1
200	398	0.02	3.98	18	108	0.37	0.685890834191555	7.67871737063081	3.0836727138097	0.717573419863135	0.648241206030151	0.0327070958327381	0.17125	0.03825	interior_impaired	Coastal_impaired	121	9	9	0.02	0.1
200	398	0.02	3.98	22	105	0.48	0.615384615384615	8.16926246118386	3.45964912280702	0.634759854549128	0.557788944723618	0.0331229929101201	0.2185	0.07375	interior_impaired	Coastal_impaired	122	9	9	0.02	0.1
200	398	0.02	3.98	24	114	0.435	0.557821653287047	8.40718928596044	2.9529537556803	0.584514911239615	0.5678391959799	0.0340781129804547	0.202875	0.050125	interior_impaired	Coastal_impaired	123	9	9	0.02	0.1
200	398	0.02	3.98	15	84	0.58	0.398039215686274	4.40879433057837	3.17736131934033	0.602289083609	0.515075376884422	0.0400252607040304	0.2635	0.10175	interior_impaired	Coastal_impaired	124	9	9	0.02	0.1
200	398	0.02	3.98	23	118	0.415	0.574077976817703	8.33367751962654	2.77020276226859	0.55699666675084	0.540201005025126	0.0313300990550191	0.173125	0.047875	interior_impaired	Coastal_impaired	125	9	9	0.02	0.1
200	398	0.02	3.98	23	121	0.395	0.626128838049368	9.49026319905568	2.9185329438494	0.565771697684402	0.520100502512563	0.0286172312983394	0.173625	0.044125	interior_impaired	Coastal_impaired	126	9	9	0.02	0.1
200	398	0.02	3.98	20	125	0.315	0.846854856634808	10.0766850535766	3.1326164874552	0.722443877679857	0.751256281407035	0.0254085417337483	0.123125	0.046125	interior_impaired	Coastal_impaired	127	9	9	0.02	0.1
200	398	0.02	3.98	22	109	0.46	0.575451263537906	7.53904517651057	3.20090778786431	0.619649756319285	0.492462311557789	0.0322053804718318	0.2	0.0635	interior_impaired	Coastal_impaired	128	9	9	0.02	0.1
200	398	0.02	3.98	20	106	0.46	0.749621785173979	9.23176872651578	3.9483994266603	0.707589454811747	0.628140703517588	0.0321841773427945	0.16925	0.0675	interior_impaired	Coastal_impaired	129	9	9	0.02	0.1
200	398	0.02	3.98	21	119	0.41	0.613761467889908	9.05612442364564	2.8187292984041	0.58735259210626	0.585427135678392	0.033411108576867	0.20425	0.055	interior_impaired	Coastal_impaired	130	9	9	0.02	0.1
200	398	0.02	3.98	19	118	0.415	0.520762423417291	7.42444081542133	2.77372906259183	0.491531148203328	0.545226130653266	0.0324888475220399	0.179375	0.062875	interior_impaired	Coastal_impaired	131	9	9	0.02	0.1
200	398	0.02	3.98	20	122	0.395	0.706580591420242	9.52625792330369	3.5280753002272	0.607721395924345	0.64321608040201	0.0290454450995182	0.156375	0.044625	interior_impaired	Coastal_impaired	132	9	9	0.02	0.1
200	398	0.02	3.98	20	100	0.49	0.558569667077682	7.78852238653559	3.53439932674101	0.625441908032625	0.489949748743719	0.0308188835777662	0.16975	0.06925	interior_impaired	Coastal_impaired	133	9	9	0.02	0.1
200	398	0.02	3.98	20	88	0.565	0.415523861766319	5.99949357505553	3.24589127686473	0.551488598772758	0.505025125628141	0.0354029309815842	0.248125	0.089625	interior_impaired	Coastal_impaired	134	9	9	0.02	0.1
200	398	0.02	3.98	33	126	0.375	0.742446755819713	14.0231989128389	3.65657657657658	0.501448827049822	0.5678391959799	0.0283397538213372	0.148875	0.035375	interior_impaired	Coastal_impaired	135	9	9	0.02	0.1
200	398	0.02	3.98	22	110	0.44	0.69263862332696	9.21090084885679	3.57445141065831	0.662637938435898	0.592964824120603	0.0248548490516901	0.17775	0.05375	interior_impaired	Coastal_impaired	136	9	9	0.02	0.1
200	398	0.02	3.98	18	91	0.51	0.63181956720512	5.76388230914729	4.55464958260532	0.736221938839928	0.557788944723618	0.0272874214556408	0.1985	0.067	interior_impaired	Coastal_impaired	137	9	9	0.02	0.1
200	398	0.02	3.98	35	143	0.29	0.636067892503536	13.9265934490277	2.34724742891712	0.357014343072145	0.585427135678392	0.0196824273138896	0.129	0.02875	interior_impaired	Coastal_impaired	138	9	9	0.02	0.1
200	398	0.02	3.98	20	115	0.43	0.51846877098724	7.90604584731094	2.74309165526676	0.579799121234312	0.50251256281407	0.0357264690387958	0.178	0.059	interior_impaired	Coastal_impaired	139	9	9	0.02	0.1
200	398	0.02	3.98	17	93	0.51	0.569239835002946	6.30262769274147	3.42360706658901	0.704316178884372	0.585427135678392	0.0357558925386708	0.193	0.07325	interior_impaired	Coastal_impaired	140	9	9	0.02	0.1
200	398	0.02	3.98	24	131	0.35	0.707787610619469	11.1432954324748	2.85010351966874	0.573252569379561	0.703517587939699	0.0285475342578014	0.11675	0.033	interior_impaired	Coastal_impaired	141	9	9	0.02	0.1
200	398	0.02	3.98	42	128	0.33	0.547257105089227	11.0028417108048	2.15990675990676	0.476178000555541	0.512562814070352	0.0296450640200615	0.17675	0.03675	interior_impaired	Coastal_impaired	142	9	9	0.02	0.1
200	398	0.02	3.98	32	122	0.395	0.511422637590862	9.65591151458336	2.51736449204804	0.547170525996818	0.515075376884422	0.029378075289803	0.188625	0.036625	interior_impaired	Coastal_impaired	143	9	9	0.02	0.1
200	398	0.02	3.98	20	89	0.56	0.397744590064005	4.85943730057235	3.16151866151866	0.583002954470847	0.505025125628141	0.0402983887343685	0.2505	0.08925	interior_impaired	Coastal_impaired	144	9	9	0.02	0.1
200	398	0.02	3.98	25	113	0.44	0.574078114771983	8.55311969847987	3.10344827586207	0.580660841897932	0.492462311557789	0.0292336922369514	0.224	0.04925	interior_impaired	Coastal_impaired	145	9	9	0.02	0.1
200	398	0.02	3.98	22	94	0.535	0.532519170690145	6.50523058046307	3.53500264503615	0.682138708618469	0.552763819095477	0.0357827578888715	0.233125	0.064625	interior_impaired	Coastal_impaired	146	9	9	0.02	0.1
200	398	0.02	3.98	19	96	0.525	0.405612244897959	5.34349816129582	3.13131868131868	0.529576273326431	0.512562814070352	0.0405778113675576	0.224625	0.086375	interior_impaired	Coastal_impaired	147	9	9	0.02	0.1
200	398	0.02	3.98	17	92	0.545	0.521932424422051	5.4912817429791	3.51902820251444	0.631675967778591	0.535175879396985	0.0355733767795907	0.223375	0.092875	interior_impaired	Coastal_impaired	148	9	9	0.02	0.1
200	398	0.02	3.98	21	116	0.425	0.648	8.65241184110418	3.08963585434174	0.665952248680589	0.57035175879397	0.0333335745821335	0.182875	0.058125	interior_impaired	Coastal_impaired	149	9	9	0.02	0.1
200	398	0.02	3.98	28	132	0.345	0.673441108545035	14.1056126906366	2.71355498721228	0.420409206838211	0.515075376884422	0.0284782465807883	0.170875	0.041375	interior_impaired	Coastal_impaired	150	9	9	0.02	0.1
200	398	0.02	3.98	17	83	0.59	0.401992287917738	4.64552187580294	3.3079820367956	0.582876695032954	0.522613065326633	0.039349296412437	0.23925	0.10075	interior_impaired	Coastal_impaired	151	9	9	0.02	0.1
200	398	0.02	3.98	22	124	0.385	0.670607796046555	11.026076040467	3.09432672590567	0.568776672306255	0.547738693467337	0.0269011274756552	0.179875	0.039625	interior_impaired	Coastal_impaired	152	9	9	0.02	0.1
200	398	0.02	3.98	27	128	0.33	0.719660837307896	12.7740683853122	2.67925407925408	0.540336733920861	0.603015075376884	0.0270431303599155	0.15175	0.04125	interior_impaired	Coastal_impaired	153	9	9	0.02	0.1
200	398	0.02	3.98	28	136	0.315	0.665344571145265	11.6265559882661	2.47311827956989	0.452169768440191	0.577889447236181	0.0286260973107282	0.155375	0.039125	interior_impaired	Coastal_impaired	154	9	9	0.02	0.1
200	398	0.02	3.98	19	94	0.535	0.420016634322151	5.61894186756643	3.18021512960677	0.566838589934598	0.510050251256281	0.0362252742651701	0.250125	0.087875	interior_impaired	Coastal_impaired	155	9	9	0.02	0.1
200	398	0.02	3.98	28	104	0.485	0.5	7.25502711442682	3.05584192439863	0.584035125375622	0.535175879396985	0.0322441547032845	0.232625	0.063375	interior_impaired	Coastal_impaired	156	9	9	0.02	0.1
200	398	0.02	3.98	19	105	0.475	0.562886597938144	7.04600490741263	3.20783874580067	0.620606171561324	0.545226130653266	0.0379223480208863	0.204375	0.061125	interior_impaired	Coastal_impaired	157	9	9	0.02	0.1
200	398	0.02	3.98	22	114	0.435	0.532258064516129	8.14797050085808	2.76316492916333	0.538891063356986	0.525125628140704	0.034718400345179	0.195625	0.054375	interior_impaired	Coastal_impaired	158	9	9	0.02	0.1
200	398	0.02	3.98	27	153	0.24	0.846078704995814	13.8857441153292	2.09397163120567	0.461172066361961	0.515075376884422	0.0246169777522764	0.10975	0.02025	interior_impaired	Coastal_impaired	159	9	9	0.02	0.1
200	398	0.02	3.98	23	112	0.445	0.538371548900328	7.44710512079613	2.93845760980592	0.594413651170425	0.472361809045226	0.032985508012507	0.202625	0.056875	interior_impaired	Coastal_impaired	160	9	9	0.02	0.1
200	398	0.02	3.98	22	113	0.44	0.584820420149085	7.832214714993	3.3171368861024	0.612074190045706	0.585427135678392	0.0336583392574351	0.1755	0.0415	interior_impaired	Coastal_impaired	161	9	9	0.02	0.1
200	398	0.02	3.98	18	97	0.52	0.49933528316937	6.44137139396413	3.31926811053025	0.600594050655286	0.515075376884422	0.0372056774563969	0.20975	0.0815	interior_impaired	Coastal_impaired	162	9	9	0.02	0.1
200	398	0.02	3.98	32	168	0.165	0.856793644326747	20.2346543867385	1.24621212121212	0.103049796722305	0.49748743718593	0.0170503289750125	0.097125	0.015875	interior_impaired	Coastal_impaired	163	9	9	0.02	0.1
200	398	0.02	3.98	22	101	0.5	0.476831091180867	6.52257691838631	3.02545454545455	0.546936946036716	0.542713567839196	0.0371357793526259	0.197	0.06275	interior_impaired	Coastal_impaired	164	9	9	0.02	0.1
200	398	0.02	3.98	21	99	0.51	0.542521260630315	6.91224847703236	3.37429625315473	0.632187318502058	0.530150753768844	0.0318487884731526	0.21775	0.0695	interior_impaired	Coastal_impaired	165	9	9	0.02	0.1
200	398	0.02	3.98	24	109	0.455	0.636597335826128	9.08969639892662	3.4993894993895	0.600025883184768	0.565326633165829	0.0308959364320574	0.172875	0.068375	interior_impaired	Coastal_impaired	166	9	9	0.02	0.1
200	398	0.02	3.98	25	119	0.41	0.482964224872232	7.57109664671782	2.50707618187293	0.486382919623242	0.522613065326633	0.034404315065205	0.2015	0.05575	interior_impaired	Coastal_impaired	167	9	9	0.02	0.1
200	398	0.02	3.98	22	113	0.44	0.569475571492604	8.19685110354671	3.20323928944619	0.608198025302391	0.515075376884422	0.0312485454866319	0.1905	0.0495	interior_impaired	Coastal_impaired	168	9	9	0.02	0.1
200	398	0.02	3.98	20	99	0.495	0.446925906463479	6.00493611926743	2.93609565038136	0.591282417110679	0.50251256281407	0.0351296426711829	0.230125	0.072375	interior_impaired	Coastal_impaired	169	9	9	0.02	0.1
200	398	0.02	3.98	16	93	0.505	0.516949152542373	4.93691251339277	3.20178217821782	0.669200272720386	0.535175879396985	0.035648623165429	0.223375	0.075375	interior_impaired	Coastal_impaired	170	9	9	0.02	0.1
200	398	0.02	3.98	18	98	0.51	0.458803611738149	5.36434436681129	3.06425936711318	0.59563521123204	0.535175879396985	0.0364653647855787	0.23125	0.06875	interior_impaired	Coastal_impaired	171	9	9	0.02	0.1
200	398	0.02	3.98	25	113	0.435	0.574915254237288	7.90559412191959	2.86367281475541	0.59953978434888	0.57035175879397	0.0331681391106298	0.181125	0.060625	interior_impaired	Coastal_impaired	172	9	9	0.02	0.1
200	398	0.02	3.98	26	126	0.36	0.588139281828074	10.9514327095899	2.49491392801252	0.464372743112548	0.560301507537688	0.0290045108868203	0.18225	0.04225	interior_impaired	Coastal_impaired	173	9	9	0.02	0.1
200	398	0.02	3.98	19	81	0.6	0.398722044728434	4.57430805385079	3.30042016806723	0.603684250397717	0.492462311557789	0.0393464613822811	0.284	0.1075	interior_impaired	Coastal_impaired	174	9	9	0.02	0.1
200	398	0.02	3.98	34	118	0.4	0.580591187953151	10.5172946314779	3.05094936708861	0.549762000959572	0.50251256281407	0.0289088609675581	0.19025	0.04825	interior_impaired	Coastal_impaired	175	9	9	0.02	0.1
200	398	0.02	3.98	23	95	0.515	0.422469583225472	6.49468988081999	2.9994288977727	0.547110552763819	0.49748743718593	0.0372039780253838	0.210875	0.074625	interior_impaired	Coastal_impaired	176	9	9	0.02	0.1
200	398	0.02	3.98	20	81	0.6	0.373292867981791	4.7973926500997	3.16862745098039	0.566096815736976	0.505025125628141	0.0397952355207471	0.24925	0.0905	interior_impaired	Coastal_impaired	177	9	9	0.02	0.1
200	398	0.02	3.98	31	127	0.37	0.612556561085973	10.3182996764129	2.564605701592	0.540819676270801	0.610552763819096	0.0286234479842907	0.1615	0.042	interior_impaired	Coastal_impaired	178	9	9	0.02	0.1
200	398	0.02	3.98	22	110	0.455	0.518364518364518	7.43434668563189	2.80610500610501	0.579278301053004	0.482412060301508	0.0336638315721018	0.204625	0.061625	interior_impaired	Coastal_impaired	179	9	9	0.02	0.1
200	398	0.02	3.98	23	112	0.445	0.522499417113546	7.84223302153843	3.06613891726251	0.537959900002525	0.482412060301508	0.0323712232320801	0.193125	0.068375	interior_impaired	Coastal_impaired	180	9	9	0.02	0.1
200	398	0.02	3.98	18	91	0.545	0.476885644768856	6.34200277110006	3.19249065579341	0.591897931870407	0.507537688442211	0.0369536801297691	0.238625	0.079875	interior_impaired	Coastal_impaired	181	9	9	0.02	0.1
200	398	0.02	3.98	25	137	0.32	0.700578592092575	13.2525463241579	2.93253968253968	0.474366177621777	0.376884422110553	0.0286288072581223	0.16675	0.036	interior_impaired	Coastal_impaired	182	9	9	0.02	0.1
200	398	0.02	3.98	24	109	0.435	0.541549142981124	9.27996768193749	2.89574979951885	0.544020353021388	0.5	0.0314236031655453	0.200125	0.060625	interior_impaired	Coastal_impaired	183	9	9	0.02	0.1
200	398	0.02	3.98	19	108	0.435	0.448046974725555	6.48522753429925	2.75942261427426	0.507701825711472	0.512562814070352	0.0369037208788919	0.186375	0.070125	interior_impaired	Coastal_impaired	184	9	9	0.02	0.1
200	398	0.02	3.98	22	125	0.38	0.618396519577377	8.99059731678239	2.67508771929825	0.543868841695917	0.582914572864322	0.0282876220903316	0.158	0.054	interior_impaired	Coastal_impaired	185	9	9	0.02	0.1
200	398	0.02	3.98	19	93	0.535	0.457126303592121	5.48164508645235	3.24087462528655	0.608674654680437	0.49748743718593	0.0355276190074064	0.216875	0.085375	interior_impaired	Coastal_impaired	186	9	9	0.02	0.1
200	398	0.02	3.98	28	129	0.36	0.613670886075949	10.4705089350344	2.6216744913928	0.476834549632585	0.467336683417085	0.0285521629552809	0.162	0.0355	interior_impaired	Coastal_impaired	187	9	9	0.02	0.1
200	398	0.02	3.98	23	107	0.45	0.597522467816371	8.03815399628946	3.35380774032459	0.646599833337542	0.49748743718593	0.0316542521581005	0.2115	0.05625	interior_impaired	Coastal_impaired	188	9	9	0.02	0.1
200	398	0.02	3.98	23	122	0.28	0.798988621997472	10.2225254823164	2.90844155844156	0.653932350193177	0.665829145728643	0.0264795837443643	0.104	0.0475	interior_impaired	Coastal_impaired	189	9	9	0.02	0.1
200	398	0.02	3.98	20	106	0.475	0.681575603557814	8.05909457869228	4.17222844344905	0.699376278376809	0.535175879396985	0.0328444554126037	0.173125	0.051125	interior_impaired	Coastal_impaired	190	9	9	0.02	0.1
200	398	0.02	3.98	25	116	0.36	0.620669174420907	10.7489122743546	2.69953051643192	0.567577207646272	0.494974874371859	0.0318618774744325	0.12825	0.04625	interior_impaired	Coastal_impaired	191	9	9	0.02	0.1
200	398	0.02	3.98	25	100	0.505	0.591879229567933	6.85690927570432	3.53168316831683	0.664538142976187	0.535175879396985	0.0312238519239512	0.224375	0.063125	interior_impaired	Coastal_impaired	192	9	9	0.02	0.1
200	398	0.02	3.98	22	125	0.38	0.635391705069124	10.6405487758072	2.69719298245614	0.537107648796748	0.532663316582915	0.0271052647700487	0.173	0.03275	interior_impaired	Coastal_impaired	193	9	9	0.02	0.1
200	398	0.02	3.98	24	104	0.485	0.483619344773791	6.19986591679533	3.00150343642612	0.584316052624934	0.517587939698492	0.0368757069708885	0.216375	0.063375	interior_impaired	Coastal_impaired	194	9	9	0.02	0.1
200	398	0.02	3.98	30	119	0.4	0.586054898817872	10.4263364774486	2.73544303797468	0.514863892325951	0.545226130653266	0.0292258826430775	0.178	0.0515	interior_impaired	Coastal_impaired	195	9	9	0.02	0.1
200	398	0.02	3.98	22	105	0.48	0.544310046901999	6.92942276436913	3.13530701754386	0.610644301911568	0.535175879396985	0.0319315372228713	0.18575	0.06675	interior_impaired	Coastal_impaired	196	9	9	0.02	0.1
200	398	0.02	3.98	24	111	0.45	0.473108477666363	7.27492389626723	2.7123595505618	0.562593116335446	0.494974874371859	0.0333347959314363	0.21925	0.0565	interior_impaired	Coastal_impaired	197	9	9	0.02	0.1
200	398	0.02	3.98	27	111	0.45	0.504643309413255	7.94696392543028	2.6601747815231	0.513459256079392	0.487437185929648	0.0340411266200567	0.185	0.04625	interior_impaired	Coastal_impaired	198	9	9	0.02	0.1
200	398	0.02	3.98	24	117	0.42	0.564525993883792	8.57355156033234	2.82644865174986	0.550184970076513	0.522613065326633	0.0290934917199216	0.20475	0.04825	interior_impaired	Coastal_impaired	199	9	9	0.02	0.1
200	398	0.02	3.98	19	96	0.52	0.44429347826087	6.07083400081097	3.09260642270351	0.570086613974395	0.510050251256281	0.0375801006859868	0.25	0.0765	interior_impaired	Coastal_impaired	200	9	9	0.02	0.1
200	398	0.02	3.98	25	94	0.535	0.329105003523608	6.61341890190532	2.78010932816082	0.463031236584935	0.537688442211055	0.0336830039080834	0.220125	0.076125	interior_impaired	Interior_relict	1	50	9	0.02	0.1
200	398	0.02	3.98	25	75	0.63	0.27172582619339	5.68077829049655	2.89180952380952	0.489160627256887	0.537688442211055	0.0419131077163548	0.26175	0.071	interior_impaired	Interior_relict	2	50	9	0.02	0.1
200	398	0.02	3.98	26	84	0.585	0.270594369134515	5.21375235288872	2.83745947539051	0.435080553521376	0.542713567839196	0.0410556998544556	0.268375	0.086125	interior_impaired	Interior_relict	3	50	9	0.02	0.1
200	398	0.02	3.98	27	72	0.645	0.242496050552923	5.25548813076475	2.93931686046512	0.448716572813818	0.464824120603015	0.0405976941794862	0.284625	0.089875	interior_impaired	Interior_relict	4	50	9	0.02	0.1
200	398	0.02	3.98	24	81	0.6	0.307317073170732	5.34352369255456	2.89047619047619	0.511454887502841	0.547738693467337	0.0424435528303515	0.25825	0.085	interior_impaired	Interior_relict	5	50	9	0.02	0.1
200	398	0.02	3.98	26	84	0.585	0.32017823042648	7.32770934525152	2.86162687886826	0.461834928410899	0.540201005025126	0.0404058754907502	0.257375	0.066875	interior_impaired	Interior_relict	6	50	9	0.02	0.1
200	398	0.02	3.98	24	97	0.52	0.337423312883436	6.93897539061424	2.66374159820762	0.427369258352062	0.515075376884422	0.039194657051979	0.2565	0.06575	interior_impaired	Interior_relict	7	50	9	0.02	0.1
200	398	0.02	3.98	23	77	0.62	0.28430566967954	5.32737947808825	2.9652504589562	0.474321986818515	0.537688442211055	0.0401464932052542	0.2715	0.09125	interior_impaired	Interior_relict	8	50	9	0.02	0.1
200	398	0.02	3.98	27	78	0.615	0.281979977753059	5.1625063286952	2.97787551646008	0.479729047246282	0.520100502512563	0.0411103749704662	0.277125	0.103875	interior_impaired	Interior_relict	9	50	9	0.02	0.1
200	398	0.02	3.98	25	100	0.505	0.360247167868177	8.04824127903991	2.68277227722772	0.427290346203379	0.520100502512563	0.041885077919405	0.218375	0.064625	interior_impaired	Interior_relict	10	50	9	0.02	0.1
200	398	0.02	3.98	29	86	0.575	0.41228290964007	6.68325219862449	2.98840579710145	0.565841140375243	0.660804020100503	0.0331980284654076	0.231375	0.087625	interior_impaired	Interior_relict	11	50	9	0.02	0.1
200	398	0.02	3.98	34	84	0.585	0.247928748964374	6.63599885786111	2.63881520778073	0.428041589858842	0.560301507537688	0.0446507638830092	0.283875	0.063625	interior_impaired	Interior_relict	12	50	9	0.02	0.1
200	398	0.02	3.98	47	81	0.6	0.240968485780169	7.65942430555911	2.62156862745098	0.382231509305321	0.50251256281407	0.0464122723895689	0.244	0.0655	interior_impaired	Interior_relict	13	50	9	0.02	0.1
200	398	0.02	3.98	32	80	0.6	0.28274528757854	6.29526531039942	2.87535014005602	0.461269917426328	0.552763819095477	0.0417229652838841	0.286	0.0815	interior_impaired	Interior_relict	14	50	9	0.02	0.1
200	398	0.02	3.98	27	77	0.615	0.272533711852378	6.62276083086784	2.98520591763295	0.447684401909043	0.550251256281407	0.0426263008101865	0.256875	0.083125	interior_impaired	Interior_relict	15	50	9	0.02	0.1
200	398	0.02	3.98	27	91	0.55	0.328972407231208	6.13727585674191	2.75362802335279	0.460430292164339	0.479899497487437	0.0391426903206563	0.2405	0.06925	interior_impaired	Interior_relict	16	50	9	0.02	0.1
200	398	0.02	3.98	28	105	0.48	0.381245043616178	8.53513428608085	2.63004385964912	0.428205727128103	0.520100502512563	0.0376616952150384	0.23625	0.0575	interior_impaired	Interior_relict	17	50	9	0.02	0.1
200	398	0.02	3.98	26	82	0.595	0.295168595873176	5.89329668493302	2.87437686939182	0.470177520769678	0.555276381909548	0.0420655722405917	0.265375	0.085375	interior_impaired	Interior_relict	18	50	9	0.02	0.1
200	398	0.02	3.98	27	100	0.505	0.299504950495049	7.33745560942564	2.56237623762376	0.368279841418146	0.557788944723618	0.0431989255699678	0.231375	0.058125	interior_impaired	Interior_relict	19	50	9	0.02	0.1
200	398	0.02	3.98	22	76	0.625	0.314180583073875	5.3561805324237	3.09690322580645	0.489343703441832	0.540201005025126	0.0352978883436427	0.265625	0.097875	interior_impaired	Interior_relict	20	50	9	0.02	0.1
200	398	0.02	3.98	25	78	0.615	0.253650494583137	6.28707005603479	2.8103425296548	0.442741344915533	0.542713567839196	0.0412839022120229	0.248375	0.078875	interior_impaired	Interior_relict	21	50	9	0.02	0.1
200	398	0.02	3.98	37	89	0.56	0.31813428153106	7.66066486029786	2.76287001287001	0.430487866468018	0.494974874371859	0.0335003015643856	0.2335	0.0715	interior_impaired	Interior_relict	22	50	9	0.02	0.1
200	398	0.02	3.98	24	89	0.56	0.263905905415339	5.8954837167107	2.71798584298584	0.409664528673518	0.562814070351759	0.0440509567238073	0.25075	0.07725	interior_impaired	Interior_relict	23	50	9	0.02	0.1
200	398	0.02	3.98	24	76	0.62	0.282637954239569	5.5251666582214	3.01848937844217	0.454735991515366	0.547738693467337	0.040020753401614	0.26575	0.0915	interior_impaired	Interior_relict	24	50	9	0.02	0.1
200	398	0.02	3.98	35	95	0.53	0.339318885448916	7.72342777453405	2.6796046720575	0.399134491553244	0.532663316582915	0.0350881472893723	0.24225	0.06775	interior_impaired	Interior_relict	25	50	9	0.02	0.1
200	398	0.02	3.98	26	99	0.51	0.330450895614577	7.56898482818561	2.61677344205009	0.404724628165955	0.517587939698492	0.036506269523274	0.19275	0.058	interior_impaired	Interior_relict	26	50	9	0.02	0.1
200	398	0.02	3.98	25	78	0.615	0.282006048387097	6.03357354928671	2.91390110622418	0.470480543420621	0.477386934673367	0.0406638330742846	0.284375	0.089125	interior_impaired	Interior_relict	27	50	9	0.02	0.1
200	398	0.02	3.98	23	83	0.59	0.30443497870208	5.98902185620065	2.8823699840649	0.483207494760233	0.550251256281407	0.0414461801041478	0.23975	0.08475	interior_impaired	Interior_relict	28	50	9	0.02	0.1
200	398	0.02	3.98	27	86	0.575	0.312041432887354	7.0914079369481	2.76582761250953	0.433237165728138	0.507537688442211	0.0382426456434153	0.270125	0.070125	interior_impaired	Interior_relict	29	50	9	0.02	0.1
200	398	0.02	3.98	26	70	0.655	0.297101449275362	5.44663952616562	3.12002348796242	0.51524267063963	0.492462311557789	0.0358757391553428	0.269375	0.083125	interior_impaired	Interior_relict	30	50	9	0.02	0.1
200	398	0.02	3.98	29	107	0.47	0.420250521920668	7.74070436946893	2.61999542438801	0.47359599505063	0.492462311557789	0.0363530616591258	0.22425	0.05775	interior_impaired	Interior_relict	31	50	9	0.02	0.1
200	398	0.02	3.98	25	86	0.575	0.300141576215196	6.46124030742121	2.82151029748284	0.473214060251004	0.507537688442211	0.0415972042548657	0.227375	0.078125	interior_impaired	Interior_relict	32	50	9	0.02	0.1
200	398	0.02	3.98	23	84	0.585	0.31937707429155	5.69675966511743	2.96065428824049	0.490805156435444	0.50251256281407	0.03610443329973	0.256375	0.080625	interior_impaired	Interior_relict	33	50	9	0.02	0.1
200	398	0.02	3.98	23	84	0.585	0.298596673596674	5.50046516851064	2.86295313881521	0.468532991591121	0.582914572864322	0.0411082992051566	0.265125	0.081875	interior_impaired	Interior_relict	34	50	9	0.02	0.1
200	398	0.02	3.98	31	95	0.53	0.339019189765458	7.13604266364853	2.69811320754717	0.458501679250524	0.494974874371859	0.037080032412544	0.24875	0.0665	interior_impaired	Interior_relict	35	50	9	0.02	0.1
200	398	0.02	3.98	24	99	0.505	0.341661461586508	7.63456806162909	2.65841584158416	0.424285371581526	0.479899497487437	0.0390689260310053	0.216625	0.067375	interior_impaired	Interior_relict	36	50	9	0.02	0.1
200	398	0.02	3.98	27	90	0.555	0.325250641175099	6.6229309787752	2.87289107289107	0.443615691522941	0.540201005025126	0.0390451916371076	0.240625	0.078625	interior_impaired	Interior_relict	37	50	9	0.02	0.1
200	398	0.02	3.98	37	84	0.585	0.266545784224841	6.19970081613695	2.72222222222222	0.440582308527562	0.557788944723618	0.0398496627900341	0.255375	0.079375	interior_impaired	Interior_relict	38	50	9	0.02	0.1
200	398	0.02	3.98	28	89	0.555	0.352199867344683	7.27712343543485	2.91318591318591	0.46127938688417	0.492462311557789	0.033769601974161	0.232875	0.066375	interior_impaired	Interior_relict	39	50	9	0.02	0.1
200	398	0.02	3.98	28	99	0.51	0.321428571428571	7.31773353667037	2.5713453698311	0.402047928082624	0.517587939698492	0.0437091656311301	0.20625	0.06275	interior_impaired	Interior_relict	40	50	9	0.02	0.1
200	398	0.02	3.98	30	100	0.505	0.362201365187713	7.80772415637773	2.71564356435644	0.429162142370142	0.527638190954774	0.0347198576507312	0.228625	0.065625	interior_impaired	Interior_relict	41	50	9	0.02	0.1
200	398	0.02	3.98	29	91	0.545	0.323467230443975	7.53167229426614	2.78066598708801	0.395163632231509	0.49748743718593	0.0383369324653328	0.205375	0.066875	interior_impaired	Interior_relict	42	50	9	0.02	0.1
200	398	0.02	3.98	26	88	0.565	0.259641255605381	6.42393073199068	2.68505056890013	0.407546526602864	0.5	0.0444213828457712	0.280125	0.068125	interior_impaired	Interior_relict	43	50	9	0.02	0.1
200	398	0.02	3.98	21	93	0.54	0.313379441927021	6.34775684358306	2.76877812391831	0.43108759879801	0.537688442211055	0.0425595285161585	0.2095	0.0835	interior_impaired	Interior_relict	44	50	9	0.02	0.1
200	398	0.02	3.98	35	73	0.64	0.274968866749689	5.79704467862444	2.94303641732283	0.464963005984697	0.535175879396985	0.0410865750894812	0.27625	0.0835	interior_impaired	Interior_relict	45	50	9	0.02	0.1
200	398	0.02	3.98	26	99	0.51	0.365172189733593	7.54070479607401	2.73694428266356	0.427195651624959	0.494974874371859	0.0351411477992377	0.2315	0.0665	interior_impaired	Interior_relict	46	50	9	0.02	0.1
200	398	0.02	3.98	29	84	0.585	0.324891461649783	6.55011429092424	2.93353964043619	0.486565995808187	0.530150753768844	0.0372543737461719	0.249625	0.087125	interior_impaired	Interior_relict	47	50	9	0.02	0.1
200	398	0.02	3.98	29	83	0.59	0.326414682106183	7.56120467263253	2.88758510792409	0.424689401782783	0.530150753768844	0.0419500812239098	0.26325	0.07575	interior_impaired	Interior_relict	48	50	9	0.02	0.1
200	398	0.02	3.98	30	91	0.55	0.27789046653144	6.56454605147903	2.71276063386155	0.400501249968435	0.550251256281407	0.044679199934196	0.24225	0.06725	interior_impaired	Interior_relict	49	50	9	0.02	0.1
200	398	0.02	3.98	25	82	0.595	0.263355906696765	5.58803964182676	2.81897165645919	0.466901088356355	0.562814070351759	0.0419106423829675	0.255375	0.077375	interior_impaired	Interior_relict	50	50	9	0.02	0.1
200	398	0.02	3.98	24	106	0.475	0.348684210526316	7.32535523571665	2.56730123180291	0.410829271988081	0.527638190954774	0.0424859384404906	0.229875	0.068875	interior_impaired	Interior_relict	51	50	9	0.02	0.1
200	398	0.02	3.98	25	76	0.625	0.276431424766977	5.09576472051981	2.9778064516129	0.481124214034999	0.494974874371859	0.0399755831807874	0.279625	0.090125	interior_impaired	Interior_relict	52	50	9	0.02	0.1
200	398	0.02	3.98	28	85	0.58	0.293814432989691	7.17482661133534	2.7575712143928	0.440440266659933	0.535175879396985	0.0440897403012334	0.26	0.07	interior_impaired	Interior_relict	53	50	9	0.02	0.1
200	398	0.02	3.98	25	88	0.565	0.302102803738318	6.49368867436206	2.76769911504425	0.444609984596349	0.479899497487437	0.0379260222499213	0.253375	0.075125	interior_impaired	Interior_relict	54	50	9	0.02	0.1
200	398	0.02	3.98	26	84	0.585	0.328388401888065	7.33872031262436	2.87282640730917	0.46249463397389	0.550251256281407	0.0391259888390155	0.262375	0.079125	interior_impaired	Interior_relict	55	50	9	0.02	0.1
200	398	0.02	3.98	30	84	0.585	0.282465317261769	6.75361106704632	2.87164750957854	0.421864346859928	0.487437185929648	0.0426179704352756	0.259625	0.069625	interior_impaired	Interior_relict	56	50	9	0.02	0.1
200	398	0.02	3.98	23	80	0.605	0.295424137008295	5.45644211500411	2.93457300275482	0.47804348375041	0.542713567839196	0.0408492787159837	0.253125	0.100125	interior_impaired	Interior_relict	57	50	9	0.02	0.1
200	398	0.02	3.98	35	83	0.59	0.276430002225684	6.83716268956453	2.78806316094452	0.421346683164566	0.505025125628141	0.0437018303935836	0.266	0.0815	interior_impaired	Interior_relict	58	50	9	0.02	0.1
200	398	0.02	3.98	43	78	0.615	0.254640250260688	7.0989123974438	2.78488604558177	0.426147698290447	0.550251256281407	0.0429701285797787	0.247125	0.073125	interior_impaired	Interior_relict	59	50	9	0.02	0.1
200	398	0.02	3.98	24	88	0.565	0.280496712929145	5.94130739134266	2.75300252844501	0.43846114997096	0.592964824120603	0.0432765452370097	0.245375	0.082125	interior_impaired	Interior_relict	60	50	9	0.02	0.1
200	398	0.02	3.98	25	90	0.555	0.311061452513966	7.02827081187227	2.78230958230958	0.419310749728542	0.535175879396985	0.0385468636608562	0.243375	0.073375	interior_impaired	Interior_relict	61	50	9	0.02	0.1
200	398	0.02	3.98	29	94	0.535	0.372353370649793	6.23784715866095	2.79421618762123	0.505763743339815	0.532663316582915	0.0346018098679867	0.239625	0.074125	interior_impaired	Interior_relict	62	50	9	0.02	0.1
200	398	0.02	3.98	38	80	0.605	0.295591423753312	6.07673029264362	2.91969696969697	0.475960203025176	0.492462311557789	0.0370033512315655	0.254875	0.076875	interior_impaired	Interior_relict	63	50	9	0.02	0.1
200	398	0.02	3.98	28	83	0.59	0.264164827078734	5.78527179613223	2.79182963928727	0.468602434281963	0.552763819095477	0.0418164980306977	0.2685	0.07175	interior_impaired	Interior_relict	64	50	9	0.02	0.1
200	398	0.02	3.98	33	102	0.495	0.370687975053596	8.0985313017096	2.58936301793445	0.454896972298679	0.575376884422111	0.0359331668866805	0.227625	0.057875	interior_impaired	Interior_relict	65	50	9	0.02	0.1
200	398	0.02	3.98	27	82	0.595	0.254385964912281	6.01361667770285	2.70260646631534	0.416637206131158	0.505025125628141	0.0432852745910427	0.278375	0.065625	interior_impaired	Interior_relict	66	50	9	0.02	0.1
200	398	0.02	3.98	23	85	0.58	0.312851897184823	6.05334220276212	2.83868065967016	0.474407211939093	0.532663316582915	0.0382535376119381	0.2545	0.07725	interior_impaired	Interior_relict	67	50	9	0.02	0.1
200	398	0.02	3.98	33	97	0.515	0.311160533764658	7.59125079024284	2.58366647629926	0.40845875104164	0.484924623115578	0.0402600562858596	0.235125	0.062625	interior_impaired	Interior_relict	68	50	9	0.02	0.1
200	398	0.02	3.98	34	83	0.585	0.31317544263049	6.66094134405354	2.87120542292956	0.494848614933966	0.522613065326633	0.037709676390108	0.267625	0.075875	interior_impaired	Interior_relict	69	50	9	0.02	0.1
200	398	0.02	3.98	32	77	0.62	0.264705882352941	5.84542717869908	2.87634408602151	0.443009646221055	0.580402010050251	0.0416329790763009	0.28475	0.085	interior_impaired	Interior_relict	70	50	9	0.02	0.1
200	398	0.02	3.98	36	86	0.575	0.331794333683106	7.37328735958143	2.84774980930587	0.479391303249918	0.527638190954774	0.0341794712174077	0.246125	0.071375	interior_impaired	Interior_relict	71	50	9	0.02	0.1
200	398	0.02	3.98	27	75	0.63	0.287515762925599	6.21687460035147	3.06273015873016	0.495063255978384	0.547738693467337	0.0420455677120251	0.269	0.092	interior_impaired	Interior_relict	72	50	9	0.02	0.1
200	398	0.02	3.98	23	97	0.52	0.336868803320267	6.78110899534504	2.73356982823002	0.450550491149213	0.535175879396985	0.0400709613553309	0.2375	0.06775	interior_impaired	Interior_relict	73	50	9	0.02	0.1
200	398	0.02	3.98	20	92	0.545	0.337480148226575	5.85358752030192	2.84063880394156	0.478658998510139	0.608040201005025	0.043332302281169	0.261125	0.096625	interior_impaired	Interior_relict	74	50	9	0.02	0.1
200	398	0.02	3.98	24	89	0.56	0.267299236287896	6.37427931115618	2.73407335907336	0.418395368803818	0.525125628140704	0.0442604195164989	0.2395	0.07475	interior_impaired	Interior_relict	75	50	9	0.02	0.1
200	398	0.02	3.98	19	77	0.62	0.277271298333857	4.34335221223408	3.01626016260163	0.484956187975051	0.557788944723618	0.0403234316289229	0.257	0.11225	interior_impaired	Interior_relict	76	50	9	0.02	0.1
200	398	0.02	3.98	32	89	0.56	0.319075144508671	6.19548164739494	2.76817889317889	0.472254488523017	0.532663316582915	0.0388053369678505	0.2725	0.071	interior_impaired	Interior_relict	77	50	9	0.02	0.1
200	398	0.02	3.98	21	80	0.605	0.267929634641407	5.2629046556259	2.92851239669421	0.455607181636827	0.532663316582915	0.0419649897681251	0.262375	0.086875	interior_impaired	Interior_relict	78	50	9	0.02	0.1
200	398	0.02	3.98	29	99	0.51	0.309904800486125	7.46779003936356	2.534265191225	0.402865457942981	0.525125628140704	0.0412159334414576	0.2235	0.05425	interior_impaired	Interior_relict	79	50	9	0.02	0.1
200	398	0.02	3.98	26	83	0.59	0.27111313453221	6.39259829263743	2.7709691438505	0.426968384636752	0.525125628140704	0.0438056376702002	0.25625	0.0735	interior_impaired	Interior_relict	80	50	9	0.02	0.1
200	398	0.02	3.98	32	87	0.57	0.27010550996483	6.20091997121345	2.72783729234591	0.423082750435595	0.540201005025126	0.0436729393285341	0.25	0.07825	interior_impaired	Interior_relict	81	50	9	0.02	0.1
200	398	0.02	3.98	26	86	0.575	0.275005354465624	6.6741728558757	2.72616323417239	0.414020479280826	0.527638190954774	0.0453165784875718	0.246875	0.060875	interior_impaired	Interior_relict	82	50	9	0.02	0.1
200	398	0.02	3.98	26	92	0.545	0.313983599482089	7.40330969483042	2.73326537546721	0.44161132294639	0.49748743718593	0.0414838256932501	0.248375	0.067875	interior_impaired	Interior_relict	83	50	9	0.02	0.1
200	398	0.02	3.98	41	82	0.585	0.281898539584935	7.7940941858609	2.75154730327144	0.443805080679781	0.57286432160804	0.0425996511096643	0.242875	0.063125	interior_impaired	Interior_relict	84	50	9	0.02	0.1
200	398	0.02	3.98	20	90	0.555	0.312012087635356	5.97098799098771	2.7972153972154	0.480985328653317	0.535175879396985	0.042756935633362	0.240375	0.085875	interior_impaired	Interior_relict	85	50	9	0.02	0.1
200	398	0.02	3.98	24	82	0.595	0.280183885797242	6.29010554849344	2.9121207805156	0.435787606373576	0.510050251256281	0.0434922256957391	0.255125	0.082375	interior_impaired	Interior_relict	86	50	9	0.02	0.1
200	398	0.02	3.98	27	86	0.575	0.303482587064677	6.1317371739317	2.81830663615561	0.459031968889675	0.510050251256281	0.0432263748090171	0.240625	0.079375	interior_impaired	Interior_relict	87	50	9	0.02	0.1
200	398	0.02	3.98	28	96	0.525	0.345781186919661	8.14749158255921	2.68260073260073	0.391252746142774	0.565326633165829	0.0346932645739633	0.233375	0.065625	interior_impaired	Interior_relict	88	50	9	0.02	0.1
200	398	0.02	3.98	26	77	0.62	0.312893081761006	5.57339321642754	2.99527930763179	0.514343072144643	0.57035175879397	0.0409870377772052	0.2865	0.09475	interior_impaired	Interior_relict	89	50	9	0.02	0.1
200	398	0.02	3.98	37	99	0.51	0.363182167563413	8.11581340970716	2.61754999029315	0.435209969445216	0.540201005025126	0.0354119499404531	0.231	0.0575	interior_impaired	Interior_relict	90	50	9	0.02	0.1
200	398	0.02	3.98	25	100	0.505	0.325059356788258	7.57093013613371	2.6560396039604	0.430105931668392	0.50251256281407	0.0412113098778535	0.219125	0.071125	interior_impaired	Interior_relict	91	50	9	0.02	0.1
200	398	0.02	3.98	29	89	0.56	0.296680966358094	6.50888240010198	2.77960102960103	0.418931971414863	0.550251256281407	0.0424375413890041	0.2555	0.078	interior_impaired	Interior_relict	92	50	9	0.02	0.1
200	398	0.02	3.98	31	80	0.605	0.302968960863698	6.91973924452076	2.81570247933884	0.468012171409813	0.550251256281407	0.0411165025868961	0.258625	0.076875	interior_impaired	Interior_relict	93	50	9	0.02	0.1
200	398	0.02	3.98	49	77	0.62	0.232492431886983	6.56111068326011	2.68463152373459	0.444325900861089	0.550251256281407	0.0435829634656042	0.27425	0.06475	interior_impaired	Interior_relict	94	50	9	0.02	0.1
200	398	0.02	3.98	22	93	0.54	0.396899224806202	6.34188286078574	3.01990308065074	0.532306633670867	0.527638190954774	0.0368248666227443	0.23	0.088	interior_impaired	Interior_relict	95	50	9	0.02	0.1
200	398	0.02	3.98	22	83	0.59	0.266984206568062	5.65406475317832	2.82051282051282	0.413843716067776	0.555276381909548	0.041063122063957	0.2595	0.0795	interior_impaired	Interior_relict	96	50	9	0.02	0.1
200	398	0.02	3.98	21	92	0.545	0.32524639878696	6.19456342938205	2.82042133876996	0.445878891947173	0.530150753768844	0.0400784496352992	0.227125	0.083875	interior_impaired	Interior_relict	97	50	9	0.02	0.1
200	398	0.02	3.98	28	86	0.57	0.284735812133072	5.90046454120137	2.74444961962428	0.451740486351355	0.530150753768844	0.0424048978227071	0.27725	0.07225	interior_impaired	Interior_relict	98	50	9	0.02	0.1
200	398	0.02	3.98	30	102	0.495	0.370166793025019	9.02361967522006	2.63595135023706	0.400157193000177	0.560301507537688	0.0371295151971423	0.215875	0.058625	interior_impaired	Interior_relict	99	50	9	0.02	0.1
200	398	0.02	3.98	31	95	0.52	0.448848308777755	8.40135419857414	2.87471994025392	0.542041236332416	0.633165829145729	0.0339218775511403	0.206	0.06125	interior_impaired	Interior_relict	100	50	9	0.02	0.1
200	398	0.02	3.98	25	93	0.54	0.37269825681316	6.67875409265455	2.88421599169263	0.496120678770738	0.515075376884422	0.0331633016747882	0.239	0.0815	interior_impaired	Interior_relict	101	50	9	0.02	0.1
200	398	0.02	3.98	24	72	0.64	0.251239669421488	5.09459795331909	3.01193405511811	0.452832630489129	0.575376884422111	0.0393743273938408	0.2435	0.09225	interior_impaired	Interior_relict	102	50	9	0.02	0.1
200	398	0.02	3.98	38	86	0.575	0.291989664082687	6.76096541079848	2.70785659801678	0.428240448473523	0.532663316582915	0.0388535685225912	0.248625	0.071625	interior_impaired	Interior_relict	103	50	9	0.02	0.1
200	398	0.02	3.98	29	80	0.605	0.308693516699411	6.09798404275213	2.97892561983471	0.481401984798364	0.464824120603015	0.038779429557147	0.258625	0.086375	interior_impaired	Interior_relict	104	50	9	0.02	0.1
200	398	0.02	3.98	32	102	0.495	0.339422877309529	7.73249718959281	2.56132756132756	0.42497664200399	0.535175879396985	0.0430721997188211	0.224375	0.063625	interior_impaired	Interior_relict	105	50	9	0.02	0.1
200	398	0.02	3.98	33	99	0.51	0.382462278591734	7.62523626311289	2.72451951077461	0.490634706194288	0.487437185929648	0.0354457595522591	0.23125	0.07075	interior_impaired	Interior_relict	106	50	9	0.02	0.1
200	398	0.02	3.98	24	79	0.61	0.282949534541891	6.06826481549933	2.85422029535293	0.472645892780485	0.530150753768844	0.043450193501543	0.26	0.0805	interior_impaired	Interior_relict	107	50	9	0.02	0.1
200	398	0.02	3.98	25	89	0.56	0.311697747638653	6.00766745690792	2.75225225225225	0.459767430115401	0.5	0.0385925677071254	0.23325	0.07725	interior_impaired	Interior_relict	108	50	9	0.02	0.1
200	398	0.02	3.98	25	83	0.59	0.274657857479943	6.30040566239484	2.82543821526872	0.398238049544203	0.537688442211055	0.0417562802011934	0.257	0.0755	interior_impaired	Interior_relict	109	50	9	0.02	0.1
200	398	0.02	3.98	29	91	0.55	0.276985743380855	6.46985937387263	2.67689741451209	0.402202595894043	0.5	0.0433546061577767	0.2085	0.06925	interior_impaired	Interior_relict	110	50	9	0.02	0.1
200	398	0.02	3.98	25	72	0.645	0.297690333618477	4.98565186945581	3.11942829457364	0.503235398096008	0.527638190954774	0.0385698205452392	0.278875	0.090375	interior_impaired	Interior_relict	111	50	9	0.02	0.1
200	398	0.02	3.98	35	101	0.5	0.324852817493692	7.17436696959841	2.52747474747475	0.446955253655211	0.515075376884422	0.041406411219892	0.2205	0.0675	interior_impaired	Interior_relict	112	50	9	0.02	0.1
200	398	0.02	3.98	26	88	0.565	0.288302752293578	6.71903622040411	2.76438053097345	0.427520769677533	0.557788944723618	0.0423049132126065	0.261125	0.080375	interior_impaired	Interior_relict	113	50	9	0.02	0.1
200	398	0.02	3.98	25	88	0.565	0.289517470881864	6.36987297779442	2.77085967130215	0.444032347667988	0.510050251256281	0.0437071112508129	0.260875	0.079875	interior_impaired	Interior_relict	114	50	9	0.02	0.1
200	398	0.02	3.98	25	85	0.58	0.25675057208238	6.14584241415199	2.71004497751124	0.417634655690513	0.605527638190955	0.0433280581219978	0.25175	0.0665	interior_impaired	Interior_relict	115	50	9	0.02	0.1
200	398	0.02	3.98	23	84	0.585	0.283502402562734	5.30215398347148	2.86354258768052	0.469584101411581	0.57035175879397	0.0416676261969192	0.264875	0.093375	interior_impaired	Interior_relict	116	50	9	0.02	0.1
200	398	0.02	3.98	26	88	0.565	0.299350805482087	5.9242511596524	2.78745259165613	0.470114391050731	0.5	0.0386984757643095	0.279875	0.073375	interior_impaired	Interior_relict	117	50	9	0.02	0.1
200	398	0.02	3.98	22	84	0.585	0.289974293059126	5.58984768526571	2.85190097259063	0.453937400570693	0.552763819095477	0.0398944860261031	0.259625	0.082875	interior_impaired	Interior_relict	118	50	9	0.02	0.1
200	398	0.02	3.98	28	66	0.675	0.304405874499332	6.35438764397613	3.28789386401327	0.481171561324209	0.542713567839196	0.0401029401491493	0.282625	0.102875	interior_impaired	Interior_relict	119	50	9	0.02	0.1
200	398	0.02	3.98	37	83	0.59	0.259513274336283	6.4761945149267	2.72939301752861	0.450124365546325	0.582914572864322	0.0428528966394368	0.2755	0.0715	interior_impaired	Interior_relict	120	50	9	0.02	0.1
200	398	0.02	3.98	25	63	0.69	0.308035714285714	4.76191047508835	3.274621813181	0.547590338627812	0.618090452261307	0.0348738083256113	0.275	0.11575	interior_impaired	Interior_relict	121	50	9	0.02	0.1
200	398	0.02	3.98	27	81	0.6	0.26961271102284	5.86236181018155	2.89047619047619	0.447794878917199	0.520100502512563	0.0383749487289676	0.274	0.084	interior_impaired	Interior_relict	122	50	9	0.02	0.1
200	398	0.02	3.98	23	80	0.605	0.305309734513274	5.27644663432028	2.95867768595041	0.549380066159946	0.537688442211055	0.0415872821167522	0.257625	0.074875	interior_impaired	Interior_relict	123	50	9	0.02	0.1
200	398	0.02	3.98	26	93	0.54	0.328831870357866	7.14749635736749	2.82450674974039	0.421542385293301	0.520100502512563	0.0381082821897583	0.22375	0.076	interior_impaired	Interior_relict	124	50	9	0.02	0.1
200	398	0.02	3.98	20	78	0.615	0.322321172076989	4.91771499480138	2.99626815940291	0.524235499103558	0.525125628140704	0.0377202344874557	0.297125	0.098875	interior_impaired	Interior_relict	125	50	9	0.02	0.1
200	398	0.02	3.98	42	97	0.52	0.340678975580703	8.23759531989859	2.62752053771471	0.430494179439913	0.537688442211055	0.037266133962889	0.217	0.06075	interior_impaired	Interior_relict	126	50	9	0.02	0.1
200	398	0.02	3.98	24	82	0.595	0.273937412424101	6.500301392687	2.81726249821963	0.428354081967627	0.545226130653266	0.0430452191537817	0.249375	0.084125	interior_impaired	Interior_relict	127	50	9	0.02	0.1
200	398	0.02	3.98	31	98	0.515	0.309815950920245	7.54583856809657	2.58595088520845	0.383601424206459	0.49748743718593	0.0382018453713225	0.238375	0.064875	interior_impaired	Interior_relict	128	50	9	0.02	0.1
200	398	0.02	3.98	42	92	0.545	0.271901608325449	7.47122668074781	2.55130818892287	0.435080553521376	0.510050251256281	0.0413485159691058	0.213125	0.054375	interior_impaired	Interior_relict	129	50	9	0.02	0.1
200	398	0.02	3.98	23	103	0.49	0.345401394198336	6.76944467062669	2.59604460340837	0.42209792682003	0.510050251256281	0.0400167908177031	0.19575	0.069	interior_impaired	Interior_relict	130	50	9	0.02	0.1
200	398	0.02	3.98	28	84	0.575	0.328394515701017	6.72825783752517	2.82501906941266	0.508285775611727	0.547738693467337	0.0389299574041206	0.257625	0.073375	interior_impaired	Interior_relict	131	50	9	0.02	0.1
200	398	0.02	3.98	29	83	0.59	0.29522224863323	6.04473194115143	2.8597711140084	0.44112838059645	0.512562814070352	0.0374831209754991	0.23425	0.07975	interior_impaired	Interior_relict	132	50	9	0.02	0.1
200	398	0.02	3.98	23	83	0.59	0.300669808980402	6.33076214303985	2.8961321164711	0.442665589252797	0.505025125628141	0.0436530316987734	0.25225	0.08425	interior_impaired	Interior_relict	133	50	9	0.02	0.1
200	398	0.02	3.98	31	82	0.595	0.279085872576177	6.38869084372872	2.82951146560319	0.435686598823262	0.557788944723618	0.0439028158912459	0.273125	0.075625	interior_impaired	Interior_relict	134	50	9	0.02	0.1
200	398	0.02	3.98	23	89	0.56	0.296662546353523	6.15947355771806	2.77638352638353	0.441134693568344	0.540201005025126	0.0421802519748336	0.25925	0.08475	interior_impaired	Interior_relict	135	50	9	0.02	0.1
200	398	0.02	3.98	34	92	0.545	0.314924391847469	6.89821163968558	2.72035338090384	0.425462740839878	0.492462311557789	0.0374366459449929	0.248375	0.079125	interior_impaired	Interior_relict	136	50	9	0.02	0.1
200	398	0.02	3.98	32	109	0.46	0.384629595418437	8.46430062698614	2.4326325848065	0.434057852074443	0.522613065326633	0.0369254566763128	0.1795	0.04575	interior_impaired	Interior_relict	137	50	9	0.02	0.1
200	398	0.02	3.98	31	91	0.55	0.306810519217802	6.38454264338156	2.66855713094245	0.466285573596626	0.512562814070352	0.0382009943274636	0.23675	0.0655	interior_impaired	Interior_relict	138	50	9	0.02	0.1
200	398	0.02	3.98	34	79	0.61	0.256565187078782	6.44031565320613	2.83389784582035	0.446039872730487	0.522613065326633	0.0414438966111406	0.24825	0.09225	interior_impaired	Interior_relict	139	50	9	0.02	0.1
200	398	0.02	3.98	28	77	0.62	0.292979297929793	6.57433824885441	2.85156045108838	0.474928032120401	0.507537688442211	0.0393170180805911	0.266	0.07225	interior_impaired	Interior_relict	140	50	9	0.02	0.1
200	398	0.02	3.98	26	102	0.495	0.311120917917034	6.94981983160376	2.55864770150484	0.405018181359057	0.522613065326633	0.0415889651246498	0.217875	0.069125	interior_impaired	Interior_relict	141	50	9	0.02	0.1
200	398	0.02	3.98	25	70	0.655	0.289466408625933	5.32259205741413	3.13799177921315	0.509886113987021	0.527638190954774	0.040715929109909	0.286625	0.104875	interior_impaired	Interior_relict	142	50	9	0.02	0.1
200	398	0.02	3.98	23	85	0.58	0.32818159864767	6.9659383831336	2.92128935532234	0.436390495189515	0.517587939698492	0.0367788450240223	0.241	0.08325	interior_impaired	Interior_relict	143	50	9	0.02	0.1
200	398	0.02	3.98	25	84	0.585	0.301149976042166	6.10047400536837	2.83495431771294	0.472159793944597	0.517587939698492	0.0381799388823171	0.232875	0.082375	interior_impaired	Interior_relict	144	50	9	0.02	0.1
200	398	0.02	3.98	27	77	0.62	0.254922279792746	5.40676220473571	2.87739312877	0.44071488093735	0.547738693467337	0.0400409637433131	0.2505	0.08875	interior_impaired	Interior_relict	145	50	9	0.02	0.1
200	398	0.02	3.98	28	77	0.615	0.293657008613939	5.7968776577276	2.94828735172598	0.484694199641423	0.530150753768844	0.0408372752760225	0.259375	0.086125	interior_impaired	Interior_relict	146	50	9	0.02	0.1
200	398	0.02	3.98	31	80	0.605	0.260235414534289	5.29931123420382	2.81460055096419	0.46099530314891	0.522613065326633	0.041281125934669	0.282875	0.086875	interior_impaired	Interior_relict	147	50	9	0.02	0.1
200	398	0.02	3.98	33	92	0.545	0.304542546385157	7.19905845360794	2.67176350662589	0.398433751672937	0.527638190954774	0.0405815127818888	0.229375	0.063625	interior_impaired	Interior_relict	148	50	9	0.02	0.1
200	398	0.02	3.98	27	91	0.55	0.302045454545455	6.45904030261296	2.68723936613845	0.460796444534229	0.575376884422111	0.0425403561179128	0.25075	0.068	interior_impaired	Interior_relict	149	50	9	0.02	0.1
200	398	0.02	3.98	23	80	0.605	0.299702528507685	6.04496704570743	3.0534435261708	0.460673341582283	0.608040201005025	0.0365817526839446	0.276375	0.084125	interior_impaired	Interior_relict	150	50	9	0.02	0.1
200	398	0.02	3.98	39	99	0.51	0.333128834355828	7.53145579847789	2.5492137449039	0.470963485770561	0.537688442211055	0.0359613703704023	0.23575	0.06325	interior_impaired	Interior_relict	151	50	9	0.02	0.1
200	398	0.02	3.98	30	85	0.58	0.250291307387555	5.94198997690654	2.73793103448276	0.400444433221383	0.530150753768844	0.0436068197234047	0.26925	0.077	interior_impaired	Interior_relict	152	50	9	0.02	0.1
200	398	0.02	3.98	30	82	0.595	0.263679128497153	5.90960755385827	2.81227745335422	0.446895280422212	0.510050251256281	0.0433025529767703	0.275375	0.087375	interior_impaired	Interior_relict	153	50	9	0.02	0.1
200	398	0.02	3.98	26	100	0.505	0.335841313269494	6.59554715332199	2.64178217821782	0.437463700411606	0.585427135678392	0.0392357756819798	0.236375	0.067875	interior_impaired	Interior_relict	154	50	9	0.02	0.1
200	398	0.02	3.98	34	109	0.46	0.375756464331561	8.73495881303103	2.4988055422838	0.43681030782051	0.522613065326633	0.0374354956243652	0.198	0.0545	interior_impaired	Interior_relict	155	50	9	0.02	0.1
200	398	0.02	3.98	25	86	0.575	0.317453347969265	7.04383407050303	2.84271548436308	0.45254854675387	0.540201005025126	0.0394699541029054	0.233375	0.071625	interior_impaired	Interior_relict	156	50	9	0.02	0.1
200	398	0.02	3.98	32	111	0.45	0.409253375694996	8.48104032905752	2.55056179775281	0.423073280977753	0.520100502512563	0.0304995671215865	0.19125	0.06275	interior_impaired	Interior_relict	157	50	9	0.02	0.1
200	398	0.02	3.98	31	90	0.555	0.291801162040026	6.91116892816884	2.64078624078624	0.426880003030227	0.577889447236181	0.0404635270108054	0.269875	0.064875	interior_impaired	Interior_relict	158	50	9	0.02	0.1
200	398	0.02	3.98	30	87	0.57	0.281438463256645	6.90569023694588	2.7781400403664	0.406331279513144	0.512562814070352	0.042873653293459	0.26575	0.07825	interior_impaired	Interior_relict	159	50	9	0.02	0.1
200	398	0.02	3.98	28	90	0.555	0.284833538840937	5.54428448911958	2.74070434070434	0.479410242165602	0.505025125628141	0.0431014128584385	0.247625	0.074375	interior_impaired	Interior_relict	160	50	9	0.02	0.1
200	398	0.02	3.98	25	87	0.57	0.275517661388551	5.82226557325182	2.74196553330228	0.420784828665943	0.520100502512563	0.0433980696418519	0.256	0.0745	interior_impaired	Interior_relict	161	50	9	0.02	0.1
200	398	0.02	3.98	26	93	0.54	0.292129835482437	6.71212032227133	2.68189685012115	0.425525870558824	0.575376884422111	0.043300335185664	0.2475	0.065	interior_impaired	Interior_relict	162	50	9	0.02	0.1
200	398	0.02	3.98	27	77	0.62	0.292179045745204	5.90838736080373	2.88696564384999	0.497774677407136	0.505025125628141	0.0363555158891499	0.2795	0.083	interior_impaired	Interior_relict	163	50	9	0.02	0.1
200	398	0.02	3.98	29	86	0.575	0.312252964426877	7.35818127802832	2.7955758962624	0.44328741698442	0.517587939698492	0.0383948327488145	0.254625	0.072125	interior_impaired	Interior_relict	164	50	9	0.02	0.1
200	398	0.02	3.98	30	89	0.56	0.353928955866523	7.43764619488262	2.77622265122265	0.466692760283831	0.517587939698492	0.0355193788233736	0.24375	0.06925	interior_impaired	Interior_relict	165	50	9	0.02	0.1
200	398	0.02	3.98	24	78	0.615	0.251492880110243	6.36386272767447	2.812475009996	0.427350319436378	0.527638190954774	0.0427311043267504	0.257375	0.075625	interior_impaired	Interior_relict	166	50	9	0.02	0.1
200	398	0.02	3.98	28	75	0.615	0.3	6.05073222168648	2.96014927362388	0.476821923688796	0.57035175879397	0.0402460897974422	0.252625	0.097375	interior_impaired	Interior_relict	167	50	9	0.02	0.1
200	398	0.02	3.98	25	80	0.605	0.292222501887742	5.86162497019759	2.90716253443526	0.470246963460519	0.520100502512563	0.0407621124400516	0.248875	0.086125	interior_impaired	Interior_relict	168	50	9	0.02	0.1
200	398	0.02	3.98	46	78	0.615	0.239672887397777	6.45359366864856	2.6974543515927	0.458618469230575	0.530150753768844	0.0442495590147186	0.265375	0.072875	interior_impaired	Interior_relict	169	50	9	0.02	0.1
200	398	0.02	3.98	26	79	0.61	0.282271147161066	6.37759581019045	2.80246579054329	0.466714855685463	0.479899497487437	0.0434958509089634	0.23575	0.076	interior_impaired	Interior_relict	170	50	9	0.02	0.1
200	398	0.02	3.98	28	96	0.525	0.320656525220176	7.99600822672589	2.66153846153846	0.386328628064948	0.547738693467337	0.0401502291105633	0.201375	0.059625	interior_impaired	Interior_relict	171	50	9	0.02	0.1
200	398	0.02	3.98	29	93	0.54	0.306569343065693	7.00544902904719	2.6552440290758	0.439824751900205	0.505025125628141	0.0413440769248901	0.241	0.069	interior_impaired	Interior_relict	172	50	9	0.02	0.1
200	398	0.02	3.98	50	65	0.68	0.209886386286625	6.46298301311745	2.77570806100218	0.439041943385268	0.537688442211055	0.043105955690531	0.32525	0.07025	interior_impaired	Interior_relict	173	50	9	0.02	0.1
200	398	0.02	3.98	25	83	0.59	0.330801466736511	6.07317158600666	2.98841083586846	0.505530163379713	0.615577889447236	0.0375418600656569	0.2695	0.0925	interior_impaired	Interior_relict	174	50	9	0.02	0.1
200	398	0.02	3.98	26	94	0.535	0.324380165289256	6.57629285672143	2.71892082525128	0.434272493118861	0.492462311557789	0.0379216044164358	0.276375	0.066875	interior_impaired	Interior_relict	175	50	9	0.02	0.1
200	398	0.02	3.98	35	94	0.535	0.327948661208232	6.81350877108825	2.67818726855934	0.478826292265347	0.537688442211055	0.0407335520649432	0.249125	0.065625	interior_impaired	Interior_relict	176	50	9	0.02	0.1
200	398	0.02	3.98	27	85	0.58	0.297520661157025	5.23895529681589	2.84257871064468	0.47971957778844	0.537688442211055	0.0426615874109302	0.24325	0.087	interior_impaired	Interior_relict	177	50	9	0.02	0.1
200	398	0.02	3.98	38	78	0.615	0.272787464135952	6.80584775629744	2.81940557110489	0.44264980682306	0.517587939698492	0.043084345517451	0.284375	0.069125	interior_impaired	Interior_relict	178	50	9	0.02	0.1
200	398	0.02	3.98	29	100	0.5	0.363892013498313	8.9539056199515	2.6210101010101	0.397704603419106	0.515075376884422	0.0357008052215179	0.2295	0.051	interior_impaired	Interior_relict	179	50	9	0.02	0.1
200	398	0.02	3.98	27	81	0.6	0.305648697446479	5.62992031034511	2.93053221288515	0.503910886088735	0.542713567839196	0.0364594352150332	0.28275	0.08425	interior_impaired	Interior_relict	180	50	9	0.02	0.1
200	398	0.02	3.98	25	74	0.635	0.307672233820459	5.94372636668309	3.03787026621672	0.501846544279185	0.537688442211055	0.0414733397128164	0.243375	0.093375	interior_impaired	Interior_relict	181	50	9	0.02	0.1
200	398	0.02	3.98	22	83	0.585	0.301614481409002	6.30791164430341	2.83878573533746	0.438877806116007	0.557788944723618	0.0414414578910835	0.254375	0.088625	interior_impaired	Interior_relict	182	50	9	0.02	0.1
200	398	0.02	3.98	24	82	0.595	0.295483541719826	5.56702966414021	2.89360489958695	0.454634983965051	0.537688442211055	0.04087912561094	0.263125	0.081875	interior_impaired	Interior_relict	183	50	9	0.02	0.1
200	398	0.02	3.98	22	93	0.54	0.326230228471002	7.21424452859028	2.72014537902388	0.401041009065428	0.57035175879397	0.0387274294552949	0.22625	0.06875	interior_impaired	Interior_relict	184	50	9	0.02	0.1
200	398	0.02	3.98	21	93	0.54	0.359482102056359	6.36799354282335	2.85790931118034	0.457579985353905	0.489949748743719	0.0346731980010698	0.239	0.07875	interior_impaired	Interior_relict	185	50	9	0.02	0.1
200	398	0.02	3.98	30	88	0.565	0.280921052631579	6.76680554775887	2.7435208596713	0.432694250145198	0.484924623115578	0.04061722601186	0.246375	0.065375	interior_impaired	Interior_relict	186	50	9	0.02	0.1
200	398	0.02	3.98	34	76	0.625	0.288029925187032	5.96594284203381	2.94516129032258	0.491502739829802	0.565326633165829	0.0425847383810017	0.272375	0.081625	interior_impaired	Interior_relict	187	50	9	0.02	0.1
200	398	0.02	3.98	22	81	0.6	0.303135888501742	6.56680400708605	2.94257703081233	0.45088507865963	0.562814070351759	0.0412157974514747	0.237	0.087	interior_impaired	Interior_relict	188	50	9	0.02	0.1
200	398	0.02	3.98	30	80	0.605	0.256647398843931	5.98057994592055	2.76184573002755	0.43387161940355	0.527638190954774	0.0424588431501489	0.269125	0.075375	interior_impaired	Interior_relict	189	50	9	0.02	0.1
200	398	0.02	3.98	25	84	0.585	0.294512618661727	6.60473047592224	2.89979369289714	0.436355773844095	0.532663316582915	0.0380624296635858	0.243875	0.078625	interior_impaired	Interior_relict	190	50	9	0.02	0.1
200	398	0.02	3.98	30	82	0.595	0.278735632183908	6.02446224161341	2.82096567440536	0.456869776015757	0.520100502512563	0.0429769263210875	0.263125	0.077125	interior_impaired	Interior_relict	191	50	9	0.02	0.1
200	398	0.02	3.98	26	87	0.57	0.333509793541556	5.48283454613742	2.94535010091601	0.517663695361228	0.587939698492462	0.0375376271231377	0.26425	0.07875	interior_impaired	Interior_relict	192	50	9	0.02	0.1
200	398	0.02	3.98	42	77	0.62	0.248761576566875	6.36848120322967	2.79373196957776	0.454575010732052	0.520100502512563	0.044534619987631	0.238	0.067	interior_impaired	Interior_relict	193	50	9	0.02	0.1
200	398	0.02	3.98	23	88	0.565	0.317345086855069	5.42337562749018	2.79314159292035	0.493339814651145	0.562814070351759	0.0389609429367004	0.225625	0.076375	interior_impaired	Interior_relict	194	50	9	0.02	0.1
200	398	0.02	3.98	23	83	0.59	0.300150451354062	5.69679853307258	2.8660002897291	0.480742279235373	0.532663316582915	0.0410496662040388	0.2555	0.07775	interior_impaired	Interior_relict	195	50	9	0.02	0.1
200	398	0.02	3.98	36	91	0.55	0.297691373025516	7.10764410755824	2.60567139282736	0.44309802782758	0.482412060301508	0.0422670131166106	0.2725	0.062	interior_impaired	Interior_relict	196	50	9	0.02	0.1
200	398	0.02	3.98	24	89	0.56	0.333254549751832	6.4080877674692	2.85054697554698	0.491761571677483	0.510050251256281	0.0411016241892636	0.25475	0.074	interior_impaired	Interior_relict	197	50	9	0.02	0.1
200	398	0.02	3.98	32	95	0.53	0.321978247486148	7.45286395096253	2.63953279424978	0.425112370899725	0.522613065326633	0.0397213881360382	0.2185	0.057	interior_impaired	Interior_relict	198	50	9	0.02	0.1
200	398	0.02	3.98	25	88	0.565	0.288702928870293	6.14440662769844	2.80736409608091	0.457804095856165	0.487437185929648	0.0421086983045596	0.240625	0.086125	interior_impaired	Interior_relict	199	50	9	0.02	0.1
200	398	0.02	3.98	34	81	0.6	0.269137006338372	6.16736292842854	2.83627450980392	0.441570288629075	0.525125628140704	0.0409682421810391	0.284	0.08725	interior_impaired	Interior_relict	200	50	9	0.02	0.1
200	398	0.02	3.98	17	79	0.605	0.346084337349398	4.76434400880701	3.11101928374656	0.530258074291053	0.618090452261307	0.0359550643428214	0.241125	0.102875	interior_depth	Depth_0_15	1	13	11	0.02	0.1
200	398	0.02	3.98	25	99	0.51	0.350157728706625	6.38847252077162	2.69501067753834	0.446443902931744	0.628140703517588	0.0351329464122315	0.2255	0.07625	interior_depth	Depth_0_15	2	13	11	0.02	0.1
200	398	0.02	3.98	18	80	0.595	0.359808612440191	4.52128095181806	3.18971656459194	0.542647281634302	0.562814070351759	0.0312306457780892	0.252625	0.109125	interior_depth	Depth_0_15	3	13	11	0.02	0.1
200	398	0.02	3.98	16	74	0.63	0.297981416212752	4.29023429791433	3.09460317460317	0.542057018762152	0.655778894472362	0.039813517694514	0.2715	0.11225	interior_depth	Depth_0_15	4	13	11	0.02	0.1
200	398	0.02	3.98	25	96	0.525	0.41438032166509	6.83021771362096	2.91227106227106	0.495173732986541	0.552763819095477	0.0288434385363164	0.240125	0.077875	interior_depth	Depth_0_15	5	13	11	0.02	0.1
200	398	0.02	3.98	19	87	0.57	0.297741845553387	5.08136099722556	2.85871759043627	0.459537006641246	0.623115577889447	0.0386884762577993	0.2605	0.084	interior_depth	Depth_0_15	6	13	11	0.02	0.1
200	398	0.02	3.98	24	96	0.525	0.372087196191431	6.5355476308023	2.79652014652015	0.487228857857125	0.623115577889447	0.0347128792877161	0.247625	0.084125	interior_depth	Depth_0_15	7	13	11	0.02	0.1
200	398	0.02	3.98	17	59	0.71	0.216610169491525	3.76889302461156	3.24982519228848	0.500037877831368	0.613065326633166	0.044329149062866	0.297	0.121	interior_depth	Depth_0_15	8	13	11	0.02	0.1
200	398	0.02	3.98	19	71	0.645	0.274042809767863	4.68403761006005	3.13020833333333	0.517505871063862	0.628140703517588	0.0384939674154386	0.273875	0.116625	interior_depth	Depth_0_15	9	13	11	0.02	0.1
200	398	0.02	3.98	21	79	0.61	0.341322552699971	4.9868921298569	3.13304430293998	0.528326304891291	0.638190954773869	0.0358433745463995	0.273	0.09475	interior_depth	Depth_0_15	10	13	11	0.02	0.1
200	398	0.02	3.98	29	83	0.585	0.356637649619151	5.99554252635497	3.08885941644562	0.522783515567789	0.552763819095477	0.0325474202391466	0.259375	0.099875	interior_depth	Depth_0_15	11	13	11	0.02	0.1
200	398	0.02	3.98	21	81	0.6	0.29106313200328	5.47305104466251	3.0047619047619	0.470916138481351	0.608040201005025	0.0399740601637631	0.27175	0.09225	interior_depth	Depth_0_15	12	13	11	0.02	0.1
200	398	0.02	3.98	20	89	0.56	0.341373885684321	5.94803052790454	2.91473616473616	0.468479331330017	0.625628140703518	0.0349308551720718	0.253	0.08975	interior_depth	Depth_0_15	13	13	11	0.02	0.1
200	398	0.02	3.98	24	99	0.51	0.415300546448087	7.11324322885767	2.83537177247136	0.470578394484988	0.522613065326633	0.0285037048495387	0.2145	0.06825	interior_depth	Depth_0_15	14	13	11	0.02	0.1
200	398	0.02	3.98	20	95	0.53	0.429987293519695	7.06709145805411	2.94770889487871	0.522322668619479	0.595477386934673	0.0283082063103381	0.2395	0.0845	interior_depth	Depth_0_15	15	13	11	0.02	0.1
200	398	0.02	3.98	20	56	0.72	0.30359394703657	5.27442450753639	3.51320901320901	0.516596803111033	0.625628140703518	0.0333712279135337	0.32225	0.13325	interior_depth	Depth_0_15	16	13	11	0.02	0.1
200	398	0.02	3.98	19	69	0.66	0.281787979462398	4.51510444912555	3.18355308813324	0.497957753592081	0.608040201005025	0.0387965818297173	0.28875	0.10375	interior_depth	Depth_0_15	17	13	11	0.02	0.1
200	398	0.02	3.98	23	66	0.675	0.308113035551504	4.93935231018446	3.36583747927031	0.529528926037221	0.625628140703518	0.0352002861111473	0.298375	0.120875	interior_depth	Depth_0_15	18	13	11	0.02	0.1
200	398	0.02	3.98	20	86	0.575	0.363779527559055	5.86024732181265	3.00350877192982	0.512158783869094	0.64321608040201	0.0339240921708913	0.256875	0.085125	interior_depth	Depth_0_15	19	13	11	0.02	0.1
200	398	0.02	3.98	22	79	0.61	0.355890410958904	5.67712111363896	3.13196043896491	0.542757758642458	0.560301507537688	0.0366425432132167	0.25075	0.099	interior_depth	Depth_0_15	20	13	11	0.02	0.1
200	398	0.02	3.98	19	70	0.655	0.233660684050119	3.73822095307364	3.06095126247798	0.478930456301609	0.64321608040201	0.0426167842885687	0.244375	0.121875	interior_depth	Depth_0_15	21	13	11	0.02	0.1
200	398	0.02	3.98	27	79	0.61	0.308846761453397	5.86276577233955	3.03549654518358	0.500798590944673	0.590452261306533	0.0365138829536181	0.2675	0.08725	interior_depth	Depth_0_15	22	13	11	0.02	0.1
200	398	0.02	3.98	23	75	0.63	0.293180036582179	5.65845508369811	2.99326984126984	0.455581929749249	0.618090452261307	0.0369300749767865	0.24475	0.09475	interior_depth	Depth_0_15	23	13	11	0.02	0.1
200	398	0.02	3.98	26	65	0.67	0.327004909983633	4.51730038900507	3.32443047918303	0.570979899497488	0.565326633165829	0.0341947508738861	0.29425	0.11675	interior_depth	Depth_0_15	24	13	11	0.02	0.1
200	398	0.02	3.98	21	85	0.57	0.31310266591038	5.06620743234609	2.89861822698339	0.461415115779905	0.623115577889447	0.0423762671803686	0.265	0.09975	interior_depth	Depth_0_15	25	13	11	0.02	0.1
200	398	0.02	3.98	26	97	0.52	0.348556554661619	6.28179175087518	2.74178491411501	0.480619176283427	0.547738693467337	0.0366081895435504	0.238	0.07375	interior_depth	Depth_0_15	26	13	11	0.02	0.1
200	398	0.02	3.98	26	83	0.59	0.355070603337612	6.57977936869226	3.09111980298421	0.501518269740663	0.557788944723618	0.0320269415732541	0.243	0.091	interior_depth	Depth_0_15	27	13	11	0.02	0.1
200	398	0.02	3.98	20	93	0.54	0.363380281690141	6.05998068630903	2.89685012114919	0.482131133052196	0.560301507537688	0.0342441368521864	0.25375	0.0845	interior_depth	Depth_0_15	28	13	11	0.02	0.1
200	398	0.02	3.98	18	74	0.63	0.309538092381524	4.73237196989756	3.18057142857143	0.513036286962451	0.603015075376884	0.0373403959455473	0.2825	0.10425	interior_depth	Depth_0_15	29	13	11	0.02	0.1
200	398	0.02	3.98	17	66	0.67	0.298800799467022	4.31197912752475	3.25799573560768	0.525482311052751	0.610552763819096	0.0374385842090345	0.31125	0.119	interior_depth	Depth_0_15	30	13	11	0.02	0.1
200	398	0.02	3.98	22	84	0.585	0.291590254126277	5.43040882180136	2.85853227232538	0.484198631347693	0.575376884422111	0.0377738420151726	0.275375	0.082375	interior_depth	Depth_0_15	31	13	11	0.02	0.1
200	398	0.02	3.98	25	81	0.6	0.329982768523837	5.01181675855516	3.02717086834734	0.510605792783011	0.557788944723618	0.0313192407935819	0.269	0.08975	interior_depth	Depth_0_15	32	13	11	0.02	0.1
200	398	0.02	3.98	30	109	0.46	0.455257731958763	8.48473954508496	2.75824175824176	0.510997197040479	0.648241206030151	0.0299825126179274	0.22325	0.0635	interior_depth	Depth_0_15	33	13	11	0.02	0.1
200	398	0.02	3.98	21	93	0.54	0.298126527287537	5.19109896179569	2.73676012461059	0.437321658543976	0.610552763819096	0.0388311484981175	0.24325	0.08875	interior_depth	Depth_0_15	34	13	11	0.02	0.1
200	398	0.02	3.98	22	92	0.545	0.422882930714096	5.90844513453751	3.00917431192661	0.555652003737279	0.64070351758794	0.0329194130674551	0.245625	0.089125	interior_depth	Depth_0_15	35	13	11	0.02	0.1
200	398	0.02	3.98	28	91	0.545	0.356130923302394	6.59306444483462	2.85372069317023	0.496407918991945	0.608040201005025	0.0322999735506751	0.228625	0.076625	interior_depth	Depth_0_15	36	13	11	0.02	0.1
200	398	0.02	3.98	18	104	0.485	0.38637493784187	6.13185406297115	2.72981099656357	0.471831519406076	0.5678391959799	0.0370061815448059	0.240125	0.072875	interior_depth	Depth_0_15	37	13	11	0.02	0.1
200	398	0.02	3.98	19	65	0.68	0.281609195402299	4.683368789042	3.36960784313725	0.514867048811899	0.620603015075377	0.0386359856228311	0.2585	0.123	interior_depth	Depth_0_15	38	13	11	0.02	0.1
200	398	0.02	3.98	24	102	0.495	0.447233948011553	7.98953656175042	2.9136260564832	0.474119971717886	0.560301507537688	0.0274194220445245	0.226875	0.073125	interior_depth	Depth_0_15	39	13	11	0.02	0.1
200	398	0.02	3.98	19	96	0.525	0.443869209809264	6.39635583460723	3.0996336996337	0.562665715512234	0.590452261306533	0.0287119082841345	0.218625	0.091125	interior_depth	Depth_0_15	40	13	11	0.02	0.1
200	398	0.02	3.98	19	101	0.5	0.379474940334129	6.58790246611829	2.75292929292929	0.48191333552183	0.582914572864322	0.03547736750232	0.21675	0.075	interior_depth	Depth_0_15	41	13	11	0.02	0.1
200	398	0.02	3.98	23	88	0.555	0.354215003866976	5.95907563025825	2.96036036036036	0.478501174212772	0.635678391959799	0.0332265656777408	0.261625	0.085125	interior_depth	Depth_0_15	42	13	11	0.02	0.1
200	398	0.02	3.98	20	89	0.56	0.336103151862464	4.9473075741279	2.90797940797941	0.491098709628545	0.625628140703518	0.0377117459011372	0.25675	0.0985	interior_depth	Depth_0_15	43	13	11	0.02	0.1
200	398	0.02	3.98	17	56	0.725	0.27074569789675	3.43585899904713	3.48352490421456	0.542044392818363	0.64070351758794	0.0369580828788262	0.306875	0.152875	interior_depth	Depth_0_15	44	13	11	0.02	0.1
200	398	0.02	3.98	19	102	0.495	0.371747211895911	6.11041258103131	2.71036899608328	0.472197671775965	0.605527638190955	0.036519014485635	0.226875	0.074125	interior_depth	Depth_0_15	45	13	11	0.02	0.1
200	398	0.02	3.98	17	79	0.61	0.297254654465131	4.45677873778172	3.04687711692183	0.499690664377162	0.603015075376884	0.0404776671492459	0.26225	0.11325	interior_depth	Depth_0_15	46	13	11	0.02	0.1
200	398	0.02	3.98	22	77	0.615	0.283854166666667	4.85598460877581	2.99333599893376	0.486673316330396	0.587939698492462	0.0400561972788774	0.260875	0.094625	interior_depth	Depth_0_15	47	13	11	0.02	0.1
200	398	0.02	3.98	25	72	0.645	0.278116826503923	4.87459004748212	3.12827034883721	0.493421883285776	0.575376884422111	0.0356278864924925	0.267875	0.109125	interior_depth	Depth_0_15	48	13	11	0.02	0.1
200	398	0.02	3.98	25	89	0.56	0.362568519968677	6.07976488594654	2.91859716859717	0.494163657483397	0.547738693467337	0.0329121849015424	0.265	0.08975	interior_depth	Depth_0_15	49	13	11	0.02	0.1
200	398	0.02	3.98	26	76	0.625	0.381522668947819	5.97491316905754	3.37225806451613	0.56405141284311	0.660804020100503	0.0311052376788819	0.258375	0.112375	interior_depth	Depth_0_15	50	13	11	0.02	0.1
200	398	0.02	3.98	21	86	0.575	0.319584812892652	5.24909709456707	2.93989321128909	0.484738390444686	0.562814070351759	0.0380868932183474	0.256875	0.097625	interior_depth	Depth_0_15	51	13	11	0.02	0.1
200	398	0.02	3.98	19	78	0.615	0.324764353041988	5.12019868358864	3.20391843262695	0.495249488649276	0.57035175879397	0.0364280258366943	0.261875	0.110625	interior_depth	Depth_0_15	52	13	11	0.02	0.1
200	398	0.02	3.98	21	87	0.57	0.292894280762565	4.89564028926544	2.92128551467163	0.450869296229893	0.582914572864322	0.0377252399218053	0.252	0.09175	interior_depth	Depth_0_15	53	13	11	0.02	0.1
200	398	0.02	3.98	18	102	0.495	0.4171875	5.89940953342249	2.87858173572459	0.542798792959774	0.550251256281407	0.0304367837419126	0.201875	0.076125	interior_depth	Depth_0_15	54	13	11	0.02	0.1
200	398	0.02	3.98	18	71	0.65	0.278332354668233	4.71624024086247	3.13798449612403	0.488920734324891	0.587939698492462	0.0395511399961887	0.30725	0.11075	interior_depth	Depth_0_15	55	13	11	0.02	0.1
200	398	0.02	3.98	22	89	0.56	0.338787553648069	5.53341225698185	2.91489703989704	0.478093987525568	0.618090452261307	0.0386316566233255	0.245	0.0915	interior_depth	Depth_0_15	56	13	11	0.02	0.1
200	398	0.02	3.98	22	75	0.625	0.274350140933292	4.1841389667767	3.00709677419355	0.505205045327138	0.565326633165829	0.0353369981830233	0.288375	0.100125	interior_depth	Depth_0_15	57	13	11	0.02	0.1
200	398	0.02	3.98	17	73	0.64	0.358608385370205	5.27138908750557	3.33489173228346	0.558574909724502	0.613065326633166	0.0311032965347798	0.2745	0.10875	interior_depth	Depth_0_15	58	13	11	0.02	0.1
200	398	0.02	3.98	20	89	0.555	0.406741003547897	6.63839038158972	3.12841932841933	0.550159718188935	0.590452261306533	0.0339868154009868	0.236875	0.089125	interior_depth	Depth_0_15	59	13	11	0.02	0.1
200	398	0.02	3.98	22	84	0.585	0.256242905788876	4.82899699184094	2.82758620689655	0.450711471932527	0.610552763819096	0.0411913084887539	0.273125	0.095375	interior_depth	Depth_0_15	60	13	11	0.02	0.1
200	398	0.02	3.98	25	82	0.58	0.293388429752066	5.17464602233741	2.92143928035982	0.470619428802303	0.64070351758794	0.0363532057837931	0.2695	0.092	interior_depth	Depth_0_15	61	13	11	0.02	0.1
200	398	0.02	3.98	23	65	0.68	0.260830594562295	4.79746038516666	3.22614379084967	0.476383172142118	0.587939698492462	0.0398703836226725	0.29225	0.11975	interior_depth	Depth_0_15	62	13	11	0.02	0.1
200	398	0.02	3.98	30	102	0.495	0.40663988158173	8.14098553260026	2.73428159142445	0.481755511224464	0.685929648241206	0.0313955339770181	0.235375	0.063125	interior_depth	Depth_0_15	63	13	11	0.02	0.1
200	398	0.02	3.98	20	59	0.7	0.372220431840155	5.17619549358107	3.63597122302158	0.580051640110098	0.540201005025126	0.029416808031633	0.27875	0.11825	interior_depth	Depth_0_15	64	13	11	0.02	0.1
200	398	0.02	3.98	24	77	0.62	0.386172006745363	5.92138214162963	3.3494623655914	0.530662104492311	0.653266331658292	0.0327947320449465	0.25575	0.10525	interior_depth	Depth_0_15	65	13	11	0.02	0.1
200	398	0.02	3.98	19	94	0.53	0.31890722207195	5.39499615795134	2.75399820305481	0.439903664048888	0.660804020100503	0.0399399713540852	0.235	0.0895	interior_depth	Depth_0_15	66	13	11	0.02	0.1
200	398	0.02	3.98	21	90	0.555	0.371465968586387	6.13252344100481	2.95790335790336	0.518149794197116	0.575376884422111	0.0344243886863559	0.249875	0.080375	interior_depth	Depth_0_15	67	13	11	0.02	0.1
200	398	0.02	3.98	23	81	0.6	0.334757834757835	6.93299234267424	3.10364145658263	0.468479331330017	0.5678391959799	0.0320424074688627	0.26425	0.08925	interior_depth	Depth_0_15	68	13	11	0.02	0.1
200	398	0.02	3.98	28	102	0.485	0.399098083427283	7.65809045990484	2.7680412371134	0.433170879523244	0.595477386934673	0.0289620968157714	0.225625	0.074125	interior_depth	Depth_0_15	69	13	11	0.02	0.1
200	398	0.02	3.98	26	127	0.37	0.555851063829787	11.2238391805533	2.61384672343576	0.427564960480796	0.605527638190955	0.0267428501299931	0.15625	0.05	interior_depth	Depth_0_15	70	13	11	0.02	0.1
200	398	0.02	3.98	18	71	0.65	0.246655791190865	4.06537837328149	3.15110316040549	0.484874119340421	0.618090452261307	0.042683304392614	0.30975	0.11475	interior_depth	Depth_0_15	71	13	11	0.02	0.1
200	398	0.02	3.98	23	77	0.62	0.256338028169014	4.15919027523758	2.94702334120115	0.470240650488624	0.57035175879397	0.0402106930993977	0.2545	0.10225	interior_depth	Depth_0_15	72	13	11	0.02	0.1
200	398	0.02	3.98	23	83	0.59	0.325649959796301	5.66708204454359	2.95364334347385	0.480139390419434	0.592964824120603	0.0375884809476328	0.281	0.09425	interior_depth	Depth_0_15	73	13	11	0.02	0.1
200	398	0.02	3.98	23	89	0.55	0.366004642765024	6.31915167777943	2.95029190992494	0.48069808843211	0.610552763819096	0.0331981561700266	0.263	0.09525	interior_depth	Depth_0_15	74	13	11	0.02	0.1
200	398	0.02	3.98	18	59	0.705	0.336535162950257	4.2618236919099	3.59736575481256	0.590458574278427	0.625628140703518	0.0333002765877537	0.324375	0.126125	interior_depth	Depth_0_15	75	13	11	0.02	0.1
200	398	0.02	3.98	21	83	0.59	0.312676056338028	5.24280588819233	2.99275677241779	0.477813060276256	0.618090452261307	0.0378464187056643	0.26125	0.09825	interior_depth	Depth_0_15	76	13	11	0.02	0.1
200	398	0.02	3.98	18	77	0.62	0.304259634888438	5.06242409062645	3.05861526357199	0.488302063079215	0.618090452261307	0.0358124237224245	0.23825	0.10075	interior_depth	Depth_0_15	77	13	11	0.02	0.1
200	398	0.02	3.98	21	72	0.645	0.265478707339172	4.58724040270312	3.02919089147287	0.499081462589329	0.582914572864322	0.0399575928704936	0.288875	0.110125	interior_depth	Depth_0_15	78	13	11	0.02	0.1
200	398	0.02	3.98	20	77	0.62	0.272806507844277	4.92138262488437	3.00419617099397	0.48690373980455	0.633165829145729	0.0404627774221699	0.2715	0.0995	interior_depth	Depth_0_15	79	13	11	0.02	0.1
200	398	0.02	3.98	18	65	0.68	0.325313453066757	4.32740688944794	3.45392156862745	0.551930506805384	0.630653266331658	0.0342895617804453	0.304	0.12925	interior_depth	Depth_0_15	80	13	11	0.02	0.1
200	398	0.02	3.98	21	79	0.61	0.30826000567698	5.25371061077752	3.11800569028587	0.487124693820863	0.600502512562814	0.035812573516863	0.27575	0.10775	interior_depth	Depth_0_15	81	13	11	0.02	0.1
200	398	0.02	3.98	22	63	0.685	0.246317768724538	4.20775134829146	3.13525118076428	0.496783540819676	0.635678391959799	0.0416975946801802	0.305875	0.111125	interior_depth	Depth_0_15	82	13	11	0.02	0.1
200	398	0.02	3.98	26	114	0.435	0.498137620074495	9.3465614751347	2.73883988238439	0.478564303931719	0.630653266331658	0.0250147641902339	0.221625	0.055625	interior_depth	Depth_0_15	83	13	11	0.02	0.1
200	398	0.02	3.98	17	64	0.685	0.272251308900524	3.85715052016184	3.28134392443109	0.514349385116537	0.618090452261307	0.0388491989998243	0.286875	0.127125	interior_depth	Depth_0_15	84	13	11	0.02	0.1
200	398	0.02	3.98	16	88	0.565	0.29683257918552	4.61640286671591	2.88716814159292	0.476850332062322	0.600502512562814	0.0422031616211665	0.263125	0.108125	interior_depth	Depth_0_15	85	13	11	0.02	0.1
200	398	0.02	3.98	17	65	0.68	0.281865284974093	3.82083349175537	3.36666666666667	0.527584530693669	0.633165829145729	0.0381434496765794	0.3165	0.12775	interior_depth	Depth_0_15	86	13	11	0.02	0.1
200	398	0.02	3.98	26	101	0.5	0.3585313174946	6.40664165516345	2.66383838383838	0.459537006641246	0.582914572864322	0.0368632971426186	0.212	0.079	interior_depth	Depth_0_15	87	13	11	0.02	0.1
200	398	0.02	3.98	18	74	0.625	0.345671641791045	5.03115182761774	3.16941935483871	0.553085780662105	0.64321608040201	0.0360910779573697	0.286375	0.108875	interior_depth	Depth_0_15	88	13	11	0.02	0.1
200	398	0.02	3.98	23	83	0.59	0.341272065004203	5.68000106305714	3.00072432275822	0.497534784475139	0.562814070351759	0.0372799587732952	0.259	0.107	interior_depth	Depth_0_15	89	13	11	0.02	0.1
200	398	0.02	3.98	21	80	0.605	0.288594470046083	5.21871016785763	3.03567493112948	0.492474937501578	0.577889447236181	0.0399008080682676	0.262875	0.101375	interior_depth	Depth_0_15	90	13	11	0.02	0.1
200	398	0.02	3.98	28	89	0.56	0.344287949921753	5.73355414519937	2.91682754182754	0.477459533850155	0.613065326633166	0.034092310721309	0.22225	0.086	interior_depth	Depth_0_15	91	13	11	0.02	0.1
200	398	0.02	3.98	27	103	0.49	0.365568083261058	7.39085772924217	2.6454870608037	0.438442211055276	0.633165829145729	0.035900874335918	0.21125	0.06675	interior_depth	Depth_0_15	92	13	11	0.02	0.1
200	398	0.02	3.98	20	85	0.57	0.384113811499704	5.42312151024481	3.05822077317187	0.545784828665943	0.580402010050251	0.0316704764747909	0.24425	0.105	interior_depth	Depth_0_15	93	13	11	0.02	0.1
200	398	0.02	3.98	23	83	0.59	0.335114503816794	5.96383347226298	3.04693611473272	0.486446049342188	0.660804020100503	0.032734243039234	0.2185	0.0815	interior_depth	Depth_0_15	94	13	11	0.02	0.1
200	398	0.02	3.98	23	94	0.535	0.351550960118168	6.60511409465872	2.81096808323047	0.460483952425444	0.590452261306533	0.0346408098182649	0.248625	0.080875	interior_depth	Depth_0_15	95	13	11	0.02	0.1
200	398	0.02	3.98	23	78	0.615	0.345527293512432	5.57929686683363	3.12968146074903	0.50828261912578	0.595477386934673	0.0319785279230875	0.273125	0.097875	interior_depth	Depth_0_15	96	13	11	0.02	0.1
200	398	0.02	3.98	23	75	0.63	0.309928858645221	4.46678884081991	3.12063492063492	0.542057018762153	0.582914572864322	0.0354860157526444	0.271	0.10125	interior_depth	Depth_0_15	97	13	11	0.02	0.1
200	398	0.02	3.98	23	95	0.53	0.373626373626374	6.55987459550236	2.84348607367475	0.474205196838464	0.560301507537688	0.0345115895840032	0.216	0.0825	interior_depth	Depth_0_15	98	13	11	0.02	0.1
200	398	0.02	3.98	27	92	0.54	0.33851554663992	6.04031702169733	2.80754586362063	0.490274866796293	0.635678391959799	0.034022498708415	0.2545	0.08325	interior_depth	Depth_0_15	99	13	11	0.02	0.1
200	398	0.02	3.98	18	86	0.575	0.265424912689173	4.65182587145969	2.82456140350877	0.442735031943638	0.592964824120603	0.0423836037525325	0.251375	0.097875	interior_depth	Depth_0_15	100	13	11	0.02	0.1
200	398	0.02	3.98	18	90	0.555	0.397283531409168	5.41614567836518	2.997542997543	0.553076311204262	0.615577889447236	0.0335005457940894	0.267625	0.090625	interior_depth	Depth_0_15	101	13	11	0.02	0.1
200	398	0.02	3.98	19	84	0.585	0.298264940787662	5.25340005347781	2.95947539050987	0.45939180828767	0.595477386934673	0.0371907185498884	0.272875	0.097625	interior_depth	Depth_0_15	102	13	11	0.02	0.1
200	398	0.02	3.98	21	66	0.675	0.289767293592604	4.5179538574834	3.2750690989497	0.530879902022676	0.64070351758794	0.0389729363983444	0.319125	0.124375	interior_depth	Depth_0_15	103	13	11	0.02	0.1
200	398	0.02	3.98	23	100	0.505	0.345394736842105	6.03845211908523	2.70574257425743	0.469341051993637	0.625628140703518	0.0348383289765366	0.245375	0.078125	interior_depth	Depth_0_15	104	13	11	0.02	0.1
200	398	0.02	3.98	22	84	0.585	0.401659751037344	6.0261438849811	3.3236074270557	0.561756647559405	0.638190954773869	0.0270392011956087	0.260625	0.106375	interior_depth	Depth_0_15	105	13	11	0.02	0.1
200	398	0.02	3.98	23	95	0.52	0.416122004357298	7.21254045387664	2.97927557879014	0.472955228403323	0.577889447236181	0.0289765120151814	0.24625	0.0765	interior_depth	Depth_0_15	106	13	11	0.02	0.1
200	398	0.02	3.98	23	82	0.595	0.303669008587041	5.72782329045783	3.07919099843327	0.457033913285018	0.675879396984925	0.03655985131214	0.245875	0.087125	interior_depth	Depth_0_15	107	13	11	0.02	0.1
200	398	0.02	3.98	21	87	0.57	0.399591732584843	6.35766675144506	3.04316099984474	0.53998320749476	0.600502512562814	0.0329421210993843	0.24825	0.08475	interior_depth	Depth_0_15	108	13	11	0.02	0.1
200	398	0.02	3.98	21	77	0.615	0.275862068965517	5.0270136735267	2.93615886978542	0.463580465139769	0.587939698492462	0.0408064846486804	0.300625	0.105625	interior_depth	Depth_0_15	109	13	11	0.02	0.1
200	398	0.02	3.98	22	91	0.55	0.395604395604396	6.40773299379064	3.11793160967473	0.5048957097043	0.613065326633166	0.0333226783238179	0.2405	0.1015	interior_depth	Depth_0_15	110	13	11	0.02	0.1
200	398	0.02	3.98	22	87	0.57	0.300777202072539	5.4827119977491	2.83868964446515	0.445796823312543	0.590452261306533	0.038450881173542	0.232	0.082	interior_depth	Depth_0_15	111	13	11	0.02	0.1
200	398	0.02	3.98	20	86	0.575	0.307214266414483	5.32765416785706	2.90739893211289	0.469972349183101	0.597989949748744	0.0392455443186759	0.250375	0.085875	interior_depth	Depth_0_15	112	13	11	0.02	0.1
200	398	0.02	3.98	19	86	0.57	0.389455782312925	5.88476200741245	3.25244527247322	0.528313678947501	0.580402010050251	0.031607184173792	0.25825	0.0975	interior_depth	Depth_0_15	113	13	11	0.02	0.1
200	398	0.02	3.98	19	77	0.62	0.290167095115681	4.27269016956275	3.04248623131393	0.506833792075958	0.603015075376884	0.0354621458965799	0.28475	0.11575	interior_depth	Depth_0_15	114	13	11	0.02	0.1
200	398	0.02	3.98	21	75	0.625	0.260911736178468	4.05614962252262	3.02309677419355	0.471092901694402	0.57286432160804	0.0402252933713518	0.236875	0.111625	interior_depth	Depth_0_15	115	13	11	0.02	0.1
200	398	0.02	3.98	26	98	0.515	0.346180475421186	6.80907703914249	2.71178374262326	0.449275270826494	0.592964824120603	0.0352239427398806	0.247375	0.072875	interior_depth	Depth_0_15	116	13	11	0.02	0.1
200	398	0.02	3.98	27	125	0.38	0.513269339356296	9.6603502491308	2.48982456140351	0.476499962122169	0.5	0.0247537547971246	0.17025	0.0495	interior_depth	Depth_0_15	117	13	11	0.02	0.1
200	398	0.02	3.98	19	75	0.63	0.313137965097135	4.21582355219498	3.19771428571429	0.534554051665362	0.64070351758794	0.0393613099301259	0.27425	0.11625	interior_depth	Depth_0_15	118	13	11	0.02	0.1
200	398	0.02	3.98	21	85	0.57	0.391640423704552	5.57732120382779	3.14066138798323	0.513332996641499	0.675879396984925	0.0314980700996921	0.234	0.10325	interior_depth	Depth_0_15	119	13	11	0.02	0.1
200	398	0.02	3.98	21	71	0.65	0.276654411764706	4.57042515752074	3.17555158020274	0.511199212141108	0.630653266331658	0.0394458837820628	0.29325	0.11325	interior_depth	Depth_0_15	120	13	11	0.02	0.1
200	398	0.02	3.98	23	98	0.515	0.441756693283232	7.46274585328843	2.95945174186179	0.522710916391	0.57035175879397	0.027645451823426	0.197125	0.074125	interior_depth	Depth_0_15	121	13	11	0.02	0.1
200	398	0.02	3.98	23	80	0.6	0.310595847937449	5.70457954061903	3.02605042016807	0.493282997904093	0.620603015075377	0.0374466792043948	0.248	0.09225	interior_depth	Depth_0_15	122	13	11	0.02	0.1
200	398	0.02	3.98	17	76	0.625	0.277078858545566	4.5148531256613	3.10141935483871	0.442630867907376	0.638190954773869	0.0400812720770988	0.269875	0.108125	interior_depth	Depth_0_15	123	13	11	0.02	0.1
200	398	0.02	3.98	21	85	0.58	0.344714964370546	4.96982473680959	2.98170914542729	0.544197116234439	0.565326633165829	0.0331554782546403	0.276	0.103	interior_depth	Depth_0_15	124	13	11	0.02	0.1
200	398	0.02	3.98	20	73	0.63	0.322410441544016	5.47128470616143	3.14806349206349	0.530920936339991	0.635678391959799	0.0348676553580128	0.2465	0.104	interior_depth	Depth_0_15	125	13	11	0.02	0.1
200	398	0.02	3.98	24	92	0.545	0.356596794081381	6.42474362263513	2.8822629969419	0.44810105805409	0.630653266331658	0.0354469414154023	0.231125	0.079125	interior_depth	Depth_0_15	126	13	11	0.02	0.1
200	398	0.02	3.98	21	75	0.63	0.312409603702632	5.05860924905603	3.18260317460317	0.505530163379713	0.603015075376884	0.0352351043568286	0.2675	0.10925	interior_depth	Depth_0_15	127	13	11	0.02	0.1
200	398	0.02	3.98	23	99	0.5	0.429685653509809	8.13908736907047	2.90505050505051	0.481705007449307	0.585427135678392	0.0282828712168759	0.23275	0.08025	interior_depth	Depth_0_15	128	13	11	0.02	0.1
200	398	0.02	3.98	16	78	0.615	0.331624479333547	4.34878126064899	3.1703318672531	0.550188126562461	0.623115577889447	0.0358207803358444	0.251875	0.107875	interior_depth	Depth_0_15	129	13	11	0.02	0.1
200	398	0.02	3.98	21	81	0.6	0.312282579609312	5.69609787963235	2.96596638655462	0.484066058937906	0.623115577889447	0.0376279659015998	0.27825	0.09675	interior_depth	Depth_0_15	130	13	11	0.02	0.1
200	398	0.02	3.98	23	90	0.555	0.343208092485549	6.40233478542183	2.85847665847666	0.453855331936062	0.5678391959799	0.0329022059814927	0.242625	0.078125	interior_depth	Depth_0_15	131	13	11	0.02	0.1
200	398	0.02	3.98	22	84	0.585	0.340048348106366	5.72921016839918	2.99808429118774	0.503386909421479	0.658291457286432	0.0368549657187175	0.248125	0.092125	interior_depth	Depth_0_15	132	13	11	0.02	0.1
200	398	0.02	3.98	20	87	0.57	0.342105263157895	5.79200738620659	2.94240024840863	0.47930607812934	0.512562814070352	0.0316620273434047	0.24175	0.0855	interior_depth	Depth_0_15	133	13	11	0.02	0.1
200	398	0.02	3.98	20	88	0.565	0.374124967591392	5.9854843433228	2.97155499367889	0.522603595868791	0.625628140703518	0.0327191785327351	0.240625	0.095625	interior_depth	Depth_0_15	134	13	11	0.02	0.1
200	398	0.02	3.98	22	70	0.655	0.264283434407916	4.18191012113506	3.18015267175573	0.488128456352112	0.613065326633166	0.0386548698862396	0.282875	0.112375	interior_depth	Depth_0_15	135	13	11	0.02	0.1
200	398	0.02	3.98	19	91	0.55	0.337322571667131	5.58121059669327	3.02869057547957	0.477532133026944	0.597989949748744	0.038120153327179	0.24975	0.102	interior_depth	Depth_0_15	136	13	11	0.02	0.1
200	398	0.02	3.98	25	92	0.545	0.343000958772771	6.79117862479251	2.84862385321101	0.429559859599505	0.57286432160804	0.0340356652497796	0.234875	0.077125	interior_depth	Depth_0_15	137	13	11	0.02	0.1
200	398	0.02	3.98	19	71	0.645	0.302080192945433	4.75046990469414	3.19173934108527	0.497544253932981	0.605527638190955	0.0348761102942674	0.275625	0.104625	interior_depth	Depth_0_15	138	13	11	0.02	0.1
200	398	0.02	3.98	29	96	0.525	0.341605839416058	8.02380033948286	2.78406593406593	0.383396252619883	0.64321608040201	0.0330219705220221	0.245625	0.069875	interior_depth	Depth_0_15	139	13	11	0.02	0.1
200	398	0.02	3.98	18	76	0.62	0.343722172751558	5.06671830511016	3.23852609493837	0.527672912300195	0.587939698492462	0.036306170143059	0.259	0.102	interior_depth	Depth_0_15	140	13	11	0.02	0.1
200	398	0.02	3.98	18	62	0.695	0.325161290322581	4.46996988461305	3.42539881138567	0.571453372389586	0.610552763819096	0.0341605996900131	0.299375	0.104125	interior_depth	Depth_0_15	141	13	11	0.02	0.1
200	398	0.02	3.98	26	84	0.585	0.360842207163601	6.868936292006	3.14485705865016	0.472232393121386	0.653266331658292	0.0326253898449659	0.250875	0.081875	interior_depth	Depth_0_15	142	13	11	0.02	0.1
200	398	0.02	3.98	20	66	0.67	0.277708978328173	4.27120075863172	3.19144877118169	0.516947173051186	0.64070351758794	0.0389188482073306	0.281	0.1065	interior_depth	Depth_0_15	143	13	11	0.02	0.1
200	398	0.02	3.98	23	85	0.58	0.287739783152627	5.24683638897789	2.9143928035982	0.42569632079998	0.628140703517588	0.0382519621635649	0.264	0.1	interior_depth	Depth_0_15	144	13	11	0.02	0.1
200	398	0.02	3.98	20	72	0.64	0.24240465416936	4.09815468466289	3.00984251968504	0.467292492613823	0.625628140703518	0.0426677706265783	0.2925	0.127	interior_depth	Depth_0_15	145	13	11	0.02	0.1
200	398	0.02	3.98	18	84	0.585	0.311390330510789	5.52503663866384	2.9665487768936	0.445582182268125	0.545226130653266	0.0377141260628164	0.270125	0.098375	interior_depth	Depth_0_15	146	13	11	0.02	0.1
200	398	0.02	3.98	20	78	0.61	0.38358458961474	6.13300144594271	3.29426906923181	0.547138961137345	0.565326633165829	0.030445142486287	0.24125	0.0965	interior_depth	Depth_0_15	147	13	11	0.02	0.1
200	398	0.02	3.98	18	92	0.545	0.285438499724214	4.99159500507493	2.73088685015291	0.434985858942956	0.577889447236181	0.0423615489776621	0.241875	0.088375	interior_depth	Depth_0_15	148	13	11	0.02	0.1
200	398	0.02	3.98	19	86	0.575	0.303957339320797	5.00067594577877	2.92387490465294	0.487834903159011	0.623115577889447	0.0358125763639592	0.260625	0.095375	interior_depth	Depth_0_15	149	13	11	0.02	0.1
200	398	0.02	3.98	19	77	0.62	0.310445818418484	4.35841962265534	3.15617623918175	0.546368778566198	0.5678391959799	0.0362596778800972	0.291	0.12775	interior_depth	Depth_0_15	150	13	11	0.02	0.1
200	398	0.02	3.98	18	70	0.65	0.267938237965486	4.50495753962405	3.13321407274896	0.511072952703215	0.605527638190955	0.0399799318343531	0.2925	0.1035	interior_depth	Depth_0_15	151	13	11	0.02	0.1
200	398	0.02	3.98	21	82	0.59	0.301369863013699	5.28161676343406	2.92148341300884	0.477020782303477	0.610552763819096	0.0373275598113738	0.26	0.0935	interior_depth	Depth_0_15	152	13	11	0.02	0.1
200	398	0.02	3.98	30	92	0.545	0.332603938730853	5.99525461633154	2.73275569147129	0.462147420519684	0.623115577889447	0.034875316177153	0.232125	0.073625	interior_depth	Depth_0_15	153	13	11	0.02	0.1
200	398	0.02	3.98	25	92	0.545	0.375763747454175	6.09320953255037	2.92660550458716	0.509608343223656	0.5678391959799	0.035407429197424	0.236625	0.082375	interior_depth	Depth_0_15	154	13	11	0.02	0.1
200	398	0.02	3.98	23	95	0.53	0.40708604483008	6.58655676901175	2.96639712488769	0.535781924698871	0.618090452261307	0.0292915546913272	0.25875	0.077	interior_depth	Depth_0_15	155	13	11	0.02	0.1
200	398	0.02	3.98	25	92	0.545	0.420195439739414	7.78048519305027	3.07645259938838	0.492405494810737	0.557788944723618	0.0287053072435407	0.216875	0.082875	interior_depth	Depth_0_15	156	13	11	0.02	0.1
200	398	0.02	3.98	21	104	0.485	0.418419304848351	7.58542836301048	2.86469072164948	0.475988611398702	0.557788944723618	0.0305976520979139	0.194625	0.074625	interior_depth	Depth_0_15	157	13	11	0.02	0.1
200	398	0.02	3.98	20	69	0.66	0.280866003510825	4.79178243116841	3.18771686328938	0.497152849675513	0.530150753768844	0.0366773396020435	0.266	0.1005	interior_depth	Depth_0_15	158	13	11	0.02	0.1
200	398	0.02	3.98	25	91	0.54	0.364520048602673	6.72138634290006	2.89269643475251	0.484290169440166	0.557788944723618	0.0339343080439387	0.2285	0.0845	interior_depth	Depth_0_15	159	13	11	0.02	0.1
200	398	0.02	3.98	21	104	0.485	0.464584249890013	8.08412445831121	2.99849656357388	0.48098217216737	0.585427135678392	0.0305938867082468	0.205875	0.070375	interior_depth	Depth_0_15	160	13	11	0.02	0.1
200	398	0.02	3.98	19	90	0.555	0.329424307036247	5.39297647470509	2.90909090909091	0.476881896921795	0.555276381909548	0.0399898339757655	0.238625	0.084125	interior_depth	Depth_0_15	161	13	11	0.02	0.1
200	398	0.02	3.98	22	86	0.575	0.341022790439133	5.21381484841524	3.02562929061785	0.497455872326456	0.590452261306533	0.0375018468603274	0.218625	0.097125	interior_depth	Depth_0_15	162	13	11	0.02	0.1
200	398	0.02	3.98	26	97	0.52	0.44716726618705	8.03085317063944	3.05433159073936	0.491991995151638	0.57286432160804	0.0303308611702483	0.2425	0.08125	interior_depth	Depth_0_15	163	13	11	0.02	0.1
200	398	0.02	3.98	27	88	0.56	0.37346496508548	7.11053720850835	3.01367438867439	0.4943372642105	0.560301507537688	0.0317681936236788	0.24225	0.08975	interior_depth	Depth_0_15	164	13	11	0.02	0.1
200	398	0.02	3.98	25	81	0.6	0.309403437815976	6.05624775060059	2.93011204481793	0.476588343728694	0.592964824120603	0.0334774426146081	0.25675	0.097	interior_depth	Depth_0_15	165	13	11	0.02	0.1
200	398	0.02	3.98	23	99	0.51	0.348969438521677	6.65122166076294	2.69054552514075	0.42659276280902	0.597989949748744	0.0358613582539868	0.22625	0.07425	interior_depth	Depth_0_15	166	13	11	0.02	0.1
200	398	0.02	3.98	17	78	0.615	0.275665968272972	4.57692489402449	2.98480607756897	0.474113658745991	0.603015075376884	0.0391856132645263	0.282625	0.101625	interior_depth	Depth_0_15	167	13	11	0.02	0.1
200	398	0.02	3.98	20	71	0.65	0.328384279475983	5.21235150750176	3.28944543828265	0.520539254059241	0.5678391959799	0.0363590339481942	0.2745	0.0895	interior_depth	Depth_0_15	168	13	11	0.02	0.1
200	398	0.02	3.98	17	69	0.66	0.295595432300163	4.19403509311479	3.30418690724034	0.515662483270624	0.618090452261307	0.0391106993065236	0.29975	0.12275	interior_depth	Depth_0_15	169	13	11	0.02	0.1
200	398	0.02	3.98	20	67	0.67	0.269899665551839	4.16280832198778	3.22107507574907	0.504693694603672	0.608040201005025	0.0383498372057882	0.28725	0.12925	interior_depth	Depth_0_15	170	13	11	0.02	0.1
200	398	0.02	3.98	21	84	0.585	0.36063829787234	6.18438186221597	3.16342469790746	0.501183682230247	0.633165829145729	0.0328986777516585	0.250125	0.093375	interior_depth	Depth_0_15	171	13	11	0.02	0.1
200	398	0.02	3.98	20	115	0.43	0.503849855630414	7.15323182681547	2.7844049247606	0.516909295219818	0.532663316582915	0.0247651124198884	0.19975	0.07225	interior_depth	Depth_0_15	172	13	11	0.02	0.1
200	398	0.02	3.98	24	90	0.555	0.339767441860465	6.83963654319778	2.79492219492219	0.458558495997576	0.613065326633166	0.0350570293539283	0.249625	0.072625	interior_depth	Depth_0_15	173	13	11	0.02	0.1
200	398	0.02	3.98	28	105	0.48	0.361848341232227	6.55344827769927	2.63552631578947	0.461342516603116	0.592964824120603	0.0362409499566868	0.18575	0.06975	interior_depth	Depth_0_15	174	13	11	0.02	0.1
200	398	0.02	3.98	24	70	0.655	0.290861159929701	4.86818435506405	3.13423370522607	0.530157066740739	0.600502512562814	0.03517298653004	0.275375	0.107875	interior_depth	Depth_0_15	175	13	11	0.02	0.1
200	398	0.02	3.98	27	101	0.5	0.386660947887626	7.3878231860393	2.72989898989899	0.450714628418474	0.693467336683417	0.0317630912244641	0.239	0.06125	interior_depth	Depth_0_15	176	13	11	0.02	0.1
200	398	0.02	3.98	19	65	0.65	0.418048469387755	5.69619046652294	3.80095408467501	0.621594151662837	0.620603015075377	0.0251595516856328	0.244	0.11375	interior_depth	Depth_0_15	177	13	11	0.02	0.1
200	398	0.02	3.98	26	116	0.425	0.517533936651584	10.5624958597462	2.68655462184874	0.442940203530214	0.507537688442211	0.0245230999693618	0.174625	0.054625	interior_depth	Depth_0_15	178	13	11	0.02	0.1
200	398	0.02	3.98	24	87	0.57	0.305474742131711	5.44437148997812	2.82704548983077	0.466310825484205	0.592964824120603	0.0399727130739461	0.26575	0.0915	interior_depth	Depth_0_15	179	13	11	0.02	0.1
200	398	0.02	3.98	20	68	0.655	0.269546027742749	4.39714764679918	3.14445096887845	0.487973788540693	0.630653266331658	0.0382927679172197	0.289125	0.108625	interior_depth	Depth_0_15	180	13	11	0.02	0.1
200	398	0.02	3.98	36	102	0.49	0.404653914415303	8.61009609269044	2.70713233747107	0.427956364738264	0.623115577889447	0.0313424781585224	0.2395	0.064	interior_depth	Depth_0_15	181	13	11	0.02	0.1
200	398	0.02	3.98	19	79	0.605	0.335282651072125	4.27861682238159	3.05840220385675	0.547432514330446	0.592964824120603	0.0353368263908393	0.274625	0.107625	interior_depth	Depth_0_15	182	13	11	0.02	0.1
200	398	0.02	3.98	21	72	0.645	0.287695485393922	4.83533911206825	3.16848352713178	0.496344789272998	0.615577889447236	0.0396299441094417	0.273375	0.102375	interior_depth	Depth_0_15	183	13	11	0.02	0.1
200	398	0.02	3.98	19	65	0.67	0.337688442211055	4.33605661515043	3.3563012007631	0.55779841418146	0.562814070351759	0.0338040260529864	0.29925	0.118	interior_depth	Depth_0_15	184	13	11	0.02	0.1
200	398	0.02	3.98	23	70	0.655	0.293190416141236	4.52586843470031	3.14891368173811	0.492206636196056	0.653266331658292	0.0393039734564827	0.291875	0.105875	interior_depth	Depth_0_15	185	13	11	0.02	0.1
200	398	0.02	3.98	24	70	0.645	0.280588776448942	4.59356869442559	3.12100290697674	0.485697962172672	0.653266331658292	0.0394645972281472	0.304625	0.110625	interior_depth	Depth_0_15	186	13	11	0.02	0.1
200	398	0.02	3.98	24	102	0.495	0.436833749149467	7.70020569854885	2.82333539476397	0.531287088709881	0.57035175879397	0.0305369753969109	0.245875	0.069375	interior_depth	Depth_0_15	187	13	11	0.02	0.1
200	398	0.02	3.98	19	108	0.465	0.534946900469252	7.06942336980498	3.08345021037868	0.607434155703139	0.623115577889447	0.0247146352218487	0.199375	0.071125	interior_depth	Depth_0_15	188	13	11	0.02	0.1
200	398	0.02	3.98	21	55	0.73	0.256874347372085	3.682437198681	3.3900803023146	0.567832883008005	0.608040201005025	0.0379406701646996	0.29325	0.12925	interior_depth	Depth_0_15	189	13	11	0.02	0.1
200	398	0.02	3.98	19	80	0.605	0.307020016915703	5.24951412324262	3.03884297520661	0.487143632736547	0.638190954773869	0.0374178095678846	0.251375	0.094625	interior_depth	Depth_0_15	190	13	11	0.02	0.1
200	398	0.02	3.98	22	83	0.585	0.396486486486486	5.95648466860228	3.1763925729443	0.557476452614833	0.638190954773869	0.0315764391549599	0.237625	0.094875	interior_depth	Depth_0_15	191	13	11	0.02	0.1
200	398	0.02	3.98	22	94	0.535	0.347728965003723	5.96439542466232	2.80144595309469	0.489413146132673	0.620603015075377	0.0328391080189836	0.272875	0.088625	interior_depth	Depth_0_15	192	13	11	0.02	0.1
200	398	0.02	3.98	24	83	0.585	0.297527472527473	5.45163350605591	2.89655172413793	0.43863791318401	0.625628140703518	0.037973276284202	0.260375	0.094625	interior_depth	Depth_0_15	193	13	11	0.02	0.1
200	398	0.02	3.98	28	67	0.66	0.292249730893434	5.84952509194588	3.18702290076336	0.491480644428171	0.648241206030151	0.0340296558364694	0.2685	0.101	interior_depth	Depth_0_15	194	13	11	0.02	0.1
200	398	0.02	3.98	20	73	0.64	0.290518991011887	5.02363419351618	3.09657972440945	0.482519380823717	0.605527638190955	0.0355964097905104	0.2935	0.1015	interior_depth	Depth_0_15	195	13	11	0.02	0.1
200	398	0.02	3.98	24	112	0.445	0.415453767123288	7.45569299442384	2.58273748723187	0.472737430872958	0.57286432160804	0.0324314086336159	0.217125	0.060875	interior_depth	Depth_0_15	196	13	11	0.02	0.1
200	398	0.02	3.98	18	85	0.58	0.341047150708707	5.18645460043236	3.03778110944528	0.498036665740764	0.635678391959799	0.0329259398126329	0.25925	0.104	interior_depth	Depth_0_15	197	13	11	0.02	0.1
200	398	0.02	3.98	25	97	0.52	0.344355219650449	6.59092138653589	2.74962658700523	0.440190904270094	0.562814070351759	0.0352947712041156	0.24925	0.07825	interior_depth	Depth_0_15	198	13	11	0.02	0.1
200	398	0.02	3.98	18	81	0.58	0.328755605381166	5.10369426095098	2.98095952023988	0.49617749551779	0.575376884422111	0.03630148399555	0.2695	0.08525	interior_depth	Depth_0_15	199	13	11	0.02	0.1
200	398	0.02	3.98	23	72	0.645	0.330204778156997	5.33474922258302	3.26635174418605	0.520482437312189	0.660804020100503	0.0360944100057171	0.264125	0.102375	interior_depth	Depth_0_15	200	13	11	0.02	0.1
200	398	0.02	3.98	24	78	0.61	0.370883882149047	5.2741203290539	3.17531499796775	0.537142370142168	0.64572864321608	0.0367278227095345	0.2595	0.1085	interior_depth	Depth_16_30	1	13	11	0.02	0.1
200	398	0.02	3.98	22	92	0.545	0.340772316950853	5.93293658240495	2.77132178049609	0.475783439812126	0.620603015075377	0.0355899049486528	0.260375	0.084125	interior_depth	Depth_16_30	2	13	11	0.02	0.1
200	398	0.02	3.98	21	86	0.575	0.354796320630749	5.85865976839612	2.97726926010679	0.492547536678367	0.633165829145729	0.0327692314052994	0.252125	0.097625	interior_depth	Depth_16_30	3	13	11	0.02	0.1
200	398	0.02	3.98	26	93	0.535	0.308711156393276	5.48066789588807	2.7042849585611	0.464981944900381	0.610552763819096	0.0398182112470063	0.256875	0.078375	interior_depth	Depth_16_30	4	13	11	0.02	0.1
200	398	0.02	3.98	18	79	0.61	0.362362063823442	5.18710249456034	3.08508332204308	0.527508775030934	0.64070351758794	0.0323202663907654	0.277	0.1025	interior_depth	Depth_16_30	5	13	11	0.02	0.1
200	398	0.02	3.98	21	78	0.615	0.327942497753819	4.89580555467299	3.10249233639877	0.532565465518547	0.620603015075377	0.0409035134637172	0.257375	0.112375	interior_depth	Depth_16_30	6	13	11	0.02	0.1
200	398	0.02	3.98	22	81	0.6	0.348228882833787	5.86451437967569	3.03473389355742	0.503402691851216	0.613065326633166	0.0376652892076629	0.22675	0.094	interior_depth	Depth_16_30	7	13	11	0.02	0.1
200	398	0.02	3.98	20	75	0.62	0.318021201413428	4.82748639224702	3.14804615788093	0.538843716067776	0.613065326633166	0.0413337644894039	0.26825	0.1005	interior_depth	Depth_16_30	8	13	11	0.02	0.1
200	398	0.02	3.98	18	77	0.62	0.338737695425594	5.09549843927111	3.25255704169945	0.492989444710992	0.623115577889447	0.0370329377962496	0.267	0.10525	interior_depth	Depth_16_30	9	13	11	0.02	0.1
200	398	0.02	3.98	22	62	0.695	0.269503546099291	3.95762138445939	3.24304035032843	0.534266811444155	0.708542713567839	0.0375053779031198	0.292625	0.135875	interior_depth	Depth_16_30	10	13	11	0.02	0.1
200	398	0.02	3.98	22	75	0.63	0.261396422388921	4.71129968164443	2.95873015873016	0.462115855660211	0.608040201005025	0.0446028448126993	0.254	0.0965	interior_depth	Depth_16_30	11	13	11	0.02	0.1
200	398	0.02	3.98	28	92	0.545	0.372675427721299	6.58694939551998	2.94053686714237	0.466888462412565	0.701005025125628	0.0335752226164437	0.249875	0.092375	interior_depth	Depth_16_30	12	13	11	0.02	0.1
200	398	0.02	3.98	23	94	0.535	0.385430463576159	7.36299394087311	2.84323752424616	0.495883942324689	0.608040201005025	0.0305636632599958	0.223375	0.067875	interior_depth	Depth_16_30	13	13	11	0.02	0.1
200	398	0.02	3.98	19	81	0.6	0.34997195737521	5.41474890398158	3.15686274509804	0.507294639024267	0.630653266331658	0.0374599736321205	0.24725	0.0965	interior_depth	Depth_16_30	14	13	11	0.02	0.1
200	398	0.02	3.98	21	86	0.575	0.336427496236829	6.25832057459206	2.95286041189931	0.461134188530593	0.575376884422111	0.0385124906764283	0.246625	0.081875	interior_depth	Depth_16_30	15	13	11	0.02	0.1
200	398	0.02	3.98	27	83	0.59	0.288446215139442	5.23220785506216	2.85557004201072	0.448179970202773	0.615577889447236	0.0382938048759112	0.2675	0.086	interior_depth	Depth_16_30	16	13	11	0.02	0.1
200	398	0.02	3.98	20	80	0.605	0.282324058919804	5.15788835661985	2.92892561983471	0.468981212595642	0.592964824120603	0.0423774088397229	0.263625	0.095125	interior_depth	Depth_16_30	17	13	11	0.02	0.1
200	398	0.02	3.98	24	97	0.52	0.408580693439761	7.0475920375981	2.8319641523525	0.483538925784702	0.633165829145729	0.034259619825001	0.2405	0.082	interior_depth	Depth_16_30	18	13	11	0.02	0.1
200	398	0.02	3.98	18	78	0.615	0.294135071090047	4.56388975122966	3.01066240170598	0.491019797479862	0.633165829145729	0.0409284179606822	0.270375	0.102625	interior_depth	Depth_16_30	19	13	11	0.02	0.1
200	398	0.02	3.98	25	86	0.575	0.340485601355167	5.50044848466058	2.98764302059497	0.527635034468827	0.660804020100503	0.031977183556242	0.250125	0.100875	interior_depth	Depth_16_30	20	13	11	0.02	0.1
200	398	0.02	3.98	20	82	0.595	0.324156305506217	5.09917895256652	3.03432559464464	0.485795813237039	0.648241206030151	0.0368520298156838	0.279875	0.110375	interior_depth	Depth_16_30	21	13	11	0.02	0.1
200	398	0.02	3.98	22	79	0.61	0.327715919349985	4.88355012018001	3.07898658718331	0.540734451150223	0.635678391959799	0.0351513324061581	0.26575	0.11125	interior_depth	Depth_16_30	22	13	11	0.02	0.1
200	398	0.02	3.98	26	88	0.565	0.324559285196812	6.50958211206587	2.82996207332491	0.471124466553875	0.605527638190955	0.0388089081778049	0.269875	0.082625	interior_depth	Depth_16_30	23	13	11	0.02	0.1
200	398	0.02	3.98	24	69	0.655	0.377505567928731	6.0290424115237	3.59471520845567	0.558366581651978	0.600502512562814	0.0300917182134786	0.238625	0.106375	interior_depth	Depth_16_30	24	13	11	0.02	0.1
200	398	0.02	3.98	20	70	0.655	0.337238758708043	4.71894433006557	3.33141514973576	0.550850988611399	0.695979899497487	0.0347110589684942	0.282875	0.115875	interior_depth	Depth_16_30	25	13	11	0.02	0.1
200	398	0.02	3.98	16	76	0.625	0.30730319317104	4.20794047460566	3.0698064516129	0.509248503825661	0.603015075376884	0.0362264124018416	0.277375	0.103875	interior_depth	Depth_16_30	26	13	11	0.02	0.1
200	398	0.02	3.98	27	100	0.505	0.381855575868373	6.75964179548868	2.68495049504951	0.484429054821848	0.675879396984925	0.0304451327466388	0.231125	0.071875	interior_depth	Depth_16_30	27	13	11	0.02	0.1
200	398	0.02	3.98	17	59	0.71	0.310595567867036	4.06400392582958	3.5262211567276	0.574530946188228	0.648241206030151	0.034755949647917	0.31225	0.1245	interior_depth	Depth_16_30	28	13	11	0.02	0.1
200	398	0.02	3.98	19	85	0.58	0.391659852820932	6.00550179599435	3.26536731634183	0.511798944471099	0.610552763819096	0.0328664068069966	0.273	0.0935	interior_depth	Depth_16_30	29	13	11	0.02	0.1
200	398	0.02	3.98	17	80	0.6	0.339549839228296	4.30658108314243	3.12941176470588	0.55154541551981	0.675879396984925	0.0318978837524279	0.26875	0.10925	interior_depth	Depth_16_30	30	13	11	0.02	0.1
200	398	0.02	3.98	20	74	0.635	0.312405674615152	4.8851350716337	3.20409948756405	0.500552385040782	0.590452261306533	0.0344236717368556	0.283125	0.107375	interior_depth	Depth_16_30	31	13	11	0.02	0.1
200	398	0.02	3.98	18	79	0.61	0.2984934086629	4.22812872586861	3.05094160682834	0.507430367920002	0.582914572864322	0.0356008907120108	0.2835	0.10375	interior_depth	Depth_16_30	32	13	11	0.02	0.1
200	398	0.02	3.98	24	103	0.49	0.405208964264082	8.58777699857581	2.68693456764149	0.450490517916214	0.560301507537688	0.0323914513700582	0.20075	0.06225	interior_depth	Depth_16_30	33	13	11	0.02	0.1
200	398	0.02	3.98	20	76	0.625	0.351997749015194	5.9698321747019	3.21393548387097	0.540529279563647	0.653266331658292	0.0323488070107221	0.251125	0.095625	interior_depth	Depth_16_30	34	13	11	0.02	0.1
200	398	0.02	3.98	18	88	0.565	0.358441558441558	5.07645871409111	2.96065107458913	0.546539228807353	0.597989949748744	0.0384702271918906	0.237375	0.085125	interior_depth	Depth_16_30	35	13	11	0.02	0.1
200	398	0.02	3.98	19	70	0.65	0.271061093247588	4.16356363056136	3.15193798449612	0.496811949193202	0.623115577889447	0.0434799451775045	0.2785	0.11575	interior_depth	Depth_16_30	36	13	11	0.02	0.1
200	398	0.02	3.98	18	75	0.63	0.292458614347026	4.55818153044977	3.06996825396825	0.514418827807379	0.608040201005025	0.0410635219284047	0.28725	0.11125	interior_depth	Depth_16_30	37	13	11	0.02	0.1
200	398	0.02	3.98	23	82	0.595	0.309427880741338	5.25959978490479	2.91269049992879	0.481509305320573	0.600502512562814	0.038549491982791	0.262625	0.086375	interior_depth	Depth_16_30	38	13	11	0.02	0.1
200	398	0.02	3.98	22	76	0.62	0.367774364702597	5.8333409144599	3.30736952530816	0.543969849246231	0.64070351758794	0.0308558220609148	0.267	0.0895	interior_depth	Depth_16_30	39	13	11	0.02	0.1
200	398	0.02	3.98	21	58	0.715	0.273492286115007	4.0204908095207	3.47542598246824	0.545061993384006	0.64572864321608	0.0376396180267636	0.295875	0.143625	interior_depth	Depth_16_30	40	13	11	0.02	0.1
200	398	0.02	3.98	19	68	0.655	0.38347260909935	5.01040287124065	3.56077510275984	0.581964470594177	0.618090452261307	0.0296848309714504	0.277625	0.107875	interior_depth	Depth_16_30	41	13	11	0.02	0.1
200	398	0.02	3.98	21	66	0.675	0.262062440870388	4.21496260018584	3.13101160862355	0.522445771571425	0.603015075376884	0.0431651797232866	0.305875	0.113125	interior_depth	Depth_16_30	42	13	11	0.02	0.1
200	398	0.02	3.98	15	63	0.685	0.341562269712601	3.77114219894482	3.50686990124517	0.582823034771849	0.650753768844221	0.0337271060795998	0.295375	0.131375	interior_depth	Depth_16_30	43	13	11	0.02	0.1
200	398	0.02	3.98	16	59	0.71	0.297040555352576	3.6466554309668	3.41384477075217	0.579543445872579	0.638190954773869	0.0368058145846919	0.30375	0.12825	interior_depth	Depth_16_30	44	13	11	0.02	0.1
200	398	0.02	3.98	24	96	0.525	0.386933461909354	6.84932774727963	2.8474358974359	0.490366404888765	0.64321608040201	0.0350454917117075	0.231375	0.074875	interior_depth	Depth_16_30	45	13	11	0.02	0.1
200	398	0.02	3.98	23	97	0.52	0.366824644549763	6.70487213600953	2.77203136669156	0.471178126814979	0.605527638190955	0.0345344636081244	0.20775	0.073	interior_depth	Depth_16_30	46	13	11	0.02	0.1
200	398	0.02	3.98	19	79	0.61	0.280494821634062	4.74788080795069	2.94350359029942	0.46761445418045	0.610552763819096	0.0417627574793187	0.26075	0.093	interior_depth	Depth_16_30	47	13	11	0.02	0.1
200	398	0.02	3.98	25	104	0.485	0.416516651665166	7.43091552153832	2.79188144329897	0.509977652079493	0.587939698492462	0.0310105136815151	0.226125	0.067125	interior_depth	Depth_16_30	48	13	11	0.02	0.1
200	398	0.02	3.98	27	89	0.56	0.321947842141703	6.35090289598326	2.76254826254826	0.495899724754425	0.608040201005025	0.035734577404561	0.23875	0.06775	interior_depth	Depth_16_30	49	13	11	0.02	0.1
200	398	0.02	3.98	21	74	0.625	0.40615141955836	7.07324947022901	3.52774193548387	0.549711497184415	0.577889447236181	0.0306005676569892	0.255375	0.100875	interior_depth	Depth_16_30	50	13	11	0.02	0.1
200	398	0.02	3.98	23	85	0.58	0.440615058324496	7.08483838144697	3.49730134932534	0.564843690815888	0.552763819095477	0.0264892672354405	0.25425	0.09875	interior_depth	Depth_16_30	51	13	11	0.02	0.1
200	398	0.02	3.98	22	76	0.62	0.310221159593545	5.09059847647057	3.03343823760818	0.509775636978864	0.633165829145729	0.0364088745050188	0.27075	0.10475	interior_depth	Depth_16_30	52	13	11	0.02	0.1
200	398	0.02	3.98	23	90	0.555	0.337943173246165	6.06063137342375	2.80769860769861	0.489409989646726	0.595477386934673	0.0404566572324934	0.241875	0.075625	interior_depth	Depth_16_30	53	13	11	0.02	0.1
200	398	0.02	3.98	19	78	0.615	0.369243650572146	5.61322916844484	3.11142209782754	0.533588166965481	0.560301507537688	0.0374834121554286	0.273875	0.085375	interior_depth	Depth_16_30	54	13	11	0.02	0.1
200	398	0.02	3.98	21	93	0.535	0.33021423294755	5.78027018924165	2.72491624052195	0.459091942122674	0.638190954773869	0.0413482728541231	0.234125	0.075125	interior_depth	Depth_16_30	55	13	11	0.02	0.1
200	398	0.02	3.98	23	86	0.575	0.348422141748577	6.06438840798302	3.03051106025934	0.480868538673266	0.630653266331658	0.03428604210245	0.255875	0.087625	interior_depth	Depth_16_30	56	13	11	0.02	0.1
200	398	0.02	3.98	19	68	0.665	0.343770174306004	5.00663953879662	3.47584871269082	0.55312681497942	0.600502512562814	0.0338290928182981	0.292375	0.131375	interior_depth	Depth_16_30	57	13	11	0.02	0.1
200	398	0.02	3.98	17	73	0.64	0.328651685393258	4.45868147010831	3.23978838582677	0.511663215575364	0.625628140703518	0.0341215210536143	0.293	0.11475	interior_depth	Depth_16_30	58	13	11	0.02	0.1
200	398	0.02	3.98	23	87	0.57	0.389307228915663	6.38005226422105	3.00947057910262	0.514945960960582	0.620603015075377	0.0328811407421826	0.281	0.08975	interior_depth	Depth_16_30	59	13	11	0.02	0.1
200	398	0.02	3.98	21	91	0.55	0.343619246861925	5.51195028804477	2.80400333611343	0.501546678114189	0.613065326633166	0.0352776310054722	0.23325	0.07725	interior_depth	Depth_16_30	60	13	11	0.02	0.1
200	398	0.02	3.98	21	92	0.545	0.370283018867925	6.07264685895305	2.94954128440367	0.49748743718593	0.648241206030151	0.0333174772772886	0.234625	0.087875	interior_depth	Depth_16_30	61	13	11	0.02	0.1
200	398	0.02	3.98	22	97	0.52	0.40807279514699	7.11135193845968	2.9273711725168	0.478649529052297	0.628140703517588	0.0289453279778956	0.22025	0.07275	interior_depth	Depth_16_30	62	13	11	0.02	0.1
200	398	0.02	3.98	20	99	0.51	0.363344844597928	6.43779016588536	2.73306154144826	0.471866240751496	0.620603015075377	0.0359151295138224	0.22275	0.0785	interior_depth	Depth_16_30	63	13	11	0.02	0.1
200	398	0.02	3.98	22	82	0.595	0.344588984223637	5.47689794079548	3.04002278877653	0.48453321885811	0.630653266331658	0.0334397054506852	0.280375	0.095625	interior_depth	Depth_16_30	64	13	11	0.02	0.1
200	398	0.02	3.98	24	86	0.575	0.384794414274632	5.99292467969859	3.08787185354691	0.525100376253125	0.580402010050251	0.0318647977435177	0.250625	0.087125	interior_depth	Depth_16_30	65	13	11	0.02	0.1
200	398	0.02	3.98	19	76	0.625	0.275529865125241	4.03872273732759	3.0018064516129	0.507405116032423	0.650753768844221	0.0395543531200007	0.255375	0.106625	interior_depth	Depth_16_30	66	13	11	0.02	0.1
200	398	0.02	3.98	18	90	0.555	0.332203389830508	5.31250462366873	2.92547092547093	0.513787530617914	0.650753768844221	0.0377598775176648	0.256125	0.094375	interior_depth	Depth_16_30	67	13	11	0.02	0.1
200	398	0.02	3.98	22	93	0.54	0.506607929515419	7.98839048413176	3.37123572170301	0.587096916744527	0.57286432160804	0.0274699918294715	0.23675	0.0925	interior_depth	Depth_16_30	68	13	11	0.02	0.1
200	398	0.02	3.98	24	93	0.54	0.329531366228614	6.15426354794433	2.80131533402561	0.45385848842201	0.557788944723618	0.0378562299798142	0.25925	0.07125	interior_depth	Depth_16_30	69	13	11	0.02	0.1
200	398	0.02	3.98	23	94	0.535	0.418479651906834	6.49710860781984	2.98342444013402	0.517041867629605	0.585427135678392	0.0333377079413735	0.244375	0.092125	interior_depth	Depth_16_30	70	13	11	0.02	0.1
200	398	0.02	3.98	17	73	0.64	0.30606531881804	4.44364415033651	3.16806102362205	0.523806217014722	0.600502512562814	0.0353850819112166	0.285	0.1075	interior_depth	Depth_16_30	71	13	11	0.02	0.1
200	398	0.02	3.98	24	77	0.62	0.353541076487252	5.31393142532028	3.20102281667978	0.509712507259918	0.545226130653266	0.0319914124981065	0.274	0.11025	interior_depth	Depth_16_30	72	13	11	0.02	0.1
200	398	0.02	3.98	17	73	0.64	0.300663926651913	4.22756049150849	3.14283956692913	0.518370748213429	0.595477386934673	0.0398934835728189	0.27875	0.111	interior_depth	Depth_16_30	73	13	11	0.02	0.1
200	398	0.02	3.98	23	78	0.595	0.37874339401057	5.89326531553633	3.27204101979775	0.551652736042019	0.595477386934673	0.0301573156944446	0.243125	0.104125	interior_depth	Depth_16_30	74	13	11	0.02	0.1
200	398	0.02	3.98	21	80	0.6	0.297513812154696	5.28588572777897	2.95336134453782	0.477279614151158	0.613065326633166	0.0368048523603561	0.285	0.09425	interior_depth	Depth_16_30	75	13	11	0.02	0.1
200	398	0.02	3.98	23	81	0.6	0.369508368200837	6.5267458911875	3.18151260504202	0.51637584909472	0.595477386934673	0.0313960035289127	0.27375	0.0855	interior_depth	Depth_16_30	76	13	11	0.02	0.1
200	398	0.02	3.98	21	96	0.525	0.362081971335177	6.18585424780096	2.81684981684982	0.447655993535517	0.633165829145729	0.0338233436230798	0.216875	0.080625	interior_depth	Depth_16_30	77	13	11	0.02	0.1
200	398	0.02	3.98	18	69	0.66	0.273946360153257	4.0434473343007	3.10062456627342	0.498857352087068	0.608040201005025	0.0438287471654659	0.31275	0.1005	interior_depth	Depth_16_30	78	13	11	0.02	0.1
200	398	0.02	3.98	23	93	0.54	0.316288877174486	5.57778640996096	2.7748355832468	0.455316784929674	0.57035175879397	0.0395519222481096	0.27725	0.09175	interior_depth	Depth_16_30	79	13	11	0.02	0.1
200	398	0.02	3.98	21	72	0.64	0.356127886323268	5.07973415912889	3.35691437007874	0.544897856114745	0.635678391959799	0.0347050969033939	0.2585	0.1115	interior_depth	Depth_16_30	80	13	11	0.02	0.1
200	398	0.02	3.98	27	111	0.45	0.489048265167668	9.40412133386658	2.71985018726592	0.45992209792682	0.658291457286432	0.0279003685123803	0.19675	0.06	interior_depth	Depth_16_30	81	13	11	0.02	0.1
200	398	0.02	3.98	22	70	0.655	0.311440677966102	4.55858824625271	3.21655901350558	0.55600553016338	0.64321608040201	0.0412614415998264	0.276625	0.106625	interior_depth	Depth_16_30	82	13	11	0.02	0.1
200	398	0.02	3.98	22	80	0.605	0.356389817433788	6.64909568303735	3.03953168044077	0.506442387818489	0.610552763819096	0.03385544166898	0.278125	0.084875	interior_depth	Depth_16_30	83	13	11	0.02	0.1
200	398	0.02	3.98	24	92	0.545	0.300140252454418	6.3017794398582	2.70302412504247	0.44036135451125	0.64321608040201	0.0406498839215727	0.248625	0.064125	interior_depth	Depth_16_30	84	13	11	0.02	0.1
200	398	0.02	3.98	24	95	0.515	0.453559322033898	7.50447086073973	2.96211688558919	0.504652660286356	0.628140703517588	0.0277359533623945	0.253375	0.076625	interior_depth	Depth_16_30	85	13	11	0.02	0.1
200	398	0.02	3.98	29	111	0.45	0.491211310661062	10.3006873101028	2.77677902621723	0.467529229059872	0.590452261306533	0.0236898321500495	0.2205	0.0525	interior_depth	Depth_16_30	86	13	11	0.02	0.1
200	398	0.02	3.98	18	81	0.6	0.322506467375683	5.27527228723819	3.03781512605042	0.508617206636196	0.628140703517588	0.0373319989163967	0.23475	0.10225	interior_depth	Depth_16_30	87	13	11	0.02	0.1
200	398	0.02	3.98	22	95	0.53	0.32711525649567	6.78722383463756	2.67169811320755	0.425573217848034	0.613065326633166	0.038209090516867	0.19875	0.0635	interior_depth	Depth_16_30	88	13	11	0.02	0.1
200	398	0.02	3.98	25	88	0.565	0.341016238868518	5.71657397665986	2.92493678887484	0.49042006514987	0.64070351758794	0.0337689295587935	0.251375	0.084375	interior_depth	Depth_16_30	89	13	11	0.02	0.1
200	398	0.02	3.98	22	63	0.68	0.367384615384615	5.50001467112531	3.50424836601307	0.564606954369839	0.603015075376884	0.0297116977946752	0.29375	0.119	interior_depth	Depth_16_30	90	13	11	0.02	0.1
200	398	0.02	3.98	18	83	0.59	0.411901306240929	5.22696727273326	3.28161668839635	0.574483598899018	0.673366834170854	0.0267361719352589	0.2815	0.09925	interior_depth	Depth_16_30	91	13	11	0.02	0.1
200	398	0.02	3.98	19	65	0.68	0.293604651162791	4.29645764629018	3.29978213507625	0.540358829322492	0.620603015075377	0.0386456223869117	0.28825	0.1185	interior_depth	Depth_16_30	92	13	11	0.02	0.1
200	398	0.02	3.98	21	77	0.62	0.328897888342494	5.30566924491661	3.19289273537897	0.489832958763668	0.595477386934673	0.0349850756814347	0.26775	0.10275	interior_depth	Depth_16_30	93	13	11	0.02	0.1
200	398	0.02	3.98	23	100	0.505	0.322793148880105	7.00549762621976	2.61306930693069	0.406893134011767	0.625628140703518	0.0384406974599152	0.221125	0.061875	interior_depth	Depth_16_30	94	13	11	0.02	0.1
200	398	0.02	3.98	20	71	0.65	0.336752637749121	5.49835402361669	3.32391174716756	0.508238428322517	0.605527638190955	0.0352443530978414	0.2735	0.11525	interior_depth	Depth_16_30	95	13	11	0.02	0.1
200	398	0.02	3.98	21	84	0.585	0.329212916246216	6.13134142176705	2.94090775125258	0.491720537360168	0.625628140703518	0.0379668364327024	0.252125	0.096125	interior_depth	Depth_16_30	96	13	11	0.02	0.1
200	398	0.02	3.98	19	63	0.685	0.317600786627335	4.49411776168514	3.41391155002147	0.549670462867099	0.603015075376884	0.0343877528044902	0.328625	0.130125	interior_depth	Depth_16_30	97	13	11	0.02	0.1
200	398	0.02	3.98	21	95	0.53	0.363847583643123	6.97867582433994	2.8314465408805	0.445998838413171	0.615577889447236	0.0340409004456815	0.2465	0.07625	interior_depth	Depth_16_30	98	13	11	0.02	0.1
200	398	0.02	3.98	19	75	0.63	0.299823113207547	4.69453988185918	3.07834920634921	0.49990530542158	0.610552763819096	0.0412050726165211	0.27475	0.09375	interior_depth	Depth_16_30	99	13	11	0.02	0.1
200	398	0.02	3.98	18	60	0.695	0.338361330133699	4.37955058776221	3.62746324679387	0.539295093558243	0.618090452261307	0.0292354378068388	0.271875	0.132375	interior_depth	Depth_16_30	100	13	11	0.02	0.1
200	398	0.02	3.98	22	102	0.495	0.379729098552078	7.11461167701735	2.70171098742527	0.424853539052044	0.623115577889447	0.0376238394628557	0.231375	0.081125	interior_depth	Depth_16_30	101	13	11	0.02	0.1
200	398	0.02	3.98	20	85	0.58	0.326565143824027	5.02671212277588	2.9623688155922	0.470505795308199	0.605527638190955	0.0335955450817112	0.23225	0.09375	interior_depth	Depth_16_30	102	13	11	0.02	0.1
200	398	0.02	3.98	19	69	0.66	0.282824820020569	4.11953976502536	3.24300254452926	0.501960177773288	0.670854271356784	0.0348209151002602	0.287	0.12925	interior_depth	Depth_16_30	103	13	11	0.02	0.1
200	398	0.02	3.98	28	81	0.6	0.285268237297758	4.85611609125541	2.91932773109244	0.459956819272241	0.575376884422111	0.0372629095596722	0.2585	0.10225	interior_depth	Depth_16_30	104	13	11	0.02	0.1
200	398	0.02	3.98	17	73	0.64	0.33063209076175	4.51870123513285	3.31520669291339	0.539288780586349	0.678391959798995	0.0342271120864913	0.266	0.11275	interior_depth	Depth_16_30	105	13	11	0.02	0.1
200	398	0.02	3.98	15	56	0.725	0.334214501510574	3.64542058558081	3.58074712643678	0.605385596323325	0.633165829145729	0.0332530675367221	0.315625	0.135125	interior_depth	Depth_16_30	106	13	11	0.02	0.1
200	398	0.02	3.98	20	77	0.62	0.295180722891566	4.86099978720003	3.04169944925256	0.509324259488397	0.625628140703518	0.0424516741789533	0.2515	0.09575	interior_depth	Depth_16_30	107	13	11	0.02	0.1
200	398	0.02	3.98	22	104	0.485	0.456928838951311	8.82549164205248	2.9106529209622	0.452056134946087	0.545226130653266	0.0285518171862037	0.211125	0.064625	interior_depth	Depth_16_30	108	13	11	0.02	0.1
200	398	0.02	3.98	20	76	0.625	0.325932504440497	4.96631577312119	3.1661935483871	0.522969748238681	0.64070351758794	0.041339880162011	0.250125	0.101625	interior_depth	Depth_16_30	109	13	11	0.02	0.1
200	398	0.02	3.98	19	67	0.67	0.255997258396162	3.71159410562779	3.2152395915161	0.502765081689856	0.628140703517588	0.0463895207700033	0.299	0.1185	interior_depth	Depth_16_30	110	13	11	0.02	0.1
200	398	0.02	3.98	21	79	0.61	0.348339280812517	5.67813523174783	3.14605067064083	0.505830029544708	0.590452261306533	0.0367607334176717	0.24775	0.09375	interior_depth	Depth_16_30	111	13	11	0.02	0.1
200	398	0.02	3.98	22	78	0.61	0.356498194945848	4.93333096739604	3.16434087522016	0.546927476578874	0.587939698492462	0.0305716311702922	0.2825	0.096	interior_depth	Depth_16_30	112	13	11	0.02	0.1
200	398	0.02	3.98	25	74	0.625	0.325698988697204	5.11732178201404	3.21664516129032	0.504886240246458	0.64070351758794	0.0351046307280056	0.266625	0.106125	interior_depth	Depth_16_30	113	13	11	0.02	0.1
200	398	0.02	3.98	25	63	0.675	0.291524371313257	4.84678834561636	3.39867330016584	0.50369308855837	0.638190954773869	0.0372786993819957	0.294875	0.118625	interior_depth	Depth_16_30	114	13	11	0.02	0.1
200	398	0.02	3.98	20	101	0.5	0.431976166832175	6.55674840034595	2.8789898989899	0.535895558192975	0.565326633165829	0.0299572687213834	0.21775	0.08125	interior_depth	Depth_16_30	115	13	11	0.02	0.1
200	398	0.02	3.98	20	85	0.58	0.316338354577057	4.7539805048573	2.8928035982009	0.530949344713517	0.630653266331658	0.043195704094375	0.249	0.091	interior_depth	Depth_16_30	116	13	11	0.02	0.1
200	398	0.02	3.98	24	101	0.5	0.461374911410347	7.62302608388873	2.99030303030303	0.499962122168632	0.660804020100503	0.029241046394242	0.2065	0.08725	interior_depth	Depth_16_30	117	13	11	0.02	0.1
200	398	0.02	3.98	15	55	0.725	0.301127819548872	3.78234667311151	3.53409961685824	0.561046438221257	0.64070351758794	0.032895876520149	0.312125	0.147875	interior_depth	Depth_16_30	118	13	11	0.02	0.1
200	398	0.02	3.98	17	66	0.675	0.301964839710445	3.88985847353681	3.32349364289663	0.536956137471276	0.608040201005025	0.041307288946276	0.283875	0.127125	interior_depth	Depth_16_30	119	13	11	0.02	0.1
200	398	0.02	3.98	21	91	0.55	0.339622641509434	5.26892410593245	2.87372810675563	0.503882477715209	0.635678391959799	0.038972186530426	0.24775	0.0905	interior_depth	Depth_16_30	120	13	11	0.02	0.1
200	398	0.02	3.98	20	77	0.62	0.316066725197542	5.08947195327625	3.09166011014949	0.527461427741724	0.665829145728643	0.0370148233291806	0.289	0.09475	interior_depth	Depth_16_30	121	13	11	0.02	0.1
200	398	0.02	3.98	21	86	0.575	0.330227997058102	6.06152603638059	2.88115942028986	0.476600969672483	0.653266331658292	0.0349949985595789	0.249375	0.081375	interior_depth	Depth_16_30	122	13	11	0.02	0.1
200	398	0.02	3.98	24	95	0.53	0.347910123218169	6.4575786787456	2.79766397124888	0.465022979217697	0.64572864321608	0.0405911744016792	0.261	0.08425	interior_depth	Depth_16_30	123	13	11	0.02	0.1
200	398	0.02	3.98	20	74	0.625	0.385763490241102	6.03052787078872	3.32890322580645	0.552321911062852	0.64070351758794	0.0306982128223967	0.249875	0.101625	interior_depth	Depth_16_30	124	13	11	0.02	0.1
200	398	0.02	3.98	18	77	0.62	0.332833583208396	5.12862537832173	3.1311303435615	0.536735183454963	0.620603015075377	0.0376138354555195	0.283	0.103	interior_depth	Depth_16_30	125	13	11	0.02	0.1
200	398	0.02	3.98	21	85	0.58	0.307349665924276	4.94033116732285	2.93628185907046	0.483592586045807	0.628140703517588	0.0391888328931063	0.2645	0.0915	interior_depth	Depth_16_30	126	13	11	0.02	0.1
200	398	0.02	3.98	23	96	0.515	0.489505247376312	7.42222647252494	3.10451170759566	0.56179768187672	0.542713567839196	0.0285293553038788	0.220875	0.083625	interior_depth	Depth_16_30	127	13	11	0.02	0.1
200	398	0.02	3.98	20	85	0.58	0.309904153354633	5.56770896007186	2.90104947526237	0.455859700512613	0.630653266331658	0.0376215415596222	0.25675	0.08425	interior_depth	Depth_16_30	128	13	11	0.02	0.1
200	398	0.02	3.98	25	93	0.54	0.34339531514127	6.54229447443767	2.8061613014884	0.465199742430747	0.592964824120603	0.0363517150957813	0.24475	0.07	interior_depth	Depth_16_30	129	13	11	0.02	0.1
200	398	0.02	3.98	19	78	0.605	0.285468615649183	4.83721429369949	2.98292011019284	0.480208833110275	0.64572864321608	0.0407924027947215	0.260875	0.102125	interior_depth	Depth_16_30	130	13	11	0.02	0.1
200	398	0.02	3.98	17	74	0.63	0.338081671415005	4.61047664726646	3.21993650793651	0.560976995530416	0.610552763819096	0.0346442241933135	0.26775	0.114	interior_depth	Depth_16_30	131	13	11	0.02	0.1
200	398	0.02	3.98	20	70	0.65	0.379141104294479	5.12400178894946	3.50161001788909	0.582740966137219	0.701005025125628	0.0300629594897662	0.28125	0.102	interior_depth	Depth_16_30	132	13	11	0.02	0.1
200	398	0.02	3.98	21	79	0.61	0.381990249498136	5.63474824744853	3.35117192792305	0.532211939092447	0.615577889447236	0.0305668020458144	0.25775	0.113	interior_depth	Depth_16_30	133	13	11	0.02	0.1
200	398	0.02	3.98	22	96	0.525	0.322200864968765	6.39386986316285	2.68461538461538	0.441106285194818	0.603015075376884	0.0407214138742497	0.228625	0.079625	interior_depth	Depth_16_30	134	13	11	0.02	0.1
200	398	0.02	3.98	22	103	0.49	0.455457089552239	7.85226599849522	2.98379970544919	0.51682407009924	0.670854271356784	0.0312330815213574	0.21475	0.073	interior_depth	Depth_16_30	135	13	11	0.02	0.1
200	398	0.02	3.98	23	109	0.46	0.422828096118299	7.00340840311015	2.64022933588151	0.465045074619328	0.650753768844221	0.0324632008523106	0.22475	0.069	interior_depth	Depth_16_30	136	13	11	0.02	0.1
200	398	0.02	3.98	24	114	0.435	0.444309190505173	8.20897068621705	2.50868751670676	0.468526678619227	0.585427135678392	0.03618268773177	0.171875	0.058125	interior_depth	Depth_16_30	137	13	11	0.02	0.1
200	398	0.02	3.98	17	88	0.555	0.38123806926643	5.7463424502585	3.00720720720721	0.505552258781344	0.550251256281407	0.0326980238637327	0.260375	0.097875	interior_depth	Depth_16_30	138	13	11	0.02	0.1
200	398	0.02	3.98	17	85	0.58	0.272480386240193	4.45966457908855	2.8599700149925	0.455929143203454	0.648241206030151	0.0423194333809972	0.284	0.0935	interior_depth	Depth_16_30	139	13	11	0.02	0.1
200	398	0.02	3.98	21	86	0.57	0.440165732390933	7.22607948651283	3.24049060704859	0.549702027726573	0.530150753768844	0.0266500705689985	0.278	0.07625	interior_depth	Depth_16_30	140	13	11	0.02	0.1
200	398	0.02	3.98	23	84	0.585	0.347201210287443	6.33627662322965	3.04140878278809	0.493472387060933	0.620603015075377	0.0373062595542002	0.247125	0.095875	interior_depth	Depth_16_30	141	13	11	0.02	0.1
200	398	0.02	3.98	18	70	0.655	0.319148936170213	4.67703354515867	3.24862008220787	0.541962324183733	0.623115577889447	0.0348030066463834	0.293125	0.103875	interior_depth	Depth_16_30	142	13	11	0.02	0.1
200	398	0.02	3.98	19	67	0.67	0.270793036750484	4.16277576757019	3.19919200987543	0.511603242342365	0.64321608040201	0.0400447512472232	0.30275	0.11175	interior_depth	Depth_16_30	143	13	11	0.02	0.1
200	398	0.02	3.98	19	94	0.535	0.391476971942827	6.32304038524002	2.99682595662141	0.505785838741446	0.655778894472362	0.0345527650614609	0.230625	0.097375	interior_depth	Depth_16_30	144	13	11	0.02	0.1
200	398	0.02	3.98	23	105	0.48	0.418573046432616	6.95406645879597	2.69473684210526	0.513446630135603	0.630653266331658	0.0364488082722894	0.23175	0.06475	interior_depth	Depth_16_30	145	13	11	0.02	0.1
200	398	0.02	3.98	19	79	0.61	0.296222095020034	4.97620944085011	3.00623221785666	0.469413651170425	0.64321608040201	0.0364255453029108	0.26425	0.1035	interior_depth	Depth_16_30	146	13	11	0.02	0.1
200	398	0.02	3.98	26	87	0.57	0.352897838899804	6.62705798684558	3.00776276975625	0.484179692432009	0.608040201005025	0.0338480253058381	0.241	0.0835	interior_depth	Depth_16_30	147	13	11	0.02	0.1
200	398	0.02	3.98	20	79	0.61	0.318744601209329	5.45091634060691	3.04619970193741	0.489754046614984	0.605527638190955	0.0371242474944109	0.2655	0.11225	interior_depth	Depth_16_30	148	13	11	0.02	0.1
200	398	0.02	3.98	18	75	0.63	0.36301775147929	4.98207145941277	3.27898412698413	0.550535340016666	0.600502512562814	0.0311029473410153	0.23725	0.09775	interior_depth	Depth_16_30	149	13	11	0.02	0.1
200	398	0.02	3.98	19	91	0.55	0.39921392476137	5.41096513865689	3.014011676397	0.510211232039595	0.592964824120603	0.0320827213130088	0.2295	0.09375	interior_depth	Depth_16_30	150	13	11	0.02	0.1
200	398	0.02	3.98	25	102	0.495	0.414722876096726	7.92406527121987	2.73675530818388	0.496515239514154	0.615577889447236	0.0318824263498982	0.213625	0.062375	interior_depth	Depth_16_30	151	13	11	0.02	0.1
200	398	0.02	3.98	21	87	0.57	0.292997048564529	5.32438724550663	2.84350256171402	0.474432463826671	0.638190954773869	0.0395732954754154	0.25525	0.08625	interior_depth	Depth_16_30	152	13	11	0.02	0.1
200	398	0.02	3.98	17	74	0.635	0.364609571788413	4.69305249125531	3.31133608298963	0.570831544657963	0.675879396984925	0.035968058618197	0.272875	0.121875	interior_depth	Depth_16_30	153	13	11	0.02	0.1
200	398	0.02	3.98	19	82	0.59	0.361646234676007	5.22472077361498	3.11965811965812	0.531927855357188	0.603015075376884	0.0324396778572312	0.27675	0.107	interior_depth	Depth_16_30	154	13	11	0.02	0.1
200	398	0.02	3.98	22	68	0.65	0.351945854483926	5.61879501084943	3.33381037567084	0.517483775662231	0.580402010050251	0.0300657161329964	0.278	0.099	interior_depth	Depth_16_30	155	13	11	0.02	0.1
200	398	0.02	3.98	22	109	0.46	0.429350295320309	7.0853547584928	2.64429049211658	0.503017600565642	0.618090452261307	0.0325438667954277	0.20275	0.0645	interior_depth	Depth_16_30	156	13	11	0.02	0.1
200	398	0.02	3.98	23	78	0.605	0.390995260663507	5.78599796113985	3.29256198347107	0.584208732102725	0.557788944723618	0.0302817664761248	0.248625	0.108125	interior_depth	Depth_16_30	157	13	11	0.02	0.1
200	398	0.02	3.98	26	103	0.49	0.443657142857143	7.09781800373913	2.87923416789396	0.522426832655741	0.565326633165829	0.0305226723158018	0.231	0.06475	interior_depth	Depth_16_30	158	13	11	0.02	0.1
200	398	0.02	3.98	26	81	0.6	0.307342060330108	4.90133227213813	2.96778711484594	0.518175046084695	0.603015075376884	0.0426226793208836	0.255	0.099	interior_depth	Depth_16_30	159	13	11	0.02	0.1
200	398	0.02	3.98	24	79	0.61	0.340592334494773	5.34026121651716	3.09917355371901	0.524459609605818	0.635678391959799	0.0324078018636362	0.261	0.1025	interior_depth	Depth_16_30	160	13	11	0.02	0.1
200	398	0.02	3.98	22	107	0.47	0.433258928571429	7.19339707109543	2.67902081903455	0.476159061639858	0.580402010050251	0.0332868537555509	0.22275	0.06725	interior_depth	Depth_16_30	161	13	11	0.02	0.1
200	398	0.02	3.98	21	83	0.59	0.333695947783519	5.464333898163	2.97044763146458	0.509327415974344	0.698492462311558	0.0367662833040627	0.2545	0.08975	interior_depth	Depth_16_30	162	13	11	0.02	0.1
200	398	0.02	3.98	20	94	0.535	0.369570739141478	6.0939627951594	2.84394286721919	0.479789020479281	0.635678391959799	0.039621522601461	0.233375	0.089375	interior_depth	Depth_16_30	163	13	11	0.02	0.1
200	398	0.02	3.98	18	85	0.58	0.368804256510781	5.72898365912127	3.16506746626687	0.505864750890129	0.577889447236181	0.0354070110801509	0.27525	0.089	interior_depth	Depth_16_30	164	13	11	0.02	0.1
200	398	0.02	3.98	19	83	0.59	0.353833192923336	5.29351371425411	3.07793712878459	0.534475139516679	0.635678391959799	0.032817473403948	0.25925	0.09425	interior_depth	Depth_16_30	165	13	11	0.02	0.1
200	398	0.02	3.98	21	69	0.655	0.334441087613293	4.8860613196197	3.30440399295361	0.550014519835358	0.695979899497487	0.0297074253930403	0.265125	0.115625	interior_depth	Depth_16_30	166	13	11	0.02	0.1
200	398	0.02	3.98	18	70	0.655	0.263757733637252	4.02991611862938	3.12025836758661	0.486297694502664	0.650753768844221	0.0432417794979006	0.312125	0.114375	interior_depth	Depth_16_30	167	13	11	0.02	0.1
200	398	0.02	3.98	22	85	0.58	0.304102976669348	5.43428663015117	2.89130434782609	0.493295623847883	0.600502512562814	0.0385841462621637	0.226	0.08625	interior_depth	Depth_16_30	168	13	11	0.02	0.1
200	398	0.02	3.98	20	78	0.615	0.356108859293573	5.29364231399141	3.20538451286152	0.535794550642661	0.628140703517588	0.0360425764137027	0.248375	0.103625	interior_depth	Depth_16_30	169	13	11	0.02	0.1
200	398	0.02	3.98	24	78	0.615	0.285167745732784	4.78667232934403	2.98307343729175	0.483703063053963	0.675879396984925	0.0402820528116927	0.262625	0.100625	interior_depth	Depth_16_30	170	13	11	0.02	0.1
200	398	0.02	3.98	20	89	0.555	0.408372827804107	6.59303253238771	3.07714987714988	0.551475972828969	0.635678391959799	0.0328526154644818	0.252625	0.077375	interior_depth	Depth_16_30	171	13	11	0.02	0.1
200	398	0.02	3.98	19	81	0.595	0.39509954058193	5.79375274783414	3.30978493092152	0.58236218782354	0.585427135678392	0.0301453742218057	0.265625	0.110125	interior_depth	Depth_16_30	172	13	11	0.02	0.1
200	398	0.02	3.98	24	92	0.545	0.358848314606742	6.66020776677722	2.84063880394156	0.455812353223403	0.613065326633166	0.0309809364869762	0.244875	0.075125	interior_depth	Depth_16_30	173	13	11	0.02	0.1
200	398	0.02	3.98	24	110	0.45	0.480866848887153	9.95367381626235	2.69238451935081	0.415257821772177	0.57286432160804	0.0309444435861897	0.204	0.05425	interior_depth	Depth_16_30	174	13	11	0.02	0.1
200	398	0.02	3.98	19	85	0.575	0.41268044155109	5.63079597344109	3.15011441647597	0.575970303780208	0.635678391959799	0.0275504505147832	0.253375	0.100875	interior_depth	Depth_16_30	175	13	11	0.02	0.1
200	398	0.02	3.98	18	86	0.575	0.387650085763293	5.24396537142712	3.10190694126621	0.559720714123381	0.582914572864322	0.032635849478772	0.230625	0.089125	interior_depth	Depth_16_30	176	13	11	0.02	0.1
200	398	0.02	3.98	24	100	0.505	0.384742560226736	7.49934764755919	2.73306930693069	0.508670866897301	0.608040201005025	0.0341368385913911	0.217375	0.079125	interior_depth	Depth_16_30	177	13	11	0.02	0.1
200	398	0.02	3.98	26	104	0.485	0.353559693318729	6.97231204759057	2.55777491408935	0.437514204186763	0.585427135678392	0.0401774754864562	0.209375	0.060375	interior_depth	Depth_16_30	178	13	11	0.02	0.1
200	398	0.02	3.98	20	94	0.535	0.40726884019241	5.80448201546693	2.9897725268912	0.536602611045176	0.618090452261307	0.0289381658393024	0.255125	0.080375	interior_depth	Depth_16_30	179	13	11	0.02	0.1
200	398	0.02	3.98	21	85	0.58	0.335238639611318	4.92505193857236	2.96116941529235	0.531624832706245	0.678391959798995	0.0342196611165149	0.27475	0.08925	interior_depth	Depth_16_30	180	13	11	0.02	0.1
200	398	0.02	3.98	20	63	0.685	0.3553772070626	4.66477680470644	3.48035637612709	0.578631221433802	0.635678391959799	0.0342338487036938	0.254875	0.105375	interior_depth	Depth_16_30	181	13	11	0.02	0.1
200	398	0.02	3.98	20	94	0.535	0.372098646034816	6.88180867741407	2.85452301181449	0.454104694325901	0.605527638190955	0.0346768293482754	0.236375	0.085875	interior_depth	Depth_16_30	182	13	11	0.02	0.1
200	398	0.02	3.98	20	90	0.555	0.37800963081862	5.9029730540991	2.98509418509419	0.489034367818994	0.608040201005025	0.0329994984879098	0.235375	0.088125	interior_depth	Depth_16_30	183	13	11	0.02	0.1
200	398	0.02	3.98	28	93	0.53	0.354408060453401	6.30444819532957	2.78077268643306	0.486221938839928	0.678391959798995	0.0336735498980287	0.24875	0.08075	interior_depth	Depth_16_30	184	13	11	0.02	0.1
200	398	0.02	3.98	24	74	0.62	0.424960505529226	6.83219241276487	3.48164175190139	0.58870988106361	0.560301507537688	0.0306983683379896	0.2705	0.09825	interior_depth	Depth_16_30	185	13	11	0.02	0.1
200	398	0.02	3.98	17	63	0.685	0.330148270181219	4.63458378747284	3.42507513954487	0.575468422514583	0.655778894472362	0.0380482229034892	0.272625	0.123125	interior_depth	Depth_16_30	186	13	11	0.02	0.1
200	398	0.02	3.98	22	73	0.64	0.353819139596137	5.53246766208746	3.15625	0.570137117749552	0.655778894472362	0.0367841560441648	0.27	0.11175	interior_depth	Depth_16_30	187	13	11	0.02	0.1
200	398	0.02	3.98	19	67	0.67	0.359264041316979	4.8995194928252	3.3717876781506	0.575285346329638	0.648241206030151	0.0346049773241912	0.27425	0.10975	interior_depth	Depth_16_30	188	13	11	0.02	0.1
200	398	0.02	3.98	26	102	0.495	0.365183246073298	7.12481407497346	2.72582972582973	0.435986464988258	0.615577889447236	0.0392075832608999	0.214625	0.061875	interior_depth	Depth_16_30	189	13	11	0.02	0.1
200	398	0.02	3.98	17	61	0.7	0.320843943252092	3.82171177449096	3.48160328879753	0.600486730133077	0.64321608040201	0.0371323947481652	0.2885	0.12975	interior_depth	Depth_16_30	190	13	11	0.02	0.1
200	398	0.02	3.98	24	85	0.58	0.358013336399172	7.31037228904533	2.93073463268366	0.478242342365092	0.562814070351759	0.0347781857935242	0.24525	0.0815	interior_depth	Depth_16_30	191	13	11	0.02	0.1
200	398	0.02	3.98	22	75	0.63	0.31183414915059	4.94860013097832	3.04050793650794	0.511871543647888	0.615577889447236	0.0415125093113399	0.27	0.09525	interior_depth	Depth_16_30	192	13	11	0.02	0.1
200	398	0.02	3.98	19	61	0.69	0.378433367243133	4.89179484755627	3.62012059663599	0.589072876947552	0.64572864321608	0.0329642072092246	0.293	0.132	interior_depth	Depth_16_30	193	13	11	0.02	0.1
200	398	0.02	3.98	23	92	0.545	0.452163461538462	7.75965331101281	3.21389738362215	0.530617913689048	0.545226130653266	0.0278391411903894	0.245625	0.090125	interior_depth	Depth_16_30	194	13	11	0.02	0.1
200	398	0.02	3.98	22	81	0.6	0.366399082568807	5.20533354506543	3.15140056022409	0.554168455342037	0.680904522613065	0.0324558804413255	0.294	0.10275	interior_depth	Depth_16_30	195	13	11	0.02	0.1
200	398	0.02	3.98	22	71	0.65	0.316825188586422	4.18175411649729	3.23184257602862	0.557912047675564	0.615577889447236	0.0380797810028723	0.2945	0.11875	interior_depth	Depth_16_30	196	13	11	0.02	0.1
200	398	0.02	3.98	23	80	0.605	0.287243030132357	4.84026267534873	2.99049586776859	0.476247443246383	0.64070351758794	0.0427246188805638	0.258125	0.092125	interior_depth	Depth_16_30	197	13	11	0.02	0.1
200	398	0.02	3.98	19	94	0.535	0.498327759197324	6.2163089082009	3.49444542408746	0.59985858942956	0.603015075376884	0.0213032173059665	0.222875	0.091125	interior_depth	Depth_16_30	198	13	11	0.02	0.1
200	398	0.02	3.98	20	80	0.6	0.389206019719772	6.35615980018231	3.14383753501401	0.534276280901997	0.542713567839196	0.0312357230165955	0.2255	0.086	interior_depth	Depth_16_30	199	13	11	0.02	0.1
200	398	0.02	3.98	22	95	0.53	0.372186093046523	6.59502874541244	2.83450134770889	0.502004368576551	0.635678391959799	0.0338146927437657	0.23075	0.082	interior_depth	Depth_16_30	200	13	11	0.02	0.1
200	398	0.02	3.98	19	81	0.6	0.301680920082572	5.02638990840083	2.97745098039216	0.481054771344158	0.587939698492462	0.0360083155097247	0.26325	0.097	interior_depth	Depth_31_45	1	13	11	0.02	0.1
200	398	0.02	3.98	21	86	0.575	0.331390728476821	6.05218286721432	3.02929061784897	0.472424938764173	0.618090452261307	0.0374712906237078	0.242875	0.092125	interior_depth	Depth_31_45	2	13	11	0.02	0.1
200	398	0.02	3.98	19	78	0.615	0.270499243570348	4.54884152322336	2.9693455950953	0.477437438448524	0.610552763819096	0.0403299655343996	0.285125	0.097625	interior_depth	Depth_31_45	3	13	11	0.02	0.1
200	398	0.02	3.98	21	73	0.64	0.320819112627986	5.44166858708362	3.21616633858268	0.511805257442994	0.560301507537688	0.0354235011400852	0.28125	0.10775	interior_depth	Depth_31_45	4	13	11	0.02	0.1
200	398	0.02	3.98	18	71	0.645	0.275680693069307	4.65208763275816	3.12911821705426	0.477809903790308	0.5678391959799	0.0388533860052034	0.261625	0.102875	interior_depth	Depth_31_45	5	13	11	0.02	0.1
200	398	0.02	3.98	21	75	0.63	0.317307692307692	5.1471815626146	3.1047619047619	0.484075528395748	0.532663316582915	0.0351840266205347	0.27425	0.10275	interior_depth	Depth_31_45	6	13	11	0.02	0.1
200	398	0.02	3.98	22	101	0.5	0.386682520808561	6.55783721911204	2.73292929292929	0.463776167268503	0.535175879396985	0.0349477833296484	0.228	0.0745	interior_depth	Depth_31_45	7	13	11	0.02	0.1
200	398	0.02	3.98	20	77	0.62	0.299171270718232	5.65113361357085	3.06530291109363	0.470685715007197	0.618090452261307	0.0407011765041708	0.274	0.1135	interior_depth	Depth_31_45	8	13	11	0.02	0.1
200	398	0.02	3.98	22	101	0.5	0.333168805528134	5.89889412847354	2.64464646464646	0.42938940935835	0.565326633165829	0.0345277803423303	0.22075	0.0755	interior_depth	Depth_31_45	9	13	11	0.02	0.1
200	398	0.02	3.98	18	77	0.62	0.318827708703375	4.96652565136843	3.14817728822449	0.514968056362213	0.552763819095477	0.0358688691571743	0.25075	0.098	interior_depth	Depth_31_45	10	13	11	0.02	0.1
200	398	0.02	3.98	19	83	0.59	0.285794340151303	5.27602294144554	2.95639576995509	0.463586778111664	0.550251256281407	0.0408291069141683	0.2635	0.10125	interior_depth	Depth_31_45	11	13	11	0.02	0.1
200	398	0.02	3.98	19	75	0.63	0.328628413623811	4.92488359046322	3.22679365079365	0.507323047397793	0.557788944723618	0.0350882858756102	0.27775	0.11325	interior_depth	Depth_31_45	12	13	11	0.02	0.1
200	398	0.02	3.98	20	105	0.48	0.458333333333333	7.79102577848987	2.79188596491228	0.523102320648468	0.550251256281407	0.031522366387572	0.2405	0.06725	interior_depth	Depth_31_45	13	13	11	0.02	0.1
200	398	0.02	3.98	22	80	0.605	0.323561054330285	5.4799501099742	3.03305785123967	0.494835988990177	0.517587939698492	0.0361881401396322	0.255625	0.095625	interior_depth	Depth_31_45	14	13	11	0.02	0.1
200	398	0.02	3.98	21	77	0.605	0.286887650337342	4.72466713259664	3.00936639118457	0.492367616979369	0.555276381909548	0.0393733118132396	0.266125	0.108625	interior_depth	Depth_31_45	15	13	11	0.02	0.1
200	398	0.02	3.98	19	80	0.6	0.279646017699115	4.63298121714706	2.94859943977591	0.4878475291028	0.550251256281407	0.0394189825403863	0.2665	0.10275	interior_depth	Depth_31_45	16	13	11	0.02	0.1
200	398	0.02	3.98	23	73	0.64	0.319887429643527	4.56496884746333	3.20607775590551	0.511650589631575	0.550251256281407	0.0349569626147832	0.2845	0.11025	interior_depth	Depth_31_45	17	13	11	0.02	0.1
200	398	0.02	3.98	21	80	0.605	0.364819004524887	5.70911060535282	3.27892561983471	0.537038206105906	0.625628140703518	0.0310154751653086	0.270625	0.098125	interior_depth	Depth_31_45	18	13	11	0.02	0.1
200	398	0.02	3.98	25	106	0.475	0.381989528795811	7.73345324213966	2.61007838745801	0.421845407944244	0.582914572864322	0.0327857073751119	0.233375	0.057625	interior_depth	Depth_31_45	19	13	11	0.02	0.1
200	398	0.02	3.98	23	84	0.585	0.308707124010554	4.82726939435661	2.9622752726201	0.502035933436024	0.562814070351759	0.0406825959970939	0.265375	0.104125	interior_depth	Depth_31_45	20	13	11	0.02	0.1
200	398	0.02	3.98	18	78	0.615	0.346260387811634	4.97016582804165	3.21897907503665	0.53526426100351	0.595477386934673	0.0364640174577964	0.267875	0.110625	interior_depth	Depth_31_45	21	13	11	0.02	0.1
200	398	0.02	3.98	23	82	0.595	0.296531791907514	4.78495575412033	2.95271328870531	0.480622332769375	0.603015075376884	0.0368123602332578	0.243875	0.090875	interior_depth	Depth_31_45	22	13	11	0.02	0.1
200	398	0.02	3.98	20	67	0.67	0.277393879565647	4.07013398702928	3.53069240264841	0.527322542360042	0.575376884422111	0.038592400978832	0.269	0.124	interior_depth	Depth_31_45	23	13	11	0.02	0.1
200	398	0.02	3.98	26	88	0.565	0.352321204516939	6.24892250533243	2.87800252844501	0.498860508573016	0.630653266331658	0.032624626876492	0.259125	0.075375	interior_depth	Depth_31_45	24	13	11	0.02	0.1
200	398	0.02	3.98	24	77	0.615	0.323695976154993	4.95376954571583	3.11275489804078	0.542000202015101	0.585427135678392	0.0414591602085008	0.267125	0.098875	interior_depth	Depth_31_45	25	13	11	0.02	0.1
200	398	0.02	3.98	30	73	0.64	0.344818719465158	6.83438269454851	3.2689468503937	0.491379636877857	0.560301507537688	0.031208377445826	0.2675	0.10075	interior_depth	Depth_31_45	26	13	11	0.02	0.1
200	398	0.02	3.98	22	77	0.61	0.332050902633915	5.22177385456973	3.14144424874678	0.523676801090882	0.550251256281407	0.0358627401832944	0.26775	0.10725	interior_depth	Depth_31_45	27	13	11	0.02	0.1
200	398	0.02	3.98	28	107	0.47	0.440024860161591	8.23729823148629	2.63829787234043	0.470417413701674	0.522613065326633	0.0329506195320064	0.21	0.0645	interior_depth	Depth_31_45	28	13	11	0.02	0.1
200	398	0.02	3.98	21	71	0.65	0.276022304832714	4.70011308741906	3.16672629695885	0.493371379510618	0.5678391959799	0.0373886405925726	0.26075	0.1135	interior_depth	Depth_31_45	29	13	11	0.02	0.1
200	398	0.02	3.98	19	72	0.645	0.289891926255563	4.48650461032894	3.16472868217054	0.508285775611727	0.520100502512563	0.0388740731096304	0.297875	0.120375	interior_depth	Depth_31_45	30	13	11	0.02	0.1
200	398	0.02	3.98	32	112	0.445	0.431553100061387	8.75996591706783	2.58299284984678	0.424900886341254	0.665829145728643	0.0330899847552849	0.215625	0.066125	interior_depth	Depth_31_45	31	13	11	0.02	0.1
200	398	0.02	3.98	24	84	0.58	0.285889269965703	6.00826408935195	2.8647676161919	0.443107497285422	0.545226130653266	0.0366238104781239	0.2395	0.08375	interior_depth	Depth_31_45	32	13	11	0.02	0.1
200	398	0.02	3.98	23	83	0.59	0.302970297029703	5.00743816680703	2.94422714761698	0.494046867503346	0.603015075376884	0.0413966647586637	0.2425	0.1025	interior_depth	Depth_31_45	33	13	11	0.02	0.1
200	398	0.02	3.98	22	72	0.645	0.319634703196347	4.97042611323022	3.30922965116279	0.540333577434913	0.545226130653266	0.03561495634131	0.268375	0.110375	interior_depth	Depth_31_45	34	13	11	0.02	0.1
200	398	0.02	3.98	24	87	0.565	0.301310043668122	5.88066958098424	2.81605562579014	0.436769273503194	0.57035175879397	0.0390939461023034	0.233375	0.084875	interior_depth	Depth_31_45	35	13	11	0.02	0.1
200	398	0.02	3.98	20	69	0.655	0.286558805227131	4.582449927647	3.28150322959483	0.483144365041287	0.587939698492462	0.0374166798247384	0.250875	0.120875	interior_depth	Depth_31_45	36	13	11	0.02	0.1
200	398	0.02	3.98	23	93	0.54	0.3632	5.5091990027597	2.85531325718242	0.481408297770258	0.560301507537688	0.0347473743053391	0.2395	0.0875	interior_depth	Depth_31_45	37	13	11	0.02	0.1
200	398	0.02	3.98	19	77	0.62	0.337953406074904	5.16398667529785	3.11985313401521	0.548660387363955	0.592964824120603	0.0368638758284222	0.25375	0.1095	interior_depth	Depth_31_45	38	13	11	0.02	0.1
200	398	0.02	3.98	26	93	0.54	0.311116637652325	6.37097140279168	2.75770162686051	0.432833135526881	0.597989949748744	0.0356119414512048	0.23125	0.0845	interior_depth	Depth_31_45	39	13	11	0.02	0.1
200	398	0.02	3.98	21	91	0.55	0.429586733350882	6.1826309493521	3.15095913261051	0.542805105931668	0.605527638190955	0.0278118014666219	0.24975	0.0775	interior_depth	Depth_31_45	40	13	11	0.02	0.1
200	398	0.02	3.98	28	82	0.595	0.320449203447375	6.10571559130402	2.99914542088022	0.485852629984091	0.535175879396985	0.0362192222777533	0.273875	0.086875	interior_depth	Depth_31_45	41	13	11	0.02	0.1
200	398	0.02	3.98	20	89	0.555	0.376377507770557	5.60938772334001	2.95069615069615	0.499053054215803	0.57035175879397	0.0320597637759415	0.234875	0.103625	interior_depth	Depth_31_45	42	13	11	0.02	0.1
200	398	0.02	3.98	25	89	0.56	0.299690242643263	5.91586663313131	2.82915057915058	0.440875861720664	0.57035175879397	0.0376390249407678	0.2655	0.095	interior_depth	Depth_31_45	43	13	11	0.02	0.1
200	398	0.02	3.98	21	84	0.585	0.31957612939208	5.35336918445297	2.93972885352196	0.498052448170501	0.582914572864322	0.0382058067397818	0.262875	0.101625	interior_depth	Depth_31_45	44	13	11	0.02	0.1
200	398	0.02	3.98	16	74	0.635	0.239780353874314	4.34557811480249	2.99675040619922	0.445143430721446	0.5678391959799	0.0430035720006081	0.268375	0.107125	interior_depth	Depth_31_45	45	13	11	0.02	0.1
200	398	0.02	3.98	19	81	0.6	0.320045884714654	4.99472100038006	3.02885154061625	0.514510365899851	0.555276381909548	0.0422561078583915	0.28	0.1025	interior_depth	Depth_31_45	46	13	11	0.02	0.1
200	398	0.02	3.98	23	93	0.54	0.330645161290323	6.02713134252779	2.77847005884389	0.473668594227419	0.580402010050251	0.0342232281610821	0.229	0.07325	interior_depth	Depth_31_45	47	13	11	0.02	0.1
200	398	0.02	3.98	28	90	0.555	0.353076333929027	5.70039070317515	2.83931203931204	0.529721471680008	0.635678391959799	0.0304348049660191	0.234125	0.079375	interior_depth	Depth_31_45	48	13	11	0.02	0.1
200	398	0.02	3.98	25	101	0.495	0.352663519892111	7.28292672300166	2.69882498453927	0.432593242594884	0.595477386934673	0.0359785073445028	0.245875	0.074875	interior_depth	Depth_31_45	49	13	11	0.02	0.1
200	398	0.02	3.98	25	94	0.535	0.372701555869873	7.08925827938499	2.8580497266796	0.465193429458852	0.550251256281407	0.035108279097265	0.240875	0.074625	interior_depth	Depth_31_45	50	13	11	0.02	0.1
200	398	0.02	3.98	22	103	0.49	0.37057645225907	7.39293601263369	2.66799915842626	0.441096815736976	0.638190954773869	0.0370300491134422	0.23175	0.07	interior_depth	Depth_31_45	51	13	11	0.02	0.1
200	398	0.02	3.98	21	108	0.465	0.415405777166437	6.74096552050224	2.65871902758298	0.465575364258478	0.655778894472362	0.0310166862035635	0.230875	0.069375	interior_depth	Depth_31_45	52	13	11	0.02	0.1
200	398	0.02	3.98	19	78	0.615	0.285547445255474	4.65114427998091	2.9812075169932	0.482958132370395	0.530150753768844	0.041091641596666	0.273375	0.098375	interior_depth	Depth_31_45	53	13	11	0.02	0.1
200	398	0.02	3.98	18	79	0.585	0.395934466019417	5.4341948011098	3.42513999410551	0.554086386707406	0.57035175879397	0.025659528754598	0.229625	0.105625	interior_depth	Depth_31_45	54	13	11	0.02	0.1
200	398	0.02	3.98	24	90	0.555	0.313794845881758	5.88700400999656	2.83718263718264	0.446904749880054	0.545226130653266	0.0379255369578217	0.252125	0.079375	interior_depth	Depth_31_45	55	13	11	0.02	0.1
200	398	0.02	3.98	19	80	0.6	0.298843759264749	4.82536182450929	2.99915966386555	0.489469962879725	0.562814070351759	0.0361307281229895	0.24975	0.10675	interior_depth	Depth_31_45	56	13	11	0.02	0.1
200	398	0.02	3.98	19	92	0.545	0.377363445378151	6.13961241160776	2.92337750594631	0.503027070023484	0.5678391959799	0.0382150414988634	0.241125	0.094125	interior_depth	Depth_31_45	57	13	11	0.02	0.1
200	398	0.02	3.98	26	106	0.475	0.363676731793961	7.21014261007063	2.60873460246361	0.442087952324436	0.623115577889447	0.0367556732220846	0.213125	0.070375	interior_depth	Depth_31_45	58	13	11	0.02	0.1
200	398	0.02	3.98	22	96	0.52	0.361997226074896	6.72200118781642	2.73935772964899	0.477756243529204	0.623115577889447	0.0390458588240661	0.227	0.07275	interior_depth	Depth_31_45	59	13	11	0.02	0.1
200	398	0.02	3.98	20	73	0.64	0.347246891651865	5.47156329974	3.25196850393701	0.540813363298907	0.527638190954774	0.0343368609088447	0.29975	0.10975	interior_depth	Depth_31_45	60	13	11	0.02	0.1
200	398	0.02	3.98	21	76	0.625	0.30447247706422	4.91524893895527	3.04916129032258	0.502739829802278	0.608040201005025	0.0414351655562697	0.251125	0.094375	interior_depth	Depth_31_45	61	13	11	0.02	0.1
200	398	0.02	3.98	19	66	0.675	0.280066445182724	3.91470857647409	3.21824212271973	0.526811191636575	0.537688442211055	0.0425713017334038	0.284875	0.106125	interior_depth	Depth_31_45	62	13	11	0.02	0.1
200	398	0.02	3.98	22	89	0.55	0.381328252585738	5.86429669336302	3.00450375312761	0.51821608040201	0.532663316582915	0.0327359045070759	0.2205	0.0835	interior_depth	Depth_31_45	63	13	11	0.02	0.1
200	398	0.02	3.98	29	113	0.44	0.429912023460411	8.69726733084882	2.60161964472309	0.458444862503472	0.562814070351759	0.0345446214839443	0.178	0.053	interior_depth	Depth_31_45	64	13	11	0.02	0.1
200	398	0.02	3.98	20	76	0.625	0.276154571159284	4.16490168296869	3.01329032258065	0.490719931314866	0.592964824120603	0.0392302625657069	0.284625	0.108625	interior_depth	Depth_31_45	65	13	11	0.02	0.1
200	398	0.02	3.98	22	73	0.64	0.28194558944765	5.4698032482612	3.06963582677165	0.468615060225752	0.638190954773869	0.0407206255699793	0.306	0.10075	interior_depth	Depth_31_45	66	13	11	0.02	0.1
200	398	0.02	3.98	18	75	0.63	0.314015375517445	5.1065707722017	3.17104761904762	0.477825686220045	0.597989949748744	0.0367032540387215	0.269	0.106	interior_depth	Depth_31_45	67	13	11	0.02	0.1
200	398	0.02	3.98	26	101	0.5	0.356361149110807	6.6846397674237	2.66646464646465	0.464325395823338	0.638190954773869	0.036293148005895	0.22075	0.06625	interior_depth	Depth_31_45	68	13	11	0.02	0.1
200	398	0.02	3.98	27	94	0.535	0.333888228299643	6.3686090516368	2.75771468876741	0.443773515820308	0.537688442211055	0.0329736885913179	0.249875	0.069375	interior_depth	Depth_31_45	69	13	11	0.02	0.1
200	398	0.02	3.98	22	85	0.58	0.368689444161142	6.40290599975431	3.11379310344828	0.485549607333148	0.565326633165829	0.0320181292222819	0.267	0.09125	interior_depth	Depth_31_45	70	13	11	0.02	0.1
200	398	0.02	3.98	19	59	0.71	0.277410832232497	4.1470644239148	3.33273399260813	0.532451832024444	0.535175879396985	0.0374685303648042	0.319	0.1185	interior_depth	Depth_31_45	71	13	11	0.02	0.1
200	398	0.02	3.98	23	90	0.555	0.364616515559912	6.49402890905299	2.88058968058968	0.468400419181334	0.535175879396985	0.0356809551874676	0.226375	0.081875	interior_depth	Depth_31_45	72	13	11	0.02	0.1
200	398	0.02	3.98	20	63	0.69	0.274707925481528	4.63204077704136	3.42060721464085	0.510378525794803	0.595477386934673	0.0429165476009244	0.319	0.1345	interior_depth	Depth_31_45	73	13	11	0.02	0.1
200	398	0.02	3.98	31	85	0.575	0.325044404973357	6.06704484707616	2.89900839054157	0.479520719173758	0.557788944723618	0.0319832593939352	0.260625	0.098625	interior_depth	Depth_31_45	74	13	11	0.02	0.1
200	398	0.02	3.98	24	87	0.57	0.341993637327678	5.51161251136834	2.90249961186151	0.512190348728567	0.545226130653266	0.0329888230708271	0.255	0.08625	interior_depth	Depth_31_45	75	13	11	0.02	0.1
200	398	0.02	3.98	19	81	0.6	0.303255282695603	5.06627424309257	3.01932773109244	0.467889068457867	0.575376884422111	0.0369358729062627	0.2545	0.10175	interior_depth	Depth_31_45	76	13	11	0.02	0.1
200	398	0.02	3.98	19	72	0.64	0.400192864030858	5.29877954048472	3.7476624015748	0.598605464508472	0.582914572864322	0.0299236642559405	0.26525	0.1145	interior_depth	Depth_31_45	77	13	11	0.02	0.1
200	398	0.02	3.98	24	85	0.58	0.402696365767878	5.04412437402787	3.17391304347826	0.578855331936062	0.600502512562814	0.0273076310896241	0.26625	0.09525	interior_depth	Depth_31_45	78	13	11	0.02	0.1
200	398	0.02	3.98	29	99	0.51	0.425023651844844	7.19705368216845	2.90933799262279	0.519614403676675	0.605527638190955	0.0291547129509846	0.228	0.07325	interior_depth	Depth_31_45	79	13	11	0.02	0.1
200	398	0.02	3.98	20	87	0.565	0.348781779661017	5.97558727855303	2.95353982300885	0.479419711623444	0.670854271356784	0.0373862689374278	0.228625	0.083375	interior_depth	Depth_31_45	80	13	11	0.02	0.1
200	398	0.02	3.98	20	86	0.575	0.273662008963881	5.61238736710473	2.84469870327994	0.437473169869448	0.608040201005025	0.0420750666441348	0.243875	0.087375	interior_depth	Depth_31_45	81	13	11	0.02	0.1
200	398	0.02	3.98	22	74	0.635	0.307329997056226	4.8557354526782	3.14235720534933	0.536722557511174	0.547738693467337	0.0395045668944396	0.267625	0.106125	interior_depth	Depth_31_45	82	13	11	0.02	0.1
200	398	0.02	3.98	22	78	0.615	0.331314878892734	5.09168270542791	3.05970944955351	0.521085326128128	0.525125628140704	0.0310152138784091	0.279625	0.102875	interior_depth	Depth_31_45	83	13	11	0.02	0.1
200	398	0.02	3.98	22	97	0.52	0.317574511819116	5.7753577366907	2.7231142643764	0.432545895305674	0.580402010050251	0.0394002584091382	0.24425	0.0805	interior_depth	Depth_31_45	84	13	11	0.02	0.1
200	398	0.02	3.98	19	67	0.67	0.287984742530197	4.33219905960779	3.16451576702951	0.521028509381076	0.585427135678392	0.0393262747496004	0.29175	0.10875	interior_depth	Depth_31_45	85	13	11	0.02	0.1
200	398	0.02	3.98	25	78	0.615	0.331521739130435	6.23185761501048	3.20938291350127	0.495161107042751	0.542713567839196	0.0367056272517007	0.254375	0.089125	interior_depth	Depth_31_45	86	13	11	0.02	0.1
200	398	0.02	3.98	24	91	0.55	0.326809168168942	6.03947761615369	2.88757297748123	0.466686447311937	0.670854271356784	0.0394661737191814	0.248	0.08525	interior_depth	Depth_31_45	87	13	11	0.02	0.1
200	398	0.02	3.98	27	99	0.505	0.370569280343716	7.54223306608586	2.69089108910891	0.461421428751799	0.608040201005025	0.0351864456107613	0.227375	0.072875	interior_depth	Depth_31_45	88	13	11	0.02	0.1
200	398	0.02	3.98	25	83	0.59	0.309480282057979	5.60720356359686	2.88555700420107	0.485357061690361	0.565326633165829	0.0372753790832123	0.25675	0.09	interior_depth	Depth_31_45	89	13	11	0.02	0.1
200	398	0.02	3.98	24	100	0.505	0.373799725651577	7.08710705728936	2.77445544554455	0.468340445948335	0.575376884422111	0.0357724727762026	0.261375	0.073625	interior_depth	Depth_31_45	90	13	11	0.02	0.1
200	398	0.02	3.98	26	94	0.535	0.362261516984644	6.90964078549971	2.83565508728619	0.479265043812025	0.590452261306533	0.0337444251768612	0.262375	0.074625	interior_depth	Depth_31_45	91	13	11	0.02	0.1
200	398	0.02	3.98	21	77	0.62	0.369181380417335	6.82701191883862	3.26108051403095	0.512452337062195	0.540201005025126	0.0315291401186409	0.2675	0.103	interior_depth	Depth_31_45	92	13	11	0.02	0.1
200	398	0.02	3.98	20	62	0.695	0.342935948513638	5.05018063376553	3.64424981753727	0.555857175323855	0.552763819095477	0.0341972487577752	0.296125	0.109875	interior_depth	Depth_31_45	93	13	11	0.02	0.1
200	398	0.02	3.98	19	78	0.615	0.368636629607958	5.28679736764725	3.17766226842596	0.553653948132623	0.628140703517588	0.0326273461055807	0.255625	0.098375	interior_depth	Depth_31_45	94	13	11	0.02	0.1
200	398	0.02	3.98	19	98	0.51	0.434529828109201	6.30337254580792	2.92156862745098	0.525305547839701	0.537688442211055	0.02849859044481	0.2365	0.078	interior_depth	Depth_31_45	95	13	11	0.02	0.1
200	398	0.02	3.98	19	84	0.58	0.278955954323002	5.08831840204006	2.84842578710645	0.443300042928209	0.628140703517588	0.0414249071989718	0.23975	0.08825	interior_depth	Depth_31_45	96	13	11	0.02	0.1
200	398	0.02	3.98	17	74	0.63	0.295826893353941	4.47518495872835	3.16711111111111	0.527612939067195	0.542713567839196	0.0383400939000556	0.257	0.12525	interior_depth	Depth_31_45	97	13	11	0.02	0.1
200	398	0.02	3.98	17	100	0.505	0.403055848261328	5.87613666385325	2.86514851485149	0.528806090755284	0.592964824120603	0.0337196110366462	0.205875	0.088125	interior_depth	Depth_31_45	98	13	11	0.02	0.1
200	398	0.02	3.98	23	105	0.48	0.392943770672547	7.37694354302692	2.75219298245614	0.438211787581122	0.575376884422111	0.0365429714383709	0.20825	0.07075	interior_depth	Depth_31_45	99	13	11	0.02	0.1
200	398	0.02	3.98	18	80	0.595	0.36271383009568	5.93136089047576	3.19356217063096	0.513187798287922	0.492462311557789	0.0343934619682061	0.229125	0.107875	interior_depth	Depth_31_45	100	13	11	0.02	0.1
200	398	0.02	3.98	20	92	0.545	0.308319738988581	5.1689114709482	2.77947672443085	0.465022979217697	0.545226130653266	0.0394551563610945	0.220125	0.083375	interior_depth	Depth_31_45	101	13	11	0.02	0.1
200	398	0.02	3.98	19	87	0.57	0.346277450455276	5.73020779114997	2.9968948920975	0.505725865508447	0.560301507537688	0.0368927633624685	0.24425	0.092	interior_depth	Depth_31_45	102	13	11	0.02	0.1
200	398	0.02	3.98	31	110	0.455	0.39203187250996	8.01736020115538	2.51135531135531	0.425895179414661	0.5678391959799	0.0309962307606554	0.195875	0.058625	interior_depth	Depth_31_45	103	13	11	0.02	0.1
200	398	0.02	3.98	18	69	0.66	0.354838709677419	5.98048405526867	3.4469118667592	0.537707381126739	0.608040201005025	0.0344183862522295	0.29125	0.12425	interior_depth	Depth_31_45	104	13	11	0.02	0.1
200	398	0.02	3.98	20	79	0.61	0.284054603543421	4.67099539511979	2.94296165831188	0.492231888083634	0.547738693467337	0.0360410312809158	0.28875	0.09425	interior_depth	Depth_31_45	105	13	11	0.02	0.1
200	398	0.02	3.98	21	95	0.515	0.386251679355128	7.34759996842705	2.8676946506758	0.45582813565314	0.50251256281407	0.0335435423006992	0.226625	0.067875	interior_depth	Depth_31_45	106	13	11	0.02	0.1
200	398	0.02	3.98	23	87	0.57	0.309185959671397	6.01906776290429	2.84629715882627	0.43973637029368	0.592964824120603	0.0387811266426267	0.27325	0.08	interior_depth	Depth_31_45	107	13	11	0.02	0.1
200	398	0.02	3.98	22	99	0.51	0.422169811320755	6.1028340091302	3.03377984857309	0.555121714098129	0.542713567839196	0.0281965927281422	0.24675	0.09075	interior_depth	Depth_31_45	108	13	11	0.02	0.1
200	398	0.02	3.98	19	71	0.65	0.319526627218935	4.17105175041109	3.16923076923077	0.538073533496629	0.600502512562814	0.0400935356986961	0.256	0.10825	interior_depth	Depth_31_45	109	13	11	0.02	0.1
200	398	0.02	3.98	20	86	0.575	0.314384151593454	5.30793020431847	2.94019832189169	0.487932754223378	0.57035175879397	0.0389375400835591	0.267125	0.099875	interior_depth	Depth_31_45	110	13	11	0.02	0.1
200	398	0.02	3.98	22	103	0.49	0.427627230667548	7.96212995401957	2.79444561329686	0.45632370394687	0.623115577889447	0.0288474987827541	0.21975	0.075	interior_depth	Depth_31_45	111	13	11	0.02	0.1
200	398	0.02	3.98	18	79	0.61	0.298410829899941	4.6771966044778	3.03129657228018	0.490925102901442	0.532663316582915	0.0402851504207294	0.256	0.099	interior_depth	Depth_31_45	112	13	11	0.02	0.1
200	398	0.02	3.98	16	67	0.66	0.275200558074642	3.64775633000264	3.13798288225769	0.551090881543395	0.585427135678392	0.0433411415669596	0.29825	0.11375	interior_depth	Depth_31_45	113	13	11	0.02	0.1
200	398	0.02	3.98	23	86	0.575	0.287365813377374	5.13974820485767	2.86620900076278	0.471916744526653	0.600502512562814	0.0414780413310624	0.259875	0.102375	interior_depth	Depth_31_45	114	13	11	0.02	0.1
200	398	0.02	3.98	19	84	0.585	0.365123371222623	5.84093011493333	3.03934571175951	0.524166056412717	0.545226130653266	0.0371007130248762	0.267625	0.093375	interior_depth	Depth_31_45	115	13	11	0.02	0.1
200	398	0.02	3.98	26	86	0.575	0.366863905325444	6.87811618596967	3.02883295194508	0.495161107042751	0.560301507537688	0.0327235509331811	0.241125	0.088375	interior_depth	Depth_31_45	116	13	11	0.02	0.1
200	398	0.02	3.98	21	80	0.605	0.392448816804041	6.25980800954323	3.183608815427	0.543493219868185	0.600502512562814	0.0325795942003813	0.246375	0.096625	interior_depth	Depth_31_45	117	13	11	0.02	0.1
200	398	0.02	3.98	22	96	0.52	0.464809748818702	7.09859774836471	3.13928304705004	0.549446352364839	0.605527638190955	0.0270362049199723	0.24675	0.08175	interior_depth	Depth_31_45	118	13	11	0.02	0.1
200	398	0.02	3.98	22	82	0.595	0.306616460462614	5.35683198645905	2.97293832787352	0.485076134441049	0.552763819095477	0.0370510218153137	0.250375	0.084875	interior_depth	Depth_31_45	119	13	11	0.02	0.1
200	398	0.02	3.98	27	94	0.535	0.338402178847027	6.74259556301848	2.75489331687533	0.430090149238656	0.494974874371859	0.0347750576543116	0.242875	0.070125	interior_depth	Depth_31_45	120	13	11	0.02	0.1
200	398	0.02	3.98	20	97	0.51	0.426689436447914	6.84778081309168	2.97942147155892	0.530422211560314	0.580402010050251	0.0291081876224476	0.21925	0.07425	interior_depth	Depth_31_45	121	13	11	0.02	0.1
200	398	0.02	3.98	21	82	0.585	0.328720700367128	5.18441296194309	3.01016799292661	0.508415191535567	0.562814070351759	0.0358363465600529	0.235125	0.096875	interior_depth	Depth_31_45	122	13	11	0.02	0.1
200	398	0.02	3.98	26	99	0.51	0.360882156382268	6.96805916281781	2.75422248107164	0.435424610489634	0.57286432160804	0.0355389958488302	0.227	0.06375	interior_depth	Depth_31_45	123	13	11	0.02	0.1
200	398	0.02	3.98	26	81	0.595	0.362947478442644	6.10064302697157	3.165788349238	0.540532436049595	0.608040201005025	0.0324944313668551	0.259875	0.095125	interior_depth	Depth_31_45	124	13	11	0.02	0.1
200	398	0.02	3.98	27	90	0.555	0.351386202450032	7.66788099320541	2.79099099099099	0.449549885103911	0.577889447236181	0.0343833070361871	0.242625	0.075125	interior_depth	Depth_31_45	125	13	11	0.02	0.1
200	398	0.02	3.98	18	82	0.595	0.372876022655758	4.53562878393216	3.13772966813844	0.589300143935759	0.595477386934673	0.0379247794497173	0.265625	0.107125	interior_depth	Depth_31_45	126	13	11	0.02	0.1
200	398	0.02	3.98	24	112	0.445	0.3995297135528	7.31793065798696	2.53728294177732	0.426422312567865	0.610552763819096	0.0325921682212648	0.182375	0.060875	interior_depth	Depth_31_45	127	13	11	0.02	0.1
200	398	0.02	3.98	23	78	0.61	0.365469613259669	6.02428455408569	3.19441810052838	0.517562687810914	0.57286432160804	0.0315297961936438	0.25525	0.09075	interior_depth	Depth_31_45	128	13	11	0.02	0.1
200	398	0.02	3.98	24	100	0.505	0.413225113392218	6.79781196830296	2.79207920792079	0.516969268452817	0.542713567839196	0.0288091718714198	0.249375	0.072375	interior_depth	Depth_31_45	129	13	11	0.02	0.1
200	398	0.02	3.98	18	83	0.585	0.329246411483254	5.39241613757927	3.06203949307398	0.476761950455797	0.57035175879397	0.0362988568973122	0.262375	0.114125	interior_depth	Depth_31_45	130	13	11	0.02	0.1
200	398	0.02	3.98	18	78	0.615	0.281278263491106	4.57401308871896	3.10115953618553	0.473845357440469	0.587939698492462	0.0397444739894624	0.267875	0.116375	interior_depth	Depth_31_45	131	13	11	0.02	0.1
200	398	0.02	3.98	19	72	0.645	0.333851414361206	4.74209048727628	3.27882751937985	0.553205727128103	0.560301507537688	0.0304929616676749	0.289875	0.104875	interior_depth	Depth_31_45	132	13	11	0.02	0.1
200	398	0.02	3.98	22	78	0.615	0.300413793103448	5.34142343670718	2.99466879914701	0.482607762430242	0.613065326633166	0.0379853996783066	0.272625	0.087375	interior_depth	Depth_31_45	133	13	11	0.02	0.1
200	398	0.02	3.98	28	122	0.395	0.584507042253521	12.0676254632313	2.70756247971438	0.422681876720285	0.547738693467337	0.0240500377263638	0.187125	0.056875	interior_depth	Depth_31_45	134	13	11	0.02	0.1
200	398	0.02	3.98	19	76	0.625	0.2580054894785	4.35825153052066	2.96670967741935	0.473577056134946	0.590452261306533	0.0404559525555217	0.286125	0.110625	interior_depth	Depth_31_45	135	13	11	0.02	0.1
200	398	0.02	3.98	19	96	0.525	0.342339979013641	5.49727139686248	2.76007326007326	0.440547587182142	0.595477386934673	0.0364614166789179	0.247125	0.080375	interior_depth	Depth_31_45	136	13	11	0.02	0.1
200	398	0.02	3.98	28	89	0.56	0.307631785995279	5.38994085315299	2.7966537966538	0.459729552284033	0.590452261306533	0.0373756808996564	0.24925	0.092	interior_depth	Depth_31_45	137	13	11	0.02	0.1
200	398	0.02	3.98	18	74	0.635	0.28553177898435	4.1868493286398	3.13548306461692	0.509867175071337	0.545226130653266	0.0393925622116953	0.275375	0.109875	interior_depth	Depth_31_45	138	13	11	0.02	0.1
200	398	0.02	3.98	18	67	0.665	0.29663330300273	4.60163983284938	3.27079061289588	0.498323905961971	0.575376884422111	0.0338107136753824	0.288625	0.103875	interior_depth	Depth_31_45	139	13	11	0.02	0.1
200	398	0.02	3.98	21	92	0.545	0.329400433421623	6.2571879210001	2.78219503907577	0.4344618822757	0.595477386934673	0.0402875186331326	0.227625	0.072375	interior_depth	Depth_31_45	140	13	11	0.02	0.1
200	398	0.02	3.98	22	120	0.405	0.607227488151659	10.6586803863711	2.92654320987654	0.51029961364612	0.731155778894472	0.02418954376822	0.182875	0.058875	interior_depth	Depth_31_45	141	13	11	0.02	0.1
200	398	0.02	3.98	20	92	0.545	0.364166445799099	5.84365330514172	2.84896364254162	0.500640766647307	0.620603015075377	0.0345349228022586	0.267125	0.092125	interior_depth	Depth_31_45	142	13	11	0.02	0.1
200	398	0.02	3.98	25	105	0.48	0.388524590163934	8.07485310910507	2.63530701754386	0.446046185702381	0.552763819095477	0.032075067984062	0.22575	0.05525	interior_depth	Depth_31_45	143	13	11	0.02	0.1
200	398	0.02	3.98	18	70	0.655	0.311610982467747	4.28975208779744	3.22407516147974	0.533048407868488	0.590452261306533	0.0382898011967225	0.279375	0.125875	interior_depth	Depth_31_45	144	13	11	0.02	0.1
200	398	0.02	3.98	23	88	0.56	0.316495659037095	5.49209441146884	2.86534749034749	0.45336292012828	0.562814070351759	0.0334089033112405	0.21725	0.08775	interior_depth	Depth_31_45	145	13	11	0.02	0.1
200	398	0.02	3.98	21	90	0.555	0.348457350272232	6.05235266881053	2.93497133497134	0.496824575136991	0.623115577889447	0.0388615355288708	0.248875	0.084375	interior_depth	Depth_31_45	146	13	11	0.02	0.1
200	398	0.02	3.98	25	83	0.59	0.297681376215408	6.18540596728246	2.90830073880921	0.433562283780713	0.585427135678392	0.037432809250844	0.24425	0.08975	interior_depth	Depth_31_45	147	13	11	0.02	0.1
200	398	0.02	3.98	16	87	0.565	0.315300084530854	4.97427437876554	2.8911188369153	0.485117168758365	0.577889447236181	0.0367976610898098	0.231375	0.093375	interior_depth	Depth_31_45	148	13	11	0.02	0.1
200	398	0.02	3.98	30	105	0.48	0.394228773095288	7.97083927148574	2.65285087719298	0.457908259892427	0.560301507537688	0.0318486931242787	0.22125	0.06025	interior_depth	Depth_31_45	149	13	11	0.02	0.1
200	398	0.02	3.98	28	86	0.575	0.347495846190363	7.0667445792711	2.95316552250191	0.483734627913437	0.575376884422111	0.0330922459208045	0.246125	0.081625	interior_depth	Depth_31_45	150	13	11	0.02	0.1
200	398	0.02	3.98	21	83	0.59	0.333157059756742	6.27379080540012	2.97435897435897	0.461273073912275	0.57035175879397	0.0369999109292671	0.2835	0.0935	interior_depth	Depth_31_45	151	13	11	0.02	0.1
200	398	0.02	3.98	21	88	0.56	0.406164006604293	6.082797008021	3.12773487773488	0.563691573445115	0.555276381909548	0.0270069277548585	0.23875	0.091	interior_depth	Depth_31_45	152	13	11	0.02	0.1
200	398	0.02	3.98	26	114	0.435	0.473089005235602	8.28592313918086	2.72707832130446	0.496606777606626	0.590452261306533	0.0265857183180063	0.203375	0.054625	interior_depth	Depth_31_45	153	13	11	0.02	0.1
200	398	0.02	3.98	18	73	0.64	0.295143212951432	4.39733686697767	3.10777559055118	0.513317214211762	0.592964824120603	0.040490919347841	0.25825	0.104	interior_depth	Depth_31_45	154	13	11	0.02	0.1
200	398	0.02	3.98	21	87	0.57	0.301369863013699	4.43873124599193	2.88557677379289	0.491035579909598	0.592964824120603	0.0371226960153941	0.269	0.10575	interior_depth	Depth_31_45	155	13	11	0.02	0.1
200	398	0.02	3.98	23	93	0.54	0.337033026529507	5.45632216719918	2.80287296642437	0.487626575086488	0.547738693467337	0.0396387317380146	0.23525	0.08175	interior_depth	Depth_31_45	156	13	11	0.02	0.1
200	398	0.02	3.98	21	71	0.645	0.269694161260426	4.46557842319745	3.09484011627907	0.48821368147269	0.560301507537688	0.0388010568319879	0.294125	0.106875	interior_depth	Depth_31_45	157	13	11	0.02	0.1
200	398	0.02	3.98	20	88	0.565	0.354273389053653	5.8119585569391	3.01627686472819	0.511208681598949	0.577889447236181	0.0392549293956735	0.245375	0.085375	interior_depth	Depth_31_45	158	13	11	0.02	0.1
200	398	0.02	3.98	26	92	0.545	0.369832677165354	6.86822470579806	2.91029561671764	0.461285699856064	0.557788944723618	0.032671157333951	0.224625	0.084875	interior_depth	Depth_31_45	159	13	11	0.02	0.1
200	398	0.02	3.98	21	86	0.575	0.325281361515235	5.4593627328347	2.9490465293669	0.520094189540668	0.603015075376884	0.0366896360186177	0.268125	0.092375	interior_depth	Depth_31_45	160	13	11	0.02	0.1
200	398	0.02	3.98	24	91	0.55	0.343127731908694	6.1403016237991	2.78415346121768	0.499157218252064	0.615577889447236	0.03949926328965	0.23425	0.07975	interior_depth	Depth_31_45	161	13	11	0.02	0.1
200	398	0.02	3.98	35	103	0.49	0.398428290766208	8.45106056508492	2.69513991163476	0.457933511780005	0.552763819095477	0.0286917588653198	0.2085	0.0615	interior_depth	Depth_31_45	162	13	11	0.02	0.1
200	398	0.02	3.98	19	77	0.62	0.313741064336775	5.56718023164588	3.0279307631786	0.484365925102901	0.535175879396985	0.0317999535030601	0.28225	0.09175	interior_depth	Depth_31_45	163	13	11	0.02	0.1
200	398	0.02	3.98	19	73	0.635	0.337419552558995	4.88983829468053	3.23909511311086	0.534408853311785	0.600502512562814	0.0355604062609325	0.268125	0.101625	interior_depth	Depth_31_45	164	13	11	0.02	0.1
200	398	0.02	3.98	20	78	0.615	0.317243303571429	5.41293882463596	3.10529121684659	0.478731597686927	0.603015075376884	0.036856326134134	0.262375	0.091125	interior_depth	Depth_31_45	165	13	11	0.02	0.1
200	398	0.02	3.98	23	84	0.585	0.370099320439101	6.36996158281583	3.05481874447392	0.491647938183379	0.494974874371859	0.0324105221043946	0.266625	0.094375	interior_depth	Depth_31_45	166	13	11	0.02	0.1
200	398	0.02	3.98	22	82	0.595	0.292765002804262	5.16208372434446	2.96738356359493	0.477923537284412	0.610552763819096	0.0368446271478702	0.243875	0.092625	interior_depth	Depth_31_45	167	13	11	0.02	0.1
200	398	0.02	3.98	24	90	0.55	0.362549800796813	5.60207837425097	2.86889074228524	0.519020984318578	0.663316582914573	0.0347375520223019	0.23225	0.0775	interior_depth	Depth_31_45	168	13	11	0.02	0.1
200	398	0.02	3.98	25	91	0.545	0.418168709444845	7.47899383085128	3.13999320421339	0.500489255321835	0.505025125628141	0.027474741957757	0.246625	0.085625	interior_depth	Depth_31_45	169	13	11	0.02	0.1
200	398	0.02	3.98	24	95	0.525	0.351653363740023	6.91032580719731	2.77509157509158	0.446011464356961	0.64070351758794	0.0366314922197161	0.215125	0.068375	interior_depth	Depth_31_45	170	13	11	0.02	0.1
200	398	0.02	3.98	22	83	0.585	0.332112676056338	5.46774930108204	3.02534630120837	0.54097434408222	0.587939698492462	0.0371370660418656	0.269375	0.100125	interior_depth	Depth_31_45	171	13	11	0.02	0.1
200	398	0.02	3.98	28	92	0.545	0.350477590007348	6.10460819884127	2.84947332653755	0.497067624554935	0.522613065326633	0.0368667764269429	0.230125	0.074875	interior_depth	Depth_31_45	172	13	11	0.02	0.1
200	398	0.02	3.98	24	73	0.64	0.319775596072931	6.14590168279357	3.19328248031496	0.484157597030378	0.555276381909548	0.0360662528433852	0.27675	0.1045	interior_depth	Depth_31_45	173	13	11	0.02	0.1
200	398	0.02	3.98	20	79	0.61	0.336412870340873	4.58289024328591	3.16420539222328	0.527922274690033	0.565326633165829	0.0308133274395728	0.27075	0.117	interior_depth	Depth_31_45	174	13	11	0.02	0.1
200	398	0.02	3.98	20	81	0.595	0.326662742789876	5.3653243562336	3.13260219341974	0.506638089947224	0.562814070351759	0.0360016367445528	0.247125	0.110125	interior_depth	Depth_31_45	175	13	11	0.02	0.1
200	398	0.02	3.98	27	98	0.515	0.37089552238806	6.48461616575981	2.76603845421664	0.488624024645842	0.577889447236181	0.0338802749772683	0.240625	0.086625	interior_depth	Depth_31_45	176	13	11	0.02	0.1
200	398	0.02	3.98	25	85	0.58	0.340386141232478	5.90419364058227	3.01319340329835	0.494864397363703	0.515075376884422	0.0364432618167993	0.27	0.09075	interior_depth	Depth_31_45	177	13	11	0.02	0.1
200	398	0.02	3.98	16	93	0.54	0.398357870894677	5.43477437083493	3.00986500519211	0.528361026236711	0.608040201005025	0.0344600644516453	0.22475	0.0955	interior_depth	Depth_31_45	178	13	11	0.02	0.1
200	398	0.02	3.98	19	89	0.56	0.348817567567568	5.19925467120226	2.95672458172458	0.50346897805611	0.577889447236181	0.0377687642903855	0.24925	0.10475	interior_depth	Depth_31_45	179	13	11	0.02	0.1
200	398	0.02	3.98	20	90	0.555	0.354698672114402	6.44023975918586	2.95298935298935	0.492320269690159	0.5678391959799	0.0324081199016272	0.243625	0.089375	interior_depth	Depth_31_45	180	13	11	0.02	0.1
200	398	0.02	3.98	21	91	0.55	0.340982721382289	5.33079060307102	2.84386989157631	0.490925102901442	0.542713567839196	0.0379505599975745	0.28225	0.0855	interior_depth	Depth_31_45	181	13	11	0.02	0.1
200	398	0.02	3.98	21	83	0.59	0.332689655172414	5.22288881606335	2.98638273214544	0.513493977424812	0.532663316582915	0.0373049849842197	0.234	0.0975	interior_depth	Depth_31_45	182	13	11	0.02	0.1
200	398	0.02	3.98	19	67	0.67	0.255236867547535	4.12320144535182	3.17012680956122	0.50940317163708	0.597989949748744	0.0422981618251695	0.29775	0.11625	interior_depth	Depth_31_45	183	13	11	0.02	0.1
200	398	0.02	3.98	19	91	0.55	0.429603854389722	6.20474187419532	3.07139282735613	0.564127168505846	0.577889447236181	0.0344122213932553	0.22675	0.0815	interior_depth	Depth_31_45	184	13	11	0.02	0.1
200	398	0.02	3.98	18	88	0.565	0.303896103896104	4.69504693033439	2.82901390644753	0.503431100224742	0.57035175879397	0.0433193183847776	0.277375	0.087625	interior_depth	Depth_31_45	185	13	11	0.02	0.1
200	398	0.02	3.98	21	91	0.55	0.393108848864526	6.14373272950834	2.8999165971643	0.523604201914093	0.560301507537688	0.0351011003084541	0.25275	0.08075	interior_depth	Depth_31_45	186	13	11	0.02	0.1
200	398	0.02	3.98	21	84	0.585	0.358028017241379	6.18975189929597	3.0509873268494	0.500293553193101	0.550251256281407	0.0366283468708702	0.241375	0.091125	interior_depth	Depth_31_45	187	13	11	0.02	0.1
200	398	0.02	3.98	24	87	0.565	0.319653893695921	6.05440953320931	2.80799620733249	0.472592232519381	0.587939698492462	0.0378991454767823	0.266125	0.081375	interior_depth	Depth_31_45	188	13	11	0.02	0.1
200	398	0.02	3.98	19	79	0.61	0.281789638932496	5.86122217378601	2.97805175450481	0.468056362213076	0.592964824120603	0.041598824733712	0.281	0.08725	interior_depth	Depth_31_45	189	13	11	0.02	0.1
200	398	0.02	3.98	24	58	0.705	0.312007563819729	5.4016949451142	3.44366767983789	0.550270195197091	0.582914572864322	0.0344515634239166	0.272125	0.118125	interior_depth	Depth_31_45	190	13	11	0.02	0.1
200	398	0.02	3.98	24	105	0.48	0.406505687487527	8.6458884460075	2.66666666666667	0.390163758490947	0.580402010050251	0.0318395045552806	0.2305	0.062	interior_depth	Depth_31_45	191	13	11	0.02	0.1
200	398	0.02	3.98	20	94	0.535	0.366641045349731	5.93635482735171	2.90812907776406	0.478532739072246	0.527638190954774	0.032034086797725	0.241375	0.081625	interior_depth	Depth_31_45	192	13	11	0.02	0.1
200	398	0.02	3.98	27	106	0.475	0.426050420168067	8.30154939428735	2.75095184770437	0.465704780182319	0.527638190954774	0.0300618715987487	0.220875	0.068125	interior_depth	Depth_31_45	193	13	11	0.02	0.1
200	398	0.02	3.98	24	81	0.6	0.385512073272273	5.83085425309989	3.24775910364146	0.536466882149441	0.535175879396985	0.032594780087341	0.27275	0.0915	interior_depth	Depth_31_45	194	13	11	0.02	0.1
200	398	0.02	3.98	21	79	0.61	0.309069562665101	5.02321576972621	3.07221243733911	0.504700007575566	0.57286432160804	0.037057726440997	0.24075	0.10125	interior_depth	Depth_31_45	195	13	11	0.02	0.1
200	398	0.02	3.98	24	100	0.505	0.410886742756804	7.44310312822873	2.75564356435644	0.499321355521325	0.547738693467337	0.0301851214115652	0.241625	0.064625	interior_depth	Depth_31_45	196	13	11	0.02	0.1
200	398	0.02	3.98	21	81	0.6	0.304748201438849	5.10318409066501	2.99873949579832	0.497812555238504	0.577889447236181	0.0366842350144809	0.286	0.1	interior_depth	Depth_31_45	197	13	11	0.02	0.1
200	398	0.02	3.98	30	96	0.525	0.385626841985944	7.02848168255472	2.75677655677656	0.505571197697028	0.605527638190955	0.0353959964476901	0.234125	0.071875	interior_depth	Depth_31_45	198	13	11	0.02	0.1
200	398	0.02	3.98	23	88	0.565	0.31885621796601	5.24566395319798	2.85524652338812	0.503929825004419	0.57035175879397	0.0373767223342064	0.264625	0.076125	interior_depth	Depth_31_45	199	13	11	0.02	0.1
200	398	0.02	3.98	18	91	0.55	0.357446808510638	5.81596906114286	2.91459549624687	0.464104441807025	0.577889447236181	0.0378247728555535	0.2305	0.084	interior_depth	Depth_31_45	200	13	11	0.02	0.1
200	398	0.02	3.98	25	116	0.42	0.411314083677077	8.55759945900843	2.42570281124498	0.411485821065125	0.648241206030151	0.0367028301795055	0.18475	0.05175	interior_depth	Depth_50_75	1	11	11	0.02	0.1
200	398	0.02	3.98	23	81	0.6	0.370054305663305	6.35942204738798	3.10224089635854	0.532890583571122	0.603015075376884	0.0322876369262584	0.27325	0.08225	interior_depth	Depth_50_75	2	11	11	0.02	0.1
200	398	0.02	3.98	22	89	0.56	0.321810699588477	5.05561834350083	2.80614543114543	0.497313830458827	0.660804020100503	0.0390481279760969	0.2425	0.092	interior_depth	Depth_50_75	3	11	11	0.02	0.1
200	398	0.02	3.98	29	99	0.51	0.347160178685386	7.53245182103987	2.6853038245001	0.416921289866417	0.57035175879397	0.0367998303781712	0.2195	0.065	interior_depth	Depth_50_75	4	11	11	0.02	0.1
200	398	0.02	3.98	20	80	0.605	0.335480093676815	5.07061988079132	3.14090909090909	0.500880659579303	0.608040201005025	0.0360592240747772	0.267625	0.104125	interior_depth	Depth_50_75	5	11	11	0.02	0.1
200	398	0.02	3.98	30	103	0.49	0.373839488343305	8.00841115331852	2.63538817588891	0.441298830837605	0.701005025125628	0.0341919413359427	0.24075	0.06975	interior_depth	Depth_50_75	6	11	11	0.02	0.1
200	398	0.02	3.98	26	92	0.545	0.295874822190612	6.14150711756964	2.71525654094461	0.434026287214969	0.648241206030151	0.0420519253914506	0.236125	0.078375	interior_depth	Depth_50_75	7	11	11	0.02	0.1
200	398	0.02	3.98	21	83	0.59	0.305451630144308	5.44738848221822	2.97435897435897	0.482980227772026	0.625628140703518	0.0384855675723632	0.268	0.09275	interior_depth	Depth_50_75	8	11	11	0.02	0.1
200	398	0.02	3.98	28	118	0.415	0.418768328445748	8.23166643041248	2.37114310902145	0.42609719451529	0.597989949748744	0.033173001158438	0.201125	0.049875	interior_depth	Depth_50_75	9	11	11	0.02	0.1
200	398	0.02	3.98	31	89	0.56	0.372846312887664	7.31579428934649	2.89317889317889	0.536870912350698	0.633165829145729	0.0282812934763437	0.2725	0.071	interior_depth	Depth_50_75	10	11	11	0.02	0.1
200	398	0.02	3.98	35	103	0.485	0.415304749086714	9.32057993625413	2.73088487972509	0.432861543900407	0.5	0.0274454007883179	0.205125	0.063625	interior_depth	Depth_50_75	11	11	11	0.02	0.1
200	398	0.02	3.98	21	72	0.635	0.300350262697023	4.7391699798203	3.14548181477315	0.510498472260801	0.628140703517588	0.0364017024489851	0.252125	0.092625	interior_depth	Depth_50_75	12	11	11	0.02	0.1
200	398	0.02	3.98	20	84	0.585	0.315572644877781	5.03934546302963	2.91526672561155	0.488027448801798	0.590452261306533	0.0337254319205453	0.262375	0.085125	interior_depth	Depth_50_75	13	11	11	0.02	0.1
200	398	0.02	3.98	30	106	0.475	0.355787476280835	6.34033301020593	2.55632698768197	0.453994217317744	0.768844221105528	0.039319349269108	0.221375	0.073625	interior_depth	Depth_50_75	14	11	11	0.02	0.1
200	398	0.02	3.98	26	96	0.525	0.34940036900369	6.9335804959499	2.75457875457875	0.480590767909901	0.655778894472362	0.0372989869696808	0.225375	0.073875	interior_depth	Depth_50_75	15	11	11	0.02	0.1
200	398	0.02	3.98	38	111	0.445	0.415897532491995	9.2312474819383	2.49565883554648	0.410993409257342	0.580402010050251	0.0314748852988757	0.208125	0.054625	interior_depth	Depth_50_75	16	11	11	0.02	0.1
200	398	0.02	3.98	24	106	0.475	0.405271828665568	7.94735159170365	2.68689809630459	0.42798477311179	0.5678391959799	0.0328610227396774	0.198875	0.057875	interior_depth	Depth_50_75	17	11	11	0.02	0.1
200	398	0.02	3.98	28	108	0.465	0.43659281894576	9.17916383868345	2.78611500701262	0.421618140956036	0.515075376884422	0.0298317924026523	0.192875	0.060125	interior_depth	Depth_50_75	18	11	11	0.02	0.1
200	398	0.02	3.98	26	92	0.545	0.289598403591918	5.75829676761633	2.71576622494054	0.421867503345875	0.600502512562814	0.0399662873740896	0.251625	0.077625	interior_depth	Depth_50_75	19	11	11	0.02	0.1
200	398	0.02	3.98	32	102	0.495	0.310049019607843	7.36520931680549	2.51226551226551	0.41746104896341	0.592964824120603	0.0385045167336801	0.222875	0.059375	interior_depth	Depth_50_75	20	11	11	0.02	0.1
200	398	0.02	3.98	25	99	0.51	0.3431146025878	6.69699864788601	2.64667054940788	0.449344713517335	0.748743718592965	0.0370986902982561	0.23125	0.0705	interior_depth	Depth_50_75	21	11	11	0.02	0.1
200	398	0.02	3.98	21	88	0.565	0.323102219786243	5.19342561606613	2.86615044247788	0.523162293881468	0.690954773869347	0.0389258431292109	0.272125	0.082875	interior_depth	Depth_50_75	22	11	11	0.02	0.1
200	398	0.02	3.98	19	86	0.57	0.460950764006791	6.40599835352981	3.46700822853594	0.587002222166107	0.532663316582915	0.0259871305422355	0.25725	0.0865	interior_depth	Depth_50_75	23	11	11	0.02	0.1
200	398	0.02	3.98	21	85	0.58	0.284780334728033	5.38434364757349	2.86581709145427	0.440282442362567	0.620603015075377	0.0429332795122554	0.24525	0.0875	interior_depth	Depth_50_75	24	11	11	0.02	0.1
200	398	0.02	3.98	27	113	0.44	0.477933900653077	8.90227770566391	2.61990595611285	0.470568925027146	0.688442211055276	0.0270542968995936	0.2235	0.05975	interior_depth	Depth_50_75	25	11	11	0.02	0.1
200	398	0.02	3.98	23	95	0.53	0.298018292682927	5.61159940707097	2.66325247079964	0.441466124592813	0.610552763819096	0.0402018415431495	0.231	0.07575	interior_depth	Depth_50_75	26	11	11	0.02	0.1
200	398	0.02	3.98	28	92	0.545	0.335269516728625	6.93486100542074	2.77862725110432	0.45969798742456	0.625628140703518	0.0367478089827625	0.216875	0.076375	interior_depth	Depth_50_75	27	11	11	0.02	0.1
200	398	0.02	3.98	24	77	0.62	0.309148264984227	5.55073182759218	2.99842643587726	0.495337870255802	0.633165829145729	0.0385404206137481	0.25975	0.08875	interior_depth	Depth_50_75	28	11	11	0.02	0.1
200	398	0.02	3.98	20	87	0.57	0.318146111547526	5.73505396018367	2.85902810122652	0.487219388399283	0.680904522613065	0.039705226854631	0.24675	0.09525	interior_depth	Depth_50_75	29	11	11	0.02	0.1
200	398	0.02	3.98	25	105	0.475	0.402578796561605	6.80624138004722	2.70615901455767	0.463413171384561	0.555276381909548	0.0282748368959717	0.225375	0.076875	interior_depth	Depth_50_75	30	11	11	0.02	0.1
200	398	0.02	3.98	33	95	0.53	0.336088753534914	7.14566429830313	2.71590296495957	0.454019469205323	0.693467336683417	0.03902366642394	0.23325	0.07275	interior_depth	Depth_50_75	31	11	11	0.02	0.1
200	398	0.02	3.98	26	99	0.51	0.357671687515956	5.93357727658263	2.73927392739274	0.464429559859599	0.690954773869347	0.0360394225619079	0.2435	0.0805	interior_depth	Depth_50_75	32	11	11	0.02	0.1
200	398	0.02	3.98	25	121	0.4	0.416602017067494	8.54646980498247	2.39208860759494	0.392259665159971	0.653266331658292	0.0366485926239432	0.1775	0.051	interior_depth	Depth_50_75	33	11	11	0.02	0.1
200	398	0.02	3.98	23	88	0.565	0.347519516494586	6.08738632105328	2.94168773704172	0.473349789146739	0.670854271356784	0.0340900088214656	0.259375	0.080875	interior_depth	Depth_50_75	34	11	11	0.02	0.1
200	398	0.02	3.98	23	97	0.52	0.436291739894552	7.4296537299831	3.06497386109037	0.506628620489382	0.655778894472362	0.0300038397130643	0.226	0.0735	interior_depth	Depth_50_75	35	11	11	0.02	0.1
200	398	0.02	3.98	26	91	0.55	0.436470877365446	7.28716304223335	3.17597998331943	0.551766369536123	0.5678391959799	0.0271885002412715	0.237	0.08875	interior_depth	Depth_50_75	36	11	11	0.02	0.1
200	398	0.02	3.98	24	86	0.575	0.269871489766778	6.05969647304944	2.75560640732265	0.417517865710462	0.64321608040201	0.0403559386640252	0.226875	0.075875	interior_depth	Depth_50_75	37	11	11	0.02	0.1
200	398	0.02	3.98	22	117	0.42	0.449727987104574	8.49145095401652	2.53471026965003	0.42448107371026	0.728643216080402	0.0364811041830604	0.202	0.0585	interior_depth	Depth_50_75	38	11	11	0.02	0.1
200	398	0.02	3.98	32	113	0.44	0.409262930257704	9.36565470373262	2.48380355276907	0.398503194363779	0.608040201005025	0.0337464897875255	0.199	0.05075	interior_depth	Depth_50_75	39	11	11	0.02	0.1
200	398	0.02	3.98	26	89	0.56	0.303370786516854	6.10726189470071	2.75997425997426	0.429537764197874	0.655778894472362	0.0409424178813406	0.23625	0.07625	interior_depth	Depth_50_75	40	11	11	0.02	0.1
200	398	0.02	3.98	27	78	0.615	0.231777231777232	4.6014546325212	2.82220445155271	0.437274311254766	0.64572864321608	0.0423619290640317	0.263875	0.089375	interior_depth	Depth_50_75	41	11	11	0.02	0.1
200	398	0.02	3.98	24	104	0.485	0.350830564784053	6.8001258695287	2.59750859106529	0.409468826544784	0.680904522613065	0.0377375923024769	0.208625	0.066125	interior_depth	Depth_50_75	42	11	11	0.02	0.1
200	398	0.02	3.98	21	87	0.57	0.325054585152838	5.4040141866046	2.96258344977488	0.495151637584909	0.620603015075377	0.038331722336561	0.25375	0.09725	interior_depth	Depth_50_75	43	11	11	0.02	0.1
200	398	0.02	3.98	21	101	0.5	0.423832923832924	6.60180329000675	2.84545454545455	0.523623140829777	0.560301507537688	0.028582677097353	0.18575	0.07575	interior_depth	Depth_50_75	44	11	11	0.02	0.1
200	398	0.02	3.98	28	103	0.49	0.370786516853933	7.4105177728051	2.66631601094046	0.451383803439307	0.683417085427136	0.0380965048066829	0.20725	0.062	interior_depth	Depth_50_75	45	11	11	0.02	0.1
200	398	0.02	3.98	21	97	0.52	0.269694819020582	5.89094085818969	2.56217326362957	0.376335193555718	0.64070351758794	0.0467935999147086	0.24725	0.06775	interior_depth	Depth_50_75	46	11	11	0.02	0.1
200	398	0.02	3.98	23	83	0.59	0.284701390782656	5.15036824377086	2.90627263508619	0.456361581778238	0.597989949748744	0.0404727402597866	0.25125	0.08825	interior_depth	Depth_50_75	47	11	11	0.02	0.1
200	398	0.02	3.98	24	97	0.52	0.396442185514612	6.41146678658164	2.9273711725168	0.493835382944875	0.648241206030151	0.0292348122482865	0.2375	0.08875	interior_depth	Depth_50_75	48	11	11	0.02	0.1
200	398	0.02	3.98	27	112	0.445	0.38446714203122	8.05595283272738	2.46552604698672	0.449862377212697	0.733668341708543	0.0370284682975921	0.211125	0.044875	interior_depth	Depth_50_75	49	11	11	0.02	0.1
200	398	0.02	3.98	28	100	0.505	0.361604345101316	7.843438773714	2.72277227722772	0.426434938511654	0.648241206030151	0.0353008388244531	0.235875	0.066875	interior_depth	Depth_50_75	50	11	11	0.02	0.1
200	398	0.02	3.98	36	92	0.545	0.29746835443038	7.12080684909682	2.64271151885831	0.427290346203379	0.628140703517588	0.0440329822495626	0.248875	0.070875	interior_depth	Depth_50_75	51	11	11	0.02	0.1
200	398	0.02	3.98	26	112	0.445	0.423428920073215	7.88810855564911	2.57533197139939	0.467415595565769	0.741206030150754	0.0366613839384012	0.204875	0.050625	interior_depth	Depth_50_75	52	11	11	0.02	0.1
200	398	0.02	3.98	23	85	0.58	0.361733931240658	6.4172550115231	2.99985007496252	0.490407439206081	0.57286432160804	0.0311532951028692	0.26675	0.08725	interior_depth	Depth_50_75	53	11	11	0.02	0.1
200	398	0.02	3.98	32	118	0.415	0.495803021824287	10.1526153434251	2.68645312959154	0.441213605717027	0.510050251256281	0.0224285265405213	0.192875	0.053625	interior_depth	Depth_50_75	54	11	11	0.02	0.1
200	398	0.02	3.98	24	85	0.58	0.283513097072419	5.58641446129015	2.83883058470765	0.46032297164213	0.638190954773869	0.0402026327187531	0.26725	0.08425	interior_depth	Depth_50_75	55	11	11	0.02	0.1
200	398	0.02	3.98	31	92	0.545	0.310344827586207	6.24072848150838	2.7759089364594	0.422293628948764	0.663316582914573	0.0394183119168995	0.216875	0.079625	interior_depth	Depth_50_75	56	11	11	0.02	0.1
200	398	0.02	3.98	21	102	0.495	0.433192686357243	7.02503766228388	2.92784992784993	0.499981061084316	0.550251256281407	0.0285714587161058	0.249875	0.077375	interior_depth	Depth_50_75	57	11	11	0.02	0.1
200	398	0.02	3.98	24	97	0.52	0.365217391304348	6.35090955078145	2.88498879761016	0.467507133658241	0.600502512562814	0.0354347400896745	0.25025	0.0855	interior_depth	Depth_50_75	58	11	11	0.02	0.1
200	398	0.02	3.98	25	98	0.515	0.391395838204349	6.94405399271837	2.83438035408338	0.495028534632964	0.633165829145729	0.0311204895611799	0.212875	0.075375	interior_depth	Depth_50_75	59	11	11	0.02	0.1
200	398	0.02	3.98	30	92	0.545	0.335884539689482	7.31172688705254	2.76911314984709	0.428571879497992	0.64572864321608	0.0334758081680098	0.234375	0.071625	interior_depth	Depth_50_75	60	11	11	0.02	0.1
200	398	0.02	3.98	21	85	0.58	0.284193720063864	5.32973897520991	2.86866566716642	0.442981237847529	0.623115577889447	0.0435547144049711	0.26425	0.09	interior_depth	Depth_50_75	61	11	11	0.02	0.1
200	398	0.02	3.98	23	93	0.54	0.332022029897718	5.57338179473775	2.7926618206992	0.489160627256887	0.635678391959799	0.0418453694755877	0.20375	0.0855	interior_depth	Depth_50_75	62	11	11	0.02	0.1
200	398	0.02	3.98	28	116	0.425	0.408090209414713	9.72145041710698	2.44005602240896	0.370662988308376	0.555276381909548	0.0360057595785633	0.207625	0.047375	interior_depth	Depth_50_75	63	11	11	0.02	0.1
200	398	0.02	3.98	27	96	0.525	0.363344051446945	7.66744578774807	2.77765567765568	0.462955480922199	0.638190954773869	0.0349213555602718	0.216375	0.067125	interior_depth	Depth_50_75	64	11	11	0.02	0.1
200	398	0.02	3.98	24	91	0.55	0.327086882453152	6.46005724843451	2.85104253544621	0.450638872755738	0.600502512562814	0.0388026810263734	0.22775	0.084	interior_depth	Depth_50_75	65	11	11	0.02	0.1
200	398	0.02	3.98	30	106	0.475	0.385916095890411	7.61087156577754	2.64792833146697	0.432463826671044	0.580402010050251	0.0329704094010312	0.219875	0.064875	interior_depth	Depth_50_75	66	11	11	0.02	0.1
200	398	0.02	3.98	25	101	0.5	0.40679012345679	8.12175786461627	2.7	0.478892578470241	0.638190954773869	0.0301186228525762	0.22125	0.0625	interior_depth	Depth_50_75	67	11	11	0.02	0.1
200	398	0.02	3.98	34	97	0.52	0.327892561983471	7.2547633487254	2.63144137415982	0.441680765637231	0.635678391959799	0.0347407966639153	0.2075	0.06075	interior_depth	Depth_50_75	68	11	11	0.02	0.1
200	398	0.02	3.98	18	86	0.575	0.330999719966396	5.47681154444222	3.00244088482075	0.517152344637762	0.638190954773869	0.0384881328467041	0.263125	0.094625	interior_depth	Depth_50_75	69	11	11	0.02	0.1
200	398	0.02	3.98	28	117	0.42	0.402085308056872	8.66593850377593	2.3855421686747	0.438738920734325	0.595477386934673	0.0396922893654198	0.202	0.0485	interior_depth	Depth_50_75	70	11	11	0.02	0.1
200	398	0.02	3.98	35	109	0.46	0.430534351145038	9.94170502256694	2.7214524605829	0.416785560970683	0.505025125628141	0.0299088112937109	0.208	0.07275	interior_depth	Depth_50_75	71	11	11	0.02	0.1
200	398	0.02	3.98	19	116	0.425	0.493080689802001	8.06385336251138	2.65798319327731	0.483330597712179	0.580402010050251	0.0278297114604623	0.208875	0.059125	interior_depth	Depth_50_75	72	11	11	0.02	0.1
200	398	0.02	3.98	25	94	0.535	0.313247133447182	6.06495333525906	2.76476811849762	0.444954041564607	0.685929648241206	0.0429109700288897	0.211625	0.074875	interior_depth	Depth_50_75	73	11	11	0.02	0.1
200	398	0.02	3.98	25	88	0.565	0.268909460374802	6.42908958625044	2.69674462705436	0.395321456528876	0.638190954773869	0.0402641420293636	0.252875	0.069875	interior_depth	Depth_50_75	74	11	11	0.02	0.1
200	398	0.02	3.98	23	86	0.575	0.254656732304417	5.16519606848573	2.76003051106026	0.431400090906795	0.690954773869347	0.0453484117361556	0.255625	0.085875	interior_depth	Depth_50_75	75	11	11	0.02	0.1
200	398	0.02	3.98	27	110	0.455	0.414620840152755	9.62722132210572	2.60757020757021	0.395476124340294	0.658291457286432	0.0312415929000259	0.219375	0.059875	interior_depth	Depth_50_75	76	11	11	0.02	0.1
200	398	0.02	3.98	21	79	0.605	0.339833667909378	5.30508283131282	3.14242424242424	0.532723289815914	0.597989949748744	0.0348114646569886	0.283625	0.105125	interior_depth	Depth_50_75	77	11	11	0.02	0.1
200	398	0.02	3.98	29	114	0.435	0.43772826880935	9.57718874624264	2.52419139267576	0.378285901871165	0.57286432160804	0.0322920270132479	0.212125	0.059875	interior_depth	Depth_50_75	78	11	11	0.02	0.1
200	398	0.02	3.98	25	94	0.535	0.337232960325534	5.58147719996141	2.77111620525481	0.490760965632181	0.658291457286432	0.0402746863642083	0.263375	0.083125	interior_depth	Depth_50_75	79	11	11	0.02	0.1
200	398	0.02	3.98	28	93	0.54	0.288762769580023	6.62277714420569	2.67705088265836	0.41160892401707	0.64321608040201	0.0439538677505801	0.23225	0.064	interior_depth	Depth_50_75	80	11	11	0.02	0.1
200	398	0.02	3.98	31	88	0.565	0.28271484375	6.12703830515446	2.76754108723135	0.422767101840863	0.653266331658292	0.0468095650893948	0.243625	0.076125	interior_depth	Depth_50_75	81	11	11	0.02	0.1
200	398	0.02	3.98	22	91	0.55	0.300958937791984	5.99591719177484	2.79332777314429	0.435983308502311	0.580402010050251	0.0402022975659167	0.2485	0.085	interior_depth	Depth_50_75	82	11	11	0.02	0.1
200	398	0.02	3.98	30	104	0.485	0.337199493884437	7.25574800877153	2.53350515463918	0.424957703088306	0.587939698492462	0.0396921551784922	0.232625	0.059375	interior_depth	Depth_50_75	83	11	11	0.02	0.1
200	398	0.02	3.98	29	123	0.39	0.426694592536177	8.9016274163712	2.35164835164835	0.383077447539204	0.685929648241206	0.0360471780673527	0.1875	0.05175	interior_depth	Depth_50_75	84	11	11	0.02	0.1
200	398	0.02	3.98	24	121	0.39	0.4559902200489	8.33502735045866	2.39194139194139	0.416106916492008	0.753768844221106	0.0338085949945938	0.19825	0.0585	interior_depth	Depth_50_75	85	11	11	0.02	0.1
200	398	0.02	3.98	30	110	0.455	0.407920405774483	8.65041415020578	2.54822954822955	0.427912173935002	0.542713567839196	0.0333156313629651	0.202875	0.057625	interior_depth	Depth_50_75	86	11	11	0.02	0.1
200	398	0.02	3.98	26	97	0.52	0.37541675927984	7.39355672900162	2.8050784167289	0.452220272215348	0.608040201005025	0.0341537091069762	0.2375	0.07375	interior_depth	Depth_50_75	87	11	11	0.02	0.1
200	398	0.02	3.98	24	80	0.605	0.264952487423141	4.82680431593799	2.88085399449036	0.433644352415343	0.690954773869347	0.0422372099418548	0.254625	0.089125	interior_depth	Depth_50_75	88	11	11	0.02	0.1
200	398	0.02	3.98	25	95	0.53	0.394654903995848	6.05556370635237	2.9696316262354	0.478387540718669	0.600502512562814	0.027567823925054	0.231	0.08925	interior_depth	Depth_50_75	89	11	11	0.02	0.1
200	398	0.02	3.98	27	93	0.54	0.427023121387283	7.35078178162914	3.05088265835929	0.542113835509204	0.633165829145729	0.0276013215472261	0.25275	0.074	interior_depth	Depth_50_75	90	11	11	0.02	0.1
200	398	0.02	3.98	24	82	0.595	0.27688728024819	5.74254661854185	2.97749608317903	0.433956844524128	0.605527638190955	0.0412748826591892	0.248875	0.092125	interior_depth	Depth_50_75	91	11	11	0.02	0.1
200	398	0.02	3.98	23	91	0.55	0.333667334669339	5.94966902900113	2.80200166805671	0.460720688871493	0.597989949748744	0.0335884963420533	0.26075	0.08225	interior_depth	Depth_50_75	92	11	11	0.02	0.1
200	398	0.02	3.98	28	105	0.48	0.423435419440746	7.85029601779073	2.74868421052632	0.464309613393601	0.562814070351759	0.0321898182722318	0.21475	0.07325	interior_depth	Depth_50_75	93	11	11	0.02	0.1
200	398	0.02	3.98	22	86	0.575	0.359832635983264	5.22507239349468	3.05553012967201	0.523269614403677	0.613065326633166	0.0324969995064362	0.243875	0.097875	interior_depth	Depth_50_75	94	11	11	0.02	0.1
200	398	0.02	3.98	34	104	0.485	0.339711050370949	8.11422702021796	2.51439003436426	0.402641347440721	0.623115577889447	0.0384067582865543	0.217875	0.061375	interior_depth	Depth_50_75	95	11	11	0.02	0.1
200	398	0.02	3.98	26	105	0.48	0.343742824339839	6.7112695493335	2.54627192982456	0.430074366808919	0.708542713567839	0.0373228255083069	0.23525	0.06675	interior_depth	Depth_50_75	96	11	11	0.02	0.1
200	398	0.02	3.98	34	96	0.525	0.375355450236967	6.66239532609471	2.84212454212454	0.490315901113608	0.736180904522613	0.0346659062555941	0.232625	0.074625	interior_depth	Depth_50_75	97	11	11	0.02	0.1
200	398	0.02	3.98	33	98	0.515	0.352168199737188	7.0994879334412	2.6946506758043	0.480009974495594	0.701005025125628	0.0375467184387826	0.217875	0.064625	interior_depth	Depth_50_75	98	11	11	0.02	0.1
200	398	0.02	3.98	27	94	0.525	0.363157894736842	6.7860989922535	2.79450549450549	0.472532259286382	0.726130653266332	0.034724022692414	0.224375	0.067875	interior_depth	Depth_50_75	99	11	11	0.02	0.1
200	398	0.02	3.98	34	99	0.51	0.342319749216301	7.81577984362002	2.67482042321879	0.391527360420191	0.587939698492462	0.0367585197953159	0.24125	0.0655	interior_depth	Depth_50_75	100	11	11	0.02	0.1
200	398	0.02	3.98	21	101	0.5	0.350423216444982	5.97441105055097	2.63959595959596	0.466553874902149	0.648241206030151	0.0372001716812168	0.23025	0.0705	interior_depth	Depth_50_75	101	11	11	0.02	0.1
200	398	0.02	3.98	23	89	0.56	0.360873932697137	6.52166087004897	2.94240669240669	0.494637130375496	0.625628140703518	0.033815359957535	0.266	0.078	interior_depth	Depth_50_75	102	11	11	0.02	0.1
200	398	0.02	3.98	24	81	0.6	0.334859759587865	5.36946537358773	3.08725490196078	0.520454028938663	0.542713567839196	0.0316350614630035	0.2515	0.11375	interior_depth	Depth_50_75	103	11	11	0.02	0.1
200	398	0.02	3.98	19	114	0.435	0.447457627118644	7.70966110989646	2.56856455493184	0.454811747178102	0.613065326633166	0.0328513279096753	0.199375	0.067125	interior_depth	Depth_50_75	104	11	11	0.02	0.1
200	398	0.02	3.98	30	106	0.475	0.426459854014599	9.92024845887424	2.75879059350504	0.430150122471655	0.595477386934673	0.0263643643123364	0.220125	0.057125	interior_depth	Depth_50_75	105	11	11	0.02	0.1
200	398	0.02	3.98	24	91	0.55	0.324404030474318	6.0027282823482	2.83419516263553	0.461686573571374	0.64321608040201	0.0397704961108548	0.27175	0.07975	interior_depth	Depth_50_75	106	11	11	0.02	0.1
200	398	0.02	3.98	24	97	0.52	0.392816549215731	7.57784507702902	2.85959671396565	0.466266634680942	0.605527638190955	0.0338758094388079	0.2515	0.076	interior_depth	Depth_50_75	107	11	11	0.02	0.1
200	398	0.02	3.98	23	102	0.495	0.309594012247675	6.60322021309718	2.5827664399093	0.3928152066867	0.693467336683417	0.0448013881357493	0.224375	0.063125	interior_depth	Depth_50_75	108	11	11	0.02	0.1
200	398	0.02	3.98	22	109	0.46	0.347107438016529	7.07237589887021	2.49546106067845	0.386780005555415	0.597989949748744	0.0402263716355397	0.2165	0.06325	interior_depth	Depth_50_75	109	11	11	0.02	0.1
200	398	0.02	3.98	23	109	0.455	0.38492597577389	7.21995340303821	2.55750915750916	0.44723933739047	0.638190954773869	0.0329118625267207	0.206125	0.062625	interior_depth	Depth_50_75	110	11	11	0.02	0.1
200	398	0.02	3.98	22	82	0.595	0.333055786844296	5.09791950994008	3.06053268765133	0.517086058432868	0.663316582914573	0.0388570484074714	0.255125	0.089375	interior_depth	Depth_50_75	111	11	11	0.02	0.1
200	398	0.02	3.98	17	76	0.625	0.35493202198438	5.22694836574863	3.21445161290323	0.513983232746648	0.590452261306533	0.0322629893774014	0.241875	0.097875	interior_depth	Depth_50_75	112	11	11	0.02	0.1
200	398	0.02	3.98	26	82	0.595	0.315348057031032	4.96130748123131	2.88035892323031	0.545431302239842	0.701005025125628	0.0391560696747873	0.271375	0.089125	interior_depth	Depth_50_75	113	11	11	0.02	0.1
200	398	0.02	3.98	23	99	0.51	0.344470588235294	6.66901171275316	2.71927781013395	0.454537132900684	0.663316582914573	0.0384779578346949	0.23725	0.07375	interior_depth	Depth_50_75	114	11	11	0.02	0.1
200	398	0.02	3.98	27	108	0.465	0.368366927190457	7.4869326123161	2.58555399719495	0.452150829524507	0.64321608040201	0.0417637688136028	0.208625	0.053625	interior_depth	Depth_50_75	115	11	11	0.02	0.1
200	398	0.02	3.98	29	95	0.53	0.287736926238867	6.23307030516826	2.61599281221923	0.40829461377238	0.668341708542714	0.0448946051563363	0.23775	0.064	interior_depth	Depth_50_75	116	11	11	0.02	0.1
200	398	0.02	3.98	24	86	0.575	0.363769174579985	7.11359955782554	3.07368421052632	0.46923057498548	0.615577889447236	0.0322737134848546	0.284125	0.095625	interior_depth	Depth_50_75	117	11	11	0.02	0.1
200	398	0.02	3.98	31	98	0.515	0.347149168945929	7.34868875161427	2.63925375975633	0.437091235069821	0.64321608040201	0.0389370477576712	0.225375	0.060125	interior_depth	Depth_50_75	118	11	11	0.02	0.1
200	398	0.02	3.98	23	110	0.455	0.451792336217553	8.73690354884335	2.68205128205128	0.447715966768516	0.595477386934673	0.0314316466961583	0.211625	0.072125	interior_depth	Depth_50_75	119	11	11	0.02	0.1
200	398	0.02	3.98	24	102	0.495	0.355021834061135	7.24096392704998	2.62873634302206	0.423578318729325	0.620603015075377	0.0390323438897674	0.219125	0.066375	interior_depth	Depth_50_75	120	11	11	0.02	0.1
200	398	0.02	3.98	36	98	0.51	0.388831006459679	8.28628549816994	2.69869928169288	0.449253175424863	0.605527638190955	0.0293518492860785	0.23275	0.0785	interior_depth	Depth_50_75	121	11	11	0.02	0.1
200	398	0.02	3.98	31	124	0.385	0.468252609960637	9.87154411883485	2.33185235816815	0.413550162874675	0.608040201005025	0.0283752043237454	0.170875	0.040625	interior_depth	Depth_50_75	122	11	11	0.02	0.1
200	398	0.02	3.98	24	83	0.59	0.262702702702703	5.10044775420086	2.85542517745908	0.45178152066867	0.623115577889447	0.0425385808617401	0.289	0.08675	interior_depth	Depth_50_75	123	11	11	0.02	0.1
200	398	0.02	3.98	25	98	0.515	0.30256641152634	6.64277375241356	2.57909765848087	0.430364763516073	0.625628140703518	0.0444888043777234	0.213125	0.065375	interior_depth	Depth_50_75	124	11	11	0.02	0.1
200	398	0.02	3.98	30	97	0.515	0.363787375415282	7.92127090351047	2.71559109080525	0.456238478826292	0.555276381909548	0.0358594864061497	0.242875	0.068125	interior_depth	Depth_50_75	125	11	11	0.02	0.1
200	398	0.02	3.98	21	88	0.565	0.316747572815534	6.17448037303833	2.86251580278129	0.451664730688619	0.685929648241206	0.038744078480054	0.229625	0.076375	interior_depth	Depth_50_75	126	11	11	0.02	0.1
200	398	0.02	3.98	21	108	0.465	0.373222748815166	6.63079878150153	2.58415147265077	0.465212368374536	0.718592964824121	0.0405797706028771	0.224625	0.071375	interior_depth	Depth_50_75	127	11	11	0.02	0.1
200	398	0.02	3.98	27	105	0.48	0.339493497604381	6.82184455975023	2.56907894736842	0.433827428600288	0.592964824120603	0.0388568343462996	0.2225	0.0695	interior_depth	Depth_50_75	128	11	11	0.02	0.1
200	398	0.02	3.98	33	102	0.495	0.448796866256295	9.99526301743584	2.87280972995259	0.432223933739047	0.535175879396985	0.0286038875375063	0.201125	0.064625	interior_depth	Depth_50_75	129	11	11	0.02	0.1
200	398	0.02	3.98	28	105	0.48	0.419734904270987	7.88892947842835	2.70679824561403	0.483008636145552	0.532663316582915	0.0314493513937436	0.209	0.0695	interior_depth	Depth_50_75	130	11	11	0.02	0.1
200	398	0.02	3.98	28	101	0.5	0.39604190919674	6.77144716907673	2.73070707070707	0.480265649857327	0.597989949748744	0.0343187411023882	0.24225	0.06975	interior_depth	Depth_50_75	131	11	11	0.02	0.1
200	398	0.02	3.98	25	90	0.555	0.348086124401914	6.98068597816733	2.83980343980344	0.479580692406757	0.540201005025126	0.0334337661210386	0.254875	0.081875	interior_depth	Depth_50_75	132	11	11	0.02	0.1
200	398	0.02	3.98	26	107	0.47	0.39228780697975	7.547226825165	2.57744223289865	0.452684275649605	0.638190954773869	0.0310747768853228	0.2205	0.06075	interior_depth	Depth_50_75	133	11	11	0.02	0.1
200	398	0.02	3.98	22	103	0.49	0.374477958236659	7.11570262037565	2.66400168314749	0.461064745839752	0.648241206030151	0.038618169503528	0.2455	0.0695	interior_depth	Depth_50_75	134	11	11	0.02	0.1
200	398	0.02	3.98	25	115	0.43	0.435684647302905	8.75678563717943	2.6812585499316	0.441532410797707	0.698492462311558	0.0336155054369004	0.21125	0.06125	interior_depth	Depth_50_75	135	11	11	0.02	0.1
200	398	0.02	3.98	21	82	0.595	0.323343848580442	5.80860932631821	2.9948725252813	0.470830913360774	0.603015075376884	0.0366885849904471	0.233625	0.094625	interior_depth	Depth_50_75	136	11	11	0.02	0.1
200	398	0.02	3.98	25	91	0.55	0.358786346396966	6.58587650591306	2.90792326939116	0.526536577359158	0.620603015075377	0.0334642015455915	0.267	0.093	interior_depth	Depth_50_75	137	11	11	0.02	0.1
200	398	0.02	3.98	28	96	0.525	0.291821155943293	6.94848155355058	2.61739926739927	0.405636852604732	0.625628140703518	0.0446123447245082	0.228875	0.060875	interior_depth	Depth_50_75	138	11	11	0.02	0.1
200	398	0.02	3.98	21	91	0.55	0.305454545454545	5.5970648253287	2.77381150959133	0.455843918082877	0.582914572864322	0.0395907504554358	0.2545	0.08475	interior_depth	Depth_50_75	139	11	11	0.02	0.1
200	398	0.02	3.98	24	94	0.535	0.282963685108457	5.85786956448136	2.68012696173514	0.426365495820813	0.680904522613065	0.0428553635002647	0.244125	0.076625	interior_depth	Depth_50_75	140	11	11	0.02	0.1
200	398	0.02	3.98	31	103	0.49	0.3675	6.97325649869556	2.64527666736798	0.444382717608141	0.555276381909548	0.0335127382063595	0.20675	0.07425	interior_depth	Depth_50_75	141	11	11	0.02	0.1
200	398	0.02	3.98	24	89	0.56	0.283604135893648	5.99959087153187	2.76174388674389	0.430390015403651	0.663316582914573	0.0475892690260457	0.23575	0.0825	interior_depth	Depth_50_75	142	11	11	0.02	0.1
200	398	0.02	3.98	27	92	0.545	0.33737517831669	6.51718088491112	2.84675501189263	0.480524481705007	0.623115577889447	0.0388938953720445	0.235375	0.069875	interior_depth	Depth_50_75	143	11	11	0.02	0.1
200	398	0.02	3.98	32	92	0.54	0.291383468537601	6.93724994995194	2.68137763932156	0.414831696169289	0.605527638190955	0.0415561449307897	0.23225	0.0705	interior_depth	Depth_50_75	144	11	11	0.02	0.1
200	398	0.02	3.98	29	125	0.38	0.463850392386041	10.3657482295882	2.30105263157895	0.387565970556299	0.585427135678392	0.0314891901691028	0.17775	0.0405	interior_depth	Depth_50_75	145	11	11	0.02	0.1
200	398	0.02	3.98	21	102	0.495	0.334847036328872	6.2981225679927	2.66604823747681	0.412843110022474	0.623115577889447	0.0401907488015993	0.214625	0.076375	interior_depth	Depth_50_75	146	11	11	0.02	0.1
200	398	0.02	3.98	27	96	0.525	0.347565197322871	6.726064122366	2.75128205128205	0.444032347667988	0.660804020100503	0.0448033124074701	0.223875	0.070125	interior_depth	Depth_50_75	147	11	11	0.02	0.1
200	398	0.02	3.98	21	96	0.525	0.291948833709556	6.00389706050664	2.68424908424908	0.406047195777884	0.71105527638191	0.0390783509268488	0.246875	0.077125	interior_depth	Depth_50_75	148	11	11	0.02	0.1
200	398	0.02	3.98	39	121	0.4	0.475139940730985	10.8712697008246	2.35601265822785	0.3753535264261	0.706030150753769	0.030883817346267	0.19025	0.0445	interior_depth	Depth_50_75	149	11	11	0.02	0.1
200	398	0.02	3.98	23	91	0.55	0.310344827586207	5.71978656403724	2.76463719766472	0.445348602308023	0.668341708542714	0.040602408782189	0.20725	0.07575	interior_depth	Depth_50_75	150	11	11	0.02	0.1
200	398	0.02	3.98	25	93	0.54	0.328402366863905	6.01356875551223	2.75925925925926	0.468068988156865	0.620603015075377	0.0360710469801617	0.2625	0.075	interior_depth	Depth_50_75	151	11	11	0.02	0.1
200	398	0.02	3.98	27	97	0.52	0.314091308165057	6.87682077997692	2.65085884988798	0.414670715385975	0.600502512562814	0.0430802516825682	0.247	0.06425	interior_depth	Depth_50_75	152	11	11	0.02	0.1
200	398	0.02	3.98	35	111	0.45	0.395762542474515	8.23007901141881	2.52034956304619	0.426188732607762	0.723618090452261	0.032929735825854	0.217	0.05525	interior_depth	Depth_50_75	153	11	11	0.02	0.1
200	398	0.02	3.98	17	69	0.66	0.276181649675626	4.48738411765935	3.16921119592875	0.488049544203429	0.585427135678392	0.0382019026066038	0.308	0.1095	interior_depth	Depth_50_75	154	11	11	0.02	0.1
200	398	0.02	3.98	28	79	0.61	0.271239282930631	5.54205852215332	2.91640699092264	0.48758869725512	0.650753768844221	0.0440059419817595	0.28275	0.09975	interior_depth	Depth_50_75	155	11	11	0.02	0.1
200	398	0.02	3.98	28	116	0.425	0.393853158793398	8.63647442776317	2.40672268907563	0.402303603444357	0.728643216080402	0.0381888589012558	0.174375	0.049625	interior_depth	Depth_50_75	156	11	11	0.02	0.1
200	398	0.02	3.98	25	121	0.4	0.485878962536023	8.93018751909151	2.50569620253165	0.447485543294361	0.603015075376884	0.0275561696926954	0.17225	0.054	interior_depth	Depth_50_75	157	11	11	0.02	0.1
200	398	0.02	3.98	26	109	0.46	0.374555511655472	8.27737558459796	2.49402771141902	0.389728163430216	0.635678391959799	0.0349859377784805	0.215	0.05575	interior_depth	Depth_50_75	158	11	11	0.02	0.1
200	398	0.02	3.98	24	117	0.42	0.440436732306492	8.71471623690642	2.55622489959839	0.412366480644428	0.590452261306533	0.0349207142692899	0.20625	0.05625	interior_depth	Depth_50_75	159	11	11	0.02	0.1
200	398	0.02	3.98	28	94	0.535	0.27318718381113	6.94897795064604	2.59072473990478	0.403499911618393	0.64321608040201	0.0446428179347964	0.234875	0.062375	interior_depth	Depth_50_75	160	11	11	0.02	0.1
200	398	0.02	3.98	25	89	0.56	0.307806691449814	6.23399333778123	2.78989703989704	0.422691346178127	0.597989949748744	0.0384684399899491	0.218	0.085	interior_depth	Depth_50_75	161	11	11	0.02	0.1
200	398	0.02	3.98	24	107	0.47	0.357871396895787	6.97281870010668	2.5664607641272	0.440926365495821	0.57035175879397	0.041503305094392	0.21325	0.0655	interior_depth	Depth_50_75	162	11	11	0.02	0.1
200	398	0.02	3.98	24	97	0.515	0.462672595366253	8.03215409383313	3.14106225014278	0.490830408323022	0.510050251256281	0.0268907135917971	0.232375	0.081625	interior_depth	Depth_50_75	163	11	11	0.02	0.1
200	398	0.02	3.98	23	89	0.56	0.378103570584062	7.24722388928291	3.01431788931789	0.475272089088659	0.557788944723618	0.0328825654042981	0.2625	0.08275	interior_depth	Depth_50_75	164	11	11	0.02	0.1
200	398	0.02	3.98	23	108	0.465	0.427127211457456	8.47109733584528	2.72510518934081	0.455152647660413	0.635678391959799	0.0308749401826751	0.189625	0.067125	interior_depth	Depth_50_75	165	11	11	0.02	0.1
200	398	0.02	3.98	25	107	0.47	0.415573241557324	8.26985289456542	2.66552276366964	0.462011691623949	0.678391959798995	0.0319565506993936	0.2125	0.0605	interior_depth	Depth_50_75	166	11	11	0.02	0.1
200	398	0.02	3.98	19	80	0.605	0.360328317373461	5.54830889101118	3.11735537190083	0.528253705714502	0.680904522613065	0.0334908215632208	0.261875	0.087625	interior_depth	Depth_50_75	167	11	11	0.02	0.1
200	398	0.02	3.98	23	78	0.615	0.293567894447499	5.49994429889202	2.97880847660936	0.471219161132295	0.592964824120603	0.0363875647493477	0.244625	0.096875	interior_depth	Depth_50_75	168	11	11	0.02	0.1
200	398	0.02	3.98	24	100	0.505	0.353375055878409	6.8306366639577	2.65267326732673	0.44211951718391	0.748743718592965	0.035930894658431	0.253125	0.068125	interior_depth	Depth_50_75	169	11	11	0.02	0.1
200	398	0.02	3.98	33	108	0.465	0.403462749213012	9.80503193734885	2.51449275362319	0.365394813262291	0.623115577889447	0.0312705353041485	0.219125	0.052875	interior_depth	Depth_50_75	170	11	11	0.02	0.1
200	398	0.02	3.98	21	112	0.445	0.430417044424297	7.1624015593123	2.60699693564862	0.466957905103406	0.726130653266332	0.0305182475103287	0.198875	0.063875	interior_depth	Depth_50_75	171	11	11	0.02	0.1
200	398	0.02	3.98	24	91	0.55	0.331428571428571	6.57275901239206	2.80800667222686	0.443467336683417	0.683417085427136	0.0357739088459278	0.25175	0.0815	interior_depth	Depth_50_75	172	11	11	0.02	0.1
200	398	0.02	3.98	33	125	0.38	0.484345913014046	10.8251012487494	2.42175438596491	0.399399636372819	0.685929648241206	0.0303568864227159	0.1475	0.04575	interior_depth	Depth_50_75	173	11	11	0.02	0.1
200	398	0.02	3.98	25	101	0.5	0.321598909834204	6.45216004465725	2.54666666666667	0.414184616550087	0.600502512562814	0.0380405333799304	0.2315	0.06875	interior_depth	Depth_50_75	174	11	11	0.02	0.1
200	398	0.02	3.98	29	112	0.445	0.403241747380905	8.17130767693576	2.49208375893769	0.428865432691094	0.577889447236181	0.0338188767973506	0.217125	0.055875	interior_depth	Depth_50_75	175	11	11	0.02	0.1
200	398	0.02	3.98	25	90	0.555	0.374589984692762	7.51232711896698	2.84226044226044	0.479968940178278	0.620603015075377	0.0337353886766919	0.260625	0.067875	interior_depth	Depth_50_75	176	11	11	0.02	0.1
200	398	0.02	3.98	26	108	0.465	0.373144399460189	6.74541232325654	2.51986909770921	0.486843766571551	0.610552763819096	0.0396610848965061	0.164375	0.063375	interior_depth	Depth_50_75	177	11	11	0.02	0.1
200	398	0.02	3.98	23	88	0.565	0.291948833709556	5.96003237500981	2.82474715549937	0.43837908133633	0.680904522613065	0.0439418550497317	0.254375	0.085625	interior_depth	Depth_50_75	178	11	11	0.02	0.1
200	398	0.02	3.98	30	97	0.52	0.355415565941882	8.05314904431813	2.70687079910381	0.441630261862074	0.630653266331658	0.0351942609665436	0.24475	0.06525	interior_depth	Depth_50_75	179	11	11	0.02	0.1
200	398	0.02	3.98	24	94	0.535	0.31431119037004	7.1475003799352	2.72385822606242	0.445064518572763	0.625628140703518	0.0444846583193619	0.251625	0.072375	interior_depth	Depth_50_75	180	11	11	0.02	0.1
200	398	0.02	3.98	22	92	0.545	0.382689556509299	7.05350814223377	2.90163098878695	0.472983636776849	0.610552763819096	0.034560927664301	0.232875	0.080125	interior_depth	Depth_50_75	181	11	11	0.02	0.1
200	398	0.02	3.98	31	102	0.49	0.346675712347354	6.89296058075247	2.55291394908479	0.461405646322063	0.680904522613065	0.0390655893815298	0.2135	0.06775	interior_depth	Depth_50_75	182	11	11	0.02	0.1
200	398	0.02	3.98	18	82	0.595	0.317245119305857	5.58887128381087	3.00484261501211	0.45587548294235	0.665829145728643	0.0377799029600525	0.241125	0.097375	interior_depth	Depth_50_75	183	11	11	0.02	0.1
200	398	0.02	3.98	49	106	0.475	0.348755637213964	9.58526315594385	2.50123180291153	0.395738112673922	0.620603015075377	0.0348964709999784	0.214625	0.055375	interior_depth	Depth_50_75	184	11	11	0.02	0.1
200	398	0.02	3.98	23	88	0.565	0.306638566912539	5.36307134258949	2.79203539823009	0.482083785762986	0.680904522613065	0.0399368949299228	0.276375	0.085125	interior_depth	Depth_50_75	185	11	11	0.02	0.1
200	398	0.02	3.98	34	106	0.47	0.363207547169811	8.35119359945969	2.54655685197895	0.397376328880584	0.628140703517588	0.03048298463579	0.22375	0.0575	interior_depth	Depth_50_75	186	11	11	0.02	0.1
200	398	0.02	3.98	23	88	0.565	0.327244258872651	5.61753266937025	2.87420986093552	0.45523787278099	0.587939698492462	0.0367900133619091	0.283375	0.086625	interior_depth	Depth_50_75	187	11	11	0.02	0.1
200	398	0.02	3.98	29	116	0.425	0.381230116648993	9.29917478055389	2.36918767507003	0.362443498901543	0.658291457286432	0.0364583511366137	0.213125	0.049375	interior_depth	Depth_50_75	188	11	11	0.02	0.1
200	398	0.02	3.98	25	93	0.54	0.340430510060833	6.58217910468059	2.79404638283143	0.436339991414358	0.698492462311558	0.0366778280486084	0.22625	0.0765	interior_depth	Depth_50_75	189	11	11	0.02	0.1
200	398	0.02	3.98	22	85	0.58	0.304405874499332	5.67200842973892	2.92758620689655	0.473255094568319	0.688442211055276	0.0396064529133174	0.26275	0.0915	interior_depth	Depth_50_75	190	11	11	0.02	0.1
200	398	0.02	3.98	23	88	0.565	0.346980552712385	5.84489089324232	3.02417825537295	0.480445569556324	0.64321608040201	0.0341158409377459	0.242125	0.090875	interior_depth	Depth_50_75	191	11	11	0.02	0.1
200	398	0.02	3.98	25	76	0.62	0.282247068448323	5.4710186572978	3.01875163912929	0.475919168707861	0.638190954773869	0.0393394523244146	0.269	0.09875	interior_depth	Depth_50_75	192	11	11	0.02	0.1
200	398	0.02	3.98	21	103	0.49	0.358467839074922	6.24649340606055	2.64485588049653	0.446582788313426	0.64572864321608	0.0386034347377574	0.24375	0.07025	interior_depth	Depth_50_75	193	11	11	0.02	0.1
200	398	0.02	3.98	31	96	0.525	0.388841201716738	7.81463814083519	2.80677655677656	0.469707204363526	0.557788944723618	0.0274990229659998	0.226375	0.062375	interior_depth	Depth_50_75	194	11	11	0.02	0.1
200	398	0.02	3.98	25	85	0.58	0.305471124620061	5.9172627530498	2.85667166416792	0.471724198883867	0.575376884422111	0.039157726391162	0.234	0.08725	interior_depth	Depth_50_75	195	11	11	0.02	0.1
200	398	0.02	3.98	23	106	0.475	0.370749055345632	6.7656011299878	2.57379619260918	0.421068912401202	0.650753768844221	0.0381849380610119	0.210875	0.064375	interior_depth	Depth_50_75	196	11	11	0.02	0.1
200	398	0.02	3.98	29	97	0.52	0.34796900680911	6.63812592842741	2.73020911127707	0.460607055377389	0.708542713567839	0.03729248159213	0.23375	0.0745	interior_depth	Depth_50_75	197	11	11	0.02	0.1
200	398	0.02	3.98	25	95	0.525	0.358450704225352	6.55845422004198	2.75897435897436	0.456169036135451	0.590452261306533	0.0347752153488882	0.234625	0.074375	interior_depth	Depth_50_75	198	11	11	0.02	0.1
200	398	0.02	3.98	23	94	0.535	0.363214837712519	5.93136491119318	2.87233292188327	0.48479205070579	0.708542713567839	0.0359369853836009	0.240375	0.085875	interior_depth	Depth_50_75	199	11	11	0.02	0.1
200	398	0.02	3.98	26	101	0.5	0.323891339679591	6.49643996006877	2.61616161616162	0.433625413499659	0.603015075376884	0.0402783226662878	0.235	0.07175	interior_depth	Depth_50_75	200	11	11	0.02	0.1
