dataset	count_matrix	matrix_file	matrix_name	lookup_source_path	lookup_source_label	matrix_taxon	matrix_taxon_clean	source_path	source_label	phylum	class	order	family	genus	species	genus_clean	family_clean	genus_missing	family_missing	lookup_type	taxon_id_clean	species_clean	match_mode	taxon_id
depth_natural	depth_natural_counts_common_top200.tsv	/home/fjbalvino/Compare_mangroves/results/01_prepare_network_matrices_20260619_180455/matrices/depth_natural_counts_common_top200.tsv	depth_natural_counts_common_top200.tsv	/home/fjbalvino/Compare_mangroves/physeq_objeto_Estero.rds	physeq_objeto_Estero.rds	AB300128.1.1329	AB300128.1.1329	/home/fjbalvino/Compare_mangroves/physeq_objeto_Estero.rds	physeq_objeto_Estero.rds	Chloroflexi	Dehalococcoidia	t0.6.f	t0.6.f	t0.6.f	uncultured_bacterium	t0.6.f	t0.6.f	FALSE	FALSE	phyloseq	NA	uncultured_bacterium	clean_taxon_id	AB300128.1.1329
depth_natural	depth_natural_counts_common_top200.tsv	/home/fjbalvino/Compare_mangroves/results/01_prepare_network_matrices_20260619_180455/matrices/depth_natural_counts_common_top200.tsv	depth_natural_counts_common_top200.tsv	/home/fjbalvino/Compare_mangroves/physeq_objeto_Estero.rds	physeq_objeto_Estero.rds	AB364850.1.1498	AB364850.1.1498	/home/fjbalvino/Compare_mangroves/physeq_objeto_Estero.rds	physeq_objeto_Estero.rds	Planctomycetota	Phycisphaerae	MSBL9	SG8-4	SG8-4	uncultured_bacterium	SG8-4	SG8-4	FALSE	FALSE	phyloseq	NA	uncultured_bacterium	clean_taxon_id	AB364850.1.1498
depth_natural	depth_natural_counts_common_top200.tsv	/home/fjbalvino/Compare_mangroves/results/01_prepare_network_matrices_20260619_180455/matrices/depth_natural_counts_common_top200.tsv	depth_natural_counts_common_top200.tsv	/home/fjbalvino/Compare_mangroves/physeq_objeto_Estero.rds	physeq_objeto_Estero.rds	AB622941.1.1314	AB622941.1.1314	/home/fjbalvino/Compare_mangroves/physeq_objeto_Estero.rds	physeq_objeto_Estero.rds	Proteobacteria	Alphaproteobacteria	Rhizobiales	Xanthobacteraceae	Pseudolabrys	NA	Pseudolabrys	Xanthobacteraceae	FALSE	FALSE	phyloseq	NA	NA	clean_taxon_id	AB622941.1.1314
depth_natural	depth_natural_counts_common_top200.tsv	/home/fjbalvino/Compare_mangroves/results/01_prepare_network_matrices_20260619_180455/matrices/depth_natural_counts_common_top200.tsv	depth_natural_counts_common_top200.tsv	/home/fjbalvino/Compare_mangroves/physeq_objeto_Estero.rds	physeq_objeto_Estero.rds	AB694385.1.1409	AB694385.1.1409	/home/fjbalvino/Compare_mangroves/physeq_objeto_Estero.rds	physeq_objeto_Estero.rds	Proteobacteria	Gammaproteobacteria	EPR3968-O8a-Bc78	EPR3968-O8a-Bc78	EPR3968-O8a-Bc78	NA	EPR3968-O8a-Bc78	EPR3968-O8a-Bc78	FALSE	FALSE	phyloseq	NA	NA	clean_taxon_id	AB694385.1.1409
depth_natural	depth_natural_counts_common_top200.tsv	/home/fjbalvino/Compare_mangroves/results/01_prepare_network_matrices_20260619_180455/matrices/depth_natural_counts_common_top200.tsv	depth_natural_counts_common_top200.tsv	/home/fjbalvino/Compare_mangroves/physeq_objeto_Estero.rds	physeq_objeto_Estero.rds	AB806698.1.1488	AB806698.1.1488	/home/fjbalvino/Compare_mangroves/physeq_objeto_Estero.rds	physeq_objeto_Estero.rds	Desulfobacterota	Desulfobacteria	Desulfatiglandales	Desulfatiglandaceae	Desulfatiglans	NA	Desulfatiglans	Desulfatiglandaceae	FALSE	FALSE	phyloseq	NA	NA	clean_taxon_id	AB806698.1.1488
depth_natural	depth_natural_counts_common_top200.tsv	/home/fjbalvino/Compare_mangroves/results/01_prepare_network_matrices_20260619_180455/matrices/depth_natural_counts_common_top200.tsv	depth_natural_counts_common_top200.tsv	/home/fjbalvino/Compare_mangroves/physeq_objeto_Estero.rds	physeq_objeto_Estero.rds	AB806704.1.1485	AB806704.1.1485	/home/fjbalvino/Compare_mangroves/physeq_objeto_Estero.rds	physeq_objeto_Estero.rds	Desulfobacterota	Desulfobacteria	Desulfobacterales	Desulfosarcinaceae	Sva0081_sediment_group	uncultured_Desulfobacteraceae	Sva0081_sediment_group	Desulfosarcinaceae	FALSE	FALSE	phyloseq	NA	uncultured_Desulfobacteraceae	clean_taxon_id	AB806704.1.1485
depth_natural	depth_natural_counts_common_top200.tsv	/home/fjbalvino/Compare_mangroves/results/01_prepare_network_matrices_20260619_180455/matrices/depth_natural_counts_common_top200.tsv	depth_natural_counts_common_top200.tsv	/home/fjbalvino/Compare_mangroves/physeq_objeto_Estero.rds	physeq_objeto_Estero.rds	AB806727.1.1479	AB806727.1.1479	/home/fjbalvino/Compare_mangroves/physeq_objeto_Estero.rds	physeq_objeto_Estero.rds	NB1-j	NB1-j	NB1-j	NB1-j	NB1-j	uncultured_deep-sea	NB1-j	NB1-j	FALSE	FALSE	phyloseq	NA	uncultured_deep-sea	clean_taxon_id	AB806727.1.1479
depth_natural	depth_natural_counts_common_top200.tsv	/home/fjbalvino/Compare_mangroves/results/01_prepare_network_matrices_20260619_180455/matrices/depth_natural_counts_common_top200.tsv	depth_natural_counts_common_top200.tsv	/home/fjbalvino/Compare_mangroves/physeq_objeto_Estero.rds	physeq_objeto_Estero.rds	AB806729.1.1479	AB806729.1.1479	/home/fjbalvino/Compare_mangroves/physeq_objeto_Estero.rds	physeq_objeto_Estero.rds	NB1-j	NB1-j	NB1-j	NB1-j	NB1-j	uncultured_bacterium	NB1-j	NB1-j	FALSE	FALSE	phyloseq	NA	uncultured_bacterium	clean_taxon_id	AB806729.1.1479
depth_natural	depth_natural_counts_common_top200.tsv	/home/fjbalvino/Compare_mangroves/results/01_prepare_network_matrices_20260619_180455/matrices/depth_natural_counts_common_top200.tsv	depth_natural_counts_common_top200.tsv	/home/fjbalvino/Compare_mangroves/physeq_objeto_Estero.rds	physeq_objeto_Estero.rds	AM039960.1.1519	AM039960.1.1519	/home/fjbalvino/Compare_mangroves/physeq_objeto_Estero.rds	physeq_objeto_Estero.rds	Desulfobacterota	Desulfobacteria	Desulfobacterales	Desulfosarcinaceae	Sva0081_sediment_group	NA	Sva0081_sediment_group	Desulfosarcinaceae	FALSE	FALSE	phyloseq	NA	NA	clean_taxon_id	AM039960.1.1519
depth_natural	depth_natural_counts_common_top200.tsv	/home/fjbalvino/Compare_mangroves/results/01_prepare_network_matrices_20260619_180455/matrices/depth_natural_counts_common_top200.tsv	depth_natural_counts_common_top200.tsv	/home/fjbalvino/Compare_mangroves/physeq_objeto_Estero.rds	physeq_objeto_Estero.rds	AM745219.1.1602	AM745219.1.1602	/home/fjbalvino/Compare_mangroves/physeq_objeto_Estero.rds	physeq_objeto_Estero.rds	Desulfobacterota	Desulfobacteria	Desulfobacterales	Desulfosarcinaceae	SEEP-SRB1	NA	SEEP-SRB1	Desulfosarcinaceae	FALSE	FALSE	phyloseq	NA	NA	clean_taxon_id	AM745219.1.1602
depth_natural	depth_natural_counts_common_top200.tsv	/home/fjbalvino/Compare_mangroves/results/01_prepare_network_matrices_20260619_180455/matrices/depth_natural_counts_common_top200.tsv	depth_natural_counts_common_top200.tsv	/home/fjbalvino/Compare_mangroves/physeq_objeto_Estero.rds	physeq_objeto_Estero.rds	AM882560.1.1458	AM882560.1.1458	/home/fjbalvino/Compare_mangroves/physeq_objeto_Estero.rds	physeq_objeto_Estero.rds	Proteobacteria	Gammaproteobacteria	Chromatiales	Chromatiaceae	Candidatus_Thiobios	uncultured_gamma	Candidatus_Thiobios	Chromatiaceae	FALSE	FALSE	phyloseq	NA	uncultured_gamma	clean_taxon_id	AM882560.1.1458
depth_natural	depth_natural_counts_common_top200.tsv	/home/fjbalvino/Compare_mangroves/results/01_prepare_network_matrices_20260619_180455/matrices/depth_natural_counts_common_top200.tsv	depth_natural_counts_common_top200.tsv	/home/fjbalvino/Compare_mangroves/physeq_objeto_Estero.rds	physeq_objeto_Estero.rds	AM882621.1.1521	AM882621.1.1521	/home/fjbalvino/Compare_mangroves/physeq_objeto_Estero.rds	physeq_objeto_Estero.rds	Desulfobacterota	Desulfobacteria	Desulfobacterales	Desulfosarcinaceae	Desulfosarcina	NA	Desulfosarcina	Desulfosarcinaceae	FALSE	FALSE	phyloseq	NA	NA	clean_taxon_id	AM882621.1.1521
depth_natural	depth_natural_counts_common_top200.tsv	/home/fjbalvino/Compare_mangroves/results/01_prepare_network_matrices_20260619_180455/matrices/depth_natural_counts_common_top200.tsv	depth_natural_counts_common_top200.tsv	/home/fjbalvino/Compare_mangroves/physeq_objeto_Estero.rds	physeq_objeto_Estero.rds	AM997418.1.1513	AM997418.1.1513	/home/fjbalvino/Compare_mangroves/physeq_objeto_Estero.rds	physeq_objeto_Estero.rds	Proteobacteria	Gammaproteobacteria	EPR3968-O8a-Bc78	EPR3968-O8a-Bc78	EPR3968-O8a-Bc78	NA	EPR3968-O8a-Bc78	EPR3968-O8a-Bc78	FALSE	FALSE	phyloseq	NA	NA	clean_taxon_id	AM997418.1.1513
depth_natural	depth_natural_counts_common_top200.tsv	/home/fjbalvino/Compare_mangroves/results/01_prepare_network_matrices_20260619_180455/matrices/depth_natural_counts_common_top200.tsv	depth_natural_counts_common_top200.tsv	/home/fjbalvino/Compare_mangroves/physeq_objeto_Estero.rds	physeq_objeto_Estero.rds	AY584740.1.1231	AY584740.1.1231	/home/fjbalvino/Compare_mangroves/physeq_objeto_Estero.rds	physeq_objeto_Estero.rds	Chloroflexi	Dehalococcoidia	Dehalococcoidia	Dehalococcoidia	Dehalococcoidia	uncultured_bacterium	Dehalococcoidia	Dehalococcoidia	FALSE	FALSE	phyloseq	NA	uncultured_bacterium	clean_taxon_id	AY584740.1.1231
depth_natural	depth_natural_counts_common_top200.tsv	/home/fjbalvino/Compare_mangroves/results/01_prepare_network_matrices_20260619_180455/matrices/depth_natural_counts_common_top200.tsv	depth_natural_counts_common_top200.tsv	/home/fjbalvino/Compare_mangroves/physeq_objeto_Estero.rds	physeq_objeto_Estero.rds	AY605137.1.1495	AY605137.1.1495	/home/fjbalvino/Compare_mangroves/physeq_objeto_Estero.rds	physeq_objeto_Estero.rds	Spirochaetota	Spirochaetia	Spirochaetales	Spirochaetaceae	Sediminispirochaeta	NA	Sediminispirochaeta	Spirochaetaceae	FALSE	FALSE	phyloseq	NA	NA	clean_taxon_id	AY605137.1.1495
depth_natural	depth_natural_counts_common_top200.tsv	/home/fjbalvino/Compare_mangroves/results/01_prepare_network_matrices_20260619_180455/matrices/depth_natural_counts_common_top200.tsv	depth_natural_counts_common_top200.tsv	/home/fjbalvino/Compare_mangroves/physeq_objeto_Estero.rds	physeq_objeto_Estero.rds	CP013099.3645030.3646539	CP013099.3645030.3646539	/home/fjbalvino/Compare_mangroves/physeq_objeto_Estero.rds	physeq_objeto_Estero.rds	Proteobacteria	Gammaproteobacteria	Tenderiales	Tenderiaceae	Candidatus_Tenderia	Candidatus_Tenderia	Candidatus_Tenderia	Tenderiaceae	FALSE	FALSE	phyloseq	NA	Candidatus_Tenderia	clean_taxon_id	CP013099.3645030.3646539
depth_natural	depth_natural_counts_common_top200.tsv	/home/fjbalvino/Compare_mangroves/results/01_prepare_network_matrices_20260619_180455/matrices/depth_natural_counts_common_top200.tsv	depth_natural_counts_common_top200.tsv	/home/fjbalvino/Compare_mangroves/physeq_objeto_Estero.rds	physeq_objeto_Estero.rds	CP016268.790030.791574	CP016268.790030.791574	/home/fjbalvino/Compare_mangroves/physeq_objeto_Estero.rds	physeq_objeto_Estero.rds	Proteobacteria	Gammaproteobacteria	Steroidobacterales	Woeseiaceae	Woeseia	Woeseia_oceani	Woeseia	Woeseiaceae	FALSE	FALSE	phyloseq	NA	Woeseia_oceani	clean_taxon_id	CP016268.790030.791574
depth_natural	depth_natural_counts_common_top200.tsv	/home/fjbalvino/Compare_mangroves/results/01_prepare_network_matrices_20260619_180455/matrices/depth_natural_counts_common_top200.tsv	depth_natural_counts_common_top200.tsv	/home/fjbalvino/Compare_mangroves/physeq_objeto_Estero.rds	physeq_objeto_Estero.rds	DQ070825.1.1419	DQ070825.1.1419	/home/fjbalvino/Compare_mangroves/physeq_objeto_Estero.rds	physeq_objeto_Estero.rds	NB1-j	NB1-j	NB1-j	NB1-j	NB1-j	NA	NB1-j	NB1-j	FALSE	FALSE	phyloseq	NA	NA	clean_taxon_id	DQ070825.1.1419
depth_natural	depth_natural_counts_common_top200.tsv	/home/fjbalvino/Compare_mangroves/results/01_prepare_network_matrices_20260619_180455/matrices/depth_natural_counts_common_top200.tsv	depth_natural_counts_common_top200.tsv	/home/fjbalvino/Compare_mangroves/physeq_objeto_Estero.rds	physeq_objeto_Estero.rds	DQ363780.1.954	DQ363780.1.954	/home/fjbalvino/Compare_mangroves/physeq_objeto_Estero.rds	physeq_objeto_Estero.rds	Crenarchaeota	Bathyarchaeia	Bathyarchaeia	Bathyarchaeia	Bathyarchaeia	uncultured_miscellaneous	Bathyarchaeia	Bathyarchaeia	FALSE	FALSE	phyloseq	NA	uncultured_miscellaneous	clean_taxon_id	DQ363780.1.954
depth_natural	depth_natural_counts_common_top200.tsv	/home/fjbalvino/Compare_mangroves/results/01_prepare_network_matrices_20260619_180455/matrices/depth_natural_counts_common_top200.tsv	depth_natural_counts_common_top200.tsv	/home/fjbalvino/Compare_mangroves/physeq_objeto_Estero.rds	physeq_objeto_Estero.rds	DQ431896.1.1372	DQ431896.1.1372	/home/fjbalvino/Compare_mangroves/physeq_objeto_Estero.rds	physeq_objeto_Estero.rds	Chloroflexi	Anaerolineae	SBR1031	SBR1031	SBR1031	uncultured_bacterium	SBR1031	SBR1031	FALSE	FALSE	phyloseq	NA	uncultured_bacterium	clean_taxon_id	DQ431896.1.1372
depth_natural	depth_natural_counts_common_top200.tsv	/home/fjbalvino/Compare_mangroves/results/01_prepare_network_matrices_20260619_180455/matrices/depth_natural_counts_common_top200.tsv	depth_natural_counts_common_top200.tsv	/home/fjbalvino/Compare_mangroves/physeq_objeto_Estero.rds	physeq_objeto_Estero.rds	DQ431899.1.1417	DQ431899.1.1417	/home/fjbalvino/Compare_mangroves/physeq_objeto_Estero.rds	physeq_objeto_Estero.rds	Gemmatimonadota	BD2-11_terrestrial_group	BD2-11_terrestrial_group	BD2-11_terrestrial_group	BD2-11_terrestrial_group	NA	BD2-11_terrestrial_group	BD2-11_terrestrial_group	FALSE	FALSE	phyloseq	NA	NA	clean_taxon_id	DQ431899.1.1417
depth_natural	depth_natural_counts_common_top200.tsv	/home/fjbalvino/Compare_mangroves/results/01_prepare_network_matrices_20260619_180455/matrices/depth_natural_counts_common_top200.tsv	depth_natural_counts_common_top200.tsv	/home/fjbalvino/Compare_mangroves/physeq_objeto_Estero.rds	physeq_objeto_Estero.rds	DQ641854.1.916	DQ641854.1.916	/home/fjbalvino/Compare_mangroves/physeq_objeto_Estero.rds	physeq_objeto_Estero.rds	Crenarchaeota	Nitrososphaeria	Nitrosopumilales	Nitrosopumilaceae	Nitrosopumilaceae	Thermoplasmatales_archaeon	Nitrosopumilaceae	Nitrosopumilaceae	FALSE	FALSE	phyloseq	NA	Thermoplasmatales_archaeon	clean_taxon_id	DQ641854.1.916
depth_natural	depth_natural_counts_common_top200.tsv	/home/fjbalvino/Compare_mangroves/results/01_prepare_network_matrices_20260619_180455/matrices/depth_natural_counts_common_top200.tsv	depth_natural_counts_common_top200.tsv	/home/fjbalvino/Compare_mangroves/physeq_objeto_Estero.rds	physeq_objeto_Estero.rds	DQ811792.1.1512	DQ811792.1.1512	/home/fjbalvino/Compare_mangroves/physeq_objeto_Estero.rds	physeq_objeto_Estero.rds	SAR324_clade(Marine_group_B)	SAR324_clade(Marine_group_B)	SAR324_clade(Marine_group_B)	SAR324_clade(Marine_group_B)	SAR324_clade(Marine_group_B)	uncultured_delta	SAR324_clade_Marine_group_B_	SAR324_clade(Marine_group_B)	FALSE	FALSE	phyloseq	NA	uncultured_delta	clean_taxon_id	DQ811792.1.1512
depth_natural	depth_natural_counts_common_top200.tsv	/home/fjbalvino/Compare_mangroves/results/01_prepare_network_matrices_20260619_180455/matrices/depth_natural_counts_common_top200.tsv	depth_natural_counts_common_top200.tsv	/home/fjbalvino/Compare_mangroves/physeq_objeto_Estero.rds	physeq_objeto_Estero.rds	DQ811807.1.1529	DQ811807.1.1529	/home/fjbalvino/Compare_mangroves/physeq_objeto_Estero.rds	physeq_objeto_Estero.rds	Desulfobacterota	Desulfobacteria	Desulfobacterales	Desulfosarcinaceae	Desulfatitalea	uncultured_delta	Desulfatitalea	Desulfosarcinaceae	FALSE	FALSE	phyloseq	NA	uncultured_delta	clean_taxon_id	DQ811807.1.1529
depth_natural	depth_natural_counts_common_top200.tsv	/home/fjbalvino/Compare_mangroves/results/01_prepare_network_matrices_20260619_180455/matrices/depth_natural_counts_common_top200.tsv	depth_natural_counts_common_top200.tsv	/home/fjbalvino/Compare_mangroves/physeq_objeto_Estero.rds	physeq_objeto_Estero.rds	DQ811808.1.1527	DQ811808.1.1527	/home/fjbalvino/Compare_mangroves/physeq_objeto_Estero.rds	physeq_objeto_Estero.rds	MBNT15	MBNT15	MBNT15	MBNT15	MBNT15	uncultured_Syntrophobacteraceae	MBNT15	MBNT15	FALSE	FALSE	phyloseq	NA	uncultured_Syntrophobacteraceae	clean_taxon_id	DQ811808.1.1527
depth_natural	depth_natural_counts_common_top200.tsv	/home/fjbalvino/Compare_mangroves/results/01_prepare_network_matrices_20260619_180455/matrices/depth_natural_counts_common_top200.tsv	depth_natural_counts_common_top200.tsv	/home/fjbalvino/Compare_mangroves/physeq_objeto_Estero.rds	physeq_objeto_Estero.rds	DQ811819.1.1523	DQ811819.1.1523	/home/fjbalvino/Compare_mangroves/physeq_objeto_Estero.rds	physeq_objeto_Estero.rds	Desulfobacterota	Desulfobaccia	Desulfobaccales	Desulfobaccaceae	Desulfobacca	uncultured_delta	Desulfobacca	Desulfobaccaceae	FALSE	FALSE	phyloseq	NA	uncultured_delta	clean_taxon_id	DQ811819.1.1523
depth_natural	depth_natural_counts_common_top200.tsv	/home/fjbalvino/Compare_mangroves/results/01_prepare_network_matrices_20260619_180455/matrices/depth_natural_counts_common_top200.tsv	depth_natural_counts_common_top200.tsv	/home/fjbalvino/Compare_mangroves/physeq_objeto_Estero.rds	physeq_objeto_Estero.rds	DQ811831.1.1528	DQ811831.1.1528	/home/fjbalvino/Compare_mangroves/physeq_objeto_Estero.rds	physeq_objeto_Estero.rds	Desulfobacterota	Desulfobacteria	Desulfatiglandales	Desulfatiglandaceae	Desulfatiglans	NA	Desulfatiglans	Desulfatiglandaceae	FALSE	FALSE	phyloseq	NA	NA	clean_taxon_id	DQ811831.1.1528
depth_natural	depth_natural_counts_common_top200.tsv	/home/fjbalvino/Compare_mangroves/results/01_prepare_network_matrices_20260619_180455/matrices/depth_natural_counts_common_top200.tsv	depth_natural_counts_common_top200.tsv	/home/fjbalvino/Compare_mangroves/physeq_objeto_Estero.rds	physeq_objeto_Estero.rds	DQ811880.1.1473	DQ811880.1.1473	/home/fjbalvino/Compare_mangroves/physeq_objeto_Estero.rds	physeq_objeto_Estero.rds	Chloroflexi	Anaerolineae	SBR1031	SBR1031	SBR1031	NA	SBR1031	SBR1031	FALSE	FALSE	phyloseq	NA	NA	clean_taxon_id	DQ811880.1.1473
depth_natural	depth_natural_counts_common_top200.tsv	/home/fjbalvino/Compare_mangroves/results/01_prepare_network_matrices_20260619_180455/matrices/depth_natural_counts_common_top200.tsv	depth_natural_counts_common_top200.tsv	/home/fjbalvino/Compare_mangroves/physeq_objeto_Estero.rds	physeq_objeto_Estero.rds	DQ811935.1.1507	DQ811935.1.1507	/home/fjbalvino/Compare_mangroves/physeq_objeto_Estero.rds	physeq_objeto_Estero.rds	Calditrichota	Calditrichia	Calditrichales	Calditrichaceae	Calorithrix	uncultured_bacterium	Calorithrix	Calditrichaceae	FALSE	FALSE	phyloseq	NA	uncultured_bacterium	clean_taxon_id	DQ811935.1.1507
depth_natural	depth_natural_counts_common_top200.tsv	/home/fjbalvino/Compare_mangroves/results/01_prepare_network_matrices_20260619_180455/matrices/depth_natural_counts_common_top200.tsv	depth_natural_counts_common_top200.tsv	/home/fjbalvino/Compare_mangroves/physeq_objeto_Estero.rds	physeq_objeto_Estero.rds	EF125426.1.1479	EF125426.1.1479	/home/fjbalvino/Compare_mangroves/physeq_objeto_Estero.rds	physeq_objeto_Estero.rds	Actinobacteriota	Actinobacteria	Kineosporiales	Kineosporiaceae	Kineosporia	uncultured_bacterium	Kineosporia	Kineosporiaceae	FALSE	FALSE	phyloseq	NA	uncultured_bacterium	clean_taxon_id	EF125426.1.1479
depth_natural	depth_natural_counts_common_top200.tsv	/home/fjbalvino/Compare_mangroves/results/01_prepare_network_matrices_20260619_180455/matrices/depth_natural_counts_common_top200.tsv	depth_natural_counts_common_top200.tsv	/home/fjbalvino/Compare_mangroves/physeq_objeto_Estero.rds	physeq_objeto_Estero.rds	EF208655.1.1533	EF208655.1.1533	/home/fjbalvino/Compare_mangroves/physeq_objeto_Estero.rds	physeq_objeto_Estero.rds	Sva0485	Sva0485	Sva0485	Sva0485	Sva0485	NA	Sva0485	Sva0485	FALSE	FALSE	phyloseq	NA	NA	clean_taxon_id	EF208655.1.1533
depth_natural	depth_natural_counts_common_top200.tsv	/home/fjbalvino/Compare_mangroves/results/01_prepare_network_matrices_20260619_180455/matrices/depth_natural_counts_common_top200.tsv	depth_natural_counts_common_top200.tsv	/home/fjbalvino/Compare_mangroves/physeq_objeto_Estero.rds	physeq_objeto_Estero.rds	EF444653.1.1279	EF444653.1.1279	/home/fjbalvino/Compare_mangroves/physeq_objeto_Estero.rds	physeq_objeto_Estero.rds	Crenarchaeota	Nitrososphaeria	Nitrosopumilales	Nitrosopumilaceae	Nitrosopumilaceae	NA	Nitrosopumilaceae	Nitrosopumilaceae	FALSE	FALSE	phyloseq	NA	NA	clean_taxon_id	EF444653.1.1279
depth_natural	depth_natural_counts_common_top200.tsv	/home/fjbalvino/Compare_mangroves/results/01_prepare_network_matrices_20260619_180455/matrices/depth_natural_counts_common_top200.tsv	depth_natural_counts_common_top200.tsv	/home/fjbalvino/Compare_mangroves/physeq_objeto_Estero.rds	physeq_objeto_Estero.rds	EF687551.1.1333	EF687551.1.1333	/home/fjbalvino/Compare_mangroves/physeq_objeto_Estero.rds	physeq_objeto_Estero.rds	Asgardarchaeota	Lokiarchaeia	Lokiarchaeia	Lokiarchaeia	Lokiarchaeia	NA	Lokiarchaeia	Lokiarchaeia	FALSE	FALSE	phyloseq	NA	NA	clean_taxon_id	EF687551.1.1333
depth_natural	depth_natural_counts_common_top200.tsv	/home/fjbalvino/Compare_mangroves/results/01_prepare_network_matrices_20260619_180455/matrices/depth_natural_counts_common_top200.tsv	depth_natural_counts_common_top200.tsv	/home/fjbalvino/Compare_mangroves/physeq_objeto_Estero.rds	physeq_objeto_Estero.rds	EF999356.1.1505	EF999356.1.1505	/home/fjbalvino/Compare_mangroves/physeq_objeto_Estero.rds	physeq_objeto_Estero.rds	Proteobacteria	Gammaproteobacteria	Steroidobacterales	Woeseiaceae	Woeseia	NA	Woeseia	Woeseiaceae	FALSE	FALSE	phyloseq	NA	NA	clean_taxon_id	EF999356.1.1505
depth_natural	depth_natural_counts_common_top200.tsv	/home/fjbalvino/Compare_mangroves/results/01_prepare_network_matrices_20260619_180455/matrices/depth_natural_counts_common_top200.tsv	depth_natural_counts_common_top200.tsv	/home/fjbalvino/Compare_mangroves/physeq_objeto_Estero.rds	physeq_objeto_Estero.rds	EU048674.1.1479	EU048674.1.1479	/home/fjbalvino/Compare_mangroves/physeq_objeto_Estero.rds	physeq_objeto_Estero.rds	NB1-j	NB1-j	NB1-j	NB1-j	NB1-j	NA	NB1-j	NB1-j	FALSE	FALSE	phyloseq	NA	NA	clean_taxon_id	EU048674.1.1479
depth_natural	depth_natural_counts_common_top200.tsv	/home/fjbalvino/Compare_mangroves/results/01_prepare_network_matrices_20260619_180455/matrices/depth_natural_counts_common_top200.tsv	depth_natural_counts_common_top200.tsv	/home/fjbalvino/Compare_mangroves/physeq_objeto_Estero.rds	physeq_objeto_Estero.rds	EU134890.1.1383	EU134890.1.1383	/home/fjbalvino/Compare_mangroves/physeq_objeto_Estero.rds	physeq_objeto_Estero.rds	Gemmatimonadota	BD2-11_terrestrial_group	BD2-11_terrestrial_group	BD2-11_terrestrial_group	BD2-11_terrestrial_group	NA	BD2-11_terrestrial_group	BD2-11_terrestrial_group	FALSE	FALSE	phyloseq	NA	NA	clean_taxon_id	EU134890.1.1383
depth_natural	depth_natural_counts_common_top200.tsv	/home/fjbalvino/Compare_mangroves/results/01_prepare_network_matrices_20260619_180455/matrices/depth_natural_counts_common_top200.tsv	depth_natural_counts_common_top200.tsv	/home/fjbalvino/Compare_mangroves/physeq_objeto_Estero.rds	physeq_objeto_Estero.rds	EU488036.1.1531	EU488036.1.1531	/home/fjbalvino/Compare_mangroves/physeq_objeto_Estero.rds	physeq_objeto_Estero.rds	Desulfobacterota	Desulfobacteria	Desulfobacterales	Desulfosarcinaceae	Sva0081_sediment_group	NA	Sva0081_sediment_group	Desulfosarcinaceae	FALSE	FALSE	phyloseq	NA	NA	clean_taxon_id	EU488036.1.1531
depth_natural	depth_natural_counts_common_top200.tsv	/home/fjbalvino/Compare_mangroves/results/01_prepare_network_matrices_20260619_180455/matrices/depth_natural_counts_common_top200.tsv	depth_natural_counts_common_top200.tsv	/home/fjbalvino/Compare_mangroves/physeq_objeto_Estero.rds	physeq_objeto_Estero.rds	EU488054.1.1507	EU488054.1.1507	/home/fjbalvino/Compare_mangroves/physeq_objeto_Estero.rds	physeq_objeto_Estero.rds	Acidobacteriota	Aminicenantia	Aminicenantales	Aminicenantales	Aminicenantales	NA	Aminicenantales	Aminicenantales	FALSE	FALSE	phyloseq	NA	NA	clean_taxon_id	EU488054.1.1507
depth_natural	depth_natural_counts_common_top200.tsv	/home/fjbalvino/Compare_mangroves/results/01_prepare_network_matrices_20260619_180455/matrices/depth_natural_counts_common_top200.tsv	depth_natural_counts_common_top200.tsv	/home/fjbalvino/Compare_mangroves/physeq_objeto_Estero.rds	physeq_objeto_Estero.rds	EU488352.1.1526	EU488352.1.1526	/home/fjbalvino/Compare_mangroves/physeq_objeto_Estero.rds	physeq_objeto_Estero.rds	Planctomycetota	Phycisphaerae	CCM11a	CCM11a	CCM11a	uncultured_bacterium	CCM11a	CCM11a	FALSE	FALSE	phyloseq	NA	uncultured_bacterium	clean_taxon_id	EU488352.1.1526
depth_natural	depth_natural_counts_common_top200.tsv	/home/fjbalvino/Compare_mangroves/results/01_prepare_network_matrices_20260619_180455/matrices/depth_natural_counts_common_top200.tsv	depth_natural_counts_common_top200.tsv	/home/fjbalvino/Compare_mangroves/physeq_objeto_Estero.rds	physeq_objeto_Estero.rds	EU488419.1.1514	EU488419.1.1514	/home/fjbalvino/Compare_mangroves/physeq_objeto_Estero.rds	physeq_objeto_Estero.rds	Planctomycetota	Phycisphaerae	MSBL9	SG8-4	SG8-4	uncultured_bacterium	SG8-4	SG8-4	FALSE	FALSE	phyloseq	NA	uncultured_bacterium	clean_taxon_id	EU488419.1.1514
depth_natural	depth_natural_counts_common_top200.tsv	/home/fjbalvino/Compare_mangroves/results/01_prepare_network_matrices_20260619_180455/matrices/depth_natural_counts_common_top200.tsv	depth_natural_counts_common_top200.tsv	/home/fjbalvino/Compare_mangroves/physeq_objeto_Estero.rds	physeq_objeto_Estero.rds	EU491875.1.1464	EU491875.1.1464	/home/fjbalvino/Compare_mangroves/physeq_objeto_Estero.rds	physeq_objeto_Estero.rds	Proteobacteria	Gammaproteobacteria	EPR3968-O8a-Bc78	EPR3968-O8a-Bc78	EPR3968-O8a-Bc78	uncultured_bacterium	EPR3968-O8a-Bc78	EPR3968-O8a-Bc78	FALSE	FALSE	phyloseq	NA	uncultured_bacterium	clean_taxon_id	EU491875.1.1464
depth_natural	depth_natural_counts_common_top200.tsv	/home/fjbalvino/Compare_mangroves/results/01_prepare_network_matrices_20260619_180455/matrices/depth_natural_counts_common_top200.tsv	depth_natural_counts_common_top200.tsv	/home/fjbalvino/Compare_mangroves/physeq_objeto_Estero.rds	physeq_objeto_Estero.rds	EU617821.1.1525	EU617821.1.1525	/home/fjbalvino/Compare_mangroves/physeq_objeto_Estero.rds	physeq_objeto_Estero.rds	Latescibacterota	Latescibacterota	Latescibacterota	Latescibacterota	Latescibacterota	NA	Latescibacterota	Latescibacterota	FALSE	FALSE	phyloseq	NA	NA	clean_taxon_id	EU617821.1.1525
depth_natural	depth_natural_counts_common_top200.tsv	/home/fjbalvino/Compare_mangroves/results/01_prepare_network_matrices_20260619_180455/matrices/depth_natural_counts_common_top200.tsv	depth_natural_counts_common_top200.tsv	/home/fjbalvino/Compare_mangroves/physeq_objeto_Estero.rds	physeq_objeto_Estero.rds	EU652571.1.1503	EU652571.1.1503	/home/fjbalvino/Compare_mangroves/physeq_objeto_Estero.rds	physeq_objeto_Estero.rds	Proteobacteria	Gammaproteobacteria	Nitrosococcales	Nitrosococcaceae	AqS1	uncultured_bacterium	AqS1	Nitrosococcaceae	FALSE	FALSE	phyloseq	NA	uncultured_bacterium	clean_taxon_id	EU652571.1.1503
depth_natural	depth_natural_counts_common_top200.tsv	/home/fjbalvino/Compare_mangroves/results/01_prepare_network_matrices_20260619_180455/matrices/depth_natural_counts_common_top200.tsv	depth_natural_counts_common_top200.tsv	/home/fjbalvino/Compare_mangroves/physeq_objeto_Estero.rds	physeq_objeto_Estero.rds	EU652611.1.1524	EU652611.1.1524	/home/fjbalvino/Compare_mangroves/physeq_objeto_Estero.rds	physeq_objeto_Estero.rds	Desulfobacterota	Desulfobacteria	Desulfobacterales	Desulfosarcinaceae	Sva0081_sediment_group	NA	Sva0081_sediment_group	Desulfosarcinaceae	FALSE	FALSE	phyloseq	NA	NA	clean_taxon_id	EU652611.1.1524
depth_natural	depth_natural_counts_common_top200.tsv	/home/fjbalvino/Compare_mangroves/results/01_prepare_network_matrices_20260619_180455/matrices/depth_natural_counts_common_top200.tsv	depth_natural_counts_common_top200.tsv	/home/fjbalvino/Compare_mangroves/physeq_objeto_Estero.rds	physeq_objeto_Estero.rds	EU662567.1.1446	EU662567.1.1446	/home/fjbalvino/Compare_mangroves/physeq_objeto_Estero.rds	physeq_objeto_Estero.rds	Proteobacteria	Alphaproteobacteria	Rhizobiales	Rhodomicrobiaceae	Rhodomicrobium	NA	Rhodomicrobium	Rhodomicrobiaceae	FALSE	FALSE	phyloseq	NA	NA	clean_taxon_id	EU662567.1.1446
depth_natural	depth_natural_counts_common_top200.tsv	/home/fjbalvino/Compare_mangroves/results/01_prepare_network_matrices_20260619_180455/matrices/depth_natural_counts_common_top200.tsv	depth_natural_counts_common_top200.tsv	/home/fjbalvino/Compare_mangroves/physeq_objeto_Estero.rds	physeq_objeto_Estero.rds	FJ203391.1.1488	FJ203391.1.1488	/home/fjbalvino/Compare_mangroves/physeq_objeto_Estero.rds	physeq_objeto_Estero.rds	NB1-j	NB1-j	NB1-j	NB1-j	NB1-j	NA	NB1-j	NB1-j	FALSE	FALSE	phyloseq	NA	NA	clean_taxon_id	FJ203391.1.1488
depth_natural	depth_natural_counts_common_top200.tsv	/home/fjbalvino/Compare_mangroves/results/01_prepare_network_matrices_20260619_180455/matrices/depth_natural_counts_common_top200.tsv	depth_natural_counts_common_top200.tsv	/home/fjbalvino/Compare_mangroves/physeq_objeto_Estero.rds	physeq_objeto_Estero.rds	FJ203584.1.1459	FJ203584.1.1459	/home/fjbalvino/Compare_mangroves/physeq_objeto_Estero.rds	physeq_objeto_Estero.rds	Proteobacteria	Gammaproteobacteria	Steroidobacterales	Woeseiaceae	Woeseia	NA	Woeseia	Woeseiaceae	FALSE	FALSE	phyloseq	NA	NA	clean_taxon_id	FJ203584.1.1459
depth_natural	depth_natural_counts_common_top200.tsv	/home/fjbalvino/Compare_mangroves/results/01_prepare_network_matrices_20260619_180455/matrices/depth_natural_counts_common_top200.tsv	depth_natural_counts_common_top200.tsv	/home/fjbalvino/Compare_mangroves/physeq_objeto_Estero.rds	physeq_objeto_Estero.rds	FJ477316.1.1346	FJ477316.1.1346	/home/fjbalvino/Compare_mangroves/physeq_objeto_Estero.rds	physeq_objeto_Estero.rds	Thermoplasmatota	Thermoplasmata	Thermoplasmata	Thermoplasmata	Marine_Group_III	NA	Marine_Group_III	Thermoplasmata	FALSE	FALSE	phyloseq	NA	NA	clean_taxon_id	FJ477316.1.1346
depth_natural	depth_natural_counts_common_top200.tsv	/home/fjbalvino/Compare_mangroves/results/01_prepare_network_matrices_20260619_180455/matrices/depth_natural_counts_common_top200.tsv	depth_natural_counts_common_top200.tsv	/home/fjbalvino/Compare_mangroves/physeq_objeto_Estero.rds	physeq_objeto_Estero.rds	FJ517042.1.1485	FJ517042.1.1485	/home/fjbalvino/Compare_mangroves/physeq_objeto_Estero.rds	physeq_objeto_Estero.rds	Bacteroidota	Bacteroidia	Bacteroidales	SB-5	SB-5	uncultured_bacterium	SB-5	SB-5	FALSE	FALSE	phyloseq	NA	uncultured_bacterium	clean_taxon_id	FJ517042.1.1485
depth_natural	depth_natural_counts_common_top200.tsv	/home/fjbalvino/Compare_mangroves/results/01_prepare_network_matrices_20260619_180455/matrices/depth_natural_counts_common_top200.tsv	depth_natural_counts_common_top200.tsv	/home/fjbalvino/Compare_mangroves/physeq_objeto_Estero.rds	physeq_objeto_Estero.rds	FJ545485.1.1494	FJ545485.1.1494	/home/fjbalvino/Compare_mangroves/physeq_objeto_Estero.rds	physeq_objeto_Estero.rds	Proteobacteria	Gammaproteobacteria	B2M28	B2M28	B2M28	uncultured_gamma	B2M28	B2M28	FALSE	FALSE	phyloseq	NA	uncultured_gamma	clean_taxon_id	FJ545485.1.1494
depth_natural	depth_natural_counts_common_top200.tsv	/home/fjbalvino/Compare_mangroves/results/01_prepare_network_matrices_20260619_180455/matrices/depth_natural_counts_common_top200.tsv	depth_natural_counts_common_top200.tsv	/home/fjbalvino/Compare_mangroves/physeq_objeto_Estero.rds	physeq_objeto_Estero.rds	FJ685743.1.1209	FJ685743.1.1209	/home/fjbalvino/Compare_mangroves/physeq_objeto_Estero.rds	physeq_objeto_Estero.rds	Thermoplasmatota	Thermoplasmata	Marine_Benthic_Group_D_and_DHVEG-1	Marine_Benthic_Group_D_and_DHVEG-1	Marine_Benthic_Group_D_and_DHVEG-1	uncultured_archaeon	Marine_Benthic_Group_D_and_DHVEG-1	Marine_Benthic_Group_D_and_DHVEG-1	FALSE	FALSE	phyloseq	NA	uncultured_archaeon	clean_taxon_id	FJ685743.1.1209
depth_natural	depth_natural_counts_common_top200.tsv	/home/fjbalvino/Compare_mangroves/results/01_prepare_network_matrices_20260619_180455/matrices/depth_natural_counts_common_top200.tsv	depth_natural_counts_common_top200.tsv	/home/fjbalvino/Compare_mangroves/physeq_objeto_Estero.rds	physeq_objeto_Estero.rds	FJ712534.1.1514	FJ712534.1.1514	/home/fjbalvino/Compare_mangroves/physeq_objeto_Estero.rds	physeq_objeto_Estero.rds	Calditrichota	Calditrichia	Calditrichales	Calditrichaceae	Calditrichaceae	NA	Calditrichaceae	Calditrichaceae	FALSE	FALSE	phyloseq	NA	NA	clean_taxon_id	FJ712534.1.1514
depth_natural	depth_natural_counts_common_top200.tsv	/home/fjbalvino/Compare_mangroves/results/01_prepare_network_matrices_20260619_180455/matrices/depth_natural_counts_common_top200.tsv	depth_natural_counts_common_top200.tsv	/home/fjbalvino/Compare_mangroves/physeq_objeto_Estero.rds	physeq_objeto_Estero.rds	FJ748775.1.1510	FJ748775.1.1510	/home/fjbalvino/Compare_mangroves/physeq_objeto_Estero.rds	physeq_objeto_Estero.rds	SAR324_clade(Marine_group_B)	SAR324_clade(Marine_group_B)	SAR324_clade(Marine_group_B)	SAR324_clade(Marine_group_B)	SAR324_clade(Marine_group_B)	uncultured_organism	SAR324_clade_Marine_group_B_	SAR324_clade(Marine_group_B)	FALSE	FALSE	phyloseq	NA	uncultured_organism	clean_taxon_id	FJ748775.1.1510
depth_natural	depth_natural_counts_common_top200.tsv	/home/fjbalvino/Compare_mangroves/results/01_prepare_network_matrices_20260619_180455/matrices/depth_natural_counts_common_top200.tsv	depth_natural_counts_common_top200.tsv	/home/fjbalvino/Compare_mangroves/physeq_objeto_Estero.rds	physeq_objeto_Estero.rds	FJ748816.1.1514	FJ748816.1.1514	/home/fjbalvino/Compare_mangroves/physeq_objeto_Estero.rds	physeq_objeto_Estero.rds	Spirochaetota	Spirochaetia	Spirochaetales	Spirochaetaceae	Spirochaeta	uncultured_bacterium	Spirochaeta	Spirochaetaceae	FALSE	FALSE	phyloseq	NA	uncultured_bacterium	clean_taxon_id	FJ748816.1.1514
depth_natural	depth_natural_counts_common_top200.tsv	/home/fjbalvino/Compare_mangroves/results/01_prepare_network_matrices_20260619_180455/matrices/depth_natural_counts_common_top200.tsv	depth_natural_counts_common_top200.tsv	/home/fjbalvino/Compare_mangroves/physeq_objeto_Estero.rds	physeq_objeto_Estero.rds	FJ900559.1.1484	FJ900559.1.1484	/home/fjbalvino/Compare_mangroves/physeq_objeto_Estero.rds	physeq_objeto_Estero.rds	Proteobacteria	Gammaproteobacteria	EPR3968-O8a-Bc78	EPR3968-O8a-Bc78	EPR3968-O8a-Bc78	uncultured_bacterium	EPR3968-O8a-Bc78	EPR3968-O8a-Bc78	FALSE	FALSE	phyloseq	NA	uncultured_bacterium	clean_taxon_id	FJ900559.1.1484
depth_natural	depth_natural_counts_common_top200.tsv	/home/fjbalvino/Compare_mangroves/results/01_prepare_network_matrices_20260619_180455/matrices/depth_natural_counts_common_top200.tsv	depth_natural_counts_common_top200.tsv	/home/fjbalvino/Compare_mangroves/physeq_objeto_Estero.rds	physeq_objeto_Estero.rds	FN553932.1.1517	FN553932.1.1517	/home/fjbalvino/Compare_mangroves/physeq_objeto_Estero.rds	physeq_objeto_Estero.rds	Latescibacterota	Latescibacteria	Latescibacterales	Latescibacteraceae	Latescibacteraceae	uncultured_sediment	Latescibacteraceae	Latescibacteraceae	FALSE	FALSE	phyloseq	NA	uncultured_sediment	clean_taxon_id	FN553932.1.1517
depth_natural	depth_natural_counts_common_top200.tsv	/home/fjbalvino/Compare_mangroves/results/01_prepare_network_matrices_20260619_180455/matrices/depth_natural_counts_common_top200.tsv	depth_natural_counts_common_top200.tsv	/home/fjbalvino/Compare_mangroves/physeq_objeto_Estero.rds	physeq_objeto_Estero.rds	FR682646.1.1628	FR682646.1.1628	/home/fjbalvino/Compare_mangroves/physeq_objeto_Estero.rds	physeq_objeto_Estero.rds	Desulfobacterota	Desulfobacteria	Desulfatiglandales	Desulfatiglandaceae	Desulfatiglans	NA	Desulfatiglans	Desulfatiglandaceae	FALSE	FALSE	phyloseq	NA	NA	clean_taxon_id	FR682646.1.1628
depth_natural	depth_natural_counts_common_top200.tsv	/home/fjbalvino/Compare_mangroves/results/01_prepare_network_matrices_20260619_180455/matrices/depth_natural_counts_common_top200.tsv	depth_natural_counts_common_top200.tsv	/home/fjbalvino/Compare_mangroves/physeq_objeto_Estero.rds	physeq_objeto_Estero.rds	GQ143772.1.1554	GQ143772.1.1554	/home/fjbalvino/Compare_mangroves/physeq_objeto_Estero.rds	physeq_objeto_Estero.rds	Gemmatimonadota	BD2-11_terrestrial_group	BD2-11_terrestrial_group	BD2-11_terrestrial_group	BD2-11_terrestrial_group	unidentified_bacterium	BD2-11_terrestrial_group	BD2-11_terrestrial_group	FALSE	FALSE	phyloseq	NA	unidentified_bacterium	clean_taxon_id	GQ143772.1.1554
depth_natural	depth_natural_counts_common_top200.tsv	/home/fjbalvino/Compare_mangroves/results/01_prepare_network_matrices_20260619_180455/matrices/depth_natural_counts_common_top200.tsv	depth_natural_counts_common_top200.tsv	/home/fjbalvino/Compare_mangroves/physeq_objeto_Estero.rds	physeq_objeto_Estero.rds	GQ263976.1.1455	GQ263976.1.1455	/home/fjbalvino/Compare_mangroves/physeq_objeto_Estero.rds	physeq_objeto_Estero.rds	Chloroflexi	Dehalococcoidia	SAR202_clade	SAR202_clade	SAR202_clade	uncultured_bacterium	SAR202_clade	SAR202_clade	FALSE	FALSE	phyloseq	NA	uncultured_bacterium	clean_taxon_id	GQ263976.1.1455
depth_natural	depth_natural_counts_common_top200.tsv	/home/fjbalvino/Compare_mangroves/results/01_prepare_network_matrices_20260619_180455/matrices/depth_natural_counts_common_top200.tsv	depth_natural_counts_common_top200.tsv	/home/fjbalvino/Compare_mangroves/physeq_objeto_Estero.rds	physeq_objeto_Estero.rds	GQ337314.1.1475	GQ337314.1.1475	/home/fjbalvino/Compare_mangroves/physeq_objeto_Estero.rds	physeq_objeto_Estero.rds	Chloroflexi	Dehalococcoidia	SAR202_clade	SAR202_clade	SAR202_clade	uncultured_bacterium	SAR202_clade	SAR202_clade	FALSE	FALSE	phyloseq	NA	uncultured_bacterium	clean_taxon_id	GQ337314.1.1475
depth_natural	depth_natural_counts_common_top200.tsv	/home/fjbalvino/Compare_mangroves/results/01_prepare_network_matrices_20260619_180455/matrices/depth_natural_counts_common_top200.tsv	depth_natural_counts_common_top200.tsv	/home/fjbalvino/Compare_mangroves/physeq_objeto_Estero.rds	physeq_objeto_Estero.rds	GQ356834.1.936	GQ356834.1.936	/home/fjbalvino/Compare_mangroves/physeq_objeto_Estero.rds	physeq_objeto_Estero.rds	Asgardarchaeota	Lokiarchaeia	Lokiarchaeia	Lokiarchaeia	Lokiarchaeia	uncultured_archaeon	Lokiarchaeia	Lokiarchaeia	FALSE	FALSE	phyloseq	NA	uncultured_archaeon	clean_taxon_id	GQ356834.1.936
depth_natural	depth_natural_counts_common_top200.tsv	/home/fjbalvino/Compare_mangroves/results/01_prepare_network_matrices_20260619_180455/matrices/depth_natural_counts_common_top200.tsv	depth_natural_counts_common_top200.tsv	/home/fjbalvino/Compare_mangroves/physeq_objeto_Estero.rds	physeq_objeto_Estero.rds	GQ994158.1.923	GQ994158.1.923	/home/fjbalvino/Compare_mangroves/physeq_objeto_Estero.rds	physeq_objeto_Estero.rds	Crenarchaeota	Bathyarchaeia	Bathyarchaeia	Bathyarchaeia	Bathyarchaeia	uncultured_crenarchaeote	Bathyarchaeia	Bathyarchaeia	FALSE	FALSE	phyloseq	NA	uncultured_crenarchaeote	clean_taxon_id	GQ994158.1.923
depth_natural	depth_natural_counts_common_top200.tsv	/home/fjbalvino/Compare_mangroves/results/01_prepare_network_matrices_20260619_180455/matrices/depth_natural_counts_common_top200.tsv	depth_natural_counts_common_top200.tsv	/home/fjbalvino/Compare_mangroves/physeq_objeto_Estero.rds	physeq_objeto_Estero.rds	GQ994182.1.911	GQ994182.1.911	/home/fjbalvino/Compare_mangroves/physeq_objeto_Estero.rds	physeq_objeto_Estero.rds	Thermoplasmatota	Thermoplasmata	Marine_Benthic_Group_D_and_DHVEG-1	Marine_Benthic_Group_D_and_DHVEG-1	Marine_Benthic_Group_D_and_DHVEG-1	archaeon_enrichment	Marine_Benthic_Group_D_and_DHVEG-1	Marine_Benthic_Group_D_and_DHVEG-1	FALSE	FALSE	phyloseq	NA	archaeon_enrichment	clean_taxon_id	GQ994182.1.911
depth_natural	depth_natural_counts_common_top200.tsv	/home/fjbalvino/Compare_mangroves/results/01_prepare_network_matrices_20260619_180455/matrices/depth_natural_counts_common_top200.tsv	depth_natural_counts_common_top200.tsv	/home/fjbalvino/Compare_mangroves/physeq_objeto_Estero.rds	physeq_objeto_Estero.rds	GU180188.1.1514	GU180188.1.1514	/home/fjbalvino/Compare_mangroves/physeq_objeto_Estero.rds	physeq_objeto_Estero.rds	Spirochaetota	Spirochaetia	Spirochaetales	Spirochaetaceae	Spirochaeta	NA	Spirochaeta	Spirochaetaceae	FALSE	FALSE	phyloseq	NA	NA	clean_taxon_id	GU180188.1.1514
depth_natural	depth_natural_counts_common_top200.tsv	/home/fjbalvino/Compare_mangroves/results/01_prepare_network_matrices_20260619_180455/matrices/depth_natural_counts_common_top200.tsv	depth_natural_counts_common_top200.tsv	/home/fjbalvino/Compare_mangroves/physeq_objeto_Estero.rds	physeq_objeto_Estero.rds	GU230392.1.1515	GU230392.1.1515	/home/fjbalvino/Compare_mangroves/physeq_objeto_Estero.rds	physeq_objeto_Estero.rds	RCP2-54	RCP2-54	RCP2-54	RCP2-54	RCP2-54	NA	RCP2-54	RCP2-54	FALSE	FALSE	phyloseq	NA	NA	clean_taxon_id	GU230392.1.1515
depth_natural	depth_natural_counts_common_top200.tsv	/home/fjbalvino/Compare_mangroves/results/01_prepare_network_matrices_20260619_180455/matrices/depth_natural_counts_common_top200.tsv	depth_natural_counts_common_top200.tsv	/home/fjbalvino/Compare_mangroves/physeq_objeto_Estero.rds	physeq_objeto_Estero.rds	GU302442.1.1531	GU302442.1.1531	/home/fjbalvino/Compare_mangroves/physeq_objeto_Estero.rds	physeq_objeto_Estero.rds	Desulfobacterota	Desulfobacteria	Desulfobacterales	Desulfosarcinaceae	SEEP-SRB1	Desulfobacterales_bacterium	SEEP-SRB1	Desulfosarcinaceae	FALSE	FALSE	phyloseq	NA	Desulfobacterales_bacterium	clean_taxon_id	GU302442.1.1531
depth_natural	depth_natural_counts_common_top200.tsv	/home/fjbalvino/Compare_mangroves/results/01_prepare_network_matrices_20260619_180455/matrices/depth_natural_counts_common_top200.tsv	depth_natural_counts_common_top200.tsv	/home/fjbalvino/Compare_mangroves/physeq_objeto_Estero.rds	physeq_objeto_Estero.rds	GU369933.1.1368	GU369933.1.1368	/home/fjbalvino/Compare_mangroves/physeq_objeto_Estero.rds	physeq_objeto_Estero.rds	Proteobacteria	Gammaproteobacteria	Chromatiales	Chromatiaceae	Thiohalobacter	uncultured_gamma	Thiohalobacter	Chromatiaceae	FALSE	FALSE	phyloseq	NA	uncultured_gamma	clean_taxon_id	GU369933.1.1368
depth_natural	depth_natural_counts_common_top200.tsv	/home/fjbalvino/Compare_mangroves/results/01_prepare_network_matrices_20260619_180455/matrices/depth_natural_counts_common_top200.tsv	depth_natural_counts_common_top200.tsv	/home/fjbalvino/Compare_mangroves/physeq_objeto_Estero.rds	physeq_objeto_Estero.rds	GU982895.1.1212	GU982895.1.1212	/home/fjbalvino/Compare_mangroves/physeq_objeto_Estero.rds	physeq_objeto_Estero.rds	Chloroflexi	Dehalococcoidia	GIF3	GIF3	GIF3	uncultured_bacterium	GIF3	GIF3	FALSE	FALSE	phyloseq	NA	uncultured_bacterium	clean_taxon_id	GU982895.1.1212
depth_natural	depth_natural_counts_common_top200.tsv	/home/fjbalvino/Compare_mangroves/results/01_prepare_network_matrices_20260619_180455/matrices/depth_natural_counts_common_top200.tsv	depth_natural_counts_common_top200.tsv	/home/fjbalvino/Compare_mangroves/physeq_objeto_Estero.rds	physeq_objeto_Estero.rds	HE604685.1.1406	HE604685.1.1406	/home/fjbalvino/Compare_mangroves/physeq_objeto_Estero.rds	physeq_objeto_Estero.rds	Zixibacteria	Zixibacteria	Zixibacteria	Zixibacteria	Zixibacteria	uncultured_bacterium	Zixibacteria	Zixibacteria	FALSE	FALSE	phyloseq	NA	uncultured_bacterium	clean_taxon_id	HE604685.1.1406
depth_natural	depth_natural_counts_common_top200.tsv	/home/fjbalvino/Compare_mangroves/results/01_prepare_network_matrices_20260619_180455/matrices/depth_natural_counts_common_top200.tsv	depth_natural_counts_common_top200.tsv	/home/fjbalvino/Compare_mangroves/physeq_objeto_Estero.rds	physeq_objeto_Estero.rds	HE614829.1.1456	HE614829.1.1456	/home/fjbalvino/Compare_mangroves/physeq_objeto_Estero.rds	physeq_objeto_Estero.rds	Proteobacteria	Alphaproteobacteria	Rhizobiales	Rhizobiales_Incertae_Sedis	Bauldia	NA	Bauldia	Rhizobiales_Incertae_Sedis	FALSE	FALSE	phyloseq	NA	NA	clean_taxon_id	HE614829.1.1456
depth_natural	depth_natural_counts_common_top200.tsv	/home/fjbalvino/Compare_mangroves/results/01_prepare_network_matrices_20260619_180455/matrices/depth_natural_counts_common_top200.tsv	depth_natural_counts_common_top200.tsv	/home/fjbalvino/Compare_mangroves/physeq_objeto_Estero.rds	physeq_objeto_Estero.rds	HE804013.1.1479	HE804013.1.1479	/home/fjbalvino/Compare_mangroves/physeq_objeto_Estero.rds	physeq_objeto_Estero.rds	Proteobacteria	Gammaproteobacteria	EPR3968-O8a-Bc78	EPR3968-O8a-Bc78	EPR3968-O8a-Bc78	uncultured_gamma	EPR3968-O8a-Bc78	EPR3968-O8a-Bc78	FALSE	FALSE	phyloseq	NA	uncultured_gamma	clean_taxon_id	HE804013.1.1479
depth_natural	depth_natural_counts_common_top200.tsv	/home/fjbalvino/Compare_mangroves/results/01_prepare_network_matrices_20260619_180455/matrices/depth_natural_counts_common_top200.tsv	depth_natural_counts_common_top200.tsv	/home/fjbalvino/Compare_mangroves/physeq_objeto_Estero.rds	physeq_objeto_Estero.rds	HM437993.1.1513	HM437993.1.1513	/home/fjbalvino/Compare_mangroves/physeq_objeto_Estero.rds	physeq_objeto_Estero.rds	Gemmatimonadota	BD2-11_terrestrial_group	BD2-11_terrestrial_group	BD2-11_terrestrial_group	BD2-11_terrestrial_group	uncultured_bacterium	BD2-11_terrestrial_group	BD2-11_terrestrial_group	FALSE	FALSE	phyloseq	NA	uncultured_bacterium	clean_taxon_id	HM437993.1.1513
depth_natural	depth_natural_counts_common_top200.tsv	/home/fjbalvino/Compare_mangroves/results/01_prepare_network_matrices_20260619_180455/matrices/depth_natural_counts_common_top200.tsv	depth_natural_counts_common_top200.tsv	/home/fjbalvino/Compare_mangroves/physeq_objeto_Estero.rds	physeq_objeto_Estero.rds	HM598262.1.1519	HM598262.1.1519	/home/fjbalvino/Compare_mangroves/physeq_objeto_Estero.rds	physeq_objeto_Estero.rds	Latescibacterota	Latescibacteria	Latescibacterales	Latescibacteraceae	Latescibacteraceae	uncultured_bacterium	Latescibacteraceae	Latescibacteraceae	FALSE	FALSE	phyloseq	NA	uncultured_bacterium	clean_taxon_id	HM598262.1.1519
depth_natural	depth_natural_counts_common_top200.tsv	/home/fjbalvino/Compare_mangroves/results/01_prepare_network_matrices_20260619_180455/matrices/depth_natural_counts_common_top200.tsv	depth_natural_counts_common_top200.tsv	/home/fjbalvino/Compare_mangroves/physeq_objeto_Estero.rds	physeq_objeto_Estero.rds	HQ014650.1.1499	HQ014650.1.1499	/home/fjbalvino/Compare_mangroves/physeq_objeto_Estero.rds	physeq_objeto_Estero.rds	Bacteroidota	Ignavibacteria	Ignavibacteriales	Ignavibacteriaceae	Ignavibacterium	uncultured_bacterium	Ignavibacterium	Ignavibacteriaceae	FALSE	FALSE	phyloseq	NA	uncultured_bacterium	clean_taxon_id	HQ014650.1.1499
depth_natural	depth_natural_counts_common_top200.tsv	/home/fjbalvino/Compare_mangroves/results/01_prepare_network_matrices_20260619_180455/matrices/depth_natural_counts_common_top200.tsv	depth_natural_counts_common_top200.tsv	/home/fjbalvino/Compare_mangroves/physeq_objeto_Estero.rds	physeq_objeto_Estero.rds	HQ316943.1.1422	HQ316943.1.1422	/home/fjbalvino/Compare_mangroves/physeq_objeto_Estero.rds	physeq_objeto_Estero.rds	Proteobacteria	Alphaproteobacteria	Rhizobiales	Rhizobiaceae	Oricola	Mesorhizobium_sp.	Oricola	Rhizobiaceae	FALSE	FALSE	phyloseq	NA	Mesorhizobium_sp.	clean_taxon_id	HQ316943.1.1422
depth_natural	depth_natural_counts_common_top200.tsv	/home/fjbalvino/Compare_mangroves/results/01_prepare_network_matrices_20260619_180455/matrices/depth_natural_counts_common_top200.tsv	depth_natural_counts_common_top200.tsv	/home/fjbalvino/Compare_mangroves/physeq_objeto_Estero.rds	physeq_objeto_Estero.rds	HQ588453.1.1411	HQ588453.1.1411	/home/fjbalvino/Compare_mangroves/physeq_objeto_Estero.rds	physeq_objeto_Estero.rds	Gemmatimonadota	BD2-11_terrestrial_group	BD2-11_terrestrial_group	BD2-11_terrestrial_group	BD2-11_terrestrial_group	uncultured_organism	BD2-11_terrestrial_group	BD2-11_terrestrial_group	FALSE	FALSE	phyloseq	NA	uncultured_organism	clean_taxon_id	HQ588453.1.1411
depth_natural	depth_natural_counts_common_top200.tsv	/home/fjbalvino/Compare_mangroves/results/01_prepare_network_matrices_20260619_180455/matrices/depth_natural_counts_common_top200.tsv	depth_natural_counts_common_top200.tsv	/home/fjbalvino/Compare_mangroves/physeq_objeto_Estero.rds	physeq_objeto_Estero.rds	HQ597894.1.1508	HQ597894.1.1508	/home/fjbalvino/Compare_mangroves/physeq_objeto_Estero.rds	physeq_objeto_Estero.rds	Acidobacteriota	Vicinamibacteria	Vicinamibacterales	Vicinamibacteraceae	Luteitalea	uncultured_Acidobacteria	Luteitalea	Vicinamibacteraceae	FALSE	FALSE	phyloseq	NA	uncultured_Acidobacteria	clean_taxon_id	HQ597894.1.1508
depth_natural	depth_natural_counts_common_top200.tsv	/home/fjbalvino/Compare_mangroves/results/01_prepare_network_matrices_20260619_180455/matrices/depth_natural_counts_common_top200.tsv	depth_natural_counts_common_top200.tsv	/home/fjbalvino/Compare_mangroves/physeq_objeto_Estero.rds	physeq_objeto_Estero.rds	HQ691951.1.1342	HQ691951.1.1342	/home/fjbalvino/Compare_mangroves/physeq_objeto_Estero.rds	physeq_objeto_Estero.rds	Chloroflexi	Dehalococcoidia	FW22	FW22	FW22	uncultured_bacterium	FW22	FW22	FALSE	FALSE	phyloseq	NA	uncultured_bacterium	clean_taxon_id	HQ691951.1.1342
depth_natural	depth_natural_counts_common_top200.tsv	/home/fjbalvino/Compare_mangroves/results/01_prepare_network_matrices_20260619_180455/matrices/depth_natural_counts_common_top200.tsv	depth_natural_counts_common_top200.tsv	/home/fjbalvino/Compare_mangroves/physeq_objeto_Estero.rds	physeq_objeto_Estero.rds	HQ697688.1.1523	HQ697688.1.1523	/home/fjbalvino/Compare_mangroves/physeq_objeto_Estero.rds	physeq_objeto_Estero.rds	Planctomycetota	BD7-11	BD7-11	BD7-11	BD7-11	uncultured_bacterium	BD7-11	BD7-11	FALSE	FALSE	phyloseq	NA	uncultured_bacterium	clean_taxon_id	HQ697688.1.1523
depth_natural	depth_natural_counts_common_top200.tsv	/home/fjbalvino/Compare_mangroves/results/01_prepare_network_matrices_20260619_180455/matrices/depth_natural_counts_common_top200.tsv	depth_natural_counts_common_top200.tsv	/home/fjbalvino/Compare_mangroves/physeq_objeto_Estero.rds	physeq_objeto_Estero.rds	HQ727627.1.1522	HQ727627.1.1522	/home/fjbalvino/Compare_mangroves/physeq_objeto_Estero.rds	physeq_objeto_Estero.rds	Myxococcota	bacteriap25	bacteriap25	bacteriap25	bacteriap25	uncultured_microorganism	bacteriap25	bacteriap25	FALSE	FALSE	phyloseq	NA	uncultured_microorganism	clean_taxon_id	HQ727627.1.1522
depth_natural	depth_natural_counts_common_top200.tsv	/home/fjbalvino/Compare_mangroves/results/01_prepare_network_matrices_20260619_180455/matrices/depth_natural_counts_common_top200.tsv	depth_natural_counts_common_top200.tsv	/home/fjbalvino/Compare_mangroves/physeq_objeto_Estero.rds	physeq_objeto_Estero.rds	HQ738402.1.1458	HQ738402.1.1458	/home/fjbalvino/Compare_mangroves/physeq_objeto_Estero.rds	physeq_objeto_Estero.rds	Bacteroidota	Ignavibacteria	Ignavibacteriales	PHOS-HE36	PHOS-HE36	uncultured_bacterium	PHOS-HE36	PHOS-HE36	FALSE	FALSE	phyloseq	NA	uncultured_bacterium	clean_taxon_id	HQ738402.1.1458
depth_natural	depth_natural_counts_common_top200.tsv	/home/fjbalvino/Compare_mangroves/results/01_prepare_network_matrices_20260619_180455/matrices/depth_natural_counts_common_top200.tsv	depth_natural_counts_common_top200.tsv	/home/fjbalvino/Compare_mangroves/physeq_objeto_Estero.rds	physeq_objeto_Estero.rds	JF268389.1.1458	JF268389.1.1458	/home/fjbalvino/Compare_mangroves/physeq_objeto_Estero.rds	physeq_objeto_Estero.rds	Proteobacteria	Alphaproteobacteria	Rhizobiales	Rhizobiales_Incertae_Sedis	Bauldia	NA	Bauldia	Rhizobiales_Incertae_Sedis	FALSE	FALSE	phyloseq	NA	NA	clean_taxon_id	JF268389.1.1458
depth_natural	depth_natural_counts_common_top200.tsv	/home/fjbalvino/Compare_mangroves/results/01_prepare_network_matrices_20260619_180455/matrices/depth_natural_counts_common_top200.tsv	depth_natural_counts_common_top200.tsv	/home/fjbalvino/Compare_mangroves/physeq_objeto_Estero.rds	physeq_objeto_Estero.rds	JF344478.1.1502	JF344478.1.1502	/home/fjbalvino/Compare_mangroves/physeq_objeto_Estero.rds	physeq_objeto_Estero.rds	Proteobacteria	Gammaproteobacteria	Nitrosococcales	Nitrosococcaceae	CI75cm.2.12	NA	CI75cm.2.12	Nitrosococcaceae	FALSE	FALSE	phyloseq	NA	NA	clean_taxon_id	JF344478.1.1502
depth_natural	depth_natural_counts_common_top200.tsv	/home/fjbalvino/Compare_mangroves/results/01_prepare_network_matrices_20260619_180455/matrices/depth_natural_counts_common_top200.tsv	depth_natural_counts_common_top200.tsv	/home/fjbalvino/Compare_mangroves/physeq_objeto_Estero.rds	physeq_objeto_Estero.rds	JF344561.1.1519	JF344561.1.1519	/home/fjbalvino/Compare_mangroves/physeq_objeto_Estero.rds	physeq_objeto_Estero.rds	Acidobacteriota	Thermoanaerobaculia	Thermoanaerobaculales	Thermoanaerobaculaceae	Subgroup_23	NA	Subgroup_23	Thermoanaerobaculaceae	FALSE	FALSE	phyloseq	NA	NA	clean_taxon_id	JF344561.1.1519
depth_natural	depth_natural_counts_common_top200.tsv	/home/fjbalvino/Compare_mangroves/results/01_prepare_network_matrices_20260619_180455/matrices/depth_natural_counts_common_top200.tsv	depth_natural_counts_common_top200.tsv	/home/fjbalvino/Compare_mangroves/physeq_objeto_Estero.rds	physeq_objeto_Estero.rds	JF344635.1.1514	JF344635.1.1514	/home/fjbalvino/Compare_mangroves/physeq_objeto_Estero.rds	physeq_objeto_Estero.rds	Acidobacteriota	Subgroup_22	Subgroup_22	Subgroup_22	Subgroup_22	uncultured_Acidobacteria	Subgroup_22	Subgroup_22	FALSE	FALSE	phyloseq	NA	uncultured_Acidobacteria	clean_taxon_id	JF344635.1.1514
depth_natural	depth_natural_counts_common_top200.tsv	/home/fjbalvino/Compare_mangroves/results/01_prepare_network_matrices_20260619_180455/matrices/depth_natural_counts_common_top200.tsv	depth_natural_counts_common_top200.tsv	/home/fjbalvino/Compare_mangroves/physeq_objeto_Estero.rds	physeq_objeto_Estero.rds	JF344665.1.1520	JF344665.1.1520	/home/fjbalvino/Compare_mangroves/physeq_objeto_Estero.rds	physeq_objeto_Estero.rds	Sva0485	Sva0485	Sva0485	Sva0485	Sva0485	NA	Sva0485	Sva0485	FALSE	FALSE	phyloseq	NA	NA	clean_taxon_id	JF344665.1.1520
depth_natural	depth_natural_counts_common_top200.tsv	/home/fjbalvino/Compare_mangroves/results/01_prepare_network_matrices_20260619_180455/matrices/depth_natural_counts_common_top200.tsv	depth_natural_counts_common_top200.tsv	/home/fjbalvino/Compare_mangroves/physeq_objeto_Estero.rds	physeq_objeto_Estero.rds	JF495328.1.1537	JF495328.1.1537	/home/fjbalvino/Compare_mangroves/physeq_objeto_Estero.rds	physeq_objeto_Estero.rds	Desulfobacterota	Desulfobacteria	Desulfatiglandales	Desulfatiglandaceae	Desulfatiglans	uncultured_bacterium	Desulfatiglans	Desulfatiglandaceae	FALSE	FALSE	phyloseq	NA	uncultured_bacterium	clean_taxon_id	JF495328.1.1537
depth_natural	depth_natural_counts_common_top200.tsv	/home/fjbalvino/Compare_mangroves/results/01_prepare_network_matrices_20260619_180455/matrices/depth_natural_counts_common_top200.tsv	depth_natural_counts_common_top200.tsv	/home/fjbalvino/Compare_mangroves/physeq_objeto_Estero.rds	physeq_objeto_Estero.rds	JN003082.1.1327	JN003082.1.1327	/home/fjbalvino/Compare_mangroves/physeq_objeto_Estero.rds	physeq_objeto_Estero.rds	Gemmatimonadota	BD2-11_terrestrial_group	BD2-11_terrestrial_group	BD2-11_terrestrial_group	BD2-11_terrestrial_group	NA	BD2-11_terrestrial_group	BD2-11_terrestrial_group	FALSE	FALSE	phyloseq	NA	NA	clean_taxon_id	JN003082.1.1327
depth_natural	depth_natural_counts_common_top200.tsv	/home/fjbalvino/Compare_mangroves/results/01_prepare_network_matrices_20260619_180455/matrices/depth_natural_counts_common_top200.tsv	depth_natural_counts_common_top200.tsv	/home/fjbalvino/Compare_mangroves/physeq_objeto_Estero.rds	physeq_objeto_Estero.rds	JN038216.1.1526	JN038216.1.1526	/home/fjbalvino/Compare_mangroves/physeq_objeto_Estero.rds	physeq_objeto_Estero.rds	Gemmatimonadota	BD2-11_terrestrial_group	BD2-11_terrestrial_group	BD2-11_terrestrial_group	BD2-11_terrestrial_group	uncultured_bacterium	BD2-11_terrestrial_group	BD2-11_terrestrial_group	FALSE	FALSE	phyloseq	NA	uncultured_bacterium	clean_taxon_id	JN038216.1.1526
depth_natural	depth_natural_counts_common_top200.tsv	/home/fjbalvino/Compare_mangroves/results/01_prepare_network_matrices_20260619_180455/matrices/depth_natural_counts_common_top200.tsv	depth_natural_counts_common_top200.tsv	/home/fjbalvino/Compare_mangroves/physeq_objeto_Estero.rds	physeq_objeto_Estero.rds	JN457602.1.1397	JN457602.1.1397	/home/fjbalvino/Compare_mangroves/physeq_objeto_Estero.rds	physeq_objeto_Estero.rds	SAR324_clade(Marine_group_B)	SAR324_clade(Marine_group_B)	SAR324_clade(Marine_group_B)	SAR324_clade(Marine_group_B)	SAR324_clade(Marine_group_B)	uncultured_organism	SAR324_clade_Marine_group_B_	SAR324_clade(Marine_group_B)	FALSE	FALSE	phyloseq	NA	uncultured_organism	clean_taxon_id	JN457602.1.1397
depth_natural	depth_natural_counts_common_top200.tsv	/home/fjbalvino/Compare_mangroves/results/01_prepare_network_matrices_20260619_180455/matrices/depth_natural_counts_common_top200.tsv	depth_natural_counts_common_top200.tsv	/home/fjbalvino/Compare_mangroves/physeq_objeto_Estero.rds	physeq_objeto_Estero.rds	JN498221.1.1394	JN498221.1.1394	/home/fjbalvino/Compare_mangroves/physeq_objeto_Estero.rds	physeq_objeto_Estero.rds	Desulfobacterota	Desulfobacteria	Desulfatiglandales	Desulfatiglandaceae	Desulfatiglans	NA	Desulfatiglans	Desulfatiglandaceae	FALSE	FALSE	phyloseq	NA	NA	clean_taxon_id	JN498221.1.1394
depth_natural	depth_natural_counts_common_top200.tsv	/home/fjbalvino/Compare_mangroves/results/01_prepare_network_matrices_20260619_180455/matrices/depth_natural_counts_common_top200.tsv	depth_natural_counts_common_top200.tsv	/home/fjbalvino/Compare_mangroves/physeq_objeto_Estero.rds	physeq_objeto_Estero.rds	JN518931.1.1452	JN518931.1.1452	/home/fjbalvino/Compare_mangroves/physeq_objeto_Estero.rds	physeq_objeto_Estero.rds	Desulfobacterota	Desulfobacteria	Desulfatiglandales	Desulfatiglandaceae	Desulfatiglans	NA	Desulfatiglans	Desulfatiglandaceae	FALSE	FALSE	phyloseq	NA	NA	clean_taxon_id	JN518931.1.1452
depth_natural	depth_natural_counts_common_top200.tsv	/home/fjbalvino/Compare_mangroves/results/01_prepare_network_matrices_20260619_180455/matrices/depth_natural_counts_common_top200.tsv	depth_natural_counts_common_top200.tsv	/home/fjbalvino/Compare_mangroves/physeq_objeto_Estero.rds	physeq_objeto_Estero.rds	JN977174.1.1546	JN977174.1.1546	/home/fjbalvino/Compare_mangroves/physeq_objeto_Estero.rds	physeq_objeto_Estero.rds	Desulfobacterota	Desulfobacteria	Desulfatiglandales	Desulfatiglandaceae	Desulfatiglans	NA	Desulfatiglans	Desulfatiglandaceae	FALSE	FALSE	phyloseq	NA	NA	clean_taxon_id	JN977174.1.1546
depth_natural	depth_natural_counts_common_top200.tsv	/home/fjbalvino/Compare_mangroves/results/01_prepare_network_matrices_20260619_180455/matrices/depth_natural_counts_common_top200.tsv	depth_natural_counts_common_top200.tsv	/home/fjbalvino/Compare_mangroves/physeq_objeto_Estero.rds	physeq_objeto_Estero.rds	JN977195.1.1550	JN977195.1.1550	/home/fjbalvino/Compare_mangroves/physeq_objeto_Estero.rds	physeq_objeto_Estero.rds	Calditrichota	Calditrichia	Calditrichales	Calditrichaceae	Calditrichaceae	NA	Calditrichaceae	Calditrichaceae	FALSE	FALSE	phyloseq	NA	NA	clean_taxon_id	JN977195.1.1550
depth_natural	depth_natural_counts_common_top200.tsv	/home/fjbalvino/Compare_mangroves/results/01_prepare_network_matrices_20260619_180455/matrices/depth_natural_counts_common_top200.tsv	depth_natural_counts_common_top200.tsv	/home/fjbalvino/Compare_mangroves/physeq_objeto_Estero.rds	physeq_objeto_Estero.rds	JQ245921.1.944	JQ245921.1.944	/home/fjbalvino/Compare_mangroves/physeq_objeto_Estero.rds	physeq_objeto_Estero.rds	Crenarchaeota	Bathyarchaeia	Bathyarchaeia	Bathyarchaeia	Bathyarchaeia	uncultured_miscellaneous	Bathyarchaeia	Bathyarchaeia	FALSE	FALSE	phyloseq	NA	uncultured_miscellaneous	clean_taxon_id	JQ245921.1.944
depth_natural	depth_natural_counts_common_top200.tsv	/home/fjbalvino/Compare_mangroves/results/01_prepare_network_matrices_20260619_180455/matrices/depth_natural_counts_common_top200.tsv	depth_natural_counts_common_top200.tsv	/home/fjbalvino/Compare_mangroves/physeq_objeto_Estero.rds	physeq_objeto_Estero.rds	JQ426267.1.1505	JQ426267.1.1505	/home/fjbalvino/Compare_mangroves/physeq_objeto_Estero.rds	physeq_objeto_Estero.rds	Acidobacteriota	Vicinamibacteria	Vicinamibacterales	Vicinamibacteraceae	Vicinamibacteraceae	NA	Vicinamibacteraceae	Vicinamibacteraceae	FALSE	FALSE	phyloseq	NA	NA	clean_taxon_id	JQ426267.1.1505
depth_natural	depth_natural_counts_common_top200.tsv	/home/fjbalvino/Compare_mangroves/results/01_prepare_network_matrices_20260619_180455/matrices/depth_natural_counts_common_top200.tsv	depth_natural_counts_common_top200.tsv	/home/fjbalvino/Compare_mangroves/physeq_objeto_Estero.rds	physeq_objeto_Estero.rds	JQ580158.1.1515	JQ580158.1.1515	/home/fjbalvino/Compare_mangroves/physeq_objeto_Estero.rds	physeq_objeto_Estero.rds	NB1-j	NB1-j	NB1-j	NB1-j	NB1-j	NA	NB1-j	NB1-j	FALSE	FALSE	phyloseq	NA	NA	clean_taxon_id	JQ580158.1.1515
depth_natural	depth_natural_counts_common_top200.tsv	/home/fjbalvino/Compare_mangroves/results/01_prepare_network_matrices_20260619_180455/matrices/depth_natural_counts_common_top200.tsv	depth_natural_counts_common_top200.tsv	/home/fjbalvino/Compare_mangroves/physeq_objeto_Estero.rds	physeq_objeto_Estero.rds	JQ580221.1.1496	JQ580221.1.1496	/home/fjbalvino/Compare_mangroves/physeq_objeto_Estero.rds	physeq_objeto_Estero.rds	Calditrichota	Calditrichia	Calditrichales	Calditrichaceae	Calditrichaceae	uncultured_Deferribacteres	Calditrichaceae	Calditrichaceae	FALSE	FALSE	phyloseq	NA	uncultured_Deferribacteres	clean_taxon_id	JQ580221.1.1496
depth_natural	depth_natural_counts_common_top200.tsv	/home/fjbalvino/Compare_mangroves/results/01_prepare_network_matrices_20260619_180455/matrices/depth_natural_counts_common_top200.tsv	depth_natural_counts_common_top200.tsv	/home/fjbalvino/Compare_mangroves/physeq_objeto_Estero.rds	physeq_objeto_Estero.rds	JQ580306.1.1521	JQ580306.1.1521	/home/fjbalvino/Compare_mangroves/physeq_objeto_Estero.rds	physeq_objeto_Estero.rds	Desulfobacterota	Desulfobacteria	Desulfobacterales	Desulfosarcinaceae	Sva0081_sediment_group	NA	Sva0081_sediment_group	Desulfosarcinaceae	FALSE	FALSE	phyloseq	NA	NA	clean_taxon_id	JQ580306.1.1521
depth_natural	depth_natural_counts_common_top200.tsv	/home/fjbalvino/Compare_mangroves/results/01_prepare_network_matrices_20260619_180455/matrices/depth_natural_counts_common_top200.tsv	depth_natural_counts_common_top200.tsv	/home/fjbalvino/Compare_mangroves/physeq_objeto_Estero.rds	physeq_objeto_Estero.rds	JQ580309.1.1482	JQ580309.1.1482	/home/fjbalvino/Compare_mangroves/physeq_objeto_Estero.rds	physeq_objeto_Estero.rds	Bacteroidota	Bacteroidia	Bacteroidales	Bacteroidetes_BD2-2	Bacteroidetes_BD2-2	NA	Bacteroidetes_BD2-2	Bacteroidetes_BD2-2	FALSE	FALSE	phyloseq	NA	NA	clean_taxon_id	JQ580309.1.1482
depth_natural	depth_natural_counts_common_top200.tsv	/home/fjbalvino/Compare_mangroves/results/01_prepare_network_matrices_20260619_180455/matrices/depth_natural_counts_common_top200.tsv	depth_natural_counts_common_top200.tsv	/home/fjbalvino/Compare_mangroves/physeq_objeto_Estero.rds	physeq_objeto_Estero.rds	JQ580330.1.1478	JQ580330.1.1478	/home/fjbalvino/Compare_mangroves/physeq_objeto_Estero.rds	physeq_objeto_Estero.rds	Bacteroidota	Bacteroidia	Bacteroidales	Bacteroidetes_BD2-2	Bacteroidetes_BD2-2	NA	Bacteroidetes_BD2-2	Bacteroidetes_BD2-2	FALSE	FALSE	phyloseq	NA	NA	clean_taxon_id	JQ580330.1.1478
depth_natural	depth_natural_counts_common_top200.tsv	/home/fjbalvino/Compare_mangroves/results/01_prepare_network_matrices_20260619_180455/matrices/depth_natural_counts_common_top200.tsv	depth_natural_counts_common_top200.tsv	/home/fjbalvino/Compare_mangroves/physeq_objeto_Estero.rds	physeq_objeto_Estero.rds	JQ580439.1.1531	JQ580439.1.1531	/home/fjbalvino/Compare_mangroves/physeq_objeto_Estero.rds	physeq_objeto_Estero.rds	Desulfobacterota	Desulfobacteria	Desulfatiglandales	Desulfatiglandaceae	Desulfatiglans	NA	Desulfatiglans	Desulfatiglandaceae	FALSE	FALSE	phyloseq	NA	NA	clean_taxon_id	JQ580439.1.1531
depth_natural	depth_natural_counts_common_top200.tsv	/home/fjbalvino/Compare_mangroves/results/01_prepare_network_matrices_20260619_180455/matrices/depth_natural_counts_common_top200.tsv	depth_natural_counts_common_top200.tsv	/home/fjbalvino/Compare_mangroves/physeq_objeto_Estero.rds	physeq_objeto_Estero.rds	JQ716269.1.1517	JQ716269.1.1517	/home/fjbalvino/Compare_mangroves/physeq_objeto_Estero.rds	physeq_objeto_Estero.rds	Calditrichota	Calditrichia	Calditrichales	Calditrichaceae	Calditrichaceae	uncultured_bacterium	Calditrichaceae	Calditrichaceae	FALSE	FALSE	phyloseq	NA	uncultured_bacterium	clean_taxon_id	JQ716269.1.1517
depth_natural	depth_natural_counts_common_top200.tsv	/home/fjbalvino/Compare_mangroves/results/01_prepare_network_matrices_20260619_180455/matrices/depth_natural_counts_common_top200.tsv	depth_natural_counts_common_top200.tsv	/home/fjbalvino/Compare_mangroves/physeq_objeto_Estero.rds	physeq_objeto_Estero.rds	JQ816885.1.1488	JQ816885.1.1488	/home/fjbalvino/Compare_mangroves/physeq_objeto_Estero.rds	physeq_objeto_Estero.rds	Zixibacteria	Zixibacteria	Zixibacteria	Zixibacteria	Zixibacteria	NA	Zixibacteria	Zixibacteria	FALSE	FALSE	phyloseq	NA	NA	clean_taxon_id	JQ816885.1.1488
depth_natural	depth_natural_counts_common_top200.tsv	/home/fjbalvino/Compare_mangroves/results/01_prepare_network_matrices_20260619_180455/matrices/depth_natural_counts_common_top200.tsv	depth_natural_counts_common_top200.tsv	/home/fjbalvino/Compare_mangroves/physeq_objeto_Estero.rds	physeq_objeto_Estero.rds	JQ817984.1.1485	JQ817984.1.1485	/home/fjbalvino/Compare_mangroves/physeq_objeto_Estero.rds	physeq_objeto_Estero.rds	Myxococcota	Polyangia	VHS-B3-70	VHS-B3-70	VHS-B3-70	uncultured_bacterium	VHS-B3-70	VHS-B3-70	FALSE	FALSE	phyloseq	NA	uncultured_bacterium	clean_taxon_id	JQ817984.1.1485
depth_natural	depth_natural_counts_common_top200.tsv	/home/fjbalvino/Compare_mangroves/results/01_prepare_network_matrices_20260619_180455/matrices/depth_natural_counts_common_top200.tsv	depth_natural_counts_common_top200.tsv	/home/fjbalvino/Compare_mangroves/physeq_objeto_Estero.rds	physeq_objeto_Estero.rds	JQ824907.1.1522	JQ824907.1.1522	/home/fjbalvino/Compare_mangroves/physeq_objeto_Estero.rds	physeq_objeto_Estero.rds	Gemmatimonadota	BD2-11_terrestrial_group	BD2-11_terrestrial_group	BD2-11_terrestrial_group	BD2-11_terrestrial_group	NA	BD2-11_terrestrial_group	BD2-11_terrestrial_group	FALSE	FALSE	phyloseq	NA	NA	clean_taxon_id	JQ824907.1.1522
depth_natural	depth_natural_counts_common_top200.tsv	/home/fjbalvino/Compare_mangroves/results/01_prepare_network_matrices_20260619_180455/matrices/depth_natural_counts_common_top200.tsv	depth_natural_counts_common_top200.tsv	/home/fjbalvino/Compare_mangroves/physeq_objeto_Estero.rds	physeq_objeto_Estero.rds	JX241033.1.1526	JX241033.1.1526	/home/fjbalvino/Compare_mangroves/physeq_objeto_Estero.rds	physeq_objeto_Estero.rds	Gemmatimonadota	BD2-11_terrestrial_group	BD2-11_terrestrial_group	BD2-11_terrestrial_group	BD2-11_terrestrial_group	unidentified_bacterium	BD2-11_terrestrial_group	BD2-11_terrestrial_group	FALSE	FALSE	phyloseq	NA	unidentified_bacterium	clean_taxon_id	JX241033.1.1526
depth_natural	depth_natural_counts_common_top200.tsv	/home/fjbalvino/Compare_mangroves/results/01_prepare_network_matrices_20260619_180455/matrices/depth_natural_counts_common_top200.tsv	depth_natural_counts_common_top200.tsv	/home/fjbalvino/Compare_mangroves/physeq_objeto_Estero.rds	physeq_objeto_Estero.rds	JX482201.1.900	JX482201.1.900	/home/fjbalvino/Compare_mangroves/physeq_objeto_Estero.rds	physeq_objeto_Estero.rds	Crenarchaeota	Bathyarchaeia	Bathyarchaeia	Bathyarchaeia	Bathyarchaeia	NA	Bathyarchaeia	Bathyarchaeia	FALSE	FALSE	phyloseq	NA	NA	clean_taxon_id	JX482201.1.900
depth_natural	depth_natural_counts_common_top200.tsv	/home/fjbalvino/Compare_mangroves/results/01_prepare_network_matrices_20260619_180455/matrices/depth_natural_counts_common_top200.tsv	depth_natural_counts_common_top200.tsv	/home/fjbalvino/Compare_mangroves/physeq_objeto_Estero.rds	physeq_objeto_Estero.rds	JX504490.1.1557	JX504490.1.1557	/home/fjbalvino/Compare_mangroves/physeq_objeto_Estero.rds	physeq_objeto_Estero.rds	Desulfobacterota	Desulfobacteria	Desulfobacterales	Desulfosarcinaceae	SEEP-SRB1	NA	SEEP-SRB1	Desulfosarcinaceae	FALSE	FALSE	phyloseq	NA	NA	clean_taxon_id	JX504490.1.1557
depth_natural	depth_natural_counts_common_top200.tsv	/home/fjbalvino/Compare_mangroves/results/01_prepare_network_matrices_20260619_180455/matrices/depth_natural_counts_common_top200.tsv	depth_natural_counts_common_top200.tsv	/home/fjbalvino/Compare_mangroves/physeq_objeto_Estero.rds	physeq_objeto_Estero.rds	JX870311.1.915	JX870311.1.915	/home/fjbalvino/Compare_mangroves/physeq_objeto_Estero.rds	physeq_objeto_Estero.rds	Thermoplasmatota	Thermoplasmata	Marine_Benthic_Group_D_and_DHVEG-1	Marine_Benthic_Group_D_and_DHVEG-1	Marine_Benthic_Group_D_and_DHVEG-1	uncultured_archaeon	Marine_Benthic_Group_D_and_DHVEG-1	Marine_Benthic_Group_D_and_DHVEG-1	FALSE	FALSE	phyloseq	NA	uncultured_archaeon	clean_taxon_id	JX870311.1.915
depth_natural	depth_natural_counts_common_top200.tsv	/home/fjbalvino/Compare_mangroves/results/01_prepare_network_matrices_20260619_180455/matrices/depth_natural_counts_common_top200.tsv	depth_natural_counts_common_top200.tsv	/home/fjbalvino/Compare_mangroves/physeq_objeto_Estero.rds	physeq_objeto_Estero.rds	JX870317.1.915	JX870317.1.915	/home/fjbalvino/Compare_mangroves/physeq_objeto_Estero.rds	physeq_objeto_Estero.rds	Thermoplasmatota	Thermoplasmata	Marine_Benthic_Group_D_and_DHVEG-1	Marine_Benthic_Group_D_and_DHVEG-1	Marine_Benthic_Group_D_and_DHVEG-1	uncultured_archaeon	Marine_Benthic_Group_D_and_DHVEG-1	Marine_Benthic_Group_D_and_DHVEG-1	FALSE	FALSE	phyloseq	NA	uncultured_archaeon	clean_taxon_id	JX870317.1.915
depth_natural	depth_natural_counts_common_top200.tsv	/home/fjbalvino/Compare_mangroves/results/01_prepare_network_matrices_20260619_180455/matrices/depth_natural_counts_common_top200.tsv	depth_natural_counts_common_top200.tsv	/home/fjbalvino/Compare_mangroves/physeq_objeto_Estero.rds	physeq_objeto_Estero.rds	KC009869.1.1401	KC009869.1.1401	/home/fjbalvino/Compare_mangroves/physeq_objeto_Estero.rds	physeq_objeto_Estero.rds	Proteobacteria	Gammaproteobacteria	Burkholderiales	Nitrosomonadaceae	MND1	NA	MND1	Nitrosomonadaceae	FALSE	FALSE	phyloseq	NA	NA	clean_taxon_id	KC009869.1.1401
depth_natural	depth_natural_counts_common_top200.tsv	/home/fjbalvino/Compare_mangroves/results/01_prepare_network_matrices_20260619_180455/matrices/depth_natural_counts_common_top200.tsv	depth_natural_counts_common_top200.tsv	/home/fjbalvino/Compare_mangroves/physeq_objeto_Estero.rds	physeq_objeto_Estero.rds	KC009877.1.1515	KC009877.1.1515	/home/fjbalvino/Compare_mangroves/physeq_objeto_Estero.rds	physeq_objeto_Estero.rds	NB1-j	NB1-j	NB1-j	NB1-j	NB1-j	NA	NB1-j	NB1-j	FALSE	FALSE	phyloseq	NA	NA	clean_taxon_id	KC009877.1.1515
depth_natural	depth_natural_counts_common_top200.tsv	/home/fjbalvino/Compare_mangroves/results/01_prepare_network_matrices_20260619_180455/matrices/depth_natural_counts_common_top200.tsv	depth_natural_counts_common_top200.tsv	/home/fjbalvino/Compare_mangroves/physeq_objeto_Estero.rds	physeq_objeto_Estero.rds	KC009895.1.1442	KC009895.1.1442	/home/fjbalvino/Compare_mangroves/physeq_objeto_Estero.rds	physeq_objeto_Estero.rds	NB1-j	NB1-j	NB1-j	NB1-j	NB1-j	NA	NB1-j	NB1-j	FALSE	FALSE	phyloseq	NA	NA	clean_taxon_id	KC009895.1.1442
depth_natural	depth_natural_counts_common_top200.tsv	/home/fjbalvino/Compare_mangroves/results/01_prepare_network_matrices_20260619_180455/matrices/depth_natural_counts_common_top200.tsv	depth_natural_counts_common_top200.tsv	/home/fjbalvino/Compare_mangroves/physeq_objeto_Estero.rds	physeq_objeto_Estero.rds	KC009933.1.1519	KC009933.1.1519	/home/fjbalvino/Compare_mangroves/physeq_objeto_Estero.rds	physeq_objeto_Estero.rds	Proteobacteria	Gammaproteobacteria	EPR3968-O8a-Bc78	EPR3968-O8a-Bc78	EPR3968-O8a-Bc78	NA	EPR3968-O8a-Bc78	EPR3968-O8a-Bc78	FALSE	FALSE	phyloseq	NA	NA	clean_taxon_id	KC009933.1.1519
depth_natural	depth_natural_counts_common_top200.tsv	/home/fjbalvino/Compare_mangroves/results/01_prepare_network_matrices_20260619_180455/matrices/depth_natural_counts_common_top200.tsv	depth_natural_counts_common_top200.tsv	/home/fjbalvino/Compare_mangroves/physeq_objeto_Estero.rds	physeq_objeto_Estero.rds	KC470953.1.1371	KC470953.1.1371	/home/fjbalvino/Compare_mangroves/physeq_objeto_Estero.rds	physeq_objeto_Estero.rds	Desulfobacterota	Desulfobacteria	Desulfatiglandales	Desulfatiglandaceae	Desulfatiglans	NA	Desulfatiglans	Desulfatiglandaceae	FALSE	FALSE	phyloseq	NA	NA	clean_taxon_id	KC470953.1.1371
depth_natural	depth_natural_counts_common_top200.tsv	/home/fjbalvino/Compare_mangroves/results/01_prepare_network_matrices_20260619_180455/matrices/depth_natural_counts_common_top200.tsv	depth_natural_counts_common_top200.tsv	/home/fjbalvino/Compare_mangroves/physeq_objeto_Estero.rds	physeq_objeto_Estero.rds	KC471044.1.1422	KC471044.1.1422	/home/fjbalvino/Compare_mangroves/physeq_objeto_Estero.rds	physeq_objeto_Estero.rds	Planctomycetota	Phycisphaerae	Phycisphaerales	Phycisphaeraceae	Urania-1B-19_marine_sediment_group	uncultured_planctomycete	Urania-1B-19_marine_sediment_group	Phycisphaeraceae	FALSE	FALSE	phyloseq	NA	uncultured_planctomycete	clean_taxon_id	KC471044.1.1422
depth_natural	depth_natural_counts_common_top200.tsv	/home/fjbalvino/Compare_mangroves/results/01_prepare_network_matrices_20260619_180455/matrices/depth_natural_counts_common_top200.tsv	depth_natural_counts_common_top200.tsv	/home/fjbalvino/Compare_mangroves/physeq_objeto_Estero.rds	physeq_objeto_Estero.rds	KF460404.1.1524	KF460404.1.1524	/home/fjbalvino/Compare_mangroves/physeq_objeto_Estero.rds	physeq_objeto_Estero.rds	Latescibacterota	Latescibacteria	Latescibacterales	Latescibacteraceae	Latescibacteraceae	bacterium_enrichment	Latescibacteraceae	Latescibacteraceae	FALSE	FALSE	phyloseq	NA	bacterium_enrichment	clean_taxon_id	KF460404.1.1524
depth_natural	depth_natural_counts_common_top200.tsv	/home/fjbalvino/Compare_mangroves/results/01_prepare_network_matrices_20260619_180455/matrices/depth_natural_counts_common_top200.tsv	depth_natural_counts_common_top200.tsv	/home/fjbalvino/Compare_mangroves/physeq_objeto_Estero.rds	physeq_objeto_Estero.rds	KF616783.1.1488	KF616783.1.1488	/home/fjbalvino/Compare_mangroves/physeq_objeto_Estero.rds	physeq_objeto_Estero.rds	Desulfobacterota	Desulfobacteria	Desulfatiglandales	Desulfatiglandaceae	Desulfatiglans	NA	Desulfatiglans	Desulfatiglandaceae	FALSE	FALSE	phyloseq	NA	NA	clean_taxon_id	KF616783.1.1488
depth_natural	depth_natural_counts_common_top200.tsv	/home/fjbalvino/Compare_mangroves/results/01_prepare_network_matrices_20260619_180455/matrices/depth_natural_counts_common_top200.tsv	depth_natural_counts_common_top200.tsv	/home/fjbalvino/Compare_mangroves/physeq_objeto_Estero.rds	physeq_objeto_Estero.rds	KJ817459.1.1525	KJ817459.1.1525	/home/fjbalvino/Compare_mangroves/physeq_objeto_Estero.rds	physeq_objeto_Estero.rds	Gemmatimonadota	BD2-11_terrestrial_group	BD2-11_terrestrial_group	BD2-11_terrestrial_group	BD2-11_terrestrial_group	uncultured_bacterium	BD2-11_terrestrial_group	BD2-11_terrestrial_group	FALSE	FALSE	phyloseq	NA	uncultured_bacterium	clean_taxon_id	KJ817459.1.1525
depth_natural	depth_natural_counts_common_top200.tsv	/home/fjbalvino/Compare_mangroves/results/01_prepare_network_matrices_20260619_180455/matrices/depth_natural_counts_common_top200.tsv	depth_natural_counts_common_top200.tsv	/home/fjbalvino/Compare_mangroves/physeq_objeto_Estero.rds	physeq_objeto_Estero.rds	KJ817493.1.1525	KJ817493.1.1525	/home/fjbalvino/Compare_mangroves/physeq_objeto_Estero.rds	physeq_objeto_Estero.rds	Gemmatimonadota	BD2-11_terrestrial_group	BD2-11_terrestrial_group	BD2-11_terrestrial_group	BD2-11_terrestrial_group	NA	BD2-11_terrestrial_group	BD2-11_terrestrial_group	FALSE	FALSE	phyloseq	NA	NA	clean_taxon_id	KJ817493.1.1525
depth_natural	depth_natural_counts_common_top200.tsv	/home/fjbalvino/Compare_mangroves/results/01_prepare_network_matrices_20260619_180455/matrices/depth_natural_counts_common_top200.tsv	depth_natural_counts_common_top200.tsv	/home/fjbalvino/Compare_mangroves/physeq_objeto_Estero.rds	physeq_objeto_Estero.rds	KJ817529.1.1517	KJ817529.1.1517	/home/fjbalvino/Compare_mangroves/physeq_objeto_Estero.rds	physeq_objeto_Estero.rds	Proteobacteria	Gammaproteobacteria	JTB23	JTB23	JTB23	NA	JTB23	JTB23	FALSE	FALSE	phyloseq	NA	NA	clean_taxon_id	KJ817529.1.1517
depth_natural	depth_natural_counts_common_top200.tsv	/home/fjbalvino/Compare_mangroves/results/01_prepare_network_matrices_20260619_180455/matrices/depth_natural_counts_common_top200.tsv	depth_natural_counts_common_top200.tsv	/home/fjbalvino/Compare_mangroves/physeq_objeto_Estero.rds	physeq_objeto_Estero.rds	KJ817533.1.1498	KJ817533.1.1498	/home/fjbalvino/Compare_mangroves/physeq_objeto_Estero.rds	physeq_objeto_Estero.rds	Proteobacteria	Gammaproteobacteria	EPR3968-O8a-Bc78	EPR3968-O8a-Bc78	EPR3968-O8a-Bc78	NA	EPR3968-O8a-Bc78	EPR3968-O8a-Bc78	FALSE	FALSE	phyloseq	NA	NA	clean_taxon_id	KJ817533.1.1498
depth_natural	depth_natural_counts_common_top200.tsv	/home/fjbalvino/Compare_mangroves/results/01_prepare_network_matrices_20260619_180455/matrices/depth_natural_counts_common_top200.tsv	depth_natural_counts_common_top200.tsv	/home/fjbalvino/Compare_mangroves/physeq_objeto_Estero.rds	physeq_objeto_Estero.rds	KM108644.1.1515	KM108644.1.1515	/home/fjbalvino/Compare_mangroves/physeq_objeto_Estero.rds	physeq_objeto_Estero.rds	NB1-j	NB1-j	NB1-j	NB1-j	NB1-j	uncultured_Desulfoglaeba	NB1-j	NB1-j	FALSE	FALSE	phyloseq	NA	uncultured_Desulfoglaeba	clean_taxon_id	KM108644.1.1515
depth_natural	depth_natural_counts_common_top200.tsv	/home/fjbalvino/Compare_mangroves/results/01_prepare_network_matrices_20260619_180455/matrices/depth_natural_counts_common_top200.tsv	depth_natural_counts_common_top200.tsv	/home/fjbalvino/Compare_mangroves/physeq_objeto_Estero.rds	physeq_objeto_Estero.rds	KM203484.1.1200	KM203484.1.1200	/home/fjbalvino/Compare_mangroves/physeq_objeto_Estero.rds	physeq_objeto_Estero.rds	Latescibacterota	Latescibacteria	Latescibacterales	Latescibacteraceae	Latescibacteraceae	uncultured_bacterium	Latescibacteraceae	Latescibacteraceae	FALSE	FALSE	phyloseq	NA	uncultured_bacterium	clean_taxon_id	KM203484.1.1200
depth_natural	depth_natural_counts_common_top200.tsv	/home/fjbalvino/Compare_mangroves/results/01_prepare_network_matrices_20260619_180455/matrices/depth_natural_counts_common_top200.tsv	depth_natural_counts_common_top200.tsv	/home/fjbalvino/Compare_mangroves/physeq_objeto_Estero.rds	physeq_objeto_Estero.rds	KM356600.1.1484	KM356600.1.1484	/home/fjbalvino/Compare_mangroves/physeq_objeto_Estero.rds	physeq_objeto_Estero.rds	NB1-j	NB1-j	NB1-j	NB1-j	NB1-j	NA	NB1-j	NB1-j	FALSE	FALSE	phyloseq	NA	NA	clean_taxon_id	KM356600.1.1484
depth_natural	depth_natural_counts_common_top200.tsv	/home/fjbalvino/Compare_mangroves/results/01_prepare_network_matrices_20260619_180455/matrices/depth_natural_counts_common_top200.tsv	depth_natural_counts_common_top200.tsv	/home/fjbalvino/Compare_mangroves/physeq_objeto_Estero.rds	physeq_objeto_Estero.rds	KM356725.1.1424	KM356725.1.1424	/home/fjbalvino/Compare_mangroves/physeq_objeto_Estero.rds	physeq_objeto_Estero.rds	Chloroflexi	Dehalococcoidia	GIF3	GIF3	GIF3	uncultured_bacterium	GIF3	GIF3	FALSE	FALSE	phyloseq	NA	uncultured_bacterium	clean_taxon_id	KM356725.1.1424
depth_natural	depth_natural_counts_common_top200.tsv	/home/fjbalvino/Compare_mangroves/results/01_prepare_network_matrices_20260619_180455/matrices/depth_natural_counts_common_top200.tsv	depth_natural_counts_common_top200.tsv	/home/fjbalvino/Compare_mangroves/physeq_objeto_Estero.rds	physeq_objeto_Estero.rds	KM356749.1.1483	KM356749.1.1483	/home/fjbalvino/Compare_mangroves/physeq_objeto_Estero.rds	physeq_objeto_Estero.rds	Desulfobacterota	Desulfobacteria	Desulfatiglandales	Desulfatiglandaceae	Desulfatiglans	NA	Desulfatiglans	Desulfatiglandaceae	FALSE	FALSE	phyloseq	NA	NA	clean_taxon_id	KM356749.1.1483
depth_natural	depth_natural_counts_common_top200.tsv	/home/fjbalvino/Compare_mangroves/results/01_prepare_network_matrices_20260619_180455/matrices/depth_natural_counts_common_top200.tsv	depth_natural_counts_common_top200.tsv	/home/fjbalvino/Compare_mangroves/physeq_objeto_Estero.rds	physeq_objeto_Estero.rds	KP174553.1.1436	KP174553.1.1436	/home/fjbalvino/Compare_mangroves/physeq_objeto_Estero.rds	physeq_objeto_Estero.rds	Proteobacteria	Alphaproteobacteria	Caulobacterales	Parvularculaceae	Amphiplicatus	bacterium_YC-ZSS-LKJ85	Amphiplicatus	Parvularculaceae	FALSE	FALSE	phyloseq	NA	bacterium_YC-ZSS-LKJ85	clean_taxon_id	KP174553.1.1436
depth_natural	depth_natural_counts_common_top200.tsv	/home/fjbalvino/Compare_mangroves/results/01_prepare_network_matrices_20260619_180455/matrices/depth_natural_counts_common_top200.tsv	depth_natural_counts_common_top200.tsv	/home/fjbalvino/Compare_mangroves/physeq_objeto_Estero.rds	physeq_objeto_Estero.rds	KP728222.1.1525	KP728222.1.1525	/home/fjbalvino/Compare_mangroves/physeq_objeto_Estero.rds	physeq_objeto_Estero.rds	Desulfobacterota	Desulfobacteria	Desulfobacterales	Desulfosarcinaceae	Desulfatitalea	uncultured_bacterium	Desulfatitalea	Desulfosarcinaceae	FALSE	FALSE	phyloseq	NA	uncultured_bacterium	clean_taxon_id	KP728222.1.1525
depth_natural	depth_natural_counts_common_top200.tsv	/home/fjbalvino/Compare_mangroves/results/01_prepare_network_matrices_20260619_180455/matrices/depth_natural_counts_common_top200.tsv	depth_natural_counts_common_top200.tsv	/home/fjbalvino/Compare_mangroves/physeq_objeto_Estero.rds	physeq_objeto_Estero.rds	KP762238.1.1208	KP762238.1.1208	/home/fjbalvino/Compare_mangroves/physeq_objeto_Estero.rds	physeq_objeto_Estero.rds	Proteobacteria	Alphaproteobacteria	Caulobacterales	Caulobacteraceae	Brevundimonas	NA	Brevundimonas	Caulobacteraceae	FALSE	FALSE	phyloseq	NA	NA	clean_taxon_id	KP762238.1.1208
depth_natural	depth_natural_counts_common_top200.tsv	/home/fjbalvino/Compare_mangroves/results/01_prepare_network_matrices_20260619_180455/matrices/depth_natural_counts_common_top200.tsv	depth_natural_counts_common_top200.tsv	/home/fjbalvino/Compare_mangroves/physeq_objeto_Estero.rds	physeq_objeto_Estero.rds	KR824977.1.1462	KR824977.1.1462	/home/fjbalvino/Compare_mangroves/physeq_objeto_Estero.rds	physeq_objeto_Estero.rds	Chloroflexi	Dehalococcoidia	vadinBA26	vadinBA26	vadinBA26	uncultured_bacterium	vadinBA26	vadinBA26	FALSE	FALSE	phyloseq	NA	uncultured_bacterium	clean_taxon_id	KR824977.1.1462
depth_natural	depth_natural_counts_common_top200.tsv	/home/fjbalvino/Compare_mangroves/results/01_prepare_network_matrices_20260619_180455/matrices/depth_natural_counts_common_top200.tsv	depth_natural_counts_common_top200.tsv	/home/fjbalvino/Compare_mangroves/physeq_objeto_Estero.rds	physeq_objeto_Estero.rds	KT167015.1.1381	KT167015.1.1381	/home/fjbalvino/Compare_mangroves/physeq_objeto_Estero.rds	physeq_objeto_Estero.rds	Desulfobacterota	Desulfobacteria	Desulfatiglandales	Desulfatiglandaceae	Desulfatiglans	NA	Desulfatiglans	Desulfatiglandaceae	FALSE	FALSE	phyloseq	NA	NA	clean_taxon_id	KT167015.1.1381
depth_natural	depth_natural_counts_common_top200.tsv	/home/fjbalvino/Compare_mangroves/results/01_prepare_network_matrices_20260619_180455/matrices/depth_natural_counts_common_top200.tsv	depth_natural_counts_common_top200.tsv	/home/fjbalvino/Compare_mangroves/physeq_objeto_Estero.rds	physeq_objeto_Estero.rds	KT905810.1.1538	KT905810.1.1538	/home/fjbalvino/Compare_mangroves/physeq_objeto_Estero.rds	physeq_objeto_Estero.rds	Actinobacteriota	Thermoleophilia	Solirubrobacterales	67-14	67-14	uncultured_bacterium	67-14	67-14	FALSE	FALSE	phyloseq	NA	uncultured_bacterium	clean_taxon_id	KT905810.1.1538
depth_natural	depth_natural_counts_common_top200.tsv	/home/fjbalvino/Compare_mangroves/results/01_prepare_network_matrices_20260619_180455/matrices/depth_natural_counts_common_top200.tsv	depth_natural_counts_common_top200.tsv	/home/fjbalvino/Compare_mangroves/physeq_objeto_Estero.rds	physeq_objeto_Estero.rds	KT907904.1.907	KT907904.1.907	/home/fjbalvino/Compare_mangroves/physeq_objeto_Estero.rds	physeq_objeto_Estero.rds	Asgardarchaeota	Lokiarchaeia	Lokiarchaeia	Lokiarchaeia	Lokiarchaeia	uncultured_archaeon	Lokiarchaeia	Lokiarchaeia	FALSE	FALSE	phyloseq	NA	uncultured_archaeon	clean_taxon_id	KT907904.1.907
depth_natural	depth_natural_counts_common_top200.tsv	/home/fjbalvino/Compare_mangroves/results/01_prepare_network_matrices_20260619_180455/matrices/depth_natural_counts_common_top200.tsv	depth_natural_counts_common_top200.tsv	/home/fjbalvino/Compare_mangroves/physeq_objeto_Estero.rds	physeq_objeto_Estero.rds	KX097734.1.1525	KX097734.1.1525	/home/fjbalvino/Compare_mangroves/physeq_objeto_Estero.rds	physeq_objeto_Estero.rds	Desulfobacterota	Desulfobacteria	Desulfatiglandales	Desulfatiglandaceae	Desulfatiglans	NA	Desulfatiglans	Desulfatiglandaceae	FALSE	FALSE	phyloseq	NA	NA	clean_taxon_id	KX097734.1.1525
depth_natural	depth_natural_counts_common_top200.tsv	/home/fjbalvino/Compare_mangroves/results/01_prepare_network_matrices_20260619_180455/matrices/depth_natural_counts_common_top200.tsv	depth_natural_counts_common_top200.tsv	/home/fjbalvino/Compare_mangroves/physeq_objeto_Estero.rds	physeq_objeto_Estero.rds	KX172187.1.1456	KX172187.1.1456	/home/fjbalvino/Compare_mangroves/physeq_objeto_Estero.rds	physeq_objeto_Estero.rds	Proteobacteria	Gammaproteobacteria	Cellvibrionales	Spongiibacteraceae	BD1-7_clade	NA	BD1-7_clade	Spongiibacteraceae	FALSE	FALSE	phyloseq	NA	NA	clean_taxon_id	KX172187.1.1456
depth_natural	depth_natural_counts_common_top200.tsv	/home/fjbalvino/Compare_mangroves/results/01_prepare_network_matrices_20260619_180455/matrices/depth_natural_counts_common_top200.tsv	depth_natural_counts_common_top200.tsv	/home/fjbalvino/Compare_mangroves/physeq_objeto_Estero.rds	physeq_objeto_Estero.rds	KX172242.1.1463	KX172242.1.1463	/home/fjbalvino/Compare_mangroves/physeq_objeto_Estero.rds	physeq_objeto_Estero.rds	Proteobacteria	Gammaproteobacteria	BD7-8	BD7-8	BD7-8	NA	BD7-8	BD7-8	FALSE	FALSE	phyloseq	NA	NA	clean_taxon_id	KX172242.1.1463
depth_natural	depth_natural_counts_common_top200.tsv	/home/fjbalvino/Compare_mangroves/results/01_prepare_network_matrices_20260619_180455/matrices/depth_natural_counts_common_top200.tsv	depth_natural_counts_common_top200.tsv	/home/fjbalvino/Compare_mangroves/physeq_objeto_Estero.rds	physeq_objeto_Estero.rds	KX172521.1.1480	KX172521.1.1480	/home/fjbalvino/Compare_mangroves/physeq_objeto_Estero.rds	physeq_objeto_Estero.rds	Entotheonellaeota	Entotheonellia	Entotheonellales	Entotheonellaceae	Entotheonellaceae	uncultured_bacterium	Entotheonellaceae	Entotheonellaceae	FALSE	FALSE	phyloseq	NA	uncultured_bacterium	clean_taxon_id	KX172521.1.1480
depth_natural	depth_natural_counts_common_top200.tsv	/home/fjbalvino/Compare_mangroves/results/01_prepare_network_matrices_20260619_180455/matrices/depth_natural_counts_common_top200.tsv	depth_natural_counts_common_top200.tsv	/home/fjbalvino/Compare_mangroves/physeq_objeto_Estero.rds	physeq_objeto_Estero.rds	KX172552.1.1464	KX172552.1.1464	/home/fjbalvino/Compare_mangroves/physeq_objeto_Estero.rds	physeq_objeto_Estero.rds	Proteobacteria	Gammaproteobacteria	BD7-8	BD7-8	BD7-8	NA	BD7-8	BD7-8	FALSE	FALSE	phyloseq	NA	NA	clean_taxon_id	KX172552.1.1464
depth_natural	depth_natural_counts_common_top200.tsv	/home/fjbalvino/Compare_mangroves/results/01_prepare_network_matrices_20260619_180455/matrices/depth_natural_counts_common_top200.tsv	depth_natural_counts_common_top200.tsv	/home/fjbalvino/Compare_mangroves/physeq_objeto_Estero.rds	physeq_objeto_Estero.rds	KX173276.1.1482	KX173276.1.1482	/home/fjbalvino/Compare_mangroves/physeq_objeto_Estero.rds	physeq_objeto_Estero.rds	Proteobacteria	Gammaproteobacteria	KI89A_clade	KI89A_clade	KI89A_clade	NA	KI89A_clade	KI89A_clade	FALSE	FALSE	phyloseq	NA	NA	clean_taxon_id	KX173276.1.1482
depth_natural	depth_natural_counts_common_top200.tsv	/home/fjbalvino/Compare_mangroves/results/01_prepare_network_matrices_20260619_180455/matrices/depth_natural_counts_common_top200.tsv	depth_natural_counts_common_top200.tsv	/home/fjbalvino/Compare_mangroves/physeq_objeto_Estero.rds	physeq_objeto_Estero.rds	KX504848.1.1523	KX504848.1.1523	/home/fjbalvino/Compare_mangroves/physeq_objeto_Estero.rds	physeq_objeto_Estero.rds	NB1-j	NB1-j	NB1-j	NB1-j	NB1-j	uncultured_delta	NB1-j	NB1-j	FALSE	FALSE	phyloseq	NA	uncultured_delta	clean_taxon_id	KX504848.1.1523
depth_natural	depth_natural_counts_common_top200.tsv	/home/fjbalvino/Compare_mangroves/results/01_prepare_network_matrices_20260619_180455/matrices/depth_natural_counts_common_top200.tsv	depth_natural_counts_common_top200.tsv	/home/fjbalvino/Compare_mangroves/physeq_objeto_Estero.rds	physeq_objeto_Estero.rds	KX504856.1.1527	KX504856.1.1527	/home/fjbalvino/Compare_mangroves/physeq_objeto_Estero.rds	physeq_objeto_Estero.rds	Desulfobacterota	Desulfobacteria	Desulfatiglandales	Desulfatiglandaceae	Desulfatiglans	NA	Desulfatiglans	Desulfatiglandaceae	FALSE	FALSE	phyloseq	NA	NA	clean_taxon_id	KX504856.1.1527
depth_natural	depth_natural_counts_common_top200.tsv	/home/fjbalvino/Compare_mangroves/results/01_prepare_network_matrices_20260619_180455/matrices/depth_natural_counts_common_top200.tsv	depth_natural_counts_common_top200.tsv	/home/fjbalvino/Compare_mangroves/physeq_objeto_Estero.rds	physeq_objeto_Estero.rds	KY228984.1.1390	KY228984.1.1390	/home/fjbalvino/Compare_mangroves/physeq_objeto_Estero.rds	physeq_objeto_Estero.rds	Proteobacteria	Alphaproteobacteria	Kiloniellales	Kiloniellaceae	Pelagibius	NA	Pelagibius	Kiloniellaceae	FALSE	FALSE	phyloseq	NA	NA	clean_taxon_id	KY228984.1.1390
depth_natural	depth_natural_counts_common_top200.tsv	/home/fjbalvino/Compare_mangroves/results/01_prepare_network_matrices_20260619_180455/matrices/depth_natural_counts_common_top200.tsv	depth_natural_counts_common_top200.tsv	/home/fjbalvino/Compare_mangroves/physeq_objeto_Estero.rds	physeq_objeto_Estero.rds	KY441460.1.1524	KY441460.1.1524	/home/fjbalvino/Compare_mangroves/physeq_objeto_Estero.rds	physeq_objeto_Estero.rds	Gemmatimonadota	BD2-11_terrestrial_group	BD2-11_terrestrial_group	BD2-11_terrestrial_group	BD2-11_terrestrial_group	uncultured_bacterium	BD2-11_terrestrial_group	BD2-11_terrestrial_group	FALSE	FALSE	phyloseq	NA	uncultured_bacterium	clean_taxon_id	KY441460.1.1524
depth_natural	depth_natural_counts_common_top200.tsv	/home/fjbalvino/Compare_mangroves/results/01_prepare_network_matrices_20260619_180455/matrices/depth_natural_counts_common_top200.tsv	depth_natural_counts_common_top200.tsv	/home/fjbalvino/Compare_mangroves/physeq_objeto_Estero.rds	physeq_objeto_Estero.rds	KY609501.1.1523	KY609501.1.1523	/home/fjbalvino/Compare_mangroves/physeq_objeto_Estero.rds	physeq_objeto_Estero.rds	NB1-j	NB1-j	NB1-j	NB1-j	NB1-j	NA	NB1-j	NB1-j	FALSE	FALSE	phyloseq	NA	NA	clean_taxon_id	KY609501.1.1523
depth_natural	depth_natural_counts_common_top200.tsv	/home/fjbalvino/Compare_mangroves/results/01_prepare_network_matrices_20260619_180455/matrices/depth_natural_counts_common_top200.tsv	depth_natural_counts_common_top200.tsv	/home/fjbalvino/Compare_mangroves/physeq_objeto_Estero.rds	physeq_objeto_Estero.rds	LC121892.1.914	LC121892.1.914	/home/fjbalvino/Compare_mangroves/physeq_objeto_Estero.rds	physeq_objeto_Estero.rds	Thermoplasmatota	Thermoplasmata	Marine_Benthic_Group_D_and_DHVEG-1	Marine_Benthic_Group_D_and_DHVEG-1	Marine_Benthic_Group_D_and_DHVEG-1	uncultured_euryarchaeote	Marine_Benthic_Group_D_and_DHVEG-1	Marine_Benthic_Group_D_and_DHVEG-1	FALSE	FALSE	phyloseq	NA	uncultured_euryarchaeote	clean_taxon_id	LC121892.1.914
depth_natural	depth_natural_counts_common_top200.tsv	/home/fjbalvino/Compare_mangroves/results/01_prepare_network_matrices_20260619_180455/matrices/depth_natural_counts_common_top200.tsv	depth_natural_counts_common_top200.tsv	/home/fjbalvino/Compare_mangroves/physeq_objeto_Estero.rds	physeq_objeto_Estero.rds	MG601262.1.1536	MG601262.1.1536	/home/fjbalvino/Compare_mangroves/physeq_objeto_Estero.rds	physeq_objeto_Estero.rds	Desulfobacterota	Desulfobacteria	Desulfatiglandales	Desulfatiglandaceae	Desulfatiglans	uncultured_bacterium	Desulfatiglans	Desulfatiglandaceae	FALSE	FALSE	phyloseq	NA	uncultured_bacterium	clean_taxon_id	MG601262.1.1536
depth_natural	depth_natural_counts_common_top200.tsv	/home/fjbalvino/Compare_mangroves/results/01_prepare_network_matrices_20260619_180455/matrices/depth_natural_counts_common_top200.tsv	depth_natural_counts_common_top200.tsv	/home/fjbalvino/Compare_mangroves/physeq_objeto_Estero.rds	physeq_objeto_Estero.rds	MGML01000116.8420.9921	MGML01000116.8420.9921	/home/fjbalvino/Compare_mangroves/physeq_objeto_Estero.rds	physeq_objeto_Estero.rds	Chloroflexi	Dehalococcoidia	661239	661239	661239	Chloroflexi_bacterium	661239	661239	FALSE	FALSE	phyloseq	NA	Chloroflexi_bacterium	clean_taxon_id	MGML01000116.8420.9921
interior_impaired	interior_impaired_counts_common_top200.tsv	/home/fjbalvino/Compare_mangroves/results/01_prepare_network_matrices_20260619_180455/matrices/interior_impaired_counts_common_top200.tsv	interior_impaired_counts_common_top200.tsv	/home/fjbalvino/Compare_mangroves/physeq_objeto_Estero.rds	physeq_objeto_Estero.rds	AB300128.1.1329	AB300128.1.1329	/home/fjbalvino/Compare_mangroves/physeq_objeto_Estero.rds	physeq_objeto_Estero.rds	Chloroflexi	Dehalococcoidia	t0.6.f	t0.6.f	t0.6.f	uncultured_bacterium	t0.6.f	t0.6.f	FALSE	FALSE	phyloseq	NA	uncultured_bacterium	clean_taxon_id	AB300128.1.1329
interior_impaired	interior_impaired_counts_common_top200.tsv	/home/fjbalvino/Compare_mangroves/results/01_prepare_network_matrices_20260619_180455/matrices/interior_impaired_counts_common_top200.tsv	interior_impaired_counts_common_top200.tsv	/home/fjbalvino/Compare_mangroves/physeq_objeto_Estero.rds	physeq_objeto_Estero.rds	AB448791.1.904	AB448791.1.904	/home/fjbalvino/Compare_mangroves/physeq_objeto_Estero.rds	physeq_objeto_Estero.rds	Crenarchaeota	Bathyarchaeia	Bathyarchaeia	Bathyarchaeia	Bathyarchaeia	uncultured_miscellaneous	Bathyarchaeia	Bathyarchaeia	FALSE	FALSE	phyloseq	NA	uncultured_miscellaneous	clean_taxon_id	AB448791.1.904
interior_impaired	interior_impaired_counts_common_top200.tsv	/home/fjbalvino/Compare_mangroves/results/01_prepare_network_matrices_20260619_180455/matrices/interior_impaired_counts_common_top200.tsv	interior_impaired_counts_common_top200.tsv	/home/fjbalvino/Compare_mangroves/physeq_objeto_Estero.rds	physeq_objeto_Estero.rds	AB622941.1.1314	AB622941.1.1314	/home/fjbalvino/Compare_mangroves/physeq_objeto_Estero.rds	physeq_objeto_Estero.rds	Proteobacteria	Alphaproteobacteria	Rhizobiales	Xanthobacteraceae	Pseudolabrys	NA	Pseudolabrys	Xanthobacteraceae	FALSE	FALSE	phyloseq	NA	NA	clean_taxon_id	AB622941.1.1314
interior_impaired	interior_impaired_counts_common_top200.tsv	/home/fjbalvino/Compare_mangroves/results/01_prepare_network_matrices_20260619_180455/matrices/interior_impaired_counts_common_top200.tsv	interior_impaired_counts_common_top200.tsv	/home/fjbalvino/Compare_mangroves/physeq_objeto_Estero.rds	physeq_objeto_Estero.rds	AB694385.1.1409	AB694385.1.1409	/home/fjbalvino/Compare_mangroves/physeq_objeto_Estero.rds	physeq_objeto_Estero.rds	Proteobacteria	Gammaproteobacteria	EPR3968-O8a-Bc78	EPR3968-O8a-Bc78	EPR3968-O8a-Bc78	NA	EPR3968-O8a-Bc78	EPR3968-O8a-Bc78	FALSE	FALSE	phyloseq	NA	NA	clean_taxon_id	AB694385.1.1409
interior_impaired	interior_impaired_counts_common_top200.tsv	/home/fjbalvino/Compare_mangroves/results/01_prepare_network_matrices_20260619_180455/matrices/interior_impaired_counts_common_top200.tsv	interior_impaired_counts_common_top200.tsv	/home/fjbalvino/Compare_mangroves/physeq_objeto_Estero.rds	physeq_objeto_Estero.rds	AB806700.1.1497	AB806700.1.1497	/home/fjbalvino/Compare_mangroves/physeq_objeto_Estero.rds	physeq_objeto_Estero.rds	Desulfobacterota	Desulfobacteria	Desulfatiglandales	Desulfatiglandaceae	Desulfatiglans	NA	Desulfatiglans	Desulfatiglandaceae	FALSE	FALSE	phyloseq	NA	NA	clean_taxon_id	AB806700.1.1497
interior_impaired	interior_impaired_counts_common_top200.tsv	/home/fjbalvino/Compare_mangroves/results/01_prepare_network_matrices_20260619_180455/matrices/interior_impaired_counts_common_top200.tsv	interior_impaired_counts_common_top200.tsv	/home/fjbalvino/Compare_mangroves/physeq_objeto_Estero.rds	physeq_objeto_Estero.rds	AB806704.1.1485	AB806704.1.1485	/home/fjbalvino/Compare_mangroves/physeq_objeto_Estero.rds	physeq_objeto_Estero.rds	Desulfobacterota	Desulfobacteria	Desulfobacterales	Desulfosarcinaceae	Sva0081_sediment_group	uncultured_Desulfobacteraceae	Sva0081_sediment_group	Desulfosarcinaceae	FALSE	FALSE	phyloseq	NA	uncultured_Desulfobacteraceae	clean_taxon_id	AB806704.1.1485
interior_impaired	interior_impaired_counts_common_top200.tsv	/home/fjbalvino/Compare_mangroves/results/01_prepare_network_matrices_20260619_180455/matrices/interior_impaired_counts_common_top200.tsv	interior_impaired_counts_common_top200.tsv	/home/fjbalvino/Compare_mangroves/physeq_objeto_Estero.rds	physeq_objeto_Estero.rds	AB858577.1.1407	AB858577.1.1407	/home/fjbalvino/Compare_mangroves/physeq_objeto_Estero.rds	physeq_objeto_Estero.rds	Desulfobacterota	Desulfobacteria	Desulfobacterales	Desulfosarcinaceae	Sva0081_sediment_group	NA	Sva0081_sediment_group	Desulfosarcinaceae	FALSE	FALSE	phyloseq	NA	NA	clean_taxon_id	AB858577.1.1407
interior_impaired	interior_impaired_counts_common_top200.tsv	/home/fjbalvino/Compare_mangroves/results/01_prepare_network_matrices_20260619_180455/matrices/interior_impaired_counts_common_top200.tsv	interior_impaired_counts_common_top200.tsv	/home/fjbalvino/Compare_mangroves/physeq_objeto_Estero.rds	physeq_objeto_Estero.rds	AF254399.1.1489	AF254399.1.1489	/home/fjbalvino/Compare_mangroves/physeq_objeto_Estero.rds	physeq_objeto_Estero.rds	Calditrichota	Calditrichia	Calditrichales	Calditrichaceae	Calorithrix	uncultured_bacterium	Calorithrix	Calditrichaceae	FALSE	FALSE	phyloseq	NA	uncultured_bacterium	clean_taxon_id	AF254399.1.1489
interior_impaired	interior_impaired_counts_common_top200.tsv	/home/fjbalvino/Compare_mangroves/results/01_prepare_network_matrices_20260619_180455/matrices/interior_impaired_counts_common_top200.tsv	interior_impaired_counts_common_top200.tsv	/home/fjbalvino/Compare_mangroves/physeq_objeto_Estero.rds	physeq_objeto_Estero.rds	AM039960.1.1519	AM039960.1.1519	/home/fjbalvino/Compare_mangroves/physeq_objeto_Estero.rds	physeq_objeto_Estero.rds	Desulfobacterota	Desulfobacteria	Desulfobacterales	Desulfosarcinaceae	Sva0081_sediment_group	NA	Sva0081_sediment_group	Desulfosarcinaceae	FALSE	FALSE	phyloseq	NA	NA	clean_taxon_id	AM039960.1.1519
interior_impaired	interior_impaired_counts_common_top200.tsv	/home/fjbalvino/Compare_mangroves/results/01_prepare_network_matrices_20260619_180455/matrices/interior_impaired_counts_common_top200.tsv	interior_impaired_counts_common_top200.tsv	/home/fjbalvino/Compare_mangroves/physeq_objeto_Estero.rds	physeq_objeto_Estero.rds	AM745219.1.1602	AM745219.1.1602	/home/fjbalvino/Compare_mangroves/physeq_objeto_Estero.rds	physeq_objeto_Estero.rds	Desulfobacterota	Desulfobacteria	Desulfobacterales	Desulfosarcinaceae	SEEP-SRB1	NA	SEEP-SRB1	Desulfosarcinaceae	FALSE	FALSE	phyloseq	NA	NA	clean_taxon_id	AM745219.1.1602
interior_impaired	interior_impaired_counts_common_top200.tsv	/home/fjbalvino/Compare_mangroves/results/01_prepare_network_matrices_20260619_180455/matrices/interior_impaired_counts_common_top200.tsv	interior_impaired_counts_common_top200.tsv	/home/fjbalvino/Compare_mangroves/physeq_objeto_Estero.rds	physeq_objeto_Estero.rds	AM882598.1.1523	AM882598.1.1523	/home/fjbalvino/Compare_mangroves/physeq_objeto_Estero.rds	physeq_objeto_Estero.rds	Desulfobacterota	Desulfobacteria	Desulfobacterales	Desulfosarcinaceae	Sva0081_sediment_group	NA	Sva0081_sediment_group	Desulfosarcinaceae	FALSE	FALSE	phyloseq	NA	NA	clean_taxon_id	AM882598.1.1523
interior_impaired	interior_impaired_counts_common_top200.tsv	/home/fjbalvino/Compare_mangroves/results/01_prepare_network_matrices_20260619_180455/matrices/interior_impaired_counts_common_top200.tsv	interior_impaired_counts_common_top200.tsv	/home/fjbalvino/Compare_mangroves/physeq_objeto_Estero.rds	physeq_objeto_Estero.rds	AM935174.1.1396	AM935174.1.1396	/home/fjbalvino/Compare_mangroves/physeq_objeto_Estero.rds	physeq_objeto_Estero.rds	Gemmatimonadota	BD2-11_terrestrial_group	BD2-11_terrestrial_group	BD2-11_terrestrial_group	BD2-11_terrestrial_group	NA	BD2-11_terrestrial_group	BD2-11_terrestrial_group	FALSE	FALSE	phyloseq	NA	NA	clean_taxon_id	AM935174.1.1396
interior_impaired	interior_impaired_counts_common_top200.tsv	/home/fjbalvino/Compare_mangroves/results/01_prepare_network_matrices_20260619_180455/matrices/interior_impaired_counts_common_top200.tsv	interior_impaired_counts_common_top200.tsv	/home/fjbalvino/Compare_mangroves/physeq_objeto_Estero.rds	physeq_objeto_Estero.rds	AY454607.1.1049	AY454607.1.1049	/home/fjbalvino/Compare_mangroves/physeq_objeto_Estero.rds	physeq_objeto_Estero.rds	Crenarchaeota	Bathyarchaeia	Bathyarchaeia	Bathyarchaeia	Bathyarchaeia	NA	Bathyarchaeia	Bathyarchaeia	FALSE	FALSE	phyloseq	NA	NA	clean_taxon_id	AY454607.1.1049
interior_impaired	interior_impaired_counts_common_top200.tsv	/home/fjbalvino/Compare_mangroves/results/01_prepare_network_matrices_20260619_180455/matrices/interior_impaired_counts_common_top200.tsv	interior_impaired_counts_common_top200.tsv	/home/fjbalvino/Compare_mangroves/physeq_objeto_Estero.rds	physeq_objeto_Estero.rds	AY584740.1.1231	AY584740.1.1231	/home/fjbalvino/Compare_mangroves/physeq_objeto_Estero.rds	physeq_objeto_Estero.rds	Chloroflexi	Dehalococcoidia	Dehalococcoidia	Dehalococcoidia	Dehalococcoidia	uncultured_bacterium	Dehalococcoidia	Dehalococcoidia	FALSE	FALSE	phyloseq	NA	uncultured_bacterium	clean_taxon_id	AY584740.1.1231
interior_impaired	interior_impaired_counts_common_top200.tsv	/home/fjbalvino/Compare_mangroves/results/01_prepare_network_matrices_20260619_180455/matrices/interior_impaired_counts_common_top200.tsv	interior_impaired_counts_common_top200.tsv	/home/fjbalvino/Compare_mangroves/physeq_objeto_Estero.rds	physeq_objeto_Estero.rds	CP013099.3645030.3646539	CP013099.3645030.3646539	/home/fjbalvino/Compare_mangroves/physeq_objeto_Estero.rds	physeq_objeto_Estero.rds	Proteobacteria	Gammaproteobacteria	Tenderiales	Tenderiaceae	Candidatus_Tenderia	Candidatus_Tenderia	Candidatus_Tenderia	Tenderiaceae	FALSE	FALSE	phyloseq	NA	Candidatus_Tenderia	clean_taxon_id	CP013099.3645030.3646539
interior_impaired	interior_impaired_counts_common_top200.tsv	/home/fjbalvino/Compare_mangroves/results/01_prepare_network_matrices_20260619_180455/matrices/interior_impaired_counts_common_top200.tsv	interior_impaired_counts_common_top200.tsv	/home/fjbalvino/Compare_mangroves/physeq_objeto_Estero.rds	physeq_objeto_Estero.rds	CP016268.790030.791574	CP016268.790030.791574	/home/fjbalvino/Compare_mangroves/physeq_objeto_Estero.rds	physeq_objeto_Estero.rds	Proteobacteria	Gammaproteobacteria	Steroidobacterales	Woeseiaceae	Woeseia	Woeseia_oceani	Woeseia	Woeseiaceae	FALSE	FALSE	phyloseq	NA	Woeseia_oceani	clean_taxon_id	CP016268.790030.791574
interior_impaired	interior_impaired_counts_common_top200.tsv	/home/fjbalvino/Compare_mangroves/results/01_prepare_network_matrices_20260619_180455/matrices/interior_impaired_counts_common_top200.tsv	interior_impaired_counts_common_top200.tsv	/home/fjbalvino/Compare_mangroves/physeq_objeto_Estero.rds	physeq_objeto_Estero.rds	DQ363780.1.954	DQ363780.1.954	/home/fjbalvino/Compare_mangroves/physeq_objeto_Estero.rds	physeq_objeto_Estero.rds	Crenarchaeota	Bathyarchaeia	Bathyarchaeia	Bathyarchaeia	Bathyarchaeia	uncultured_miscellaneous	Bathyarchaeia	Bathyarchaeia	FALSE	FALSE	phyloseq	NA	uncultured_miscellaneous	clean_taxon_id	DQ363780.1.954
interior_impaired	interior_impaired_counts_common_top200.tsv	/home/fjbalvino/Compare_mangroves/results/01_prepare_network_matrices_20260619_180455/matrices/interior_impaired_counts_common_top200.tsv	interior_impaired_counts_common_top200.tsv	/home/fjbalvino/Compare_mangroves/physeq_objeto_Estero.rds	physeq_objeto_Estero.rds	DQ431896.1.1372	DQ431896.1.1372	/home/fjbalvino/Compare_mangroves/physeq_objeto_Estero.rds	physeq_objeto_Estero.rds	Chloroflexi	Anaerolineae	SBR1031	SBR1031	SBR1031	uncultured_bacterium	SBR1031	SBR1031	FALSE	FALSE	phyloseq	NA	uncultured_bacterium	clean_taxon_id	DQ431896.1.1372
interior_impaired	interior_impaired_counts_common_top200.tsv	/home/fjbalvino/Compare_mangroves/results/01_prepare_network_matrices_20260619_180455/matrices/interior_impaired_counts_common_top200.tsv	interior_impaired_counts_common_top200.tsv	/home/fjbalvino/Compare_mangroves/physeq_objeto_Estero.rds	physeq_objeto_Estero.rds	DQ811792.1.1512	DQ811792.1.1512	/home/fjbalvino/Compare_mangroves/physeq_objeto_Estero.rds	physeq_objeto_Estero.rds	SAR324_clade(Marine_group_B)	SAR324_clade(Marine_group_B)	SAR324_clade(Marine_group_B)	SAR324_clade(Marine_group_B)	SAR324_clade(Marine_group_B)	uncultured_delta	SAR324_clade_Marine_group_B_	SAR324_clade(Marine_group_B)	FALSE	FALSE	phyloseq	NA	uncultured_delta	clean_taxon_id	DQ811792.1.1512
interior_impaired	interior_impaired_counts_common_top200.tsv	/home/fjbalvino/Compare_mangroves/results/01_prepare_network_matrices_20260619_180455/matrices/interior_impaired_counts_common_top200.tsv	interior_impaired_counts_common_top200.tsv	/home/fjbalvino/Compare_mangroves/physeq_objeto_Estero.rds	physeq_objeto_Estero.rds	DQ811807.1.1529	DQ811807.1.1529	/home/fjbalvino/Compare_mangroves/physeq_objeto_Estero.rds	physeq_objeto_Estero.rds	Desulfobacterota	Desulfobacteria	Desulfobacterales	Desulfosarcinaceae	Desulfatitalea	uncultured_delta	Desulfatitalea	Desulfosarcinaceae	FALSE	FALSE	phyloseq	NA	uncultured_delta	clean_taxon_id	DQ811807.1.1529
interior_impaired	interior_impaired_counts_common_top200.tsv	/home/fjbalvino/Compare_mangroves/results/01_prepare_network_matrices_20260619_180455/matrices/interior_impaired_counts_common_top200.tsv	interior_impaired_counts_common_top200.tsv	/home/fjbalvino/Compare_mangroves/physeq_objeto_Estero.rds	physeq_objeto_Estero.rds	DQ811808.1.1527	DQ811808.1.1527	/home/fjbalvino/Compare_mangroves/physeq_objeto_Estero.rds	physeq_objeto_Estero.rds	MBNT15	MBNT15	MBNT15	MBNT15	MBNT15	uncultured_Syntrophobacteraceae	MBNT15	MBNT15	FALSE	FALSE	phyloseq	NA	uncultured_Syntrophobacteraceae	clean_taxon_id	DQ811808.1.1527
interior_impaired	interior_impaired_counts_common_top200.tsv	/home/fjbalvino/Compare_mangroves/results/01_prepare_network_matrices_20260619_180455/matrices/interior_impaired_counts_common_top200.tsv	interior_impaired_counts_common_top200.tsv	/home/fjbalvino/Compare_mangroves/physeq_objeto_Estero.rds	physeq_objeto_Estero.rds	DQ811817.1.1511	DQ811817.1.1511	/home/fjbalvino/Compare_mangroves/physeq_objeto_Estero.rds	physeq_objeto_Estero.rds	Desulfobacterota	Desulfobacteria	Desulfobacterales	Desulfosarcinaceae	Sva0081_sediment_group	NA	Sva0081_sediment_group	Desulfosarcinaceae	FALSE	FALSE	phyloseq	NA	NA	clean_taxon_id	DQ811817.1.1511
interior_impaired	interior_impaired_counts_common_top200.tsv	/home/fjbalvino/Compare_mangroves/results/01_prepare_network_matrices_20260619_180455/matrices/interior_impaired_counts_common_top200.tsv	interior_impaired_counts_common_top200.tsv	/home/fjbalvino/Compare_mangroves/physeq_objeto_Estero.rds	physeq_objeto_Estero.rds	DQ811819.1.1523	DQ811819.1.1523	/home/fjbalvino/Compare_mangroves/physeq_objeto_Estero.rds	physeq_objeto_Estero.rds	Desulfobacterota	Desulfobaccia	Desulfobaccales	Desulfobaccaceae	Desulfobacca	uncultured_delta	Desulfobacca	Desulfobaccaceae	FALSE	FALSE	phyloseq	NA	uncultured_delta	clean_taxon_id	DQ811819.1.1523
interior_impaired	interior_impaired_counts_common_top200.tsv	/home/fjbalvino/Compare_mangroves/results/01_prepare_network_matrices_20260619_180455/matrices/interior_impaired_counts_common_top200.tsv	interior_impaired_counts_common_top200.tsv	/home/fjbalvino/Compare_mangroves/physeq_objeto_Estero.rds	physeq_objeto_Estero.rds	DQ811831.1.1528	DQ811831.1.1528	/home/fjbalvino/Compare_mangroves/physeq_objeto_Estero.rds	physeq_objeto_Estero.rds	Desulfobacterota	Desulfobacteria	Desulfatiglandales	Desulfatiglandaceae	Desulfatiglans	NA	Desulfatiglans	Desulfatiglandaceae	FALSE	FALSE	phyloseq	NA	NA	clean_taxon_id	DQ811831.1.1528
interior_impaired	interior_impaired_counts_common_top200.tsv	/home/fjbalvino/Compare_mangroves/results/01_prepare_network_matrices_20260619_180455/matrices/interior_impaired_counts_common_top200.tsv	interior_impaired_counts_common_top200.tsv	/home/fjbalvino/Compare_mangroves/physeq_objeto_Estero.rds	physeq_objeto_Estero.rds	DQ811880.1.1473	DQ811880.1.1473	/home/fjbalvino/Compare_mangroves/physeq_objeto_Estero.rds	physeq_objeto_Estero.rds	Chloroflexi	Anaerolineae	SBR1031	SBR1031	SBR1031	NA	SBR1031	SBR1031	FALSE	FALSE	phyloseq	NA	NA	clean_taxon_id	DQ811880.1.1473
interior_impaired	interior_impaired_counts_common_top200.tsv	/home/fjbalvino/Compare_mangroves/results/01_prepare_network_matrices_20260619_180455/matrices/interior_impaired_counts_common_top200.tsv	interior_impaired_counts_common_top200.tsv	/home/fjbalvino/Compare_mangroves/physeq_objeto_Estero.rds	physeq_objeto_Estero.rds	DQ811936.1.1499	DQ811936.1.1499	/home/fjbalvino/Compare_mangroves/physeq_objeto_Estero.rds	physeq_objeto_Estero.rds	Calditrichota	Calditrichia	Calditrichales	Calditrichaceae	Caldithrix	uncultured_Deferribacteres	Caldithrix	Calditrichaceae	FALSE	FALSE	phyloseq	NA	uncultured_Deferribacteres	clean_taxon_id	DQ811936.1.1499
interior_impaired	interior_impaired_counts_common_top200.tsv	/home/fjbalvino/Compare_mangroves/results/01_prepare_network_matrices_20260619_180455/matrices/interior_impaired_counts_common_top200.tsv	interior_impaired_counts_common_top200.tsv	/home/fjbalvino/Compare_mangroves/physeq_objeto_Estero.rds	physeq_objeto_Estero.rds	DQ831554.1.1518	DQ831554.1.1518	/home/fjbalvino/Compare_mangroves/physeq_objeto_Estero.rds	physeq_objeto_Estero.rds	Desulfobacterota	Desulfobacteria	Desulfobacterales	Desulfosarcinaceae	Sva0081_sediment_group	NA	Sva0081_sediment_group	Desulfosarcinaceae	FALSE	FALSE	phyloseq	NA	NA	clean_taxon_id	DQ831554.1.1518
interior_impaired	interior_impaired_counts_common_top200.tsv	/home/fjbalvino/Compare_mangroves/results/01_prepare_network_matrices_20260619_180455/matrices/interior_impaired_counts_common_top200.tsv	interior_impaired_counts_common_top200.tsv	/home/fjbalvino/Compare_mangroves/physeq_objeto_Estero.rds	physeq_objeto_Estero.rds	EF125387.1.1524	EF125387.1.1524	/home/fjbalvino/Compare_mangroves/physeq_objeto_Estero.rds	physeq_objeto_Estero.rds	Desulfobacterota	Desulfobacteria	Desulfobacterales	Desulfosarcinaceae	Sva0081_sediment_group	NA	Sva0081_sediment_group	Desulfosarcinaceae	FALSE	FALSE	phyloseq	NA	NA	clean_taxon_id	EF125387.1.1524
interior_impaired	interior_impaired_counts_common_top200.tsv	/home/fjbalvino/Compare_mangroves/results/01_prepare_network_matrices_20260619_180455/matrices/interior_impaired_counts_common_top200.tsv	interior_impaired_counts_common_top200.tsv	/home/fjbalvino/Compare_mangroves/physeq_objeto_Estero.rds	physeq_objeto_Estero.rds	EF125448.1.1512	EF125448.1.1512	/home/fjbalvino/Compare_mangroves/physeq_objeto_Estero.rds	physeq_objeto_Estero.rds	Planctomycetota	Phycisphaerae	MSBL9	SG8-4	SG8-4	NA	SG8-4	SG8-4	FALSE	FALSE	phyloseq	NA	NA	clean_taxon_id	EF125448.1.1512
interior_impaired	interior_impaired_counts_common_top200.tsv	/home/fjbalvino/Compare_mangroves/results/01_prepare_network_matrices_20260619_180455/matrices/interior_impaired_counts_common_top200.tsv	interior_impaired_counts_common_top200.tsv	/home/fjbalvino/Compare_mangroves/physeq_objeto_Estero.rds	physeq_objeto_Estero.rds	EF999356.1.1505	EF999356.1.1505	/home/fjbalvino/Compare_mangroves/physeq_objeto_Estero.rds	physeq_objeto_Estero.rds	Proteobacteria	Gammaproteobacteria	Steroidobacterales	Woeseiaceae	Woeseia	NA	Woeseia	Woeseiaceae	FALSE	FALSE	phyloseq	NA	NA	clean_taxon_id	EF999356.1.1505
interior_impaired	interior_impaired_counts_common_top200.tsv	/home/fjbalvino/Compare_mangroves/results/01_prepare_network_matrices_20260619_180455/matrices/interior_impaired_counts_common_top200.tsv	interior_impaired_counts_common_top200.tsv	/home/fjbalvino/Compare_mangroves/physeq_objeto_Estero.rds	physeq_objeto_Estero.rds	EU245402.1.1490	EU245402.1.1490	/home/fjbalvino/Compare_mangroves/physeq_objeto_Estero.rds	physeq_objeto_Estero.rds	Acidobacteriota	Aminicenantia	Aminicenantales	Aminicenantales	Aminicenantales	uncultured_organism	Aminicenantales	Aminicenantales	FALSE	FALSE	phyloseq	NA	uncultured_organism	clean_taxon_id	EU245402.1.1490
interior_impaired	interior_impaired_counts_common_top200.tsv	/home/fjbalvino/Compare_mangroves/results/01_prepare_network_matrices_20260619_180455/matrices/interior_impaired_counts_common_top200.tsv	interior_impaired_counts_common_top200.tsv	/home/fjbalvino/Compare_mangroves/physeq_objeto_Estero.rds	physeq_objeto_Estero.rds	EU245945.1.1484	EU245945.1.1484	/home/fjbalvino/Compare_mangroves/physeq_objeto_Estero.rds	physeq_objeto_Estero.rds	Zixibacteria	Zixibacteria	Zixibacteria	Zixibacteria	Zixibacteria	uncultured_organism	Zixibacteria	Zixibacteria	FALSE	FALSE	phyloseq	NA	uncultured_organism	clean_taxon_id	EU245945.1.1484
interior_impaired	interior_impaired_counts_common_top200.tsv	/home/fjbalvino/Compare_mangroves/results/01_prepare_network_matrices_20260619_180455/matrices/interior_impaired_counts_common_top200.tsv	interior_impaired_counts_common_top200.tsv	/home/fjbalvino/Compare_mangroves/physeq_objeto_Estero.rds	physeq_objeto_Estero.rds	EU487995.1.1518	EU487995.1.1518	/home/fjbalvino/Compare_mangroves/physeq_objeto_Estero.rds	physeq_objeto_Estero.rds	Gemmatimonadota	MD2902-B12	MD2902-B12	MD2902-B12	MD2902-B12	uncultured_bacterium	MD2902-B12	MD2902-B12	FALSE	FALSE	phyloseq	NA	uncultured_bacterium	clean_taxon_id	EU487995.1.1518
interior_impaired	interior_impaired_counts_common_top200.tsv	/home/fjbalvino/Compare_mangroves/results/01_prepare_network_matrices_20260619_180455/matrices/interior_impaired_counts_common_top200.tsv	interior_impaired_counts_common_top200.tsv	/home/fjbalvino/Compare_mangroves/physeq_objeto_Estero.rds	physeq_objeto_Estero.rds	EU488328.1.1485	EU488328.1.1485	/home/fjbalvino/Compare_mangroves/physeq_objeto_Estero.rds	physeq_objeto_Estero.rds	Bacteroidota	Bacteroidia	Bacteroidales	SB-5	SB-5	uncultured_bacterium	SB-5	SB-5	FALSE	FALSE	phyloseq	NA	uncultured_bacterium	clean_taxon_id	EU488328.1.1485
interior_impaired	interior_impaired_counts_common_top200.tsv	/home/fjbalvino/Compare_mangroves/results/01_prepare_network_matrices_20260619_180455/matrices/interior_impaired_counts_common_top200.tsv	interior_impaired_counts_common_top200.tsv	/home/fjbalvino/Compare_mangroves/physeq_objeto_Estero.rds	physeq_objeto_Estero.rds	EU491860.1.1478	EU491860.1.1478	/home/fjbalvino/Compare_mangroves/physeq_objeto_Estero.rds	physeq_objeto_Estero.rds	Latescibacterota	Latescibacterota	Latescibacterota	Latescibacterota	Latescibacterota	uncultured_Latescibacteria	Latescibacterota	Latescibacterota	FALSE	FALSE	phyloseq	NA	uncultured_Latescibacteria	clean_taxon_id	EU491860.1.1478
interior_impaired	interior_impaired_counts_common_top200.tsv	/home/fjbalvino/Compare_mangroves/results/01_prepare_network_matrices_20260619_180455/matrices/interior_impaired_counts_common_top200.tsv	interior_impaired_counts_common_top200.tsv	/home/fjbalvino/Compare_mangroves/physeq_objeto_Estero.rds	physeq_objeto_Estero.rds	EU491875.1.1464	EU491875.1.1464	/home/fjbalvino/Compare_mangroves/physeq_objeto_Estero.rds	physeq_objeto_Estero.rds	Proteobacteria	Gammaproteobacteria	EPR3968-O8a-Bc78	EPR3968-O8a-Bc78	EPR3968-O8a-Bc78	uncultured_bacterium	EPR3968-O8a-Bc78	EPR3968-O8a-Bc78	FALSE	FALSE	phyloseq	NA	uncultured_bacterium	clean_taxon_id	EU491875.1.1464
interior_impaired	interior_impaired_counts_common_top200.tsv	/home/fjbalvino/Compare_mangroves/results/01_prepare_network_matrices_20260619_180455/matrices/interior_impaired_counts_common_top200.tsv	interior_impaired_counts_common_top200.tsv	/home/fjbalvino/Compare_mangroves/physeq_objeto_Estero.rds	physeq_objeto_Estero.rds	EU652571.1.1503	EU652571.1.1503	/home/fjbalvino/Compare_mangroves/physeq_objeto_Estero.rds	physeq_objeto_Estero.rds	Proteobacteria	Gammaproteobacteria	Nitrosococcales	Nitrosococcaceae	AqS1	uncultured_bacterium	AqS1	Nitrosococcaceae	FALSE	FALSE	phyloseq	NA	uncultured_bacterium	clean_taxon_id	EU652571.1.1503
interior_impaired	interior_impaired_counts_common_top200.tsv	/home/fjbalvino/Compare_mangroves/results/01_prepare_network_matrices_20260619_180455/matrices/interior_impaired_counts_common_top200.tsv	interior_impaired_counts_common_top200.tsv	/home/fjbalvino/Compare_mangroves/physeq_objeto_Estero.rds	physeq_objeto_Estero.rds	EU652611.1.1524	EU652611.1.1524	/home/fjbalvino/Compare_mangroves/physeq_objeto_Estero.rds	physeq_objeto_Estero.rds	Desulfobacterota	Desulfobacteria	Desulfobacterales	Desulfosarcinaceae	Sva0081_sediment_group	NA	Sva0081_sediment_group	Desulfosarcinaceae	FALSE	FALSE	phyloseq	NA	NA	clean_taxon_id	EU652611.1.1524
interior_impaired	interior_impaired_counts_common_top200.tsv	/home/fjbalvino/Compare_mangroves/results/01_prepare_network_matrices_20260619_180455/matrices/interior_impaired_counts_common_top200.tsv	interior_impaired_counts_common_top200.tsv	/home/fjbalvino/Compare_mangroves/physeq_objeto_Estero.rds	physeq_objeto_Estero.rds	EU734985.1.1485	EU734985.1.1485	/home/fjbalvino/Compare_mangroves/physeq_objeto_Estero.rds	physeq_objeto_Estero.rds	Bacteroidota	Bacteroidia	Bacteroidales	Bacteroidetes_BD2-2	Bacteroidetes_BD2-2	NA	Bacteroidetes_BD2-2	Bacteroidetes_BD2-2	FALSE	FALSE	phyloseq	NA	NA	clean_taxon_id	EU734985.1.1485
interior_impaired	interior_impaired_counts_common_top200.tsv	/home/fjbalvino/Compare_mangroves/results/01_prepare_network_matrices_20260619_180455/matrices/interior_impaired_counts_common_top200.tsv	interior_impaired_counts_common_top200.tsv	/home/fjbalvino/Compare_mangroves/physeq_objeto_Estero.rds	physeq_objeto_Estero.rds	FJ203584.1.1459	FJ203584.1.1459	/home/fjbalvino/Compare_mangroves/physeq_objeto_Estero.rds	physeq_objeto_Estero.rds	Proteobacteria	Gammaproteobacteria	Steroidobacterales	Woeseiaceae	Woeseia	NA	Woeseia	Woeseiaceae	FALSE	FALSE	phyloseq	NA	NA	clean_taxon_id	FJ203584.1.1459
interior_impaired	interior_impaired_counts_common_top200.tsv	/home/fjbalvino/Compare_mangroves/results/01_prepare_network_matrices_20260619_180455/matrices/interior_impaired_counts_common_top200.tsv	interior_impaired_counts_common_top200.tsv	/home/fjbalvino/Compare_mangroves/physeq_objeto_Estero.rds	physeq_objeto_Estero.rds	FJ479355.1.1447	FJ479355.1.1447	/home/fjbalvino/Compare_mangroves/physeq_objeto_Estero.rds	physeq_objeto_Estero.rds	Chloroflexi	Dehalococcoidia	S085	S085	S085	NA	S085	S085	FALSE	FALSE	phyloseq	NA	NA	clean_taxon_id	FJ479355.1.1447
interior_impaired	interior_impaired_counts_common_top200.tsv	/home/fjbalvino/Compare_mangroves/results/01_prepare_network_matrices_20260619_180455/matrices/interior_impaired_counts_common_top200.tsv	interior_impaired_counts_common_top200.tsv	/home/fjbalvino/Compare_mangroves/physeq_objeto_Estero.rds	physeq_objeto_Estero.rds	FJ484793.1.1352	FJ484793.1.1352	/home/fjbalvino/Compare_mangroves/physeq_objeto_Estero.rds	physeq_objeto_Estero.rds	Desulfobacterota	Desulfobacteria	Desulfatiglandales	Desulfatiglandaceae	Desulfatiglans	NA	Desulfatiglans	Desulfatiglandaceae	FALSE	FALSE	phyloseq	NA	NA	clean_taxon_id	FJ484793.1.1352
interior_impaired	interior_impaired_counts_common_top200.tsv	/home/fjbalvino/Compare_mangroves/results/01_prepare_network_matrices_20260619_180455/matrices/interior_impaired_counts_common_top200.tsv	interior_impaired_counts_common_top200.tsv	/home/fjbalvino/Compare_mangroves/physeq_objeto_Estero.rds	physeq_objeto_Estero.rds	FJ516918.1.1484	FJ516918.1.1484	/home/fjbalvino/Compare_mangroves/physeq_objeto_Estero.rds	physeq_objeto_Estero.rds	Bacteroidota	Bacteroidia	Bacteroidales	SB-5	SB-5	NA	SB-5	SB-5	FALSE	FALSE	phyloseq	NA	NA	clean_taxon_id	FJ516918.1.1484
interior_impaired	interior_impaired_counts_common_top200.tsv	/home/fjbalvino/Compare_mangroves/results/01_prepare_network_matrices_20260619_180455/matrices/interior_impaired_counts_common_top200.tsv	interior_impaired_counts_common_top200.tsv	/home/fjbalvino/Compare_mangroves/physeq_objeto_Estero.rds	physeq_objeto_Estero.rds	FJ516992.1.1523	FJ516992.1.1523	/home/fjbalvino/Compare_mangroves/physeq_objeto_Estero.rds	physeq_objeto_Estero.rds	MBNT15	MBNT15	MBNT15	MBNT15	MBNT15	uncultured_Anaeromyxobacter	MBNT15	MBNT15	FALSE	FALSE	phyloseq	NA	uncultured_Anaeromyxobacter	clean_taxon_id	FJ516992.1.1523
interior_impaired	interior_impaired_counts_common_top200.tsv	/home/fjbalvino/Compare_mangroves/results/01_prepare_network_matrices_20260619_180455/matrices/interior_impaired_counts_common_top200.tsv	interior_impaired_counts_common_top200.tsv	/home/fjbalvino/Compare_mangroves/physeq_objeto_Estero.rds	physeq_objeto_Estero.rds	FJ517002.1.1521	FJ517002.1.1521	/home/fjbalvino/Compare_mangroves/physeq_objeto_Estero.rds	physeq_objeto_Estero.rds	Acidobacteriota	Subgroup_22	Subgroup_22	Subgroup_22	Subgroup_22	NA	Subgroup_22	Subgroup_22	FALSE	FALSE	phyloseq	NA	NA	clean_taxon_id	FJ517002.1.1521
interior_impaired	interior_impaired_counts_common_top200.tsv	/home/fjbalvino/Compare_mangroves/results/01_prepare_network_matrices_20260619_180455/matrices/interior_impaired_counts_common_top200.tsv	interior_impaired_counts_common_top200.tsv	/home/fjbalvino/Compare_mangroves/physeq_objeto_Estero.rds	physeq_objeto_Estero.rds	FJ685743.1.1209	FJ685743.1.1209	/home/fjbalvino/Compare_mangroves/physeq_objeto_Estero.rds	physeq_objeto_Estero.rds	Thermoplasmatota	Thermoplasmata	Marine_Benthic_Group_D_and_DHVEG-1	Marine_Benthic_Group_D_and_DHVEG-1	Marine_Benthic_Group_D_and_DHVEG-1	uncultured_archaeon	Marine_Benthic_Group_D_and_DHVEG-1	Marine_Benthic_Group_D_and_DHVEG-1	FALSE	FALSE	phyloseq	NA	uncultured_archaeon	clean_taxon_id	FJ685743.1.1209
interior_impaired	interior_impaired_counts_common_top200.tsv	/home/fjbalvino/Compare_mangroves/results/01_prepare_network_matrices_20260619_180455/matrices/interior_impaired_counts_common_top200.tsv	interior_impaired_counts_common_top200.tsv	/home/fjbalvino/Compare_mangroves/physeq_objeto_Estero.rds	physeq_objeto_Estero.rds	FJ712438.1.1480	FJ712438.1.1480	/home/fjbalvino/Compare_mangroves/physeq_objeto_Estero.rds	physeq_objeto_Estero.rds	Bacteroidota	Bacteroidia	Bacteroidales	Bacteroidetes_BD2-2	Bacteroidetes_BD2-2	NA	Bacteroidetes_BD2-2	Bacteroidetes_BD2-2	FALSE	FALSE	phyloseq	NA	NA	clean_taxon_id	FJ712438.1.1480
interior_impaired	interior_impaired_counts_common_top200.tsv	/home/fjbalvino/Compare_mangroves/results/01_prepare_network_matrices_20260619_180455/matrices/interior_impaired_counts_common_top200.tsv	interior_impaired_counts_common_top200.tsv	/home/fjbalvino/Compare_mangroves/physeq_objeto_Estero.rds	physeq_objeto_Estero.rds	FJ748775.1.1510	FJ748775.1.1510	/home/fjbalvino/Compare_mangroves/physeq_objeto_Estero.rds	physeq_objeto_Estero.rds	SAR324_clade(Marine_group_B)	SAR324_clade(Marine_group_B)	SAR324_clade(Marine_group_B)	SAR324_clade(Marine_group_B)	SAR324_clade(Marine_group_B)	uncultured_organism	SAR324_clade_Marine_group_B_	SAR324_clade(Marine_group_B)	FALSE	FALSE	phyloseq	NA	uncultured_organism	clean_taxon_id	FJ748775.1.1510
interior_impaired	interior_impaired_counts_common_top200.tsv	/home/fjbalvino/Compare_mangroves/results/01_prepare_network_matrices_20260619_180455/matrices/interior_impaired_counts_common_top200.tsv	interior_impaired_counts_common_top200.tsv	/home/fjbalvino/Compare_mangroves/physeq_objeto_Estero.rds	physeq_objeto_Estero.rds	FJ748781.1.1509	FJ748781.1.1509	/home/fjbalvino/Compare_mangroves/physeq_objeto_Estero.rds	physeq_objeto_Estero.rds	Proteobacteria	Gammaproteobacteria	Burkholderiales	Nitrosomonadaceae	MND1	NA	MND1	Nitrosomonadaceae	FALSE	FALSE	phyloseq	NA	NA	clean_taxon_id	FJ748781.1.1509
interior_impaired	interior_impaired_counts_common_top200.tsv	/home/fjbalvino/Compare_mangroves/results/01_prepare_network_matrices_20260619_180455/matrices/interior_impaired_counts_common_top200.tsv	interior_impaired_counts_common_top200.tsv	/home/fjbalvino/Compare_mangroves/physeq_objeto_Estero.rds	physeq_objeto_Estero.rds	FJ748816.1.1514	FJ748816.1.1514	/home/fjbalvino/Compare_mangroves/physeq_objeto_Estero.rds	physeq_objeto_Estero.rds	Spirochaetota	Spirochaetia	Spirochaetales	Spirochaetaceae	Spirochaeta	uncultured_bacterium	Spirochaeta	Spirochaetaceae	FALSE	FALSE	phyloseq	NA	uncultured_bacterium	clean_taxon_id	FJ748816.1.1514
interior_impaired	interior_impaired_counts_common_top200.tsv	/home/fjbalvino/Compare_mangroves/results/01_prepare_network_matrices_20260619_180455/matrices/interior_impaired_counts_common_top200.tsv	interior_impaired_counts_common_top200.tsv	/home/fjbalvino/Compare_mangroves/physeq_objeto_Estero.rds	physeq_objeto_Estero.rds	FJ900318.1.1494	FJ900318.1.1494	/home/fjbalvino/Compare_mangroves/physeq_objeto_Estero.rds	physeq_objeto_Estero.rds	Proteobacteria	Gammaproteobacteria	EPR3968-O8a-Bc78	EPR3968-O8a-Bc78	EPR3968-O8a-Bc78	uncultured_gamma	EPR3968-O8a-Bc78	EPR3968-O8a-Bc78	FALSE	FALSE	phyloseq	NA	uncultured_gamma	clean_taxon_id	FJ900318.1.1494
interior_impaired	interior_impaired_counts_common_top200.tsv	/home/fjbalvino/Compare_mangroves/results/01_prepare_network_matrices_20260619_180455/matrices/interior_impaired_counts_common_top200.tsv	interior_impaired_counts_common_top200.tsv	/home/fjbalvino/Compare_mangroves/physeq_objeto_Estero.rds	physeq_objeto_Estero.rds	FJ900559.1.1484	FJ900559.1.1484	/home/fjbalvino/Compare_mangroves/physeq_objeto_Estero.rds	physeq_objeto_Estero.rds	Proteobacteria	Gammaproteobacteria	EPR3968-O8a-Bc78	EPR3968-O8a-Bc78	EPR3968-O8a-Bc78	uncultured_bacterium	EPR3968-O8a-Bc78	EPR3968-O8a-Bc78	FALSE	FALSE	phyloseq	NA	uncultured_bacterium	clean_taxon_id	FJ900559.1.1484
interior_impaired	interior_impaired_counts_common_top200.tsv	/home/fjbalvino/Compare_mangroves/results/01_prepare_network_matrices_20260619_180455/matrices/interior_impaired_counts_common_top200.tsv	interior_impaired_counts_common_top200.tsv	/home/fjbalvino/Compare_mangroves/physeq_objeto_Estero.rds	physeq_objeto_Estero.rds	FN396636.1.1437	FN396636.1.1437	/home/fjbalvino/Compare_mangroves/physeq_objeto_Estero.rds	physeq_objeto_Estero.rds	Desulfobacterota	Desulfobacteria	Desulfobacterales	Desulfosarcinaceae	Sva0081_sediment_group	NA	Sva0081_sediment_group	Desulfosarcinaceae	FALSE	FALSE	phyloseq	NA	NA	clean_taxon_id	FN396636.1.1437
interior_impaired	interior_impaired_counts_common_top200.tsv	/home/fjbalvino/Compare_mangroves/results/01_prepare_network_matrices_20260619_180455/matrices/interior_impaired_counts_common_top200.tsv	interior_impaired_counts_common_top200.tsv	/home/fjbalvino/Compare_mangroves/physeq_objeto_Estero.rds	physeq_objeto_Estero.rds	FN553506.1.1517	FN553506.1.1517	/home/fjbalvino/Compare_mangroves/physeq_objeto_Estero.rds	physeq_objeto_Estero.rds	NB1-j	NB1-j	NB1-j	NB1-j	NB1-j	unidentified_bacterium	NB1-j	NB1-j	FALSE	FALSE	phyloseq	NA	unidentified_bacterium	clean_taxon_id	FN553506.1.1517
interior_impaired	interior_impaired_counts_common_top200.tsv	/home/fjbalvino/Compare_mangroves/results/01_prepare_network_matrices_20260619_180455/matrices/interior_impaired_counts_common_top200.tsv	interior_impaired_counts_common_top200.tsv	/home/fjbalvino/Compare_mangroves/physeq_objeto_Estero.rds	physeq_objeto_Estero.rds	FN553631.1.1499	FN553631.1.1499	/home/fjbalvino/Compare_mangroves/physeq_objeto_Estero.rds	physeq_objeto_Estero.rds	Proteobacteria	Gammaproteobacteria	B2M28	B2M28	B2M28	uncultured_sediment	B2M28	B2M28	FALSE	FALSE	phyloseq	NA	uncultured_sediment	clean_taxon_id	FN553631.1.1499
interior_impaired	interior_impaired_counts_common_top200.tsv	/home/fjbalvino/Compare_mangroves/results/01_prepare_network_matrices_20260619_180455/matrices/interior_impaired_counts_common_top200.tsv	interior_impaired_counts_common_top200.tsv	/home/fjbalvino/Compare_mangroves/physeq_objeto_Estero.rds	physeq_objeto_Estero.rds	GQ246386.1.1492	GQ246386.1.1492	/home/fjbalvino/Compare_mangroves/physeq_objeto_Estero.rds	physeq_objeto_Estero.rds	Bacteroidota	Bacteroidia	Bacteroidales	Bacteroidetes_BD2-2	Bacteroidetes_BD2-2	NA	Bacteroidetes_BD2-2	Bacteroidetes_BD2-2	FALSE	FALSE	phyloseq	NA	NA	clean_taxon_id	GQ246386.1.1492
interior_impaired	interior_impaired_counts_common_top200.tsv	/home/fjbalvino/Compare_mangroves/results/01_prepare_network_matrices_20260619_180455/matrices/interior_impaired_counts_common_top200.tsv	interior_impaired_counts_common_top200.tsv	/home/fjbalvino/Compare_mangroves/physeq_objeto_Estero.rds	physeq_objeto_Estero.rds	GQ246392.1.1520	GQ246392.1.1520	/home/fjbalvino/Compare_mangroves/physeq_objeto_Estero.rds	physeq_objeto_Estero.rds	Acidobacteriota	Subgroup_22	Subgroup_22	Subgroup_22	Subgroup_22	uncultured_Acidobacteria	Subgroup_22	Subgroup_22	FALSE	FALSE	phyloseq	NA	uncultured_Acidobacteria	clean_taxon_id	GQ246392.1.1520
interior_impaired	interior_impaired_counts_common_top200.tsv	/home/fjbalvino/Compare_mangroves/results/01_prepare_network_matrices_20260619_180455/matrices/interior_impaired_counts_common_top200.tsv	interior_impaired_counts_common_top200.tsv	/home/fjbalvino/Compare_mangroves/physeq_objeto_Estero.rds	physeq_objeto_Estero.rds	GQ263303.1.1425	GQ263303.1.1425	/home/fjbalvino/Compare_mangroves/physeq_objeto_Estero.rds	physeq_objeto_Estero.rds	Proteobacteria	Alphaproteobacteria	Rhizobiales	Methyloligellaceae	Methyloceanibacter	NA	Methyloceanibacter	Methyloligellaceae	FALSE	FALSE	phyloseq	NA	NA	clean_taxon_id	GQ263303.1.1425
interior_impaired	interior_impaired_counts_common_top200.tsv	/home/fjbalvino/Compare_mangroves/results/01_prepare_network_matrices_20260619_180455/matrices/interior_impaired_counts_common_top200.tsv	interior_impaired_counts_common_top200.tsv	/home/fjbalvino/Compare_mangroves/physeq_objeto_Estero.rds	physeq_objeto_Estero.rds	GQ337314.1.1475	GQ337314.1.1475	/home/fjbalvino/Compare_mangroves/physeq_objeto_Estero.rds	physeq_objeto_Estero.rds	Chloroflexi	Dehalococcoidia	SAR202_clade	SAR202_clade	SAR202_clade	uncultured_bacterium	SAR202_clade	SAR202_clade	FALSE	FALSE	phyloseq	NA	uncultured_bacterium	clean_taxon_id	GQ337314.1.1475
interior_impaired	interior_impaired_counts_common_top200.tsv	/home/fjbalvino/Compare_mangroves/results/01_prepare_network_matrices_20260619_180455/matrices/interior_impaired_counts_common_top200.tsv	interior_impaired_counts_common_top200.tsv	/home/fjbalvino/Compare_mangroves/physeq_objeto_Estero.rds	physeq_objeto_Estero.rds	GQ356834.1.936	GQ356834.1.936	/home/fjbalvino/Compare_mangroves/physeq_objeto_Estero.rds	physeq_objeto_Estero.rds	Asgardarchaeota	Lokiarchaeia	Lokiarchaeia	Lokiarchaeia	Lokiarchaeia	uncultured_archaeon	Lokiarchaeia	Lokiarchaeia	FALSE	FALSE	phyloseq	NA	uncultured_archaeon	clean_taxon_id	GQ356834.1.936
interior_impaired	interior_impaired_counts_common_top200.tsv	/home/fjbalvino/Compare_mangroves/results/01_prepare_network_matrices_20260619_180455/matrices/interior_impaired_counts_common_top200.tsv	interior_impaired_counts_common_top200.tsv	/home/fjbalvino/Compare_mangroves/physeq_objeto_Estero.rds	physeq_objeto_Estero.rds	GQ994182.1.911	GQ994182.1.911	/home/fjbalvino/Compare_mangroves/physeq_objeto_Estero.rds	physeq_objeto_Estero.rds	Thermoplasmatota	Thermoplasmata	Marine_Benthic_Group_D_and_DHVEG-1	Marine_Benthic_Group_D_and_DHVEG-1	Marine_Benthic_Group_D_and_DHVEG-1	archaeon_enrichment	Marine_Benthic_Group_D_and_DHVEG-1	Marine_Benthic_Group_D_and_DHVEG-1	FALSE	FALSE	phyloseq	NA	archaeon_enrichment	clean_taxon_id	GQ994182.1.911
interior_impaired	interior_impaired_counts_common_top200.tsv	/home/fjbalvino/Compare_mangroves/results/01_prepare_network_matrices_20260619_180455/matrices/interior_impaired_counts_common_top200.tsv	interior_impaired_counts_common_top200.tsv	/home/fjbalvino/Compare_mangroves/physeq_objeto_Estero.rds	physeq_objeto_Estero.rds	GU180188.1.1514	GU180188.1.1514	/home/fjbalvino/Compare_mangroves/physeq_objeto_Estero.rds	physeq_objeto_Estero.rds	Spirochaetota	Spirochaetia	Spirochaetales	Spirochaetaceae	Spirochaeta	NA	Spirochaeta	Spirochaetaceae	FALSE	FALSE	phyloseq	NA	NA	clean_taxon_id	GU180188.1.1514
interior_impaired	interior_impaired_counts_common_top200.tsv	/home/fjbalvino/Compare_mangroves/results/01_prepare_network_matrices_20260619_180455/matrices/interior_impaired_counts_common_top200.tsv	interior_impaired_counts_common_top200.tsv	/home/fjbalvino/Compare_mangroves/physeq_objeto_Estero.rds	physeq_objeto_Estero.rds	GU230392.1.1515	GU230392.1.1515	/home/fjbalvino/Compare_mangroves/physeq_objeto_Estero.rds	physeq_objeto_Estero.rds	RCP2-54	RCP2-54	RCP2-54	RCP2-54	RCP2-54	NA	RCP2-54	RCP2-54	FALSE	FALSE	phyloseq	NA	NA	clean_taxon_id	GU230392.1.1515
interior_impaired	interior_impaired_counts_common_top200.tsv	/home/fjbalvino/Compare_mangroves/results/01_prepare_network_matrices_20260619_180455/matrices/interior_impaired_counts_common_top200.tsv	interior_impaired_counts_common_top200.tsv	/home/fjbalvino/Compare_mangroves/physeq_objeto_Estero.rds	physeq_objeto_Estero.rds	GU302442.1.1531	GU302442.1.1531	/home/fjbalvino/Compare_mangroves/physeq_objeto_Estero.rds	physeq_objeto_Estero.rds	Desulfobacterota	Desulfobacteria	Desulfobacterales	Desulfosarcinaceae	SEEP-SRB1	Desulfobacterales_bacterium	SEEP-SRB1	Desulfosarcinaceae	FALSE	FALSE	phyloseq	NA	Desulfobacterales_bacterium	clean_taxon_id	GU302442.1.1531
interior_impaired	interior_impaired_counts_common_top200.tsv	/home/fjbalvino/Compare_mangroves/results/01_prepare_network_matrices_20260619_180455/matrices/interior_impaired_counts_common_top200.tsv	interior_impaired_counts_common_top200.tsv	/home/fjbalvino/Compare_mangroves/physeq_objeto_Estero.rds	physeq_objeto_Estero.rds	GU369933.1.1368	GU369933.1.1368	/home/fjbalvino/Compare_mangroves/physeq_objeto_Estero.rds	physeq_objeto_Estero.rds	Proteobacteria	Gammaproteobacteria	Chromatiales	Chromatiaceae	Thiohalobacter	uncultured_gamma	Thiohalobacter	Chromatiaceae	FALSE	FALSE	phyloseq	NA	uncultured_gamma	clean_taxon_id	GU369933.1.1368
interior_impaired	interior_impaired_counts_common_top200.tsv	/home/fjbalvino/Compare_mangroves/results/01_prepare_network_matrices_20260619_180455/matrices/interior_impaired_counts_common_top200.tsv	interior_impaired_counts_common_top200.tsv	/home/fjbalvino/Compare_mangroves/physeq_objeto_Estero.rds	physeq_objeto_Estero.rds	GU584665.1.1413	GU584665.1.1413	/home/fjbalvino/Compare_mangroves/physeq_objeto_Estero.rds	physeq_objeto_Estero.rds	Calditrichota	Calditrichia	Calditrichales	Calditrichaceae	Calditrichaceae	uncultured_bacterium	Calditrichaceae	Calditrichaceae	FALSE	FALSE	phyloseq	NA	uncultured_bacterium	clean_taxon_id	GU584665.1.1413
interior_impaired	interior_impaired_counts_common_top200.tsv	/home/fjbalvino/Compare_mangroves/results/01_prepare_network_matrices_20260619_180455/matrices/interior_impaired_counts_common_top200.tsv	interior_impaired_counts_common_top200.tsv	/home/fjbalvino/Compare_mangroves/physeq_objeto_Estero.rds	physeq_objeto_Estero.rds	GU982895.1.1212	GU982895.1.1212	/home/fjbalvino/Compare_mangroves/physeq_objeto_Estero.rds	physeq_objeto_Estero.rds	Chloroflexi	Dehalococcoidia	GIF3	GIF3	GIF3	uncultured_bacterium	GIF3	GIF3	FALSE	FALSE	phyloseq	NA	uncultured_bacterium	clean_taxon_id	GU982895.1.1212
interior_impaired	interior_impaired_counts_common_top200.tsv	/home/fjbalvino/Compare_mangroves/results/01_prepare_network_matrices_20260619_180455/matrices/interior_impaired_counts_common_top200.tsv	interior_impaired_counts_common_top200.tsv	/home/fjbalvino/Compare_mangroves/physeq_objeto_Estero.rds	physeq_objeto_Estero.rds	HE604685.1.1406	HE604685.1.1406	/home/fjbalvino/Compare_mangroves/physeq_objeto_Estero.rds	physeq_objeto_Estero.rds	Zixibacteria	Zixibacteria	Zixibacteria	Zixibacteria	Zixibacteria	uncultured_bacterium	Zixibacteria	Zixibacteria	FALSE	FALSE	phyloseq	NA	uncultured_bacterium	clean_taxon_id	HE604685.1.1406
interior_impaired	interior_impaired_counts_common_top200.tsv	/home/fjbalvino/Compare_mangroves/results/01_prepare_network_matrices_20260619_180455/matrices/interior_impaired_counts_common_top200.tsv	interior_impaired_counts_common_top200.tsv	/home/fjbalvino/Compare_mangroves/physeq_objeto_Estero.rds	physeq_objeto_Estero.rds	HE804013.1.1479	HE804013.1.1479	/home/fjbalvino/Compare_mangroves/physeq_objeto_Estero.rds	physeq_objeto_Estero.rds	Proteobacteria	Gammaproteobacteria	EPR3968-O8a-Bc78	EPR3968-O8a-Bc78	EPR3968-O8a-Bc78	uncultured_gamma	EPR3968-O8a-Bc78	EPR3968-O8a-Bc78	FALSE	FALSE	phyloseq	NA	uncultured_gamma	clean_taxon_id	HE804013.1.1479
interior_impaired	interior_impaired_counts_common_top200.tsv	/home/fjbalvino/Compare_mangroves/results/01_prepare_network_matrices_20260619_180455/matrices/interior_impaired_counts_common_top200.tsv	interior_impaired_counts_common_top200.tsv	/home/fjbalvino/Compare_mangroves/physeq_objeto_Estero.rds	physeq_objeto_Estero.rds	HM243983.1.1497	HM243983.1.1497	/home/fjbalvino/Compare_mangroves/physeq_objeto_Estero.rds	physeq_objeto_Estero.rds	Acidobacteriota	Subgroup_18	Subgroup_18	Subgroup_18	Subgroup_18	NA	Subgroup_18	Subgroup_18	FALSE	FALSE	phyloseq	NA	NA	clean_taxon_id	HM243983.1.1497
interior_impaired	interior_impaired_counts_common_top200.tsv	/home/fjbalvino/Compare_mangroves/results/01_prepare_network_matrices_20260619_180455/matrices/interior_impaired_counts_common_top200.tsv	interior_impaired_counts_common_top200.tsv	/home/fjbalvino/Compare_mangroves/physeq_objeto_Estero.rds	physeq_objeto_Estero.rds	HM437993.1.1513	HM437993.1.1513	/home/fjbalvino/Compare_mangroves/physeq_objeto_Estero.rds	physeq_objeto_Estero.rds	Gemmatimonadota	BD2-11_terrestrial_group	BD2-11_terrestrial_group	BD2-11_terrestrial_group	BD2-11_terrestrial_group	uncultured_bacterium	BD2-11_terrestrial_group	BD2-11_terrestrial_group	FALSE	FALSE	phyloseq	NA	uncultured_bacterium	clean_taxon_id	HM437993.1.1513
interior_impaired	interior_impaired_counts_common_top200.tsv	/home/fjbalvino/Compare_mangroves/results/01_prepare_network_matrices_20260619_180455/matrices/interior_impaired_counts_common_top200.tsv	interior_impaired_counts_common_top200.tsv	/home/fjbalvino/Compare_mangroves/physeq_objeto_Estero.rds	physeq_objeto_Estero.rds	HQ014650.1.1499	HQ014650.1.1499	/home/fjbalvino/Compare_mangroves/physeq_objeto_Estero.rds	physeq_objeto_Estero.rds	Bacteroidota	Ignavibacteria	Ignavibacteriales	Ignavibacteriaceae	Ignavibacterium	uncultured_bacterium	Ignavibacterium	Ignavibacteriaceae	FALSE	FALSE	phyloseq	NA	uncultured_bacterium	clean_taxon_id	HQ014650.1.1499
interior_impaired	interior_impaired_counts_common_top200.tsv	/home/fjbalvino/Compare_mangroves/results/01_prepare_network_matrices_20260619_180455/matrices/interior_impaired_counts_common_top200.tsv	interior_impaired_counts_common_top200.tsv	/home/fjbalvino/Compare_mangroves/physeq_objeto_Estero.rds	physeq_objeto_Estero.rds	HQ118614.1.1521	HQ118614.1.1521	/home/fjbalvino/Compare_mangroves/physeq_objeto_Estero.rds	physeq_objeto_Estero.rds	Acidobacteriota	Vicinamibacteria	Vicinamibacterales	Vicinamibacteraceae	Vicinamibacteraceae	NA	Vicinamibacteraceae	Vicinamibacteraceae	FALSE	FALSE	phyloseq	NA	NA	clean_taxon_id	HQ118614.1.1521
interior_impaired	interior_impaired_counts_common_top200.tsv	/home/fjbalvino/Compare_mangroves/results/01_prepare_network_matrices_20260619_180455/matrices/interior_impaired_counts_common_top200.tsv	interior_impaired_counts_common_top200.tsv	/home/fjbalvino/Compare_mangroves/physeq_objeto_Estero.rds	physeq_objeto_Estero.rds	HQ588383.1.1408	HQ588383.1.1408	/home/fjbalvino/Compare_mangroves/physeq_objeto_Estero.rds	physeq_objeto_Estero.rds	Acidobacteriota	Subgroup_22	Subgroup_22	Subgroup_22	Subgroup_22	NA	Subgroup_22	Subgroup_22	FALSE	FALSE	phyloseq	NA	NA	clean_taxon_id	HQ588383.1.1408
interior_impaired	interior_impaired_counts_common_top200.tsv	/home/fjbalvino/Compare_mangroves/results/01_prepare_network_matrices_20260619_180455/matrices/interior_impaired_counts_common_top200.tsv	interior_impaired_counts_common_top200.tsv	/home/fjbalvino/Compare_mangroves/physeq_objeto_Estero.rds	physeq_objeto_Estero.rds	HQ691983.1.1504	HQ691983.1.1504	/home/fjbalvino/Compare_mangroves/physeq_objeto_Estero.rds	physeq_objeto_Estero.rds	Desulfobacterota	Desulfobacteria	Desulfobacterales	Desulfosarcinaceae	SEEP-SRB1	NA	SEEP-SRB1	Desulfosarcinaceae	FALSE	FALSE	phyloseq	NA	NA	clean_taxon_id	HQ691983.1.1504
interior_impaired	interior_impaired_counts_common_top200.tsv	/home/fjbalvino/Compare_mangroves/results/01_prepare_network_matrices_20260619_180455/matrices/interior_impaired_counts_common_top200.tsv	interior_impaired_counts_common_top200.tsv	/home/fjbalvino/Compare_mangroves/physeq_objeto_Estero.rds	physeq_objeto_Estero.rds	HQ697852.1.1461	HQ697852.1.1461	/home/fjbalvino/Compare_mangroves/physeq_objeto_Estero.rds	physeq_objeto_Estero.rds	Proteobacteria	Alphaproteobacteria	Kiloniellales	Kiloniellaceae	Pelagibius	NA	Pelagibius	Kiloniellaceae	FALSE	FALSE	phyloseq	NA	NA	clean_taxon_id	HQ697852.1.1461
interior_impaired	interior_impaired_counts_common_top200.tsv	/home/fjbalvino/Compare_mangroves/results/01_prepare_network_matrices_20260619_180455/matrices/interior_impaired_counts_common_top200.tsv	interior_impaired_counts_common_top200.tsv	/home/fjbalvino/Compare_mangroves/physeq_objeto_Estero.rds	physeq_objeto_Estero.rds	HQ727627.1.1522	HQ727627.1.1522	/home/fjbalvino/Compare_mangroves/physeq_objeto_Estero.rds	physeq_objeto_Estero.rds	Myxococcota	bacteriap25	bacteriap25	bacteriap25	bacteriap25	uncultured_microorganism	bacteriap25	bacteriap25	FALSE	FALSE	phyloseq	NA	uncultured_microorganism	clean_taxon_id	HQ727627.1.1522
interior_impaired	interior_impaired_counts_common_top200.tsv	/home/fjbalvino/Compare_mangroves/results/01_prepare_network_matrices_20260619_180455/matrices/interior_impaired_counts_common_top200.tsv	interior_impaired_counts_common_top200.tsv	/home/fjbalvino/Compare_mangroves/physeq_objeto_Estero.rds	physeq_objeto_Estero.rds	JF268389.1.1458	JF268389.1.1458	/home/fjbalvino/Compare_mangroves/physeq_objeto_Estero.rds	physeq_objeto_Estero.rds	Proteobacteria	Alphaproteobacteria	Rhizobiales	Rhizobiales_Incertae_Sedis	Bauldia	NA	Bauldia	Rhizobiales_Incertae_Sedis	FALSE	FALSE	phyloseq	NA	NA	clean_taxon_id	JF268389.1.1458
interior_impaired	interior_impaired_counts_common_top200.tsv	/home/fjbalvino/Compare_mangroves/results/01_prepare_network_matrices_20260619_180455/matrices/interior_impaired_counts_common_top200.tsv	interior_impaired_counts_common_top200.tsv	/home/fjbalvino/Compare_mangroves/physeq_objeto_Estero.rds	physeq_objeto_Estero.rds	JF344128.1.1458	JF344128.1.1458	/home/fjbalvino/Compare_mangroves/physeq_objeto_Estero.rds	physeq_objeto_Estero.rds	Proteobacteria	Gammaproteobacteria	Chromatiales	Chromatiaceae	Candidatus_Thiobios	uncultured_gamma	Candidatus_Thiobios	Chromatiaceae	FALSE	FALSE	phyloseq	NA	uncultured_gamma	clean_taxon_id	JF344128.1.1458
interior_impaired	interior_impaired_counts_common_top200.tsv	/home/fjbalvino/Compare_mangroves/results/01_prepare_network_matrices_20260619_180455/matrices/interior_impaired_counts_common_top200.tsv	interior_impaired_counts_common_top200.tsv	/home/fjbalvino/Compare_mangroves/physeq_objeto_Estero.rds	physeq_objeto_Estero.rds	JF344372.1.1525	JF344372.1.1525	/home/fjbalvino/Compare_mangroves/physeq_objeto_Estero.rds	physeq_objeto_Estero.rds	Desulfobacterota	Desulfobacteria	Desulfobacterales	Desulfosarcinaceae	Sva0081_sediment_group	uncultured_delta	Sva0081_sediment_group	Desulfosarcinaceae	FALSE	FALSE	phyloseq	NA	uncultured_delta	clean_taxon_id	JF344372.1.1525
interior_impaired	interior_impaired_counts_common_top200.tsv	/home/fjbalvino/Compare_mangroves/results/01_prepare_network_matrices_20260619_180455/matrices/interior_impaired_counts_common_top200.tsv	interior_impaired_counts_common_top200.tsv	/home/fjbalvino/Compare_mangroves/physeq_objeto_Estero.rds	physeq_objeto_Estero.rds	JF344561.1.1519	JF344561.1.1519	/home/fjbalvino/Compare_mangroves/physeq_objeto_Estero.rds	physeq_objeto_Estero.rds	Acidobacteriota	Thermoanaerobaculia	Thermoanaerobaculales	Thermoanaerobaculaceae	Subgroup_23	NA	Subgroup_23	Thermoanaerobaculaceae	FALSE	FALSE	phyloseq	NA	NA	clean_taxon_id	JF344561.1.1519
interior_impaired	interior_impaired_counts_common_top200.tsv	/home/fjbalvino/Compare_mangroves/results/01_prepare_network_matrices_20260619_180455/matrices/interior_impaired_counts_common_top200.tsv	interior_impaired_counts_common_top200.tsv	/home/fjbalvino/Compare_mangroves/physeq_objeto_Estero.rds	physeq_objeto_Estero.rds	JF344583.1.1522	JF344583.1.1522	/home/fjbalvino/Compare_mangroves/physeq_objeto_Estero.rds	physeq_objeto_Estero.rds	Desulfobacterota	Desulfobacteria	Desulfobacterales	Desulfosarcinaceae	Sva0081_sediment_group	NA	Sva0081_sediment_group	Desulfosarcinaceae	FALSE	FALSE	phyloseq	NA	NA	clean_taxon_id	JF344583.1.1522
interior_impaired	interior_impaired_counts_common_top200.tsv	/home/fjbalvino/Compare_mangroves/results/01_prepare_network_matrices_20260619_180455/matrices/interior_impaired_counts_common_top200.tsv	interior_impaired_counts_common_top200.tsv	/home/fjbalvino/Compare_mangroves/physeq_objeto_Estero.rds	physeq_objeto_Estero.rds	JF495328.1.1537	JF495328.1.1537	/home/fjbalvino/Compare_mangroves/physeq_objeto_Estero.rds	physeq_objeto_Estero.rds	Desulfobacterota	Desulfobacteria	Desulfatiglandales	Desulfatiglandaceae	Desulfatiglans	uncultured_bacterium	Desulfatiglans	Desulfatiglandaceae	FALSE	FALSE	phyloseq	NA	uncultured_bacterium	clean_taxon_id	JF495328.1.1537
interior_impaired	interior_impaired_counts_common_top200.tsv	/home/fjbalvino/Compare_mangroves/results/01_prepare_network_matrices_20260619_180455/matrices/interior_impaired_counts_common_top200.tsv	interior_impaired_counts_common_top200.tsv	/home/fjbalvino/Compare_mangroves/physeq_objeto_Estero.rds	physeq_objeto_Estero.rds	JF747686.1.1533	JF747686.1.1533	/home/fjbalvino/Compare_mangroves/physeq_objeto_Estero.rds	physeq_objeto_Estero.rds	Sva0485	Sva0485	Sva0485	Sva0485	Sva0485	NA	Sva0485	Sva0485	FALSE	FALSE	phyloseq	NA	NA	clean_taxon_id	JF747686.1.1533
interior_impaired	interior_impaired_counts_common_top200.tsv	/home/fjbalvino/Compare_mangroves/results/01_prepare_network_matrices_20260619_180455/matrices/interior_impaired_counts_common_top200.tsv	interior_impaired_counts_common_top200.tsv	/home/fjbalvino/Compare_mangroves/physeq_objeto_Estero.rds	physeq_objeto_Estero.rds	JN038229.1.1464	JN038229.1.1464	/home/fjbalvino/Compare_mangroves/physeq_objeto_Estero.rds	physeq_objeto_Estero.rds	Proteobacteria	Alphaproteobacteria	AT-s3-44	AT-s3-44	AT-s3-44	uncultured_bacterium	AT-s3-44	AT-s3-44	FALSE	FALSE	phyloseq	NA	uncultured_bacterium	clean_taxon_id	JN038229.1.1464
interior_impaired	interior_impaired_counts_common_top200.tsv	/home/fjbalvino/Compare_mangroves/results/01_prepare_network_matrices_20260619_180455/matrices/interior_impaired_counts_common_top200.tsv	interior_impaired_counts_common_top200.tsv	/home/fjbalvino/Compare_mangroves/physeq_objeto_Estero.rds	physeq_objeto_Estero.rds	JN387529.1.1354	JN387529.1.1354	/home/fjbalvino/Compare_mangroves/physeq_objeto_Estero.rds	physeq_objeto_Estero.rds	Planctomycetota	Phycisphaerae	MSBL9	SG8-4	SG8-4	uncultured_microorganism	SG8-4	SG8-4	FALSE	FALSE	phyloseq	NA	uncultured_microorganism	clean_taxon_id	JN387529.1.1354
interior_impaired	interior_impaired_counts_common_top200.tsv	/home/fjbalvino/Compare_mangroves/results/01_prepare_network_matrices_20260619_180455/matrices/interior_impaired_counts_common_top200.tsv	interior_impaired_counts_common_top200.tsv	/home/fjbalvino/Compare_mangroves/physeq_objeto_Estero.rds	physeq_objeto_Estero.rds	JN387531.1.1345	JN387531.1.1345	/home/fjbalvino/Compare_mangroves/physeq_objeto_Estero.rds	physeq_objeto_Estero.rds	Planctomycetota	Phycisphaerae	MSBL9	SG8-4	SG8-4	NA	SG8-4	SG8-4	FALSE	FALSE	phyloseq	NA	NA	clean_taxon_id	JN387531.1.1345
interior_impaired	interior_impaired_counts_common_top200.tsv	/home/fjbalvino/Compare_mangroves/results/01_prepare_network_matrices_20260619_180455/matrices/interior_impaired_counts_common_top200.tsv	interior_impaired_counts_common_top200.tsv	/home/fjbalvino/Compare_mangroves/physeq_objeto_Estero.rds	physeq_objeto_Estero.rds	JN477996.1.1425	JN477996.1.1425	/home/fjbalvino/Compare_mangroves/physeq_objeto_Estero.rds	physeq_objeto_Estero.rds	Myxococcota	Polyangia	UASB-TL25	UASB-TL25	UASB-TL25	NA	UASB-TL25	UASB-TL25	FALSE	FALSE	phyloseq	NA	NA	clean_taxon_id	JN477996.1.1425
interior_impaired	interior_impaired_counts_common_top200.tsv	/home/fjbalvino/Compare_mangroves/results/01_prepare_network_matrices_20260619_180455/matrices/interior_impaired_counts_common_top200.tsv	interior_impaired_counts_common_top200.tsv	/home/fjbalvino/Compare_mangroves/physeq_objeto_Estero.rds	physeq_objeto_Estero.rds	JN488175.1.1372	JN488175.1.1372	/home/fjbalvino/Compare_mangroves/physeq_objeto_Estero.rds	physeq_objeto_Estero.rds	Spirochaetota	Spirochaetia	Spirochaetales	Spirochaetaceae	Sediminispirochaeta	uncultured_organism	Sediminispirochaeta	Spirochaetaceae	FALSE	FALSE	phyloseq	NA	uncultured_organism	clean_taxon_id	JN488175.1.1372
interior_impaired	interior_impaired_counts_common_top200.tsv	/home/fjbalvino/Compare_mangroves/results/01_prepare_network_matrices_20260619_180455/matrices/interior_impaired_counts_common_top200.tsv	interior_impaired_counts_common_top200.tsv	/home/fjbalvino/Compare_mangroves/physeq_objeto_Estero.rds	physeq_objeto_Estero.rds	JN498221.1.1394	JN498221.1.1394	/home/fjbalvino/Compare_mangroves/physeq_objeto_Estero.rds	physeq_objeto_Estero.rds	Desulfobacterota	Desulfobacteria	Desulfatiglandales	Desulfatiglandaceae	Desulfatiglans	NA	Desulfatiglans	Desulfatiglandaceae	FALSE	FALSE	phyloseq	NA	NA	clean_taxon_id	JN498221.1.1394
interior_impaired	interior_impaired_counts_common_top200.tsv	/home/fjbalvino/Compare_mangroves/results/01_prepare_network_matrices_20260619_180455/matrices/interior_impaired_counts_common_top200.tsv	interior_impaired_counts_common_top200.tsv	/home/fjbalvino/Compare_mangroves/physeq_objeto_Estero.rds	physeq_objeto_Estero.rds	JN518931.1.1452	JN518931.1.1452	/home/fjbalvino/Compare_mangroves/physeq_objeto_Estero.rds	physeq_objeto_Estero.rds	Desulfobacterota	Desulfobacteria	Desulfatiglandales	Desulfatiglandaceae	Desulfatiglans	NA	Desulfatiglans	Desulfatiglandaceae	FALSE	FALSE	phyloseq	NA	NA	clean_taxon_id	JN518931.1.1452
interior_impaired	interior_impaired_counts_common_top200.tsv	/home/fjbalvino/Compare_mangroves/results/01_prepare_network_matrices_20260619_180455/matrices/interior_impaired_counts_common_top200.tsv	interior_impaired_counts_common_top200.tsv	/home/fjbalvino/Compare_mangroves/physeq_objeto_Estero.rds	physeq_objeto_Estero.rds	JN886895.1.1515	JN886895.1.1515	/home/fjbalvino/Compare_mangroves/physeq_objeto_Estero.rds	physeq_objeto_Estero.rds	Planctomycetota	Pla3_lineage	Pla3_lineage	Pla3_lineage	Pla3_lineage	uncultured_sediment	Pla3_lineage	Pla3_lineage	FALSE	FALSE	phyloseq	NA	uncultured_sediment	clean_taxon_id	JN886895.1.1515
interior_impaired	interior_impaired_counts_common_top200.tsv	/home/fjbalvino/Compare_mangroves/results/01_prepare_network_matrices_20260619_180455/matrices/interior_impaired_counts_common_top200.tsv	interior_impaired_counts_common_top200.tsv	/home/fjbalvino/Compare_mangroves/physeq_objeto_Estero.rds	physeq_objeto_Estero.rds	JN977195.1.1550	JN977195.1.1550	/home/fjbalvino/Compare_mangroves/physeq_objeto_Estero.rds	physeq_objeto_Estero.rds	Calditrichota	Calditrichia	Calditrichales	Calditrichaceae	Calditrichaceae	NA	Calditrichaceae	Calditrichaceae	FALSE	FALSE	phyloseq	NA	NA	clean_taxon_id	JN977195.1.1550
interior_impaired	interior_impaired_counts_common_top200.tsv	/home/fjbalvino/Compare_mangroves/results/01_prepare_network_matrices_20260619_180455/matrices/interior_impaired_counts_common_top200.tsv	interior_impaired_counts_common_top200.tsv	/home/fjbalvino/Compare_mangroves/physeq_objeto_Estero.rds	physeq_objeto_Estero.rds	JN977251.1.1528	JN977251.1.1528	/home/fjbalvino/Compare_mangroves/physeq_objeto_Estero.rds	physeq_objeto_Estero.rds	Acidobacteriota	Subgroup_18	Subgroup_18	Subgroup_18	Subgroup_18	NA	Subgroup_18	Subgroup_18	FALSE	FALSE	phyloseq	NA	NA	clean_taxon_id	JN977251.1.1528
interior_impaired	interior_impaired_counts_common_top200.tsv	/home/fjbalvino/Compare_mangroves/results/01_prepare_network_matrices_20260619_180455/matrices/interior_impaired_counts_common_top200.tsv	interior_impaired_counts_common_top200.tsv	/home/fjbalvino/Compare_mangroves/physeq_objeto_Estero.rds	physeq_objeto_Estero.rds	JQ245921.1.944	JQ245921.1.944	/home/fjbalvino/Compare_mangroves/physeq_objeto_Estero.rds	physeq_objeto_Estero.rds	Crenarchaeota	Bathyarchaeia	Bathyarchaeia	Bathyarchaeia	Bathyarchaeia	uncultured_miscellaneous	Bathyarchaeia	Bathyarchaeia	FALSE	FALSE	phyloseq	NA	uncultured_miscellaneous	clean_taxon_id	JQ245921.1.944
interior_impaired	interior_impaired_counts_common_top200.tsv	/home/fjbalvino/Compare_mangroves/results/01_prepare_network_matrices_20260619_180455/matrices/interior_impaired_counts_common_top200.tsv	interior_impaired_counts_common_top200.tsv	/home/fjbalvino/Compare_mangroves/physeq_objeto_Estero.rds	physeq_objeto_Estero.rds	JQ580158.1.1515	JQ580158.1.1515	/home/fjbalvino/Compare_mangroves/physeq_objeto_Estero.rds	physeq_objeto_Estero.rds	NB1-j	NB1-j	NB1-j	NB1-j	NB1-j	NA	NB1-j	NB1-j	FALSE	FALSE	phyloseq	NA	NA	clean_taxon_id	JQ580158.1.1515
interior_impaired	interior_impaired_counts_common_top200.tsv	/home/fjbalvino/Compare_mangroves/results/01_prepare_network_matrices_20260619_180455/matrices/interior_impaired_counts_common_top200.tsv	interior_impaired_counts_common_top200.tsv	/home/fjbalvino/Compare_mangroves/physeq_objeto_Estero.rds	physeq_objeto_Estero.rds	JQ580221.1.1496	JQ580221.1.1496	/home/fjbalvino/Compare_mangroves/physeq_objeto_Estero.rds	physeq_objeto_Estero.rds	Calditrichota	Calditrichia	Calditrichales	Calditrichaceae	Calditrichaceae	uncultured_Deferribacteres	Calditrichaceae	Calditrichaceae	FALSE	FALSE	phyloseq	NA	uncultured_Deferribacteres	clean_taxon_id	JQ580221.1.1496
interior_impaired	interior_impaired_counts_common_top200.tsv	/home/fjbalvino/Compare_mangroves/results/01_prepare_network_matrices_20260619_180455/matrices/interior_impaired_counts_common_top200.tsv	interior_impaired_counts_common_top200.tsv	/home/fjbalvino/Compare_mangroves/physeq_objeto_Estero.rds	physeq_objeto_Estero.rds	JQ580306.1.1521	JQ580306.1.1521	/home/fjbalvino/Compare_mangroves/physeq_objeto_Estero.rds	physeq_objeto_Estero.rds	Desulfobacterota	Desulfobacteria	Desulfobacterales	Desulfosarcinaceae	Sva0081_sediment_group	NA	Sva0081_sediment_group	Desulfosarcinaceae	FALSE	FALSE	phyloseq	NA	NA	clean_taxon_id	JQ580306.1.1521
interior_impaired	interior_impaired_counts_common_top200.tsv	/home/fjbalvino/Compare_mangroves/results/01_prepare_network_matrices_20260619_180455/matrices/interior_impaired_counts_common_top200.tsv	interior_impaired_counts_common_top200.tsv	/home/fjbalvino/Compare_mangroves/physeq_objeto_Estero.rds	physeq_objeto_Estero.rds	JQ580309.1.1482	JQ580309.1.1482	/home/fjbalvino/Compare_mangroves/physeq_objeto_Estero.rds	physeq_objeto_Estero.rds	Bacteroidota	Bacteroidia	Bacteroidales	Bacteroidetes_BD2-2	Bacteroidetes_BD2-2	NA	Bacteroidetes_BD2-2	Bacteroidetes_BD2-2	FALSE	FALSE	phyloseq	NA	NA	clean_taxon_id	JQ580309.1.1482
interior_impaired	interior_impaired_counts_common_top200.tsv	/home/fjbalvino/Compare_mangroves/results/01_prepare_network_matrices_20260619_180455/matrices/interior_impaired_counts_common_top200.tsv	interior_impaired_counts_common_top200.tsv	/home/fjbalvino/Compare_mangroves/physeq_objeto_Estero.rds	physeq_objeto_Estero.rds	JQ716269.1.1517	JQ716269.1.1517	/home/fjbalvino/Compare_mangroves/physeq_objeto_Estero.rds	physeq_objeto_Estero.rds	Calditrichota	Calditrichia	Calditrichales	Calditrichaceae	Calditrichaceae	uncultured_bacterium	Calditrichaceae	Calditrichaceae	FALSE	FALSE	phyloseq	NA	uncultured_bacterium	clean_taxon_id	JQ716269.1.1517
interior_impaired	interior_impaired_counts_common_top200.tsv	/home/fjbalvino/Compare_mangroves/results/01_prepare_network_matrices_20260619_180455/matrices/interior_impaired_counts_common_top200.tsv	interior_impaired_counts_common_top200.tsv	/home/fjbalvino/Compare_mangroves/physeq_objeto_Estero.rds	physeq_objeto_Estero.rds	JQ824907.1.1522	JQ824907.1.1522	/home/fjbalvino/Compare_mangroves/physeq_objeto_Estero.rds	physeq_objeto_Estero.rds	Gemmatimonadota	BD2-11_terrestrial_group	BD2-11_terrestrial_group	BD2-11_terrestrial_group	BD2-11_terrestrial_group	NA	BD2-11_terrestrial_group	BD2-11_terrestrial_group	FALSE	FALSE	phyloseq	NA	NA	clean_taxon_id	JQ824907.1.1522
interior_impaired	interior_impaired_counts_common_top200.tsv	/home/fjbalvino/Compare_mangroves/results/01_prepare_network_matrices_20260619_180455/matrices/interior_impaired_counts_common_top200.tsv	interior_impaired_counts_common_top200.tsv	/home/fjbalvino/Compare_mangroves/physeq_objeto_Estero.rds	physeq_objeto_Estero.rds	JQ989616.1.1540	JQ989616.1.1540	/home/fjbalvino/Compare_mangroves/physeq_objeto_Estero.rds	physeq_objeto_Estero.rds	Desulfobacterota	Desulfobacteria	Desulfatiglandales	Desulfatiglandaceae	Desulfatiglans	NA	Desulfatiglans	Desulfatiglandaceae	FALSE	FALSE	phyloseq	NA	NA	clean_taxon_id	JQ989616.1.1540
interior_impaired	interior_impaired_counts_common_top200.tsv	/home/fjbalvino/Compare_mangroves/results/01_prepare_network_matrices_20260619_180455/matrices/interior_impaired_counts_common_top200.tsv	interior_impaired_counts_common_top200.tsv	/home/fjbalvino/Compare_mangroves/physeq_objeto_Estero.rds	physeq_objeto_Estero.rds	JX221977.1.1390	JX221977.1.1390	/home/fjbalvino/Compare_mangroves/physeq_objeto_Estero.rds	physeq_objeto_Estero.rds	Bacteroidota	Bacteroidia	Bacteroidales	SB-5	SB-5	uncultured_Cytophagales	SB-5	SB-5	FALSE	FALSE	phyloseq	NA	uncultured_Cytophagales	clean_taxon_id	JX221977.1.1390
interior_impaired	interior_impaired_counts_common_top200.tsv	/home/fjbalvino/Compare_mangroves/results/01_prepare_network_matrices_20260619_180455/matrices/interior_impaired_counts_common_top200.tsv	interior_impaired_counts_common_top200.tsv	/home/fjbalvino/Compare_mangroves/physeq_objeto_Estero.rds	physeq_objeto_Estero.rds	JX227448.1.1506	JX227448.1.1506	/home/fjbalvino/Compare_mangroves/physeq_objeto_Estero.rds	physeq_objeto_Estero.rds	Proteobacteria	Gammaproteobacteria	MBMPE27	MBMPE27	MBMPE27	NA	MBMPE27	MBMPE27	FALSE	FALSE	phyloseq	NA	NA	clean_taxon_id	JX227448.1.1506
interior_impaired	interior_impaired_counts_common_top200.tsv	/home/fjbalvino/Compare_mangroves/results/01_prepare_network_matrices_20260619_180455/matrices/interior_impaired_counts_common_top200.tsv	interior_impaired_counts_common_top200.tsv	/home/fjbalvino/Compare_mangroves/physeq_objeto_Estero.rds	physeq_objeto_Estero.rds	JX241004.1.1520	JX241004.1.1520	/home/fjbalvino/Compare_mangroves/physeq_objeto_Estero.rds	physeq_objeto_Estero.rds	NB1-j	NB1-j	NB1-j	NB1-j	NB1-j	NA	NB1-j	NB1-j	FALSE	FALSE	phyloseq	NA	NA	clean_taxon_id	JX241004.1.1520
interior_impaired	interior_impaired_counts_common_top200.tsv	/home/fjbalvino/Compare_mangroves/results/01_prepare_network_matrices_20260619_180455/matrices/interior_impaired_counts_common_top200.tsv	interior_impaired_counts_common_top200.tsv	/home/fjbalvino/Compare_mangroves/physeq_objeto_Estero.rds	physeq_objeto_Estero.rds	JX241033.1.1526	JX241033.1.1526	/home/fjbalvino/Compare_mangroves/physeq_objeto_Estero.rds	physeq_objeto_Estero.rds	Gemmatimonadota	BD2-11_terrestrial_group	BD2-11_terrestrial_group	BD2-11_terrestrial_group	BD2-11_terrestrial_group	unidentified_bacterium	BD2-11_terrestrial_group	BD2-11_terrestrial_group	FALSE	FALSE	phyloseq	NA	unidentified_bacterium	clean_taxon_id	JX241033.1.1526
interior_impaired	interior_impaired_counts_common_top200.tsv	/home/fjbalvino/Compare_mangroves/results/01_prepare_network_matrices_20260619_180455/matrices/interior_impaired_counts_common_top200.tsv	interior_impaired_counts_common_top200.tsv	/home/fjbalvino/Compare_mangroves/physeq_objeto_Estero.rds	physeq_objeto_Estero.rds	JX441507.1.1521	JX441507.1.1521	/home/fjbalvino/Compare_mangroves/physeq_objeto_Estero.rds	physeq_objeto_Estero.rds	NB1-j	NB1-j	NB1-j	NB1-j	NB1-j	NA	NB1-j	NB1-j	FALSE	FALSE	phyloseq	NA	NA	clean_taxon_id	JX441507.1.1521
interior_impaired	interior_impaired_counts_common_top200.tsv	/home/fjbalvino/Compare_mangroves/results/01_prepare_network_matrices_20260619_180455/matrices/interior_impaired_counts_common_top200.tsv	interior_impaired_counts_common_top200.tsv	/home/fjbalvino/Compare_mangroves/physeq_objeto_Estero.rds	physeq_objeto_Estero.rds	JX870242.1.918	JX870242.1.918	/home/fjbalvino/Compare_mangroves/physeq_objeto_Estero.rds	physeq_objeto_Estero.rds	Thermoplasmatota	Thermoplasmata	Marine_Benthic_Group_D_and_DHVEG-1	Marine_Benthic_Group_D_and_DHVEG-1	Marine_Benthic_Group_D_and_DHVEG-1	uncultured_archaeon	Marine_Benthic_Group_D_and_DHVEG-1	Marine_Benthic_Group_D_and_DHVEG-1	FALSE	FALSE	phyloseq	NA	uncultured_archaeon	clean_taxon_id	JX870242.1.918
interior_impaired	interior_impaired_counts_common_top200.tsv	/home/fjbalvino/Compare_mangroves/results/01_prepare_network_matrices_20260619_180455/matrices/interior_impaired_counts_common_top200.tsv	interior_impaired_counts_common_top200.tsv	/home/fjbalvino/Compare_mangroves/physeq_objeto_Estero.rds	physeq_objeto_Estero.rds	JX870284.1.918	JX870284.1.918	/home/fjbalvino/Compare_mangroves/physeq_objeto_Estero.rds	physeq_objeto_Estero.rds	Thermoplasmatota	Thermoplasmata	Marine_Benthic_Group_D_and_DHVEG-1	Marine_Benthic_Group_D_and_DHVEG-1	Marine_Benthic_Group_D_and_DHVEG-1	NA	Marine_Benthic_Group_D_and_DHVEG-1	Marine_Benthic_Group_D_and_DHVEG-1	FALSE	FALSE	phyloseq	NA	NA	clean_taxon_id	JX870284.1.918
interior_impaired	interior_impaired_counts_common_top200.tsv	/home/fjbalvino/Compare_mangroves/results/01_prepare_network_matrices_20260619_180455/matrices/interior_impaired_counts_common_top200.tsv	interior_impaired_counts_common_top200.tsv	/home/fjbalvino/Compare_mangroves/physeq_objeto_Estero.rds	physeq_objeto_Estero.rds	JX870311.1.915	JX870311.1.915	/home/fjbalvino/Compare_mangroves/physeq_objeto_Estero.rds	physeq_objeto_Estero.rds	Thermoplasmatota	Thermoplasmata	Marine_Benthic_Group_D_and_DHVEG-1	Marine_Benthic_Group_D_and_DHVEG-1	Marine_Benthic_Group_D_and_DHVEG-1	uncultured_archaeon	Marine_Benthic_Group_D_and_DHVEG-1	Marine_Benthic_Group_D_and_DHVEG-1	FALSE	FALSE	phyloseq	NA	uncultured_archaeon	clean_taxon_id	JX870311.1.915
interior_impaired	interior_impaired_counts_common_top200.tsv	/home/fjbalvino/Compare_mangroves/results/01_prepare_network_matrices_20260619_180455/matrices/interior_impaired_counts_common_top200.tsv	interior_impaired_counts_common_top200.tsv	/home/fjbalvino/Compare_mangroves/physeq_objeto_Estero.rds	physeq_objeto_Estero.rds	KC009869.1.1401	KC009869.1.1401	/home/fjbalvino/Compare_mangroves/physeq_objeto_Estero.rds	physeq_objeto_Estero.rds	Proteobacteria	Gammaproteobacteria	Burkholderiales	Nitrosomonadaceae	MND1	NA	MND1	Nitrosomonadaceae	FALSE	FALSE	phyloseq	NA	NA	clean_taxon_id	KC009869.1.1401
interior_impaired	interior_impaired_counts_common_top200.tsv	/home/fjbalvino/Compare_mangroves/results/01_prepare_network_matrices_20260619_180455/matrices/interior_impaired_counts_common_top200.tsv	interior_impaired_counts_common_top200.tsv	/home/fjbalvino/Compare_mangroves/physeq_objeto_Estero.rds	physeq_objeto_Estero.rds	KC009877.1.1515	KC009877.1.1515	/home/fjbalvino/Compare_mangroves/physeq_objeto_Estero.rds	physeq_objeto_Estero.rds	NB1-j	NB1-j	NB1-j	NB1-j	NB1-j	NA	NB1-j	NB1-j	FALSE	FALSE	phyloseq	NA	NA	clean_taxon_id	KC009877.1.1515
interior_impaired	interior_impaired_counts_common_top200.tsv	/home/fjbalvino/Compare_mangroves/results/01_prepare_network_matrices_20260619_180455/matrices/interior_impaired_counts_common_top200.tsv	interior_impaired_counts_common_top200.tsv	/home/fjbalvino/Compare_mangroves/physeq_objeto_Estero.rds	physeq_objeto_Estero.rds	KC009895.1.1442	KC009895.1.1442	/home/fjbalvino/Compare_mangroves/physeq_objeto_Estero.rds	physeq_objeto_Estero.rds	NB1-j	NB1-j	NB1-j	NB1-j	NB1-j	NA	NB1-j	NB1-j	FALSE	FALSE	phyloseq	NA	NA	clean_taxon_id	KC009895.1.1442
interior_impaired	interior_impaired_counts_common_top200.tsv	/home/fjbalvino/Compare_mangroves/results/01_prepare_network_matrices_20260619_180455/matrices/interior_impaired_counts_common_top200.tsv	interior_impaired_counts_common_top200.tsv	/home/fjbalvino/Compare_mangroves/physeq_objeto_Estero.rds	physeq_objeto_Estero.rds	KC010004.1.1496	KC010004.1.1496	/home/fjbalvino/Compare_mangroves/physeq_objeto_Estero.rds	physeq_objeto_Estero.rds	Gemmatimonadota	BD2-11_terrestrial_group	BD2-11_terrestrial_group	BD2-11_terrestrial_group	BD2-11_terrestrial_group	uncultured_Gemmatimonadetes	BD2-11_terrestrial_group	BD2-11_terrestrial_group	FALSE	FALSE	phyloseq	NA	uncultured_Gemmatimonadetes	clean_taxon_id	KC010004.1.1496
interior_impaired	interior_impaired_counts_common_top200.tsv	/home/fjbalvino/Compare_mangroves/results/01_prepare_network_matrices_20260619_180455/matrices/interior_impaired_counts_common_top200.tsv	interior_impaired_counts_common_top200.tsv	/home/fjbalvino/Compare_mangroves/physeq_objeto_Estero.rds	physeq_objeto_Estero.rds	KC470953.1.1371	KC470953.1.1371	/home/fjbalvino/Compare_mangroves/physeq_objeto_Estero.rds	physeq_objeto_Estero.rds	Desulfobacterota	Desulfobacteria	Desulfatiglandales	Desulfatiglandaceae	Desulfatiglans	NA	Desulfatiglans	Desulfatiglandaceae	FALSE	FALSE	phyloseq	NA	NA	clean_taxon_id	KC470953.1.1371
interior_impaired	interior_impaired_counts_common_top200.tsv	/home/fjbalvino/Compare_mangroves/results/01_prepare_network_matrices_20260619_180455/matrices/interior_impaired_counts_common_top200.tsv	interior_impaired_counts_common_top200.tsv	/home/fjbalvino/Compare_mangroves/physeq_objeto_Estero.rds	physeq_objeto_Estero.rds	KC471044.1.1422	KC471044.1.1422	/home/fjbalvino/Compare_mangroves/physeq_objeto_Estero.rds	physeq_objeto_Estero.rds	Planctomycetota	Phycisphaerae	Phycisphaerales	Phycisphaeraceae	Urania-1B-19_marine_sediment_group	uncultured_planctomycete	Urania-1B-19_marine_sediment_group	Phycisphaeraceae	FALSE	FALSE	phyloseq	NA	uncultured_planctomycete	clean_taxon_id	KC471044.1.1422
interior_impaired	interior_impaired_counts_common_top200.tsv	/home/fjbalvino/Compare_mangroves/results/01_prepare_network_matrices_20260619_180455/matrices/interior_impaired_counts_common_top200.tsv	interior_impaired_counts_common_top200.tsv	/home/fjbalvino/Compare_mangroves/physeq_objeto_Estero.rds	physeq_objeto_Estero.rds	KF596668.1.1487	KF596668.1.1487	/home/fjbalvino/Compare_mangroves/physeq_objeto_Estero.rds	physeq_objeto_Estero.rds	Gemmatimonadota	BD2-11_terrestrial_group	BD2-11_terrestrial_group	BD2-11_terrestrial_group	BD2-11_terrestrial_group	unidentified_bacterium	BD2-11_terrestrial_group	BD2-11_terrestrial_group	FALSE	FALSE	phyloseq	NA	unidentified_bacterium	clean_taxon_id	KF596668.1.1487
interior_impaired	interior_impaired_counts_common_top200.tsv	/home/fjbalvino/Compare_mangroves/results/01_prepare_network_matrices_20260619_180455/matrices/interior_impaired_counts_common_top200.tsv	interior_impaired_counts_common_top200.tsv	/home/fjbalvino/Compare_mangroves/physeq_objeto_Estero.rds	physeq_objeto_Estero.rds	KJ817529.1.1517	KJ817529.1.1517	/home/fjbalvino/Compare_mangroves/physeq_objeto_Estero.rds	physeq_objeto_Estero.rds	Proteobacteria	Gammaproteobacteria	JTB23	JTB23	JTB23	NA	JTB23	JTB23	FALSE	FALSE	phyloseq	NA	NA	clean_taxon_id	KJ817529.1.1517
interior_impaired	interior_impaired_counts_common_top200.tsv	/home/fjbalvino/Compare_mangroves/results/01_prepare_network_matrices_20260619_180455/matrices/interior_impaired_counts_common_top200.tsv	interior_impaired_counts_common_top200.tsv	/home/fjbalvino/Compare_mangroves/physeq_objeto_Estero.rds	physeq_objeto_Estero.rds	KJ817533.1.1498	KJ817533.1.1498	/home/fjbalvino/Compare_mangroves/physeq_objeto_Estero.rds	physeq_objeto_Estero.rds	Proteobacteria	Gammaproteobacteria	EPR3968-O8a-Bc78	EPR3968-O8a-Bc78	EPR3968-O8a-Bc78	NA	EPR3968-O8a-Bc78	EPR3968-O8a-Bc78	FALSE	FALSE	phyloseq	NA	NA	clean_taxon_id	KJ817533.1.1498
interior_impaired	interior_impaired_counts_common_top200.tsv	/home/fjbalvino/Compare_mangroves/results/01_prepare_network_matrices_20260619_180455/matrices/interior_impaired_counts_common_top200.tsv	interior_impaired_counts_common_top200.tsv	/home/fjbalvino/Compare_mangroves/physeq_objeto_Estero.rds	physeq_objeto_Estero.rds	KJ817730.1.1525	KJ817730.1.1525	/home/fjbalvino/Compare_mangroves/physeq_objeto_Estero.rds	physeq_objeto_Estero.rds	Gemmatimonadota	BD2-11_terrestrial_group	BD2-11_terrestrial_group	BD2-11_terrestrial_group	BD2-11_terrestrial_group	NA	BD2-11_terrestrial_group	BD2-11_terrestrial_group	FALSE	FALSE	phyloseq	NA	NA	clean_taxon_id	KJ817730.1.1525
interior_impaired	interior_impaired_counts_common_top200.tsv	/home/fjbalvino/Compare_mangroves/results/01_prepare_network_matrices_20260619_180455/matrices/interior_impaired_counts_common_top200.tsv	interior_impaired_counts_common_top200.tsv	/home/fjbalvino/Compare_mangroves/physeq_objeto_Estero.rds	physeq_objeto_Estero.rds	KM071677.1.1399	KM071677.1.1399	/home/fjbalvino/Compare_mangroves/physeq_objeto_Estero.rds	physeq_objeto_Estero.rds	Chloroflexi	Dehalococcoidia	S085	S085	S085	uncultured_bacterium	S085	S085	FALSE	FALSE	phyloseq	NA	uncultured_bacterium	clean_taxon_id	KM071677.1.1399
interior_impaired	interior_impaired_counts_common_top200.tsv	/home/fjbalvino/Compare_mangroves/results/01_prepare_network_matrices_20260619_180455/matrices/interior_impaired_counts_common_top200.tsv	interior_impaired_counts_common_top200.tsv	/home/fjbalvino/Compare_mangroves/physeq_objeto_Estero.rds	physeq_objeto_Estero.rds	KM108644.1.1515	KM108644.1.1515	/home/fjbalvino/Compare_mangroves/physeq_objeto_Estero.rds	physeq_objeto_Estero.rds	NB1-j	NB1-j	NB1-j	NB1-j	NB1-j	uncultured_Desulfoglaeba	NB1-j	NB1-j	FALSE	FALSE	phyloseq	NA	uncultured_Desulfoglaeba	clean_taxon_id	KM108644.1.1515
interior_impaired	interior_impaired_counts_common_top200.tsv	/home/fjbalvino/Compare_mangroves/results/01_prepare_network_matrices_20260619_180455/matrices/interior_impaired_counts_common_top200.tsv	interior_impaired_counts_common_top200.tsv	/home/fjbalvino/Compare_mangroves/physeq_objeto_Estero.rds	physeq_objeto_Estero.rds	KM356600.1.1484	KM356600.1.1484	/home/fjbalvino/Compare_mangroves/physeq_objeto_Estero.rds	physeq_objeto_Estero.rds	NB1-j	NB1-j	NB1-j	NB1-j	NB1-j	NA	NB1-j	NB1-j	FALSE	FALSE	phyloseq	NA	NA	clean_taxon_id	KM356600.1.1484
interior_impaired	interior_impaired_counts_common_top200.tsv	/home/fjbalvino/Compare_mangroves/results/01_prepare_network_matrices_20260619_180455/matrices/interior_impaired_counts_common_top200.tsv	interior_impaired_counts_common_top200.tsv	/home/fjbalvino/Compare_mangroves/physeq_objeto_Estero.rds	physeq_objeto_Estero.rds	KP728222.1.1525	KP728222.1.1525	/home/fjbalvino/Compare_mangroves/physeq_objeto_Estero.rds	physeq_objeto_Estero.rds	Desulfobacterota	Desulfobacteria	Desulfobacterales	Desulfosarcinaceae	Desulfatitalea	uncultured_bacterium	Desulfatitalea	Desulfosarcinaceae	FALSE	FALSE	phyloseq	NA	uncultured_bacterium	clean_taxon_id	KP728222.1.1525
interior_impaired	interior_impaired_counts_common_top200.tsv	/home/fjbalvino/Compare_mangroves/results/01_prepare_network_matrices_20260619_180455/matrices/interior_impaired_counts_common_top200.tsv	interior_impaired_counts_common_top200.tsv	/home/fjbalvino/Compare_mangroves/physeq_objeto_Estero.rds	physeq_objeto_Estero.rds	KR559960.1.1479	KR559960.1.1479	/home/fjbalvino/Compare_mangroves/physeq_objeto_Estero.rds	physeq_objeto_Estero.rds	Acidobacteriota	Vicinamibacteria	Vicinamibacterales	Vicinamibacteraceae	Vicinamibacteraceae	NA	Vicinamibacteraceae	Vicinamibacteraceae	FALSE	FALSE	phyloseq	NA	NA	clean_taxon_id	KR559960.1.1479
interior_impaired	interior_impaired_counts_common_top200.tsv	/home/fjbalvino/Compare_mangroves/results/01_prepare_network_matrices_20260619_180455/matrices/interior_impaired_counts_common_top200.tsv	interior_impaired_counts_common_top200.tsv	/home/fjbalvino/Compare_mangroves/physeq_objeto_Estero.rds	physeq_objeto_Estero.rds	KR824952.1.1522	KR824952.1.1522	/home/fjbalvino/Compare_mangroves/physeq_objeto_Estero.rds	physeq_objeto_Estero.rds	Desulfobacterota	Desulfobacteria	Desulfobacterales	Desulfosarcinaceae	SEEP-SRB1	NA	SEEP-SRB1	Desulfosarcinaceae	FALSE	FALSE	phyloseq	NA	NA	clean_taxon_id	KR824952.1.1522
interior_impaired	interior_impaired_counts_common_top200.tsv	/home/fjbalvino/Compare_mangroves/results/01_prepare_network_matrices_20260619_180455/matrices/interior_impaired_counts_common_top200.tsv	interior_impaired_counts_common_top200.tsv	/home/fjbalvino/Compare_mangroves/physeq_objeto_Estero.rds	physeq_objeto_Estero.rds	KR824977.1.1462	KR824977.1.1462	/home/fjbalvino/Compare_mangroves/physeq_objeto_Estero.rds	physeq_objeto_Estero.rds	Chloroflexi	Dehalococcoidia	vadinBA26	vadinBA26	vadinBA26	uncultured_bacterium	vadinBA26	vadinBA26	FALSE	FALSE	phyloseq	NA	uncultured_bacterium	clean_taxon_id	KR824977.1.1462
interior_impaired	interior_impaired_counts_common_top200.tsv	/home/fjbalvino/Compare_mangroves/results/01_prepare_network_matrices_20260619_180455/matrices/interior_impaired_counts_common_top200.tsv	interior_impaired_counts_common_top200.tsv	/home/fjbalvino/Compare_mangroves/physeq_objeto_Estero.rds	physeq_objeto_Estero.rds	KT167015.1.1381	KT167015.1.1381	/home/fjbalvino/Compare_mangroves/physeq_objeto_Estero.rds	physeq_objeto_Estero.rds	Desulfobacterota	Desulfobacteria	Desulfatiglandales	Desulfatiglandaceae	Desulfatiglans	NA	Desulfatiglans	Desulfatiglandaceae	FALSE	FALSE	phyloseq	NA	NA	clean_taxon_id	KT167015.1.1381
interior_impaired	interior_impaired_counts_common_top200.tsv	/home/fjbalvino/Compare_mangroves/results/01_prepare_network_matrices_20260619_180455/matrices/interior_impaired_counts_common_top200.tsv	interior_impaired_counts_common_top200.tsv	/home/fjbalvino/Compare_mangroves/physeq_objeto_Estero.rds	physeq_objeto_Estero.rds	KT223232.1.1433	KT223232.1.1433	/home/fjbalvino/Compare_mangroves/physeq_objeto_Estero.rds	physeq_objeto_Estero.rds	Chloroflexi	Dehalococcoidia	SPG12-461-471-B8	SPG12-461-471-B8	SPG12-461-471-B8	uncultured_bacterium	SPG12-461-471-B8	SPG12-461-471-B8	FALSE	FALSE	phyloseq	NA	uncultured_bacterium	clean_taxon_id	KT223232.1.1433
interior_impaired	interior_impaired_counts_common_top200.tsv	/home/fjbalvino/Compare_mangroves/results/01_prepare_network_matrices_20260619_180455/matrices/interior_impaired_counts_common_top200.tsv	interior_impaired_counts_common_top200.tsv	/home/fjbalvino/Compare_mangroves/physeq_objeto_Estero.rds	physeq_objeto_Estero.rds	KT907904.1.907	KT907904.1.907	/home/fjbalvino/Compare_mangroves/physeq_objeto_Estero.rds	physeq_objeto_Estero.rds	Asgardarchaeota	Lokiarchaeia	Lokiarchaeia	Lokiarchaeia	Lokiarchaeia	uncultured_archaeon	Lokiarchaeia	Lokiarchaeia	FALSE	FALSE	phyloseq	NA	uncultured_archaeon	clean_taxon_id	KT907904.1.907
interior_impaired	interior_impaired_counts_common_top200.tsv	/home/fjbalvino/Compare_mangroves/results/01_prepare_network_matrices_20260619_180455/matrices/interior_impaired_counts_common_top200.tsv	interior_impaired_counts_common_top200.tsv	/home/fjbalvino/Compare_mangroves/physeq_objeto_Estero.rds	physeq_objeto_Estero.rds	KT907947.1.912	KT907947.1.912	/home/fjbalvino/Compare_mangroves/physeq_objeto_Estero.rds	physeq_objeto_Estero.rds	Asgardarchaeota	Lokiarchaeia	Lokiarchaeia	Lokiarchaeia	Lokiarchaeia	uncultured_archaeon	Lokiarchaeia	Lokiarchaeia	FALSE	FALSE	phyloseq	NA	uncultured_archaeon	clean_taxon_id	KT907947.1.912
interior_impaired	interior_impaired_counts_common_top200.tsv	/home/fjbalvino/Compare_mangroves/results/01_prepare_network_matrices_20260619_180455/matrices/interior_impaired_counts_common_top200.tsv	interior_impaired_counts_common_top200.tsv	/home/fjbalvino/Compare_mangroves/physeq_objeto_Estero.rds	physeq_objeto_Estero.rds	KT952676.1.1499	KT952676.1.1499	/home/fjbalvino/Compare_mangroves/physeq_objeto_Estero.rds	physeq_objeto_Estero.rds	Proteobacteria	Gammaproteobacteria	KI89A_clade	KI89A_clade	KI89A_clade	NA	KI89A_clade	KI89A_clade	FALSE	FALSE	phyloseq	NA	NA	clean_taxon_id	KT952676.1.1499
interior_impaired	interior_impaired_counts_common_top200.tsv	/home/fjbalvino/Compare_mangroves/results/01_prepare_network_matrices_20260619_180455/matrices/interior_impaired_counts_common_top200.tsv	interior_impaired_counts_common_top200.tsv	/home/fjbalvino/Compare_mangroves/physeq_objeto_Estero.rds	physeq_objeto_Estero.rds	KU324299.1.1492	KU324299.1.1492	/home/fjbalvino/Compare_mangroves/physeq_objeto_Estero.rds	physeq_objeto_Estero.rds	Bacteroidota	Bacteroidia	Bacteroidales	Bacteroidetes_BD2-2	Bacteroidetes_BD2-2	NA	Bacteroidetes_BD2-2	Bacteroidetes_BD2-2	FALSE	FALSE	phyloseq	NA	NA	clean_taxon_id	KU324299.1.1492
interior_impaired	interior_impaired_counts_common_top200.tsv	/home/fjbalvino/Compare_mangroves/results/01_prepare_network_matrices_20260619_180455/matrices/interior_impaired_counts_common_top200.tsv	interior_impaired_counts_common_top200.tsv	/home/fjbalvino/Compare_mangroves/physeq_objeto_Estero.rds	physeq_objeto_Estero.rds	KX097186.1.1519	KX097186.1.1519	/home/fjbalvino/Compare_mangroves/physeq_objeto_Estero.rds	physeq_objeto_Estero.rds	Myxococcota	Polyangia	Haliangiales	Haliangiaceae	Haliangium	NA	Haliangium	Haliangiaceae	FALSE	FALSE	phyloseq	NA	NA	clean_taxon_id	KX097186.1.1519
interior_impaired	interior_impaired_counts_common_top200.tsv	/home/fjbalvino/Compare_mangroves/results/01_prepare_network_matrices_20260619_180455/matrices/interior_impaired_counts_common_top200.tsv	interior_impaired_counts_common_top200.tsv	/home/fjbalvino/Compare_mangroves/physeq_objeto_Estero.rds	physeq_objeto_Estero.rds	KX097734.1.1525	KX097734.1.1525	/home/fjbalvino/Compare_mangroves/physeq_objeto_Estero.rds	physeq_objeto_Estero.rds	Desulfobacterota	Desulfobacteria	Desulfatiglandales	Desulfatiglandaceae	Desulfatiglans	NA	Desulfatiglans	Desulfatiglandaceae	FALSE	FALSE	phyloseq	NA	NA	clean_taxon_id	KX097734.1.1525
interior_impaired	interior_impaired_counts_common_top200.tsv	/home/fjbalvino/Compare_mangroves/results/01_prepare_network_matrices_20260619_180455/matrices/interior_impaired_counts_common_top200.tsv	interior_impaired_counts_common_top200.tsv	/home/fjbalvino/Compare_mangroves/physeq_objeto_Estero.rds	physeq_objeto_Estero.rds	KX172242.1.1463	KX172242.1.1463	/home/fjbalvino/Compare_mangroves/physeq_objeto_Estero.rds	physeq_objeto_Estero.rds	Proteobacteria	Gammaproteobacteria	BD7-8	BD7-8	BD7-8	NA	BD7-8	BD7-8	FALSE	FALSE	phyloseq	NA	NA	clean_taxon_id	KX172242.1.1463
interior_impaired	interior_impaired_counts_common_top200.tsv	/home/fjbalvino/Compare_mangroves/results/01_prepare_network_matrices_20260619_180455/matrices/interior_impaired_counts_common_top200.tsv	interior_impaired_counts_common_top200.tsv	/home/fjbalvino/Compare_mangroves/physeq_objeto_Estero.rds	physeq_objeto_Estero.rds	KX172521.1.1480	KX172521.1.1480	/home/fjbalvino/Compare_mangroves/physeq_objeto_Estero.rds	physeq_objeto_Estero.rds	Entotheonellaeota	Entotheonellia	Entotheonellales	Entotheonellaceae	Entotheonellaceae	uncultured_bacterium	Entotheonellaceae	Entotheonellaceae	FALSE	FALSE	phyloseq	NA	uncultured_bacterium	clean_taxon_id	KX172521.1.1480
interior_impaired	interior_impaired_counts_common_top200.tsv	/home/fjbalvino/Compare_mangroves/results/01_prepare_network_matrices_20260619_180455/matrices/interior_impaired_counts_common_top200.tsv	interior_impaired_counts_common_top200.tsv	/home/fjbalvino/Compare_mangroves/physeq_objeto_Estero.rds	physeq_objeto_Estero.rds	KX172552.1.1464	KX172552.1.1464	/home/fjbalvino/Compare_mangroves/physeq_objeto_Estero.rds	physeq_objeto_Estero.rds	Proteobacteria	Gammaproteobacteria	BD7-8	BD7-8	BD7-8	NA	BD7-8	BD7-8	FALSE	FALSE	phyloseq	NA	NA	clean_taxon_id	KX172552.1.1464
interior_impaired	interior_impaired_counts_common_top200.tsv	/home/fjbalvino/Compare_mangroves/results/01_prepare_network_matrices_20260619_180455/matrices/interior_impaired_counts_common_top200.tsv	interior_impaired_counts_common_top200.tsv	/home/fjbalvino/Compare_mangroves/physeq_objeto_Estero.rds	physeq_objeto_Estero.rds	KX172698.1.1484	KX172698.1.1484	/home/fjbalvino/Compare_mangroves/physeq_objeto_Estero.rds	physeq_objeto_Estero.rds	Gemmatimonadota	BD2-11_terrestrial_group	BD2-11_terrestrial_group	BD2-11_terrestrial_group	BD2-11_terrestrial_group	NA	BD2-11_terrestrial_group	BD2-11_terrestrial_group	FALSE	FALSE	phyloseq	NA	NA	clean_taxon_id	KX172698.1.1484
interior_impaired	interior_impaired_counts_common_top200.tsv	/home/fjbalvino/Compare_mangroves/results/01_prepare_network_matrices_20260619_180455/matrices/interior_impaired_counts_common_top200.tsv	interior_impaired_counts_common_top200.tsv	/home/fjbalvino/Compare_mangroves/physeq_objeto_Estero.rds	physeq_objeto_Estero.rds	KX213873.1.1405	KX213873.1.1405	/home/fjbalvino/Compare_mangroves/physeq_objeto_Estero.rds	physeq_objeto_Estero.rds	Planctomycetota	OM190	OM190	OM190	OM190	uncultured_bacterium	OM190	OM190	FALSE	FALSE	phyloseq	NA	uncultured_bacterium	clean_taxon_id	KX213873.1.1405
interior_impaired	interior_impaired_counts_common_top200.tsv	/home/fjbalvino/Compare_mangroves/results/01_prepare_network_matrices_20260619_180455/matrices/interior_impaired_counts_common_top200.tsv	interior_impaired_counts_common_top200.tsv	/home/fjbalvino/Compare_mangroves/physeq_objeto_Estero.rds	physeq_objeto_Estero.rds	KY228984.1.1390	KY228984.1.1390	/home/fjbalvino/Compare_mangroves/physeq_objeto_Estero.rds	physeq_objeto_Estero.rds	Proteobacteria	Alphaproteobacteria	Kiloniellales	Kiloniellaceae	Pelagibius	NA	Pelagibius	Kiloniellaceae	FALSE	FALSE	phyloseq	NA	NA	clean_taxon_id	KY228984.1.1390
interior_impaired	interior_impaired_counts_common_top200.tsv	/home/fjbalvino/Compare_mangroves/results/01_prepare_network_matrices_20260619_180455/matrices/interior_impaired_counts_common_top200.tsv	interior_impaired_counts_common_top200.tsv	/home/fjbalvino/Compare_mangroves/physeq_objeto_Estero.rds	physeq_objeto_Estero.rds	KY441460.1.1524	KY441460.1.1524	/home/fjbalvino/Compare_mangroves/physeq_objeto_Estero.rds	physeq_objeto_Estero.rds	Gemmatimonadota	BD2-11_terrestrial_group	BD2-11_terrestrial_group	BD2-11_terrestrial_group	BD2-11_terrestrial_group	uncultured_bacterium	BD2-11_terrestrial_group	BD2-11_terrestrial_group	FALSE	FALSE	phyloseq	NA	uncultured_bacterium	clean_taxon_id	KY441460.1.1524
interior_impaired	interior_impaired_counts_common_top200.tsv	/home/fjbalvino/Compare_mangroves/results/01_prepare_network_matrices_20260619_180455/matrices/interior_impaired_counts_common_top200.tsv	interior_impaired_counts_common_top200.tsv	/home/fjbalvino/Compare_mangroves/physeq_objeto_Estero.rds	physeq_objeto_Estero.rds	KY609501.1.1523	KY609501.1.1523	/home/fjbalvino/Compare_mangroves/physeq_objeto_Estero.rds	physeq_objeto_Estero.rds	NB1-j	NB1-j	NB1-j	NB1-j	NB1-j	NA	NB1-j	NB1-j	FALSE	FALSE	phyloseq	NA	NA	clean_taxon_id	KY609501.1.1523
interior_impaired	interior_impaired_counts_common_top200.tsv	/home/fjbalvino/Compare_mangroves/results/01_prepare_network_matrices_20260619_180455/matrices/interior_impaired_counts_common_top200.tsv	interior_impaired_counts_common_top200.tsv	/home/fjbalvino/Compare_mangroves/physeq_objeto_Estero.rds	physeq_objeto_Estero.rds	LN566308.1.1399	LN566308.1.1399	/home/fjbalvino/Compare_mangroves/physeq_objeto_Estero.rds	physeq_objeto_Estero.rds	Gemmatimonadota	BD2-11_terrestrial_group	BD2-11_terrestrial_group	BD2-11_terrestrial_group	BD2-11_terrestrial_group	NA	BD2-11_terrestrial_group	BD2-11_terrestrial_group	FALSE	FALSE	phyloseq	NA	NA	clean_taxon_id	LN566308.1.1399
interior_impaired	interior_impaired_counts_common_top200.tsv	/home/fjbalvino/Compare_mangroves/results/01_prepare_network_matrices_20260619_180455/matrices/interior_impaired_counts_common_top200.tsv	interior_impaired_counts_common_top200.tsv	/home/fjbalvino/Compare_mangroves/physeq_objeto_Estero.rds	physeq_objeto_Estero.rds	MG601401.1.1536	MG601401.1.1536	/home/fjbalvino/Compare_mangroves/physeq_objeto_Estero.rds	physeq_objeto_Estero.rds	Desulfobacterota	Desulfobacteria	Desulfatiglandales	Desulfatiglandaceae	Desulfatiglans	NA	Desulfatiglans	Desulfatiglandaceae	FALSE	FALSE	phyloseq	NA	NA	clean_taxon_id	MG601401.1.1536
interior_impaired	interior_impaired_counts_common_top200.tsv	/home/fjbalvino/Compare_mangroves/results/01_prepare_network_matrices_20260619_180455/matrices/interior_impaired_counts_common_top200.tsv	interior_impaired_counts_common_top200.tsv	/home/fjbalvino/Compare_mangroves/physeq_objeto_Estero.rds	physeq_objeto_Estero.rds	MGML01000116.8420.9921	MGML01000116.8420.9921	/home/fjbalvino/Compare_mangroves/physeq_objeto_Estero.rds	physeq_objeto_Estero.rds	Chloroflexi	Dehalococcoidia	661239	661239	661239	Chloroflexi_bacterium	661239	661239	FALSE	FALSE	phyloseq	NA	Chloroflexi_bacterium	clean_taxon_id	MGML01000116.8420.9921
interior_impaired	interior_impaired_counts_common_top200.tsv	/home/fjbalvino/Compare_mangroves/results/01_prepare_network_matrices_20260619_180455/matrices/interior_impaired_counts_common_top200.tsv	interior_impaired_counts_common_top200.tsv	/home/fjbalvino/Compare_mangroves/physeq_objeto_Estero.rds	physeq_objeto_Estero.rds	MH071306.1.1400	MH071306.1.1400	/home/fjbalvino/Compare_mangroves/physeq_objeto_Estero.rds	physeq_objeto_Estero.rds	NB1-j	NB1-j	NB1-j	NB1-j	NB1-j	uncultured_Acidobacteria	NB1-j	NB1-j	FALSE	FALSE	phyloseq	NA	uncultured_Acidobacteria	clean_taxon_id	MH071306.1.1400
