"ASV","Location","Kingdom","Phylum","Class","Order","Family","Genus","Species"
"FN398053.1.1489","Fossil Lagoon","d__Bacteria","Proteobacteria","Gammaproteobacteria","Cellvibrionales","Halieaceae",NA,NA
"FR667789.1.1446","Fossil Lagoon","d__Bacteria","Proteobacteria","Alphaproteobacteria","Micropepsales","Micropepsaceae","Micropepsaceae","uncultured_bacterium"
"EU491142.1.1523","Fossil Lagoon","d__Bacteria","Latescibacterota","Latescibacteria","Latescibacterales","Latescibacteraceae","Latescibacteraceae","uncultured_actinobacterium"
"DQ351750.1.1510","Fossil Lagoon","d__Bacteria","Proteobacteria","Gammaproteobacteria","Oceanospirillales","Pseudohongiellaceae","Pseudohongiella",NA
"KX768747.1.1475","Fossil Lagoon","d__Bacteria","Proteobacteria","Alphaproteobacteria","Sphingomonadales","Sphingomonadaceae",NA,NA
"GU118430.1.1484","Fossil Lagoon","d__Bacteria","Dadabacteria","Dadabacteriia","Dadabacteriales","Dadabacteriales","Dadabacteriales",NA
"JQ989640.1.1399","Fossil Lagoon","d__Archaea","Thermoplasmatota","Thermoplasmata","Marine_Benthic_Group_D_and_DHVEG-1","Marine_Benthic_Group_D_and_DHVEG-1","Marine_Benthic_Group_D_and_DHVEG-1","uncultured_archaeon"
"GU270117.1.914","Fossil Lagoon","d__Archaea","Thermoplasmatota","Thermoplasmata","uncultured","uncultured","uncultured","uncultured_archaeon"
"KP943977.1.1502","Fossil Lagoon","d__Bacteria","Proteobacteria","Gammaproteobacteria","Arenicellales","Arenicellaceae","Candidatus_Thiosymbion","gamma_proteobacterium"
"KC631538.1.1551","Fossil Lagoon","d__Bacteria","Gemmatimonadota","PAUC43f_marine_benthic_group","PAUC43f_marine_benthic_group","PAUC43f_marine_benthic_group","PAUC43f_marine_benthic_group","uncultured_Gemmatimonadetes"
"JN524025.1.1396","Fossil Lagoon","d__Bacteria","Bacteroidota","Bacteroidia","Flavobacteriales","Flavobacteriaceae","Maritimimonas","uncultured_organism"
"HQ216273.1.1242","Fossil Lagoon","d__Bacteria","Proteobacteria","Alphaproteobacteria",NA,NA,NA,NA
"HE985084.1.1483","Fossil Lagoon","d__Bacteria","Nitrospirota","Nitrospiria","Nitrospirales","Nitrospiraceae","Nitrospira","uncultured_Nitrospirae"
"JX441454.1.1436","Fossil Lagoon","d__Bacteria","Proteobacteria","Alphaproteobacteria","Caulobacterales","uncultured","uncultured","uncultured_bacterium"
"GQ143793.1.1543","Fossil Lagoon","d__Bacteria","Planctomycetota","Phycisphaerae","MSBL9","SG8-4","SG8-4","uncultured_bacterium"
"JN483938.1.1414","Fossil Lagoon","d__Bacteria","Bacteroidota","Bacteroidia","Cytophagales","Cyclobacteriaceae","uncultured",NA
"FJ516839.1.1475","Fossil Lagoon","d__Bacteria","Bdellovibrionota","Bdellovibrionia","Bdellovibrionales","Bdellovibrionaceae","Bdellovibrio","uncultured_delta"
"FN553627.1.1510","Fossil Lagoon","d__Bacteria","NB1-j","NB1-j","NB1-j","NB1-j","NB1-j","uncultured_sediment"
"JF495315.1.1511","Fossil Lagoon","d__Bacteria","Spirochaetota","Leptospirae","Leptospirales","Leptospiraceae","RBG-16-49-21","uncultured_bacterium"
"JQ989441.1.1437","Fossil Lagoon","d__Archaea","Asgardarchaeota","Lokiarchaeia","Lokiarchaeia","Lokiarchaeia","Lokiarchaeia","uncultured_archaeon"
"FJ264678.1.1469","Fossil Lagoon","d__Bacteria","Chloroflexi","Dehalococcoidia","MSBL5","MSBL5","MSBL5","uncultured_organism"
"EU420697.1.1454","Fossil Lagoon","d__Archaea","Thermoplasmatota","Thermoplasmata","Marine_Benthic_Group_D_and_DHVEG-1","Marine_Benthic_Group_D_and_DHVEG-1","Marine_Benthic_Group_D_and_DHVEG-1",NA
"AF354161.1.1421","Fossil Lagoon","d__Bacteria","Calditrichota","Calditrichia","Calditrichales","Calditrichaceae","Calditrichaceae",NA
"HQ857691.1.1467","Fossil Lagoon","d__Bacteria","Chloroflexi","Chloroflexia","Thermomicrobiales","AKYG1722","AKYG1722","uncultured_bacterium"
"MG601418.1.1274","Fossil Lagoon","d__Bacteria","Patescibacteria","Gracilibacteria","Gracilibacteria","Gracilibacteria","Gracilibacteria","uncultured_sediment"
"EF208657.1.1525","Fossil Lagoon","d__Bacteria","Planctomycetota","OM190","OM190","OM190","OM190","uncultured_bacterium"
"JN468962.1.1396","Fossil Lagoon","d__Bacteria","Chloroflexi","Anaerolineae","SBR1031",NA,NA,NA
"JN539362.1.1468","Fossil Lagoon","d__Bacteria","Firmicutes","Clostridia","Clostridia","Hungateiclostridiaceae",NA,NA
"EU399548.1.1425","Fossil Lagoon","d__Bacteria","Proteobacteria","Gammaproteobacteria","Oceanospirillales","Nitrincolaceae","Marinobacterium","uncultured_Marinobacterium"
"JQ800988.1.1504","Fossil Lagoon","d__Bacteria","Proteobacteria","Gammaproteobacteria","HOC36","HOC36","HOC36","uncultured_bacterium"
"HF922241.1.1358","Fossil Lagoon","d__Archaea","Thermoplasmatota","Thermoplasmata","Marine_Benthic_Group_D_and_DHVEG-1","Marine_Benthic_Group_D_and_DHVEG-1","Marine_Benthic_Group_D_and_DHVEG-1",NA
"EU592418.1.1537","Fossil Lagoon","d__Bacteria","Latescibacterota","Latescibacterota","Latescibacterota","Latescibacterota","Latescibacterota","uncultured_bacterium"
"FJ873312.1.1418","Fossil Lagoon","d__Bacteria","Planctomycetota","Phycisphaerae","MSBL9","SG8-4","SG8-4","uncultured_bacterium"
"LN563586.1.1337","Fossil Lagoon","d__Bacteria","Bdellovibrionota","Bdellovibrionia","Bdellovibrionales","Bdellovibrionaceae","OM27_clade","uncultured_bacterium"
"EF575144.1.1501","Fossil Lagoon","d__Bacteria","Proteobacteria","Gammaproteobacteria",NA,NA,NA,NA
"EF125472.1.956","Fossil Lagoon","d__Archaea","Crenarchaeota","Bathyarchaeia","Bathyarchaeia","Bathyarchaeia","Bathyarchaeia",NA
"GU120553.1.1467","Fossil Lagoon","d__Bacteria","Proteobacteria","Gammaproteobacteria","Ectothiorhodospirales","Thioalkalispiraceae","Thioalkalispira-Sulfurivermis",NA
"AF317771.1.1469","Fossil Lagoon","d__Bacteria","NB1-j","NB1-j","NB1-j","NB1-j","NB1-j","uncultured_bacterium"
"DQ811925.1.1514","Fossil Lagoon","d__Bacteria","Gemmatimonadota","Gemmatimonadetes","Gemmatimonadales","Gemmatimonadaceae","uncultured","uncultured_actinobacterium"
"JN531240.1.1432","Fossil Lagoon","d__Bacteria","Proteobacteria","Gammaproteobacteria","AT-s2-59","AT-s2-59","AT-s2-59",NA
"JF727717.1.1524","Fossil Lagoon","d__Bacteria","Acidobacteriota","Subgroup_26","Subgroup_26","Subgroup_26","Subgroup_26","uncultured_Acidobacteria"
"EU488030.1.1512","Fossil Lagoon","d__Bacteria","Acidobacteriota","Aminicenantia","Aminicenantales","Aminicenantales","Aminicenantales","uncultured_bacterium"
"HM187275.1.1503","Fossil Lagoon","d__Bacteria","Latescibacterota","Latescibacterota","Latescibacterota","Latescibacterota","Latescibacterota","metagenome"
"GQ246439.1.1528","Fossil Lagoon","d__Bacteria","Desulfobacterota","Desulfobacteria","Desulfatiglandales","Desulfatiglandaceae","Desulfatiglans","uncultured_organism"
"AB802960.1.1398","Fossil Lagoon","d__Archaea","Thermoplasmatota","Thermoplasmata","Marine_Benthic_Group_D_and_DHVEG-1","Marine_Benthic_Group_D_and_DHVEG-1","Marine_Benthic_Group_D_and_DHVEG-1",NA
"AF317765.1.1443","Fossil Lagoon","d__Bacteria","Actinobacteriota","Acidimicrobiia","Actinomarinales","uncultured","uncultured","unidentified_bacterium"
"FJ516883.1.1518","Fossil Lagoon","d__Bacteria","Modulibacteria","Moduliflexia","Moduliflexales","Moduliflexaceae","Moduliflexaceae","uncultured_delta"
"JF727682.1.1523","Fossil Lagoon","d__Bacteria","Proteobacteria","Gammaproteobacteria","Gammaproteobacteria_Incertae_Sedis","Unknown_Family","uncultured",NA
"EU731652.1.1028","Fossil Lagoon","d__Archaea","Asgardarchaeota","Lokiarchaeia","Lokiarchaeia","Lokiarchaeia","Lokiarchaeia","uncultured_crenarchaeote"
"MG601274.1.1460","Fossil Lagoon","d__Bacteria","Chloroflexi","Dehalococcoidia","FW22","FW22","FW22","uncultured_bacterium"
"AY605177.1.1503","Fossil Lagoon","d__Bacteria","Spirochaetota","Spirochaetia","Spirochaetales","Spirochaetaceae","Spirochaeta","uncultured_spirochete"
"AJ620496.1.1501","Fossil Lagoon","d__Bacteria","Proteobacteria","Gammaproteobacteria","BD7-8","BD7-8","BD7-8","uncultured_bacterium"
"JN489164.1.1485","Fossil Lagoon","d__Bacteria","Myxococcota","Polyangia","PS-B29","PS-B29","PS-B29","uncultured_organism"
"EU245539.1.1513","Fossil Lagoon","d__Bacteria","Acidobacteriota","Thermoanaerobaculia","Thermoanaerobaculales","Thermoanaerobaculaceae","Subgroup_23","uncultured_bacterium"
"HF922336.1.1554","Fossil Lagoon","d__Bacteria","Planctomycetota","Phycisphaerae","Pla1_lineage","Pla1_lineage","Pla1_lineage","uncultured_bacterium"
"JQ925081.1.1543","Fossil Lagoon","d__Bacteria","Desulfobacterota","Desulfobacteria","Desulfatiglandales","Desulfatiglandaceae","Desulfatiglans",NA
"FJ516815.1.1483","Fossil Lagoon","d__Bacteria","Bacteroidota","Bacteroidia","Flavobacteriales","Flavobacteriaceae","Robiginitalea",NA
"DQ431892.1.1391","Fossil Lagoon","d__Bacteria","Bacteroidota","Bacteroidia","Bacteroidales","Bacteroidetes_BD2-2","Bacteroidetes_BD2-2","uncultured_Bacteroidetes/Chlorobi"
"FJ592581.1.1414","Fossil Lagoon","d__Bacteria","MBNT15","MBNT15","MBNT15","MBNT15","MBNT15","uncultured_soil"
"JF428782.1.944","Fossil Lagoon","d__Archaea","Crenarchaeota","Bathyarchaeia","Bathyarchaeia","Bathyarchaeia","Bathyarchaeia",NA
"HQ588374.1.1417","Fossil Lagoon","d__Bacteria","Myxococcota","Polyangia","VHS-B3-70","VHS-B3-70","VHS-B3-70","uncultured_bacterium"
"JX227042.1.1461","Fossil Lagoon","d__Bacteria","Planctomycetota","Phycisphaerae","Phycisphaerales","Phycisphaeraceae","Urania-1B-19_marine_sediment_group",NA
"KX172520.1.1484","Fossil Lagoon","d__Bacteria","Planctomycetota","OM190","OM190","OM190","OM190","uncultured_bacterium"
"KC631456.1.1554","Fossil Lagoon","d__Bacteria","Acidobacteriota","Subgroup_22","Subgroup_22","Subgroup_22","Subgroup_22","uncultured_bacterium"
"FJ902002.1.1207","Fossil Lagoon","d__Bacteria","Chloroflexi","Anaerolineae","uncultured","uncultured","uncultured",NA
"KF712605.1.1520","Fossil Lagoon","d__Bacteria","NB1-j","NB1-j","NB1-j","NB1-j","NB1-j",NA
"AB486869.1.1341","Fossil Lagoon","d__Bacteria","Firmicutes","Clostridia","Clostridiales","Clostridiaceae","Clostridium_sensu_stricto_8","uncultured_bacterium"
"AY454748.1.1056","Fossil Lagoon","d__Archaea","Halobacterota","Methanomicrobia","Methanomicrobiales","Methanomicrobiaceae","Methanomicrobiaceae","Methanoculleus_sp."
"AB806091.1.1427","Fossil Lagoon","d__Bacteria","Chloroflexi","Dehalococcoidia",NA,NA,NA,NA
"KT952642.1.1517","Fossil Lagoon","d__Bacteria","Proteobacteria","Gammaproteobacteria","AT-s2-59","AT-s2-59","AT-s2-59","uncultured_gamma"
"KF268883.1.1340","Fossil Lagoon","d__Bacteria","Proteobacteria","Alphaproteobacteria","uncultured","uncultured","uncultured","uncultured_Rhizobiales"
"KC009999.1.1506","Fossil Lagoon","d__Bacteria","Spirochaetota","Spirochaetia","Spirochaetales","Spirochaetaceae","Spirochaeta",NA
"KX173104.1.1476","Fossil Lagoon","d__Bacteria","NB1-j","NB1-j","NB1-j","NB1-j","NB1-j",NA
"KC009901.1.1511","Fossil Lagoon","d__Bacteria","MBNT15","MBNT15","MBNT15","MBNT15","MBNT15",NA
"JN500282.1.1283","Fossil Lagoon","d__Bacteria","Spirochaetota","Spirochaetia","Spirochaetales","Spirochaetaceae","Sediminispirochaeta","uncultured_organism"
"EU386122.1.1481","Fossil Lagoon","d__Bacteria","LCP-89","LCP-89","LCP-89","LCP-89","LCP-89","uncultured_bacterium"
"KF268745.1.1321","Fossil Lagoon","d__Bacteria","Proteobacteria","Alphaproteobacteria","Rhizobiales","Hyphomicrobiaceae","uncultured",NA
"MG002140.1.1226","Fossil Lagoon","d__Bacteria","Proteobacteria","Alphaproteobacteria","Rhodobacterales","Rhodobacteraceae",NA,NA
"FJ517056.1.1467","Fossil Lagoon","d__Bacteria","Chloroflexi","Anaerolineae","Ardenticatenales","uncultured","uncultured","uncultured_organism"
"EU487911.1.1501","Fossil Lagoon","d__Bacteria","Planctomycetota","Planctomycetes","Pirellulales","Pirellulaceae","Pir4_lineage",NA
"KF268917.1.1430","Fossil Lagoon","d__Bacteria","Desulfobacterota","Desulfuromonadia","Desulfuromonadia",NA,NA,NA
"FJ685741.1.1439","Fossil Lagoon","d__Archaea","Aenigmarchaeota","Aenigmarchaeia","Aenigmarchaeales","Aenigmarchaeales","Aenigmarchaeales","uncultured_archaeon"
"JQ925057.1.1464","Fossil Lagoon","d__Bacteria","Chloroflexi","Anaerolineae","SBR1031","SBR1031","SBR1031","uncultured_organism"
"GU230350.1.1517","Fossil Lagoon","d__Bacteria","Proteobacteria","Gammaproteobacteria","AT-s2-59","AT-s2-59","AT-s2-59",NA
"LJNR01000573.162.1708","Fossil Lagoon","d__Bacteria","Nitrospirota","Nitrospiria","Nitrospirales","Nitrospiraceae","Nitrospira","Nitrospira_bacterium"
"AY592419.1.1312","Fossil Lagoon","d__Bacteria","Planctomycetota","Planctomycetes","Pirellulales","Pirellulaceae","uncultured","uncultured_organism"
"HE717023.407755.409323","Fossil Lagoon","d__Bacteria","Firmicutes","Bacilli","Bacillales","Bacillaceae","Halobacillus",NA
"AB805913.1.1508","Fossil Lagoon","d__Bacteria","Verrucomicrobiota","Omnitrophia","Omnitrophales","Omnitrophales","Omnitrophales","metagenome"
"JQ611090.1.1388","Fossil Lagoon","d__Bacteria","Firmicutes","Clostridia","Lachnospirales",NA,NA,NA
"JN443095.1.1370","Fossil Lagoon","d__Bacteria","Chloroflexi","Anaerolineae","SBR1031","SBR1031","SBR1031","uncultured_microorganism"
"JQ407257.1.1365","Fossil Lagoon","d__Bacteria","Proteobacteria","Alphaproteobacteria","Rhodospirillales","Magnetospiraceae","Magnetovibrio","uncultured_bacterium"
"HQ397055.1.1505","Fossil Lagoon","d__Bacteria","Nitrospirota","Nitrospiria","Nitrospirales","Nitrospiraceae","Nitrospira","uncultured_Nitrospira"
"HQ214605.1.907","Fossil Lagoon","d__Archaea","Crenarchaeota","Nitrososphaeria","Marine_Benthic_Group_A","Marine_Benthic_Group_A","Marine_Benthic_Group_A","uncultured_Nitrosopumilales"
"KX389567.1.1447","Fossil Lagoon","d__Bacteria","Proteobacteria","Gammaproteobacteria","Oceanospirillales","Nitrincolaceae","Marinobacterium","Marinobacterium_nitratireducens"
"KT767981.1.1420","Fossil Lagoon","d__Bacteria","Desulfobacterota","Desulfovibrionia","Desulfovibrionales","Desulfovibrionaceae","Desulfovibrio","Desulfovibrio_senegalensis"
"EF018554.1.1407","Fossil Lagoon","d__Bacteria","MBNT15","MBNT15","MBNT15","MBNT15","MBNT15",NA
"LN571558.1.1393","Fossil Lagoon","d__Bacteria","Verrucomicrobiota","Verrucomicrobiae","Opitutales","Opitutaceae",NA,NA
"CU927382.1.1358","Fossil Lagoon","d__Bacteria","Bacteroidota","Bacteroidia","Bacteroidales","Bacteroidetes_vadinHA17","Bacteroidetes_vadinHA17",NA
"EU385917.1.1492","Fossil Lagoon","d__Bacteria","Desulfobacterota","Desulfobacteria","Desulfatiglandales","Desulfatiglandaceae","Desulfatiglans","uncultured_bacterium"
"EU713872.1.916","Fossil Lagoon","d__Archaea","Thermoplasmatota","Thermoplasmata","Marine_Benthic_Group_D_and_DHVEG-1","Marine_Benthic_Group_D_and_DHVEG-1","Marine_Benthic_Group_D_and_DHVEG-1","uncultured_archaeon"
"KF712822.1.1482","Fossil Lagoon","d__Bacteria","Acidobacteriota","Acidobacteriae","PAUC26f","PAUC26f","PAUC26f","uncultured_bacterium"
"KJ817591.1.1483","Fossil Lagoon","d__Bacteria","Desulfobacterota","Desulfuromonadia","Bradymonadales","Bradymonadales","Bradymonadales","uncultured_bacterium"
"JF809767.1.1419","Fossil Lagoon","d__Bacteria","Planctomycetota","OM190","OM190","OM190","OM190","uncultured_bacterium"
"KX172496.1.1411","Fossil Lagoon","d__Bacteria","Proteobacteria","Alphaproteobacteria","Rhizobiales","Methyloligellaceae","Methyloceanibacter","uncultured_bacterium"
"KM051604.1.1445","Fossil Lagoon","d__Bacteria","Proteobacteria","Alphaproteobacteria","Kiloniellales","Kiloniellaceae","uncultured","uncultured_organism"
"GU389675.1.1243","Fossil Lagoon","d__Bacteria","Bacteroidota","Bacteroidia","Bacteroidales","SB-5","SB-5","uncultured_bacterium"
"AJ001010.1.1394","Fossil Lagoon","d__Bacteria","Proteobacteria","Gammaproteobacteria","Salinisphaerales","Solimonadaceae","Nevskia","Nevskia_ramosa"
"JN531385.1.1385","Fossil Lagoon","d__Bacteria","Bacteroidota","Bacteroidia","Bacteroidales","SB-5","SB-5",NA
"FR749930.1.1533","Fossil Lagoon","d__Bacteria","Spirochaetota","Spirochaetia","Spirochaetales","Spirochaetaceae","Spirochaeta_2","Spirochaeta_isovalerica"
"AB803418.1.1405","Fossil Lagoon","d__Archaea","Thermoplasmatota","Thermoplasmatota","Thermoplasmatota","Thermoplasmatota","uncultured","uncultured_archaeon"
"HM598263.1.1538","Fossil Lagoon","d__Bacteria","Verrucomicrobiota","Omnitrophia","Omnitrophales","Omnitrophaceae","Candidatus_Omnitrophus","uncultured_bacterium"
"JN387417.1.1441","Fossil Lagoon","d__Bacteria","FCPU426","FCPU426","FCPU426","FCPU426","FCPU426","uncultured_microorganism"
"KT952672.1.1503","Fossil Lagoon","d__Bacteria","Planctomycetota","Planctomycetes","Planctomycetales","uncultured","uncultured","uncultured_deep-sea"
"AB807167.1.1479","Fossil Lagoon","d__Bacteria","Planctomycetota","Phycisphaerae","MSBL9","SG8-4","SG8-4","uncultured_bacterium"
"FJ644609.1.1321","Fossil Lagoon","d__Bacteria","Proteobacteria","Alphaproteobacteria","Sphingomonadales","Sphingomonadaceae",NA,NA
"JX391257.1.1485","Fossil Lagoon","d__Bacteria","Bacteroidota","Bacteroidia","Bacteroidales","Bacteroidetes_BD2-2","Bacteroidetes_BD2-2","uncultured_Cytophagales"
"AB803504.1.1398","Fossil Lagoon","d__Archaea","Thermoplasmatota","Thermoplasmata","Marine_Benthic_Group_D_and_DHVEG-1","Marine_Benthic_Group_D_and_DHVEG-1","Marine_Benthic_Group_D_and_DHVEG-1","uncultured_archaeon"
"KC896655.1.1516","Fossil Lagoon","d__Bacteria","Myxococcota","Polyangia","Polyangiales","Sandaracinaceae","Sandaracinus","uncultured_bacterium"
"KX172703.1.1475","Fossil Lagoon","d__Bacteria","Proteobacteria","Gammaproteobacteria",NA,NA,NA,NA
"KR825155.1.1455","Fossil Lagoon","d__Bacteria","Proteobacteria","Gammaproteobacteria","Chromatiales","Chromatiaceae","Candidatus_Thiobios","uncultured_gamma"
"KM018855.1.1522","Fossil Lagoon","d__Bacteria","Desulfobacterota","Desulfobacteria","Desulfobacterales","Desulfosarcinaceae","uncultured","uncultured_proteobacterium"
"JN537201.1.1491","Fossil Lagoon","d__Bacteria","Spirochaetota","Spirochaetia","Spirochaetales","Spirochaetaceae","Spirochaeta",NA
"KX172540.1.1433","Fossil Lagoon","d__Bacteria","Chloroflexi","Anaerolineae","Anaerolineales","Anaerolineaceae","uncultured","uncultured_Chloroflexi"
"FJ717005.1.1497","Fossil Lagoon","d__Bacteria","Bdellovibrionota","Bdellovibrionia","Bdellovibrionales","Bdellovibrionaceae","OM27_clade","uncultured_bacterium"
"FJ666179.1.1205","Fossil Lagoon","d__Bacteria","Proteobacteria","Alphaproteobacteria","Rhodospirillales","Magnetospiraceae","Magnetospira",NA
"FM165235.1.1462","Fossil Lagoon","d__Bacteria","Chloroflexi","Anaerolineae","SBR1031","SBR1031","SBR1031","uncultured_bacterium"
"JQ716263.1.1469","Fossil Lagoon","d__Bacteria","Planctomycetota","Planctomycetes","Pirellulales","Pirellulaceae","Pir4_lineage","uncultured_bacterium"
"GU179739.1.1367","Fossil Lagoon","d__Bacteria","Caldatribacteriota","JS1","JS1","JS1","JS1","uncultured_organism"
"EU488017.1.1520","Fossil Lagoon","d__Bacteria","Desulfobacterota","Desulfobacteria","Desulfatiglandales","Desulfatiglandaceae","Desulfatiglans",NA
"JN530764.1.1510","Fossil Lagoon","d__Bacteria","Planctomycetota","Phycisphaerae","mle1-8","mle1-8","mle1-8","uncultured_organism"
"FM253632.1.1425","Fossil Lagoon","d__Bacteria","Proteobacteria","Alphaproteobacteria","Caulobacterales","Parvularculaceae","Amphiplicatus",NA
"EU488032.1.1474","Fossil Lagoon","d__Bacteria","Chloroflexi","Anaerolineae","SBR1031","SBR1031","SBR1031","uncultured_organism"
"EF157213.1.1408","Fossil Lagoon","d__Bacteria","Proteobacteria","Alphaproteobacteria","Rhizobiales","Xanthobacteraceae","uncultured",NA
"JN523900.1.1475","Fossil Lagoon","d__Bacteria","Desulfobacterota","Desulfobacteria","Desulfobacterales","Desulfosarcinaceae",NA,NA
"AB294952.1.1397","Fossil Lagoon","d__Bacteria","Proteobacteria","Gammaproteobacteria",NA,NA,NA,NA
"JN801098.1.1336","Fossil Lagoon","d__Bacteria","Proteobacteria","Alphaproteobacteria","Tistrellales","Geminicoccaceae","uncultured","uncultured_bacterium"
"JN113075.1.1521","Fossil Lagoon","d__Bacteria","Planctomycetota","OM190","OM190","OM190","OM190","uncultured_bacterium"
"KF596631.1.1467","Fossil Lagoon","d__Bacteria","Spirochaetota","Spirochaetia","Spirochaetales","Spirochaetaceae","Sediminispirochaeta",NA
"KM019095.1.1479","Fossil Lagoon","d__Bacteria","Campilobacterota","Campylobacteria","Campylobacterales","Sulfurimonadaceae","Sulfurimonas","uncultured_proteobacterium"
"KT257823.1.1494","Fossil Lagoon","d__Bacteria","Desulfobacterota","Desulfuromonadia","Desulfuromonadia","Geopsychrobacteraceae",NA,NA
"JN511538.1.1406","Fossil Lagoon","d__Bacteria","Planctomycetota","vadinHA49","vadinHA49","vadinHA49","vadinHA49","uncultured_bacterium"
"EF125507.1.915","Fossil Lagoon","d__Archaea","Thermoplasmatota","Thermoplasmata","Marine_Benthic_Group_D_and_DHVEG-1","Marine_Benthic_Group_D_and_DHVEG-1","Marine_Benthic_Group_D_and_DHVEG-1",NA
"KY229868.1.1200","Fossil Lagoon","d__Bacteria","Proteobacteria","Gammaproteobacteria","Pseudomonadales","Pseudomonadaceae","Pseudomonas",NA
"FJ748806.1.1523","Fossil Lagoon","d__Bacteria","Gemmatimonadota","BD2-11_terrestrial_group","BD2-11_terrestrial_group","BD2-11_terrestrial_group","BD2-11_terrestrial_group","uncultured_organism"
"KX784538.1.1209","Fossil Lagoon","d__Bacteria","Proteobacteria","Alphaproteobacteria","Rhodobacterales","Rhodobacteraceae",NA,NA
"JX196211.1.913","Fossil Lagoon","d__Archaea","Thermoplasmatota","Thermoplasmata","Marine_Benthic_Group_D_and_DHVEG-1","Marine_Benthic_Group_D_and_DHVEG-1","Marine_Benthic_Group_D_and_DHVEG-1","uncultured_archaeon"
"EU487986.1.1465","Fossil Lagoon","d__Bacteria","Chloroflexi","Dehalococcoidia","Sh765B-AG-111","Sh765B-AG-111","Sh765B-AG-111","uncultured_bacterium"
"AXXK01000236.19007.20549","Fossil Lagoon","d__Bacteria","Desulfobacterota","Desulfobacteria","Desulfobacterales","Desulfosarcinaceae","Sva0081_sediment_group",NA
"JX226923.1.1508","Fossil Lagoon","d__Bacteria","NB1-j","NB1-j","NB1-j","NB1-j","NB1-j",NA
"JN526849.1.1420","Fossil Lagoon","d__Bacteria","Latescibacterota","Latescibacteria","Latescibacterales","Latescibacteraceae","Candidatus_Latescibacter","uncultured_bacterium"
"EU290705.1.1526","Fossil Lagoon","d__Bacteria","Myxococcota","Polyangia","VHS-B3-70","VHS-B3-70","VHS-B3-70",NA
"KC009986.1.1495","Fossil Lagoon","d__Bacteria","Latescibacterota","Latescibacteria","Latescibacterales","Latescibacteraceae","Latescibacteraceae",NA
"KT879226.1.1368","Fossil Lagoon","d__Bacteria","Desulfobacterota","Desulfobacteria","Desulfobacterales","Desulfosarcinaceae",NA,NA
"HE803917.1.1441","Fossil Lagoon","d__Bacteria","Bacteroidota","Bacteroidia","Cytophagales","Cyclobacteriaceae","uncultured",NA
"GU190992.1.1401","Fossil Lagoon","d__Archaea","Thermoplasmatota","Thermoplasmata","uncultured","uncultured","uncultured",NA
"KY609439.1.1448","Fossil Lagoon","d__Bacteria","Proteobacteria","Alphaproteobacteria","Micavibrionales",NA,NA,NA
"JQ801074.1.1501","Fossil Lagoon","d__Bacteria","Proteobacteria","Gammaproteobacteria","HOC36","HOC36","HOC36","uncultured_bacterium"
"LN561524.1.1318","Fossil Lagoon","d__Bacteria","Proteobacteria","Alphaproteobacteria","Rhizobiales","Rhizobiaceae",NA,NA
"AM943570.1.1380","Fossil Lagoon","d__Bacteria","Chloroflexi","Dehalococcoidia","vadinBA26","vadinBA26","vadinBA26","uncultured_bacterium"
"FN553599.1.1500","Fossil Lagoon","d__Bacteria","Proteobacteria","Gammaproteobacteria","Steroidobacterales","Woeseiaceae","Woeseia",NA
"GQ348574.1.1390","Fossil Lagoon","d__Bacteria","Planctomycetota","Planctomycetes","Planctomycetales","Gimesiaceae","uncultured",NA
"JN454289.1.1441","Fossil Lagoon","d__Bacteria","Bacteroidota","Bacteroidia","Bacteroidales","Bacteroidetes_BD2-2","Bacteroidetes_BD2-2",NA
"AB807348.1.1474","Fossil Lagoon","d__Bacteria","Zixibacteria","Zixibacteria","Zixibacteria","Zixibacteria","Zixibacteria",NA
"DQ640162.1.1359","Fossil Lagoon","d__Archaea","Thermoplasmatota","Thermoplasmata","Marine_Benthic_Group_D_and_DHVEG-1","Marine_Benthic_Group_D_and_DHVEG-1","Marine_Benthic_Group_D_and_DHVEG-1","uncultured_archaeon"
"EU134467.1.1363","Fossil Lagoon","d__Bacteria","Myxococcota","Polyangia","Polyangiales","BIrii41","BIrii41","uncultured_bacterium"
"HQ396926.1.1490","Fossil Lagoon","d__Bacteria","Actinobacteriota","Acidimicrobiia","Actinomarinales","uncultured","uncultured","uncultured_Actinomycetales"
"EU160516.1.1365","Fossil Lagoon","d__Bacteria","Desulfobacterota","Desulfobacteria","Desulfobacterales","Desulfosarcinaceae","uncultured",NA
"AB807100.1.1452","Fossil Lagoon","d__Bacteria","Planctomycetota","Planctomycetes","Pirellulales","Pirellulaceae","Pir4_lineage",NA
"AY184360.1.1446","Fossil Lagoon","d__Bacteria","Desulfobacterota","Desulfobacteria","Desulfobacterales","Desulfosarcinaceae","Desulfatibacillum",NA
"KY609406.1.1525","Fossil Lagoon","d__Bacteria","Gemmatimonadota","BD2-11_terrestrial_group","BD2-11_terrestrial_group","BD2-11_terrestrial_group","BD2-11_terrestrial_group",NA
"HQ174904.1.1412","Fossil Lagoon","d__Bacteria","NKB15","NKB15","NKB15","NKB15","NKB15","uncultured_bacterium"
"JF228426.1.1309","Fossil Lagoon","d__Bacteria","Chloroflexi","Dehalococcoidia","S085","S085","S085",NA
"EF208656.1.1515","Fossil Lagoon","d__Bacteria","NB1-j","NB1-j","NB1-j","NB1-j","NB1-j",NA
"FJ484699.1.1363","Fossil Lagoon","d__Bacteria","Fibrobacterota","Chitinivibrionia","uncultured","uncultured","uncultured","uncultured_bacterium"
"EU488081.1.1494","Fossil Lagoon","d__Bacteria","Acidobacteriota","Aminicenantia","Aminicenantales","Aminicenantales","Aminicenantales","uncultured_bacterium"
"JQ258747.1.914","Fossil Lagoon","d__Archaea","Thermoplasmatota","Thermoplasmata","uncultured","uncultured","uncultured","uncultured_archaeon"
"JX426828.1.952","Fossil Lagoon","d__Archaea","Thermoplasmatota","Thermoplasmata","Marine_Benthic_Group_D_and_DHVEG-1","Marine_Benthic_Group_D_and_DHVEG-1","Marine_Benthic_Group_D_and_DHVEG-1",NA
"LAZR01018652.492.2040","Fossil Lagoon","d__Bacteria","Planctomycetota","Phycisphaerae","Phycisphaerales","AKAU3564_sediment_group","AKAU3564_sediment_group",NA
"LN571006.1.1384","Fossil Lagoon","d__Bacteria","Acidobacteriota","Vicinamibacteria","Vicinamibacterales","Vicinamibacteraceae","Vicinamibacteraceae",NA
"JX504512.1.1531","Fossil Lagoon","d__Bacteria","NB1-j","NB1-j","NB1-j","NB1-j","NB1-j",NA
"JN825629.1.1420","Fossil Lagoon","d__Bacteria","Hydrogenedentes","Hydrogenedentia","Hydrogenedentiales","Hydrogenedensaceae","Hydrogenedensaceae",NA
"HM598249.1.1487","Fossil Lagoon","d__Bacteria","Proteobacteria","Gammaproteobacteria","Cellvibrionales","Porticoccaceae","C1-B045","uncultured_bacterium"
"JN230030.1.1441","Fossil Lagoon","d__Bacteria","WS2","WS2","WS2","WS2","WS2","uncultured_bacterium"
"JN662062.1.1380","Fossil Lagoon","d__Bacteria","Actinobacteriota","Acidimicrobiia","Actinomarinales","uncultured","uncultured",NA
"GU127733.1.1486","Fossil Lagoon","d__Bacteria","Desulfobacterota","Syntrophobacteria","Syntrophobacterales","Syntrophobacteraceae","Syntrophobacter",NA
"KC009993.1.1487","Fossil Lagoon","d__Bacteria","Latescibacterota","Latescibacterota","Latescibacterota","Latescibacterota","Latescibacterota","uncultured_Latescibacteria"
"KX097255.1.1490","Fossil Lagoon","d__Bacteria","Actinobacteriota","Acidimicrobiia","Actinomarinales","uncultured","uncultured","uncultured_Actinomycetales"
"KY418178.1.1220","Fossil Lagoon","d__Bacteria","Proteobacteria","Alphaproteobacteria","Caulobacterales","Caulobacteraceae","Brevundimonas","Brevundimonas_diminuta"
"JQ738956.1.1527","Fossil Lagoon","d__Bacteria","Actinobacteriota","WCHB1-81","WCHB1-81","WCHB1-81","WCHB1-81","uncultured_bacterium"
"JQ816197.1.1432","Fossil Lagoon","d__Bacteria","Chloroflexi","Dehalococcoidia","Sh765B-AG-111","Sh765B-AG-111","Sh765B-AG-111","uncultured_bacterium"
"JF344062.1.1474","Fossil Lagoon","d__Bacteria","Actinobacteriota","Acidimicrobiia","Microtrichales","Microtrichaceae","Sva0996_marine_group",NA
"AB805911.1.1509","Fossil Lagoon","d__Bacteria","Verrucomicrobiota","Omnitrophia","Omnitrophales","Omnitrophales","Omnitrophales","uncultured_bacterium"
"KR086481.1.1483","Fossil Lagoon","d__Bacteria","Planctomycetota","Phycisphaerae","Phycisphaerales","Phycisphaeraceae","Urania-1B-19_marine_sediment_group",NA
"AM709744.1.1353","Fossil Lagoon","d__Bacteria","Chloroflexi","KD4-96","KD4-96","KD4-96","KD4-96","uncultured_Gram-positive"
"JQ801013.1.1525","Fossil Lagoon","d__Bacteria","Planctomycetota","OM190","OM190","OM190","OM190","uncultured_bacterium"
"HM243901.1.1482","Fossil Lagoon","d__Bacteria","Bacteroidota","Bacteroidia","Bacteroidales","SB-5","SB-5",NA
"JN672631.1.1463","Fossil Lagoon","d__Bacteria","Proteobacteria","Gammaproteobacteria","Nitrosococcales","Nitrosococcaceae",NA,NA
"AB858572.1.1410","Fossil Lagoon","d__Bacteria","Planctomycetota","Phycisphaerae","MSBL9","SG8-4","SG8-4",NA
"EU245606.1.1513","Fossil Lagoon","d__Bacteria","Latescibacterota","Latescibacterota","Latescibacterota","Latescibacterota","Latescibacterota","uncultured_bacterium"
"AP012978.2211833.2213332","Fossil Lagoon","d__Bacteria","Proteobacteria","Gammaproteobacteria",NA,NA,NA,NA
"EU328009.1.1481","Fossil Lagoon","d__Bacteria","Bacteroidota","Bacteroidia","Cytophagales","Cyclobacteriaceae","Fulvivirga",NA
"AB694514.1.1378","Fossil Lagoon","d__Bacteria","Chloroflexi","JG30-KF-CM66","JG30-KF-CM66","JG30-KF-CM66","JG30-KF-CM66","uncultured_bacterium"
"JX227388.1.1514","Fossil Lagoon","d__Bacteria","Planctomycetota","Pla3_lineage","Pla3_lineage","Pla3_lineage","Pla3_lineage","uncultured_planctomycete"
"DQ109909.1.1352","Fossil Lagoon","d__Bacteria","Myxococcota","Myxococcia","Myxococcales","Myxococcaceae","P3OB-42","uncultured_organism"
"EU735010.1.1516","Fossil Lagoon","d__Bacteria","Acidobacteriota","Thermoanaerobaculia","Thermoanaerobaculales","Thermoanaerobaculaceae","Subgroup_10","uncultured_bacterium"
"JX226879.1.1519","Fossil Lagoon","d__Bacteria","NB1-j","NB1-j","NB1-j","NB1-j","NB1-j",NA
"FPLS01013918.18.1474","Fossil Lagoon","d__Bacteria","Proteobacteria","Alphaproteobacteria","Rhodobacterales","Rhodobacteraceae",NA,NA
"AB243810.1.1336","Fossil Lagoon","d__Archaea","Crenarchaeota","Bathyarchaeia","Bathyarchaeia","Bathyarchaeia","Bathyarchaeia",NA
"JN860387.1.1505","Fossil Lagoon","d__Bacteria","Proteobacteria","Gammaproteobacteria","Arenicellales","Arenicellaceae","uncultured","uncultured_Methylococcaceae"
"MG601269.1.1530","Fossil Lagoon","d__Bacteria","Sva0485","Sva0485","Sva0485","Sva0485","Sva0485","uncultured_bacterium"
"FM242427.1.1458","Fossil Lagoon","d__Bacteria","Proteobacteria","Alphaproteobacteria","Micavibrionales","Micavibrionales","Micavibrionales","uncultured_Alphaproteobacteria"
"DQ811915.1.1508","Fossil Lagoon","d__Bacteria","Acidobacteriota","Subgroup_18","Subgroup_18","Subgroup_18","Subgroup_18",NA
"GQ356886.1.912","Fossil Lagoon","d__Archaea","Thermoplasmatota","Thermoplasmatota","Thermoplasmatota","Thermoplasmatota","uncultured","uncultured_archaeon"
"JQ245907.1.948","Fossil Lagoon","d__Archaea","Crenarchaeota","Bathyarchaeia","Bathyarchaeia","Bathyarchaeia","Bathyarchaeia","uncultured_methanogenic"
"KF268856.1.1380","Fossil Lagoon","d__Bacteria","Desulfobacterota","Desulfobacteria","Desulfobacterales","Desulfobacteraceae","Desulfobacter",NA
"HF922301.1.1376","Fossil Lagoon","d__Archaea","Crenarchaeota","Bathyarchaeia","Bathyarchaeia","Bathyarchaeia","Bathyarchaeia","uncultured_miscellaneous"
"JN514945.1.1464","Fossil Lagoon","d__Bacteria","Latescibacterota","Latescibacteria","Latescibacterales","Latescibacteraceae","Candidatus_Latescibacter","uncultured_organism"
"KC471101.1.1487","Fossil Lagoon","d__Bacteria","Latescibacterota","Latescibacteria","Latescibacterales","Latescibacteraceae","Latescibacteraceae",NA
"EF999368.1.1504","Fossil Lagoon","d__Bacteria","Myxococcota","Polyangia","MidBa8","MidBa8","MidBa8","uncultured_bacterium"
"JF833593.1.1428","Fossil Lagoon","d__Bacteria","Actinobacteriota","Actinobacteria","Corynebacteriales","Mycobacteriaceae","Mycobacterium",NA
"KX097574.1.1525","Fossil Lagoon","d__Bacteria","Fibrobacterota","Fibrobacteria","Fibrobacterales","TG3","TG3","uncultured_bacterium"
"GQ410795.1.916","Fossil Lagoon","d__Archaea","Thermoplasmatota","Thermoplasmata","Marine_Benthic_Group_D_and_DHVEG-1","Marine_Benthic_Group_D_and_DHVEG-1","Marine_Benthic_Group_D_and_DHVEG-1",NA
"EU979066.1.1511","Fossil Lagoon","d__Bacteria","Myxococcota","Polyangia","UASB-TL25","UASB-TL25","UASB-TL25",NA
"HQ611223.1.919","Fossil Lagoon","d__Archaea","Thermoplasmatota","Thermoplasmata","Marine_Benthic_Group_D_and_DHVEG-1","Marine_Benthic_Group_D_and_DHVEG-1","Marine_Benthic_Group_D_and_DHVEG-1","uncultured_archaeon"
"KF836198.1.1519","Fossil Lagoon","d__Bacteria","Sumerlaeota","Sumerlaeia","Sumerlaeales","Sumerlaeaceae","Sumerlaea","uncultured_bacterium"
"KJ817472.1.1518","Fossil Lagoon","d__Bacteria","Myxococcota","Polyangia","Polyangiales","BIrii41","BIrii41","uncultured_bacterium"
"JQ245863.1.920","Fossil Lagoon","d__Archaea","Thermoplasmatota","Thermoplasmata","JdFR-43","JdFR-43","JdFR-43","uncultured_archaeon"
"JN230070.1.1484","Fossil Lagoon","d__Bacteria","Calditrichota","Calditrichia","Calditrichales","Calditrichaceae","SM23-31","uncultured_bacterium"
"KP712892.1.1284","Fossil Lagoon","d__Bacteria","Proteobacteria","Gammaproteobacteria","Oceanospirillales","Halomonadaceae","Halomonas",NA
"EU585959.1.1437","Fossil Lagoon","d__Archaea","Thermoplasmatota","Thermoplasmata","Marine_Benthic_Group_D_and_DHVEG-1","Marine_Benthic_Group_D_and_DHVEG-1","Marine_Benthic_Group_D_and_DHVEG-1","uncultured_Thermoplasmatales"
"JN518884.1.1284","Fossil Lagoon","d__Bacteria","Planctomycetota","Phycisphaerae","mle1-8","mle1-8","mle1-8","uncultured_organism"
"GQ410910.1.929","Fossil Lagoon","d__Archaea","Thermoplasmatota","Thermoplasmata","Marine_Benthic_Group_D_and_DHVEG-1","Marine_Benthic_Group_D_and_DHVEG-1","Marine_Benthic_Group_D_and_DHVEG-1",NA
"AM050125.1.1440","Fossil Lagoon","d__Bacteria","Bacteroidota","Chlorobia","Chlorobiales","Chlorobiaceae","Chlorobaculum","Chlorobium_limicola"
"FM165237.1.1502","Fossil Lagoon","d__Bacteria","Myxococcota","Polyangia","MidBa8","MidBa8","MidBa8","uncultured_bacterium"
"FN553950.1.1531","Fossil Lagoon","d__Bacteria","Fermentibacterota","Fermentibacteria","Fermentibacterales","Fermentibacteraceae","Fermentibacteraceae","uncultured_sediment"
"JN517959.1.1415","Fossil Lagoon","d__Bacteria","Planctomycetota","Pla4_lineage","Pla4_lineage","Pla4_lineage","Pla4_lineage",NA
"FN553593.1.1519","Fossil Lagoon","d__Bacteria","Gemmatimonadota","PAUC43f_marine_benthic_group","PAUC43f_marine_benthic_group","PAUC43f_marine_benthic_group","PAUC43f_marine_benthic_group",NA
"JQ085823.12226.13749","Fossil Lagoon","d__Bacteria","Bacteroidota","Ignavibacteria","Ignavibacteriales","PHOS-HE36","PHOS-HE36","uncultured_bacterium"
"JN830954.1.1449","Fossil Lagoon","d__Bacteria","Myxococcota","Polyangia","Polyangiales","Sandaracinaceae","uncultured","uncultured_delta"
"JX391481.1.1503","Fossil Lagoon","d__Bacteria","Proteobacteria","Gammaproteobacteria",NA,NA,NA,NA
"EF516222.1.1490","Fossil Lagoon","d__Bacteria","Verrucomicrobiota","Verrucomicrobiae","Pedosphaerales","Pedosphaeraceae",NA,NA
"HQ697792.1.1480","Fossil Lagoon","d__Bacteria","Bacteroidota","Bacteroidia","Bacteroidales","Prolixibacteraceae","uncultured",NA
"AY454571.1.1047","Fossil Lagoon","d__Archaea","Crenarchaeota","Bathyarchaeia","Bathyarchaeia","Bathyarchaeia","Bathyarchaeia","uncultured_crenarchaeote"
"EU385873.1.1499","Fossil Lagoon","d__Bacteria","Planctomycetota","Pla4_lineage","Pla4_lineage","Pla4_lineage","Pla4_lineage","uncultured_bacterium"
"AY771960.1.1520","Fossil Lagoon","d__Bacteria","Desulfobacterota","Desulfobulbia","Desulfobulbales","Desulfobulbaceae","uncultured",NA
"EF061982.1.1512","Fossil Lagoon","d__Bacteria","Planctomycetota","OM190","OM190","OM190","OM190","uncultured_planctomycete"
"EU585942.1.1430","Fossil Lagoon","d__Archaea","Thermoplasmatota","Thermoplasmata","Marine_Benthic_Group_D_and_DHVEG-1","Marine_Benthic_Group_D_and_DHVEG-1","Marine_Benthic_Group_D_and_DHVEG-1","uncultured_Thermoplasmatales"
"JN531217.1.1319","Fossil Lagoon","d__Bacteria","Chloroflexi","Anaerolineae","SBR1031","SBR1031","SBR1031",NA
"GU118166.1.1439","Fossil Lagoon","d__Bacteria","Actinobacteriota","Acidimicrobiia","Microtrichales","Microtrichaceae","uncultured","uncultured_bacterium"
"KM410824.1.1460","Fossil Lagoon","d__Bacteria","Desulfobacterota","Desulfobaccia","Desulfobaccales","Desulfobaccaceae","Desulfobacca","uncultured_bacterium"
"FN436084.1.1498","Fossil Lagoon","d__Bacteria","Firmicutes","Clostridia","Lachnospirales","Lachnospiraceae","Anaerocolumna","uncultured_bacterium"
"AY211679.1.1368","Fossil Lagoon","d__Bacteria","Desulfobacterota","Dissulfuribacteria","Dissulfuribacterales","Dissulfuribacteraceae",NA,NA
"JF344145.1.1495","Fossil Lagoon","d__Bacteria","Proteobacteria","Gammaproteobacteria","Run-SP154","Run-SP154","Run-SP154","uncultured_gamma"
"JQ197423.1.1347","Fossil Lagoon","d__Bacteria","Myxococcota","Polyangia","VHS-B4-70","VHS-B4-70","VHS-B4-70","uncultured_bacterium"
"EU385764.1.1481","Fossil Lagoon","d__Bacteria","Latescibacterota","Latescibacteria","Latescibacterales","Latescibacteraceae","Candidatus_Latescibacter","uncultured_bacterium"
"KM356384.1.1479","Fossil Lagoon","d__Bacteria","Latescibacterota","Latescibacterota","Latescibacterota","Latescibacterota","Latescibacterota","uncultured_bacterium"
"GQ472450.1.1438","Fossil Lagoon","d__Bacteria","Planctomycetota","Planctomycetes","Pirellulales","Pirellulaceae",NA,NA
"KF500653.1.1397","Fossil Lagoon","d__Bacteria","Proteobacteria","Alphaproteobacteria","Rhizobiales","Hyphomicrobiaceae","Filomicrobium","uncultured_Hyphomicrobiaceae"
"GU583982.1.1485","Fossil Lagoon","d__Bacteria","Bacteroidota","Bacteroidia","Bacteroidales","Bacteroidetes_BD2-2","Bacteroidetes_BD2-2",NA
"KF616613.1.1426","Fossil Lagoon","d__Bacteria","Acidobacteriota","Acidobacteriae","PAUC26f","PAUC26f","PAUC26f","uncultured_Acidobacteria"
"DQ811870.1.1468","Fossil Lagoon","d__Bacteria","Chloroflexi","Anaerolineae","SBR1031","SBR1031","SBR1031",NA
"EF108312.1.1555","Fossil Lagoon","d__Bacteria","Myxococcota","Polyangia","Haliangiales","Haliangiaceae","Haliangium",NA
"JX241023.1.1498","Fossil Lagoon","d__Bacteria","Bacteroidota","Rhodothermia","Balneolales","Balneolaceae","uncultured","uncultured_Bacteroidetes"
"KY194109.1.1480","Fossil Lagoon","d__Bacteria","Gemmatimonadota","BD2-11_terrestrial_group","BD2-11_terrestrial_group","BD2-11_terrestrial_group","BD2-11_terrestrial_group",NA
"KX097179.1.1473","Fossil Lagoon","d__Bacteria","Chloroflexi","Anaerolineae","Anaerolineales","Anaerolineaceae","uncultured",NA
"EU592424.1.1505","Fossil Lagoon","d__Bacteria","Spirochaetota","Spirochaetia","Spirochaetales","Spirochaetaceae","Spirochaeta","uncultured_bacterium"
"JN429984.1.1461","Fossil Lagoon","d__Bacteria","Planctomycetota","Phycisphaerae","MSBL9","SG8-4","SG8-4","uncultured_organism"
"EU488324.1.1517","Fossil Lagoon","d__Bacteria","Latescibacterota","Latescibacterota","Latescibacterota","Latescibacterota","Latescibacterota","uncultured_bacterium"
"HQ692039.1.1327","Fossil Lagoon","d__Archaea","Thermoplasmatota","Thermoplasmata","Marine_Benthic_Group_D_and_DHVEG-1","Marine_Benthic_Group_D_and_DHVEG-1","Marine_Benthic_Group_D_and_DHVEG-1","uncultured_euryarchaeote"
"AB803351.1.1399","Fossil Lagoon","d__Archaea","Thermoplasmatota","Thermoplasmata","Marine_Benthic_Group_D_and_DHVEG-1","Marine_Benthic_Group_D_and_DHVEG-1","Marine_Benthic_Group_D_and_DHVEG-1","uncultured_archaeon"
"JN530250.1.1343","Fossil Lagoon","d__Bacteria","Planctomycetota","Phycisphaerae","MSBL9","SG8-4","SG8-4","uncultured_organism"
"JN465250.1.1277","Fossil Lagoon","d__Bacteria","Chloroflexi","Anaerolineae","Ardenticatenales","uncultured","uncultured","uncultured_organism"
"HQ153873.1.1463","Fossil Lagoon","d__Bacteria","Planctomycetota","Planctomycetes","Pirellulales","Pirellulaceae","Bythopirellula","uncultured_bacterium"
"KM356762.1.1455","Fossil Lagoon","d__Bacteria","Bacteroidota","Bacteroidia","Chitinophagales","Saprospiraceae",NA,NA
"HQ153952.1.1420","Fossil Lagoon","d__Bacteria","Proteobacteria","Gammaproteobacteria","Thiotrichales","Thiotrichaceae","uncultured",NA
"AY454682.1.1043","Fossil Lagoon","d__Archaea","Nanoarchaeota","Nanoarchaeia","Woesearchaeales","Woesearchaeales","Woesearchaeales",NA
"KF616740.1.1465","Fossil Lagoon","d__Bacteria","Bacteroidota","Ignavibacteria","Ignavibacteriales","PHOS-HE36","PHOS-HE36","uncultured_bacterium"
"KF851157.1.1418","Fossil Lagoon","d__Bacteria","Sva0485","Sva0485","Sva0485","Sva0485","Sva0485","uncultured_bacterium"
"FJ484518.1.1273","Fossil Lagoon","d__Bacteria","Planctomycetota","Phycisphaerae","Tepidisphaerales","WD2101_soil_group","WD2101_soil_group","uncultured_planctomycete"
"FJ873366.1.1419","Fossil Lagoon","d__Bacteria","Desulfobacterota","Desulfobacteria","Desulfobacterales","Desulfosarcinaceae","SEEP-SRB1",NA
"FJ655764.1.1401","Fossil Lagoon","d__Archaea","Thermoplasmatota","Thermoplasmata","Marine_Benthic_Group_D_and_DHVEG-1","Marine_Benthic_Group_D_and_DHVEG-1","Marine_Benthic_Group_D_and_DHVEG-1",NA
"AB722096.1.1373","Fossil Lagoon","d__Bacteria","Acidobacteriota","Blastocatellia","Blastocatellales","Blastocatellaceae","Blastocatella",NA
"AJ290833.1.1242","Fossil Lagoon","d__Bacteria","Bacteroidota","Chlorobia","Chlorobiales","Chlorobiaceae","Prosthecochloris",NA
"AB019737.1.1394","Fossil Lagoon","d__Archaea","Thermoplasmatota","Thermoplasmata","Marine_Benthic_Group_D_and_DHVEG-1","Marine_Benthic_Group_D_and_DHVEG-1","Marine_Benthic_Group_D_and_DHVEG-1",NA
"JQ515727.1.1464","Fossil Lagoon","d__Bacteria","Proteobacteria","Alphaproteobacteria","Kiloniellales","Kiloniellaceae","Tistlia","uncultured_Pelagibius"
"KJ569670.1.1454","Fossil Lagoon","d__Bacteria","WS2","WS2","WS2","WS2","WS2","uncultured_bacterium"
"GU197473.1.1522","Fossil Lagoon","d__Bacteria","Myxococcota","Polyangia","VHS-B3-70","VHS-B3-70","VHS-B3-70","uncultured_delta"
"JX504517.1.1511","Fossil Lagoon","d__Bacteria","Proteobacteria","Alphaproteobacteria","AT-s3-44","AT-s3-44","AT-s3-44",NA
"AY454606.1.1018","Fossil Lagoon","d__Archaea","Crenarchaeota","Bathyarchaeia","Bathyarchaeia","Bathyarchaeia","Bathyarchaeia","uncultured_methanogenic"
"JN977386.1.1547","Fossil Lagoon","d__Bacteria","Modulibacteria","Moduliflexia","Moduliflexales","Moduliflexaceae","Moduliflexaceae","uncultured_bacterium"
"JQ580002.1.1516","Fossil Lagoon","d__Bacteria","Latescibacterota","Latescibacterota","Latescibacterota","Latescibacterota","Latescibacterota",NA
"MG601422.1.1389","Fossil Lagoon","d__Bacteria","Desulfobacterota","Syntrophobacteria","Syntrophobacterales","Syntrophobacteraceae","Syntrophobacteraceae","uncultured_bacterium"
"FM955322.1.1502","Fossil Lagoon","d__Bacteria","Proteobacteria","Gammaproteobacteria","Arenicellales","Arenicellaceae","Candidatus_Thiosymbion","gamma_proteobacterium"
"HQ727632.1.1485","Fossil Lagoon","d__Bacteria","Bacteroidota","Bacteroidia","Cytophagales","Cyclobacteriaceae","uncultured","uncultured_Bacteroidetes"
"FJ746217.1.1375","Fossil Lagoon","d__Bacteria","Patescibacteria","WWE3","WWE3","WWE3","WWE3","uncultured_bacterium"
"HQ697718.1.1528","Fossil Lagoon","d__Bacteria","Gemmatimonadota","BD2-11_terrestrial_group","BD2-11_terrestrial_group","BD2-11_terrestrial_group","BD2-11_terrestrial_group","uncultured_forest"
"JN525798.1.1418","Fossil Lagoon","d__Bacteria","Spirochaetota","Spirochaetia","Spirochaetales","Spirochaetaceae","Spirochaeta",NA
"DQ334651.1.1228","Fossil Lagoon","d__Bacteria","Proteobacteria","Alphaproteobacteria","Rhodobacterales","Rhodobacteraceae",NA,NA
"JN084129.1.1321","Fossil Lagoon","d__Bacteria","Firmicutes","Bacilli","Bacillales","Bacillaceae","Bacillus",NA
"HQ190512.1.1490","Fossil Lagoon","d__Bacteria","Sumerlaeota","Sumerlaeia","uncultured","uncultured","uncultured","uncultured_bacterium"
"HQ178897.1.1486","Fossil Lagoon","d__Bacteria","Desulfobacterota","Desulfobacteria","Desulfatiglandales","Desulfatiglandaceae","Desulfatiglans",NA
"HG739000.1.1455","Fossil Lagoon","d__Bacteria","Campilobacterota","Campylobacteria","Campylobacterales","Sulfurimonadaceae","Sulfurimonas",NA
"EU734937.1.1565","Fossil Lagoon","d__Bacteria","MBNT15","MBNT15","MBNT15","MBNT15","MBNT15",NA
"JN444816.1.1456","Fossil Lagoon","d__Bacteria","Desulfobacterota","Desulfobacteria","Desulfatiglandales","Desulfatiglandaceae","Desulfatiglans","uncultured_organism"
"AJ581837.1.1462","Fossil Lagoon","d__Bacteria","Proteobacteria","Gammaproteobacteria","Methylococcales","Methylohalobiaceae","Methylohalobius",NA
"GU118143.1.1418","Fossil Lagoon","d__Bacteria","Proteobacteria","Alphaproteobacteria","Parvibaculales","PS1_clade","PS1_clade","uncultured_bacterium"
"GQ246324.1.1520","Fossil Lagoon","d__Bacteria","Acidobacteriota","Thermoanaerobaculia","Thermoanaerobaculales","Thermoanaerobaculaceae","Subgroup_23",NA
"JQ817097.1.1463","Fossil Lagoon","d__Bacteria","Planctomycetota","Phycisphaerae","MSBL9","SG8-4","SG8-4","uncultured_bacterium"
"MG601296.1.1380","Fossil Lagoon","d__Bacteria","Chloroflexi","Anaerolineae","uncultured","uncultured","uncultured","uncultured_Chloroflexi"
"DQ363761.1.955","Fossil Lagoon","d__Archaea","Crenarchaeota","Bathyarchaeia","Bathyarchaeia","Bathyarchaeia","Bathyarchaeia","marine_metagenome"
"KC631548.1.1500","Fossil Lagoon","d__Bacteria","Chloroflexi","Dehalococcoidia","GIF9","GIF9","GIF9",NA
"KJ782731.1.1424","Fossil Lagoon","d__Bacteria","Proteobacteria","Alphaproteobacteria","Caulobacterales","Hyphomonadaceae","SWB02",NA
"AB300077.1.1417","Fossil Lagoon","d__Bacteria","Planctomycetota","Phycisphaerae","MSBL9","SG8-4","SG8-4","uncultured_bacterium"
"AJ704688.1.1528","Fossil Lagoon","d__Bacteria","Sva0485","Sva0485","Sva0485","Sva0485","Sva0485",NA
"AM992695.1.1108","Fossil Lagoon","d__Archaea","Asgardarchaeota","Lokiarchaeia","Lokiarchaeia","Lokiarchaeia","Lokiarchaeia","uncultured_archaeon"
"HM558334.1.1392","Fossil Lagoon","d__Bacteria","Desulfobacterota","uncultured","uncultured","uncultured","uncultured","uncultured_sludge"
"KM454360.1.1362","Fossil Lagoon","d__Bacteria","Planctomycetota","Planctomycetes","Pirellulales","Pirellulaceae",NA,NA
"KX097504.1.1513","Fossil Lagoon","d__Bacteria","Zixibacteria","Zixibacteria","Zixibacteria","Zixibacteria","Zixibacteria","uncultured_bacterium"
"KC554587.1.1510","Fossil Lagoon","d__Bacteria","Actinobacteriota","Acidimicrobiia","IMCC26256","IMCC26256","IMCC26256","uncultured_Acidimicrobiia"
"JN672203.1.1254","Fossil Lagoon","d__Bacteria","Proteobacteria","Alphaproteobacteria","Rhizobiales","Methyloligellaceae","uncultured",NA
"JN457572.1.1385","Fossil Lagoon","d__Bacteria","Bacteroidota","Bacteroidia","Bacteroidales","Bacteroidetes_BD2-2","Bacteroidetes_BD2-2",NA
"EU385706.1.1476","Fossil Lagoon","d__Bacteria","Nitrospirota","Thermodesulfovibrionia","uncultured","uncultured","uncultured","uncultured_bacterium"
"JX222000.1.1519","Fossil Lagoon","d__Bacteria","Proteobacteria","Gammaproteobacteria","Gammaproteobacteria_Incertae_Sedis","Unknown_Family","uncultured",NA
"HE817859.1.1470","Fossil Lagoon","d__Bacteria","Gemmatimonadota","BD2-11_terrestrial_group","BD2-11_terrestrial_group","BD2-11_terrestrial_group","BD2-11_terrestrial_group","metagenome"
"MG601388.1.1502","Fossil Lagoon","d__Bacteria","Dependentiae","Babeliae","Babeliales","Babeliales","Babeliales","uncultured_bacterium"
"FJ655694.1.1398","Fossil Lagoon","d__Archaea","Thermoplasmatota","Thermoplasmata","Marine_Benthic_Group_D_and_DHVEG-1","Marine_Benthic_Group_D_and_DHVEG-1","Marine_Benthic_Group_D_and_DHVEG-1","uncultured_archaeon"
"FJ484702.1.1364","Fossil Lagoon","d__Bacteria","Spirochaetota","Leptospirae","Leptospirales","Leptospiraceae","RBG-16-49-21",NA
"AF317742.1.1506","Fossil Lagoon","d__Bacteria","Calditrichota","Calditrichia","Calditrichales","Calditrichaceae","Calorithrix","unidentified_bacterium"
"AB488308.1.1411","Fossil Lagoon","d__Bacteria","Firmicutes","Clostridia","Clostridia","Hungateiclostridiaceae",NA,NA
"JQ716270.1.1524","Fossil Lagoon","d__Bacteria","Chloroflexi","Anaerolineae","Ardenticatenales","uncultured","uncultured",NA
"AY592049.1.1235","Fossil Lagoon","d__Archaea","Aenigmarchaeota","Deep_Sea_Euryarchaeotic_Group(DSEG)","Deep_Sea_Euryarchaeotic_Group(DSEG)","Deep_Sea_Euryarchaeotic_Group(DSEG)","Deep_Sea_Euryarchaeotic_Group(DSEG)","uncultured_archaeon"
"AB189692.1.1315","Fossil Lagoon","d__Bacteria","Chloroflexi","Dehalococcoidia","vadinBA26","vadinBA26","vadinBA26","uncultured_bacterium"
"FJ358923.1.1517","Fossil Lagoon","d__Bacteria","Acidobacteriota","Thermoanaerobaculia","Thermoanaerobaculales","Thermoanaerobaculaceae","Subgroup_10","uncultured_Acidobacteria"
"KC437202.1.1235","Fossil Lagoon","d__Archaea","Crenarchaeota","Bathyarchaeia","Bathyarchaeia","Bathyarchaeia","Bathyarchaeia",NA
"KT122181.1.1544","Fossil Lagoon","d__Bacteria","Planctomycetota","Planctomycetes","Pirellulales","Pirellulaceae","Pir4_lineage",NA
"MH745860.1.1200","Fossil Lagoon","d__Bacteria","Actinobacteriota","Actinobacteria","Corynebacteriales","Mycobacteriaceae","Mycobacterium",NA
"FJ545637.1.1546","Fossil Lagoon","d__Bacteria","Planctomycetota","Phycisphaerae","MSBL9","SG8-4","SG8-4",NA
"KF494737.1.1489","Fossil Lagoon","d__Bacteria","Actinobacteriota","Actinobacteria","Kineosporiales","Kineosporiaceae",NA,NA
"DQ811803.1.1524","Fossil Lagoon","d__Bacteria","Myxococcota","Polyangia","MSB-4B10","MSB-4B10","MSB-4B10","uncultured_delta"
"AY592491.1.1265","Fossil Lagoon","d__Archaea","Aenigmarchaeota","Deep_Sea_Euryarchaeotic_Group(DSEG)","Deep_Sea_Euryarchaeotic_Group(DSEG)","Deep_Sea_Euryarchaeotic_Group(DSEG)","Deep_Sea_Euryarchaeotic_Group(DSEG)","uncultured_archaeon"
"JN526764.1.1374","Fossil Lagoon","d__Bacteria","Gemmatimonadota","BD2-11_terrestrial_group","BD2-11_terrestrial_group","BD2-11_terrestrial_group","BD2-11_terrestrial_group","uncultured_organism"
"FJ716421.1.1530","Fossil Lagoon","d__Bacteria","Desulfobacterota","Desulfobacteria","Desulfobacterales","Desulfosarcinaceae","Sva0081_sediment_group",NA
"FJ901592.1.1390","Fossil Lagoon","d__Bacteria","Sva0485","Sva0485","Sva0485","Sva0485","Sva0485",NA
"JQ672628.1.1479","Fossil Lagoon","d__Bacteria","Proteobacteria","Gammaproteobacteria","Cellvibrionales","Cellvibrionaceae","Aestuariicella","Pseudomaricurvus_alcaniphilus"
"KM356947.1.918","Fossil Lagoon","d__Archaea","Asgardarchaeota","Lokiarchaeia","Lokiarchaeia","Lokiarchaeia","Lokiarchaeia","uncultured_archaeon"
"AB694350.1.1419","Fossil Lagoon","d__Bacteria","NB1-j","NB1-j","NB1-j","NB1-j","NB1-j","uncultured_marine"
"KM823748.1.1491","Fossil Lagoon","d__Bacteria","Chloroflexi","Anaerolineae","SBR1031","SBR1031","SBR1031","anaerobic_bacterium"
"EU592448.1.1469","Fossil Lagoon","d__Bacteria","Planctomycetota","Planctomycetes","Pirellulales","Pirellulaceae",NA,NA
"KR559989.1.1483","Fossil Lagoon","d__Bacteria","Acidobacteriota","Vicinamibacteria","Vicinamibacterales","Vicinamibacteraceae",NA,NA
"DQ270650.1.1476","Fossil Lagoon","d__Bacteria","Actinobacteriota","Acidimicrobiia","Microtrichales","Microtrichaceae","uncultured",NA
"HQ588514.1.1412","Fossil Lagoon","d__Bacteria","Acidobacteriota","Thermoanaerobaculia","Thermoanaerobaculales","Thermoanaerobaculaceae","Subgroup_23","uncultured_bacterium"
"EF515944.1.1487","Fossil Lagoon","d__Bacteria","Acidobacteriota","Vicinamibacteria","Vicinamibacterales","uncultured","uncultured","uncultured_bacterium"
"EF999369.1.1522","Fossil Lagoon","d__Bacteria","Acidobacteriota","Subgroup_22","Subgroup_22","Subgroup_22","Subgroup_22","uncultured_organism"
"AB525449.1.1407","Fossil Lagoon","d__Bacteria","Chloroflexi","Anaerolineae","SBR1031","SBR1031","SBR1031","uncultured_organism"
"KX172571.1.1482","Fossil Lagoon","d__Bacteria","RCP2-54","RCP2-54","RCP2-54","RCP2-54","RCP2-54",NA
"KM396664.1.1391","Fossil Lagoon","d__Bacteria","Nitrospirota","Nitrospiria","Nitrospirales","Nitrospiraceae","Nitrospira","uncultured_Nitrospirae"
"LN570442.1.1309","Fossil Lagoon","d__Bacteria","Proteobacteria","Alphaproteobacteria","Caulobacterales","Hyphomonadaceae",NA,NA
"AB803511.1.1428","Fossil Lagoon","d__Archaea","Crenarchaeota","Nitrososphaeria","Caldiarchaeales","Geothermarchaeaceae","Geothermarchaeaceae","uncultured_archaeon"
"KF596670.1.1506","Fossil Lagoon","d__Bacteria","Gemmatimonadota","PAUC43f_marine_benthic_group","PAUC43f_marine_benthic_group","PAUC43f_marine_benthic_group","PAUC43f_marine_benthic_group","uncultured_bacterium"
"KX097166.1.1525","Fossil Lagoon","d__Bacteria","Latescibacterota","Latescibacterota","Latescibacterota","Latescibacterota","Latescibacterota","unidentified_bacterium"
"EU617740.1.1520","Fossil Lagoon","d__Bacteria","Nitrospinota","P9X2b3D02","P9X2b3D02","P9X2b3D02","P9X2b3D02","uncultured_bacterium"
"JF809701.1.1414","Fossil Lagoon","d__Bacteria","Entotheonellaeota","Entotheonellia","Entotheonellales","Entotheonellaceae","Entotheonellaceae","uncultured_bacterium"
"JN494624.1.1474","Fossil Lagoon","d__Bacteria","Gemmatimonadota","BD2-11_terrestrial_group","BD2-11_terrestrial_group","BD2-11_terrestrial_group","BD2-11_terrestrial_group","uncultured_organism"
"EU386084.1.1494","Fossil Lagoon","d__Bacteria","Planctomycetota","Phycisphaerae","MSBL9","SM23-30","SM23-30","uncultured_bacterium"
"JF344607.1.1497","Fossil Lagoon","d__Bacteria","Proteobacteria","Gammaproteobacteria","Arenicellales","Arenicellaceae",NA,NA
"KJ572472.1.1335","Fossil Lagoon","d__Bacteria","Proteobacteria","Alphaproteobacteria","Rhizobiales","Stappiaceae","Labrenzia","uncultured_Labrenzia"
"AB300071.1.1359","Fossil Lagoon","d__Bacteria","Chloroflexi","Anaerolineae","SBR1031","SBR1031","SBR1031","uncultured_bacterium"
"KM356603.1.1465","Fossil Lagoon","d__Bacteria","Proteobacteria","Alphaproteobacteria","Kiloniellales","Kiloniellaceae","uncultured",NA
"KP663407.1.1439","Fossil Lagoon","d__Bacteria","Bacteroidota","Bacteroidia","Bacteroidales","Bacteroidetes_vadinHA17","Bacteroidetes_vadinHA17",NA
"KJ817485.1.1461","Fossil Lagoon","d__Bacteria","Proteobacteria","Alphaproteobacteria","Kiloniellales","Kiloniellaceae","uncultured","uncultured_bacterium"
"GQ357014.1.1479","Fossil Lagoon","d__Bacteria","Campilobacterota","Campylobacteria","Campylobacterales","Arcobacteraceae","uncultured",NA
"CP003360.3288170.3289606","Fossil Lagoon","d__Bacteria","Desulfobacterota","Desulfomonilia","Desulfomonilales","Desulfomonilaceae","Desulfomonile",NA
"GU180163.1.1509","Fossil Lagoon","d__Bacteria","Desulfobacterota","Syntrophobacteria","Syntrophobacterales","Syntrophobacteraceae",NA,NA
"AM935009.1.1328","Fossil Lagoon","d__Bacteria","Proteobacteria","Alphaproteobacteria","Rhizobiales","Methyloligellaceae","uncultured",NA
"DQ522932.1.1290","Fossil Lagoon","d__Archaea","Thermoplasmatota","Thermoplasmata","SG8-5","SG8-5","SG8-5","uncultured_sediment"
"EU132541.1.1256","Fossil Lagoon","d__Bacteria","Actinobacteriota","Thermoleophilia","Solirubrobacterales","67-14","67-14",NA
"JQ989365.1.1407","Fossil Lagoon","d__Archaea","Thermoplasmatota","Thermoplasmata","Marine_Benthic_Group_D_and_DHVEG-1","Marine_Benthic_Group_D_and_DHVEG-1","Marine_Benthic_Group_D_and_DHVEG-1","uncultured_archaeon"
"KX097731.1.1480","Fossil Lagoon","d__Bacteria","Planctomycetota","Phycisphaerae","Phycisphaerales","Phycisphaeraceae","uncultured",NA
"KF786977.1.1400","Fossil Lagoon","d__Bacteria","Verrucomicrobiota","Verrucomicrobiae","Verrucomicrobiales","Rubritaleaceae","Roseibacillus","uncultured_Verrucomicrobiaceae"
"JX870267.1.915","Fossil Lagoon","d__Archaea","Thermoplasmatota","Thermoplasmata","Marine_Benthic_Group_D_and_DHVEG-1","Marine_Benthic_Group_D_and_DHVEG-1","Marine_Benthic_Group_D_and_DHVEG-1",NA
"HQ121247.1.1529","Fossil Lagoon","d__Bacteria","Myxococcota","Polyangia","Haliangiales","Haliangiaceae","Haliangium",NA
"AZIF01000273.9674.11130","Fossil Lagoon","d__Archaea","Euryarchaeota","Thermococci","Methanofastidiosales","uncultured","uncultured","marine_sediment"
"AB899899.1.915","Fossil Lagoon","d__Archaea","Thermoplasmatota","Thermoplasmata","Marine_Benthic_Group_D_and_DHVEG-1","Marine_Benthic_Group_D_and_DHVEG-1","Marine_Benthic_Group_D_and_DHVEG-1",NA
"MG601321.1.1531","Fossil Lagoon","d__Bacteria","Desulfobacterota","Desulfobacteria","Desulfatiglandales","Desulfatiglandaceae","Desulfatiglans",NA
"JN977380.1.1548","Fossil Lagoon","d__Bacteria","Myxococcota","Polyangia","Haliangiales","Haliangiaceae","Haliangium",NA
"KY861741.1.1424","Fossil Lagoon","d__Bacteria","Proteobacteria","Alphaproteobacteria","Caulobacterales","Parvularculaceae","Marinicaulis","Marinicaulis_flavus"
"KF460415.1.1503","Fossil Lagoon","d__Bacteria","Proteobacteria","Gammaproteobacteria","Steroidobacterales","Woeseiaceae","Woeseia","bacterium_enrichment"
"EU385819.1.1510","Fossil Lagoon","d__Bacteria","Planctomycetota","ODP123","ODP123","ODP123","ODP123","uncultured_planctomycete"
"CP000607.191782.193275","Fossil Lagoon","d__Bacteria","Bacteroidota","Chlorobia","Chlorobiales","Chlorobiaceae","Chlorobium",NA
"JNLE01000003.974176.975689","Fossil Lagoon","d__Bacteria","Firmicutes","Clostridia","Lachnospirales","Lachnospiraceae","Anaerocolumna",NA
"JX504427.1.1554","Fossil Lagoon","d__Bacteria","Planctomycetota","BD7-11","BD7-11","BD7-11","BD7-11","uncultured_bacterium"
"AB530193.1.1522","Fossil Lagoon","d__Bacteria","Actinobacteriota","Thermoleophilia","Gaiellales","uncultured","uncultured",NA
"GU061302.1.1454","Fossil Lagoon","d__Bacteria","Desulfobacterota","Desulfobacteria","Desulfobacterales","Desulfosarcinaceae","Sva0081_sediment_group",NA
"KJ754682.1.1267","Fossil Lagoon","d__Bacteria","Bacteroidota","Bacteroidia","Flavobacteriales","Flavobacteriaceae","Muricauda",NA
"JQ327877.1.912","Fossil Lagoon","d__Archaea","Thermoplasmatota","Thermoplasmata","uncultured","uncultured","uncultured",NA
"DQ811904.1.1493","Fossil Lagoon","d__Bacteria","Bacteroidota","Bacteroidia","Bacteroidales","Bacteroidetes_BD2-2","Bacteroidetes_BD2-2","uncultured_Bacteroidetes"
"JQ580245.1.1482","Fossil Lagoon","d__Bacteria","Bacteroidota","Bacteroidia","Sphingobacteriales","Lentimicrobiaceae","Lentimicrobiaceae",NA
"EU385788.1.1481","Fossil Lagoon","d__Bacteria","Latescibacterota","Latescibacteria","Latescibacterales","Latescibacteraceae","Candidatus_Latescibacter","uncultured_bacterium"
"HQ183982.1.1522","Fossil Lagoon","d__Bacteria","Planctomycetota","Phycisphaerae","MSBL9","SG8-4","SG8-4",NA
"KU195387.1.1455","Fossil Lagoon","d__Bacteria","Proteobacteria","Alphaproteobacteria","Rhodobacterales","Rhodobacteraceae",NA,NA
"AB232362.1.1289","Fossil Lagoon","d__Bacteria","Desulfobacterota","Desulfovibrionia","Desulfovibrionales","Desulfovibrionaceae","Desulfovibrio","Desulfovibrio_hontreensis"
"KT952794.1.1463","Fossil Lagoon","d__Bacteria","Chloroflexi","KD4-96","KD4-96","KD4-96","KD4-96",NA
"JX221876.1.1505","Fossil Lagoon","d__Bacteria","Dependentiae","Babeliae","Babeliales","Vermiphilaceae","Vermiphilaceae",NA
"AY603978.1.1435","Fossil Lagoon","d__Bacteria","Firmicutes","Bacilli","Bacillales","Bacillaceae","Bacillus",NA
"KF851189.1.1464","Fossil Lagoon","d__Bacteria","Chloroflexi","Dehalococcoidia","GIF9","AB-539-J10","SCGC-AB-539-J10","uncultured_bacterium"
"JX441508.1.1517","Fossil Lagoon","d__Bacteria","Myxococcota","Polyangia","Polyangiales","Sandaracinaceae","uncultured","myxobacterium_SIBN-17"
"EU488041.1.1527","Fossil Lagoon","d__Bacteria","Latescibacterota","Latescibacterota","Latescibacterota","Latescibacterota","Latescibacterota","uncultured_bacterium"
"GQ349135.1.1410","Fossil Lagoon","d__Bacteria","Desulfobacterota","Desulfuromonadia","PB19","PB19","PB19","uncultured_bacterium"
"AM935014.1.1326","Fossil Lagoon","d__Bacteria","Chloroflexi","Dehalococcoidia","S085","S085","S085","metagenome"
"JF344441.1.1498","Fossil Lagoon","d__Bacteria","Acidobacteriota","Subgroup_18","Subgroup_18","Subgroup_18","Subgroup_18","uncultured_Acidobacteria"
"GU230380.1.1514","Fossil Lagoon","d__Bacteria","Proteobacteria","Gammaproteobacteria","AT-s2-59","AT-s2-59","AT-s2-59",NA
"KM356661.1.1482","Fossil Lagoon","d__Bacteria","Marinimicrobia_(SAR406_clade)","Marinimicrobia_(SAR406_clade)","Marinimicrobia_(SAR406_clade)","Marinimicrobia_(SAR406_clade)","Marinimicrobia_(SAR406_clade)","uncultured_bacterium"
"FJ208801.1.1371","Fossil Lagoon","d__Bacteria","Planctomycetota","OM190","OM190","OM190","OM190",NA
"HQ691937.1.1386","Fossil Lagoon","d__Bacteria","Verrucomicrobiota","Verrucomicrobiae","Verrucomicrobiales","Rubritaleaceae","Luteolibacter","uncultured_Verrucomicrobiales"
"JF344032.1.1488","Fossil Lagoon","d__Bacteria","Planctomycetota","Planctomycetes","Pirellulales","Pirellulaceae","Rhodopirellula",NA
"JN539338.1.1441","Fossil Lagoon","d__Bacteria","Planctomycetota","Pla3_lineage","Pla3_lineage","Pla3_lineage","Pla3_lineage","uncultured_organism"
"FN820325.1.1533","Fossil Lagoon","d__Bacteria","Desulfobacterota","Desulfobacteria","Desulfobacterales","Desulfosarcinaceae","SEEP-SRB1",NA
"DQ431887.1.1383","Fossil Lagoon","d__Bacteria","Actinobacteriota","Acidimicrobiia","Actinomarinales","uncultured","uncultured","uncultured_actinobacterium"
"GQ246401.1.1518","Fossil Lagoon","d__Bacteria","Acidobacteriota","Subgroup_22","Subgroup_22","Subgroup_22","Subgroup_22","uncultured_Acidobacteria"
"EU592421.1.1525","Fossil Lagoon","d__Bacteria","Desulfobacterota","Desulfobacteria","Desulfatiglandales","Desulfatiglandaceae","Desulfatiglans","uncultured_bacterium"
"JQ612365.1.1523","Fossil Lagoon","d__Bacteria","Myxococcota","bacteriap25","bacteriap25","bacteriap25","bacteriap25","uncultured_Syntrophobacterales"
"AM882535.1.1493","Fossil Lagoon","d__Bacteria","Proteobacteria","Gammaproteobacteria","Arenicellales","Arenicellaceae","Candidatus_Thiosymbion","gamma_proteobacterium"
"KC925991.1.917","Fossil Lagoon","d__Archaea","Crenarchaeota","Bathyarchaeia","Bathyarchaeia","Bathyarchaeia","Bathyarchaeia",NA
"EU491336.1.1475","Fossil Lagoon","d__Bacteria","Proteobacteria","Alphaproteobacteria","Rhodospirillales","Magnetospiraceae","uncultured",NA
"EF999364.1.1520","Fossil Lagoon","d__Bacteria","Myxococcota","Polyangia","Haliangiales","Haliangiaceae","Haliangium","uncultured_deep-sea"
"KX100051.1.1375","Fossil Lagoon","d__Bacteria","Latescibacterota","Latescibacterota","Latescibacterota","Latescibacterota","Latescibacterota",NA
"AY532589.1.1537","Fossil Lagoon","d__Bacteria","Verrucomicrobiota","Omnitrophia","Omnitrophales","Omnitrophaceae","Candidatus_Omnitrophus","uncultured_bacterium"
"JN511582.1.1448","Fossil Lagoon","d__Bacteria","Planctomycetota","Phycisphaerae","Phycisphaerales","AKAU3564_sediment_group","AKAU3564_sediment_group","uncultured_bacterium"
"FJ748810.1.1451","Fossil Lagoon","d__Bacteria","Planctomycetota","vadinHA49","vadinHA49","vadinHA49","vadinHA49","uncultured_bacterium"
"AB806194.1.1465","Fossil Lagoon","d__Bacteria","Elusimicrobiota","Elusimicrobia","MD2894-B20","MD2894-B20","MD2894-B20","uncultured_bacterium"
"KJ817751.1.1511","Fossil Lagoon","d__Bacteria","Zixibacteria","Zixibacteria","Zixibacteria","Zixibacteria","Zixibacteria","uncultured_bacterium"
"JN408855.1.1315","Fossil Lagoon","d__Archaea","Asgardarchaeota","Lokiarchaeia","Lokiarchaeia","Lokiarchaeia","Lokiarchaeia","uncultured_archaeon"
"DQ811920.1.1484","Fossil Lagoon","d__Bacteria","Acidobacteriota","Subgroup_18","Subgroup_18","Subgroup_18","Subgroup_18",NA
"JX040404.1.1482","Fossil Lagoon","d__Bacteria","Planctomycetota","Planctomycetes","Pirellulales","Pirellulaceae","uncultured","uncultured_Planctomycetaceae"
"DQ469584.1.1297","Fossil Lagoon","d__Bacteria","Proteobacteria","Gammaproteobacteria","Ectothiorhodospirales","Thioalkalispiraceae",NA,NA
"JN977167.1.1526","Fossil Lagoon","d__Bacteria","Myxococcota","Polyangia","PS-B29","PS-B29","PS-B29","uncultured_bacterium"
"FJ628311.1.1482","Fossil Lagoon","d__Bacteria","Chloroflexi","Anaerolineae","Anaerolineales","Anaerolineaceae","uncultured","uncultured_Chloroflexi"
"JQ989354.1.1406","Fossil Lagoon","d__Archaea","Thermoplasmatota","Thermoplasmatota","Thermoplasmatota","Thermoplasmatota","uncultured","uncultured_archaeon"
"KX173258.1.1419","Fossil Lagoon","d__Bacteria","Proteobacteria","Alphaproteobacteria","Parvibaculales","PS1_clade","PS1_clade",NA
"JN977313.1.1562","Fossil Lagoon","d__Bacteria","Planctomycetota","Pla4_lineage","Pla4_lineage","Pla4_lineage","Pla4_lineage","uncultured_bacterium"
"EU681928.1.933","Fossil Lagoon","d__Archaea","Crenarchaeota","Bathyarchaeia","Bathyarchaeia","Bathyarchaeia","Bathyarchaeia","uncultured_crenarchaeote"
"FJ936888.1.1455","Fossil Lagoon","d__Bacteria","Proteobacteria","Alphaproteobacteria","uncultured","uncultured","uncultured",NA
"EF203636.1.955","Fossil Lagoon","d__Archaea","Crenarchaeota","Bathyarchaeia","Bathyarchaeia","Bathyarchaeia","Bathyarchaeia","uncultured_archaeon"
"KP174653.1.1409","Fossil Lagoon","d__Bacteria","Bacteroidota","Bacteroidia","Chitinophagales","Saprospiraceae","uncultured","bacterium_YC-LK-LKJ25"
"JX001149.1.1438","Fossil Lagoon","d__Bacteria","Chloroflexi","Dehalococcoidia","MSBL5","MSBL5","MSBL5","uncultured_bacterium"
"JQ661145.1.1334","Fossil Lagoon","d__Bacteria","Proteobacteria","Alphaproteobacteria","Sphingomonadales","Sphingomonadaceae","Erythrobacter",NA
"AB722118.1.1407","Fossil Lagoon","d__Bacteria","Verrucomicrobiota","Omnitrophia","Omnitrophales","Omnitrophaceae","Candidatus_Omnitrophus",NA
"FJ535293.1.1360","Fossil Lagoon","d__Bacteria","Proteobacteria","Zetaproteobacteria","Mariprofundales","Mariprofundaceae","Mariprofundus","uncultured_bacterium"
"GU941089.1.1375","Fossil Lagoon","d__Bacteria","Bdellovibrionota","Bdellovibrionia","Bacteriovoracales","Bacteriovoracaceae","Peredibacter",NA
"KJ540794.1.1479","San Pedro River","d__Bacteria","Myxococcota","Polyangia","Polyangiales","BIrii41","BIrii41","metagenome"
"DQ811907.1.1503","San Pedro River","d__Bacteria","Bacteroidota","Bacteroidia","Bacteroidales","Prolixibacteraceae",NA,NA
"JN514502.1.1443","San Pedro River","d__Bacteria","Chloroflexi","Dehalococcoidia","FW22","FW22","FW22","uncultured_organism"
"KJ817468.1.1463","San Pedro River","d__Bacteria","Proteobacteria","Alphaproteobacteria","Kiloniellales","Kiloniellaceae","Tistlia","bacterium_YC-ZSS-LKJ88"
"FJ873203.1.907","San Pedro River","d__Archaea","Thermoplasmatota","Thermoplasmata","Marine_Benthic_Group_D_and_DHVEG-1","Marine_Benthic_Group_D_and_DHVEG-1","Marine_Benthic_Group_D_and_DHVEG-1",NA
"JF344529.1.1525","San Pedro River","d__Bacteria","Sva0485","Sva0485","Sva0485","Sva0485","Sva0485",NA
"LN567307.1.1331","San Pedro River","d__Bacteria","Proteobacteria","Alphaproteobacteria","Rhizobiales","Methyloligellaceae","uncultured",NA
"DQ363844.1.926","San Pedro River","d__Archaea","Thermoplasmatota","Thermoplasmata","uncultured","uncultured","uncultured","uncultured_archaeon"
"JN538045.1.1443","San Pedro River","d__Bacteria","Planctomycetota","Phycisphaerae","MSBL9","SM23-30","SM23-30","uncultured_organism"
"JN825359.1.1338","San Pedro River","d__Bacteria","Proteobacteria","Alphaproteobacteria","Caulobacterales","Hyphomonadaceae","Maricaulis",NA
"KF741397.1.1494","San Pedro River","d__Bacteria","Deferrisomatota","Defferrisomatia","Defferrisomatales","Defferrisomataceae","Deferrisoma","uncultured_bacterium"
"KF624234.1.1322","San Pedro River","d__Bacteria","Desulfobacterota","Desulfuromonadia","Desulfuromonadia","Geopsychrobacteraceae",NA,NA
"AB805915.1.1495","San Pedro River","d__Bacteria","Verrucomicrobiota","Omnitrophia","Omnitrophales","Omnitrophaceae","Candidatus_Omnitrophus","uncultured_bacterium"
"GU584849.1.1399","San Pedro River","d__Bacteria","Verrucomicrobiota","Verrucomicrobiae","Opitutales","Puniceicoccaceae","Cerasicoccus","uncultured_deep-sea"
"KC492840.1.1386","San Pedro River","d__Bacteria","Proteobacteria","Gammaproteobacteria","OM182_clade","OM182_clade","OM182_clade","uncultured_gamma"
"KM356252.1.1528","San Pedro River","d__Bacteria","Acidobacteriota","Thermoanaerobaculia","Thermoanaerobaculales","Thermoanaerobaculaceae","Subgroup_23","uncultured_bacterium"
"EF125528.1.923","San Pedro River","d__Archaea","Crenarchaeota","Nitrososphaeria","Nitrososphaerales","Nitrososphaeraceae","Nitrososphaeraceae",NA
"MG601442.1.1530","San Pedro River","d__Bacteria","Desulfobacterota","Desulfobacteria","Desulfatiglandales","Desulfatiglandaceae","Desulfatiglans",NA
"JQ347332.1.1494","San Pedro River","d__Bacteria","Proteobacteria","Gammaproteobacteria","MBAE14","MBAE14","MBAE14",NA
"GQ927642.1.914","San Pedro River","d__Archaea","Thermoplasmatota","Thermoplasmata","Marine_Benthic_Group_D_and_DHVEG-1","Marine_Benthic_Group_D_and_DHVEG-1","Marine_Benthic_Group_D_and_DHVEG-1","uncultured_archaeon"
"JX521779.1.1486","San Pedro River","d__Bacteria","Campilobacterota","Campylobacteria","Campylobacterales","Sulfurimonadaceae","Sulfurimonas",NA
"HQ916656.1.1410","San Pedro River","d__Bacteria","Planctomycetota","vadinHA49","vadinHA49","vadinHA49","vadinHA49","uncultured_bacterium"
"KJ566455.1.988","San Pedro River","d__Archaea","Crenarchaeota","Bathyarchaeia","Bathyarchaeia","Bathyarchaeia","Bathyarchaeia","archaeon_RBG_16_50_20"
"KC569876.1.1379","San Pedro River","d__Bacteria","Acidobacteriota","Subgroup_22","Subgroup_22","Subgroup_22","Subgroup_22",NA
"FJ477318.1.1366","San Pedro River","d__Archaea","Asgardarchaeota","Lokiarchaeia","Lokiarchaeia","Lokiarchaeia","Lokiarchaeia","uncultured_archaeon"
"AB807149.1.1448","San Pedro River","d__Bacteria","Planctomycetota","Phycisphaerae","Phycisphaerales","Phycisphaeraceae","Z195MB87","uncultured_planctomycete"
"DQ991964.1.1484","San Pedro River","d__Bacteria","Desulfobacterota","Desulfuromonadia","Desulfuromonadia","Geopsychrobacteraceae","Desulfuromusa",NA
"KR814251.1.1519","San Pedro River","d__Bacteria","NB1-j","NB1-j","NB1-j","NB1-j","NB1-j",NA
"JN495110.1.1417","San Pedro River","d__Bacteria","Planctomycetota","Phycisphaerae","MSBL9","SG8-4","SG8-4","uncultured_bacterium"
"AM997752.1.1517","San Pedro River","d__Bacteria","Myxococcota","Myxococcia","Myxococcales","Myxococcaceae","P3OB-42",NA
"JN495126.1.1334","San Pedro River","d__Bacteria","Planctomycetota","Phycisphaerae","mle1-8","mle1-8","mle1-8","uncultured_organism"
"JN538953.1.1478","San Pedro River","d__Bacteria","Planctomycetota","Pla3_lineage","Pla3_lineage","Pla3_lineage","Pla3_lineage","uncultured_organism"
"FR682642.1.1532","San Pedro River","d__Bacteria","Desulfobacterota","Desulfobacteria","Desulfobacterales","Desulfosarcinaceae","SEEP-SRB1",NA
"FJ202415.1.1445","San Pedro River","d__Bacteria","Campilobacterota","Campylobacteria","Campylobacterales","Rs-M59_termite_group","Rs-M59_termite_group","uncultured_bacterium"
"GU369887.1.1386","San Pedro River","d__Bacteria","Campilobacterota","Campylobacteria","Campylobacterales","Sulfurovaceae","Sulfurovum",NA
"KX173233.1.1482","San Pedro River","d__Bacteria","Verrucomicrobiota","Verrucomicrobiae","Opitutales","uncultured","uncultured","uncultured_bacterium"
"JQ258222.1.942","San Pedro River","d__Archaea","Crenarchaeota","Bathyarchaeia","Bathyarchaeia","Bathyarchaeia","Bathyarchaeia","uncultured_miscellaneous"
"JQ197623.1.1367","San Pedro River","d__Bacteria","Desulfobacterota","Desulfobulbia","Desulfobulbales","Desulfocapsaceae",NA,NA
"FJ478899.1.1515","San Pedro River","d__Bacteria","Verrucomicrobiota","Verrucomicrobiae","Pedosphaerales","Pedosphaeraceae",NA,NA
"KP091084.1.1527","San Pedro River","d__Bacteria","Latescibacterota","Latescibacteria","Latescibacterales","Latescibacteraceae","Candidatus_Latescibacter","uncultured_organism"
"GU118189.1.1480","San Pedro River","d__Bacteria","NB1-j","NB1-j","NB1-j","NB1-j","NB1-j",NA
"GU118173.1.1423","San Pedro River","d__Bacteria","Proteobacteria","Alphaproteobacteria","AT-s3-44","AT-s3-44","AT-s3-44","uncultured_bacterium"
"AB807257.1.1497","San Pedro River","d__Bacteria","Planctomycetota","vadinHA49","vadinHA49","vadinHA49","vadinHA49","uncultured_bacterium"
"JF727679.1.1510","San Pedro River","d__Bacteria","Proteobacteria","Gammaproteobacteria","Nitrosococcales","Nitrosococcaceae","Inmirania","uncultured_gamma"
"JF344708.1.1529","San Pedro River","d__Bacteria","Desulfobacterota","Desulfobacteria","Desulfatiglandales","Desulfatiglandaceae","Desulfatiglans",NA
"HQ330613.1.1405","San Pedro River","d__Bacteria","Latescibacterota","Latescibacteria","Latescibacterales","Latescibacteraceae","Candidatus_Latescibacter","uncultured_bacterium"
"KX097485.1.1508","San Pedro River","d__Bacteria","Planctomycetota","Pla4_lineage","Pla4_lineage","Pla4_lineage","Pla4_lineage","uncultured_bacterium"
"AF082790.1.1334","San Pedro River","d__Bacteria","Proteobacteria","Alphaproteobacteria","Caulobacterales","Hyphomonadaceae","Hyphomonas",NA
"KM203437.1.1200","San Pedro River","d__Bacteria","Desulfobacterota","Desulfobacteria","Desulfobacterales","Desulfosarcinaceae","SEEP-SRB1",NA
"KX077282.1.909","San Pedro River","d__Archaea","Thermoplasmatota","Thermoplasmata","Marine_Benthic_Group_D_and_DHVEG-1","Marine_Benthic_Group_D_and_DHVEG-1","Marine_Benthic_Group_D_and_DHVEG-1","uncultured_archaeon"
"JQ516562.1.1393","San Pedro River","d__Bacteria","Proteobacteria","Alphaproteobacteria","Thalassobaculales","uncultured","uncultured","uncultured_Rhodospirillales"
"HM799007.1.1460","San Pedro River","d__Bacteria","Proteobacteria","Gammaproteobacteria","MBAE14","MBAE14","MBAE14",NA
"HQ397454.1.1497","San Pedro River","d__Bacteria","Dadabacteria","Dadabacteriia","Dadabacteriales","Dadabacteriales","Dadabacteriales","uncultured_bacterium"
"FJ484238.1.1180","San Pedro River","d__Archaea","Thermoplasmatota","Thermoplasmata","Marine_Benthic_Group_D_and_DHVEG-1","Marine_Benthic_Group_D_and_DHVEG-1","Marine_Benthic_Group_D_and_DHVEG-1",NA
"KX097606.1.1517","San Pedro River","d__Bacteria","Latescibacterota","Latescibacterota","Latescibacterota","Latescibacterota","Latescibacterota",NA
"KC009926.1.1453","San Pedro River","d__Bacteria","Proteobacteria","Gammaproteobacteria","Ectothiorhodospirales","Thioalkalispiraceae","Thioalkalispira-Sulfurivermis",NA
"JX240986.1.1494","San Pedro River","d__Bacteria","Actinobacteriota","Acidimicrobiia","Actinomarinales","uncultured","uncultured",NA
"KX097351.1.1533","San Pedro River","d__Bacteria","Desulfobacterota","Desulfobacteria","Desulfatiglandales","Desulfatiglandaceae","Desulfatiglans","uncultured_bacterium"
"AB722154.1.1359","San Pedro River","d__Bacteria","Chloroflexi","Anaerolineae","Anaerolineales","Anaerolineaceae","uncultured","uncultured_deep-sea"
"FJ205197.1.1489","San Pedro River","d__Bacteria","Myxococcota","bacteriap25","bacteriap25","bacteriap25","bacteriap25",NA
"DQ289929.1.1415","San Pedro River","d__Bacteria","Latescibacterota","Latescibacteria","Latescibacterales","Latescibacteraceae","Latescibacteraceae","uncultured_actinobacterium"
"KX097232.1.1460","San Pedro River","d__Bacteria","Actinobacteriota","Acidimicrobiia","Actinomarinales","uncultured","uncultured","uncultured_Myxococcales"
"KX173160.1.1462","San Pedro River","d__Bacteria","Proteobacteria","Gammaproteobacteria","Steroidobacterales","Woeseiaceae","Woeseia",NA
"AB803458.1.1398","San Pedro River","d__Archaea","Thermoplasmatota","Thermoplasmata","Marine_Benthic_Group_D_and_DHVEG-1","Marine_Benthic_Group_D_and_DHVEG-1","Marine_Benthic_Group_D_and_DHVEG-1","uncultured_archaeon"
"JN387327.1.1328","San Pedro River","d__Bacteria","Modulibacteria","Moduliflexia","Moduliflexales","Moduliflexaceae","Moduliflexaceae",NA
"KX172549.1.1479","San Pedro River","d__Bacteria","Latescibacterota","Latescibacteria","Latescibacterales","Latescibacteraceae","Latescibacteraceae","uncultured_Latescibacteria"
"EU488453.1.1361","San Pedro River","d__Bacteria","Chloroflexi","Anaerolineae","SBR1031","SBR1031","SBR1031","uncultured_organism"
"JQ771491.1.1445","San Pedro River","d__Archaea","Halobacterota","Methanosarcinia","Methanosarciniales","Methanosaetaceae","Methanosaeta","Methanothrix_sp."
"JN672491.1.1282","San Pedro River","d__Bacteria","Methylomirabilota","Methylomirabilia","Methylomirabilales","Methylomirabilaceae","Sh765B-TzT-35","uncultured_bacterium"
"FJ455882.1.1467","San Pedro River","d__Bacteria","Chloroflexi","Dehalococcoidia","GIF9","GIF9","GIF9","uncultured_bacterium"
"JN539775.1.1421","San Pedro River","d__Bacteria","Actinobacteriota","WCHB1-81","WCHB1-81","WCHB1-81","WCHB1-81",NA
"EU491193.1.1462","San Pedro River","d__Bacteria","Proteobacteria","Alphaproteobacteria",NA,NA,NA,NA
"AB807129.1.1471","San Pedro River","d__Bacteria","Planctomycetota","Phycisphaerae","MSBL9","SG8-4","SG8-4","uncultured_bacterium"
"HQ003610.1.1519","San Pedro River","d__Bacteria","Latescibacterota","Latescibacteria","Latescibacterales","Latescibacteraceae","Candidatus_Latescibacter","uncultured_bacterium"
"JN489515.1.1245","San Pedro River","d__Bacteria","Latescibacterota","Latescibacterota","Latescibacterota","Latescibacterota","Latescibacterota","uncultured_organism"
"EU373999.1.1465","San Pedro River","d__Bacteria","Planctomycetota","Phycisphaerae","Phycisphaerales","Phycisphaeraceae","Urania-1B-19_marine_sediment_group",NA
"MG563291.1.1462","San Pedro River","d__Bacteria","Proteobacteria","Alphaproteobacteria","Rhodospirillales","Magnetospiraceae","Magnetospiraceae",NA
"EU573126.1.1519","San Pedro River","d__Bacteria","Desulfobacterota","Desulfuromonadia","Desulfuromonadia","Syntrophotaleaceae","Syntrophotalea","uncultured_bacterium"
"JN977265.1.1548","San Pedro River","d__Bacteria","Acidobacteriota","Subgroup_22","Subgroup_22","Subgroup_22","Subgroup_22",NA
"CP015039.824431.825889","San Pedro River","d__Bacteria","Proteobacteria","Alphaproteobacteria","Rhodobacterales","Rhodobacteraceae","Rhodovulum","Rhodovulum_sp."
"JN977194.1.1535","San Pedro River","d__Bacteria","Planctomycetota","Phycisphaerae","C86","C86","C86","uncultured_bacterium"
"AB948409.1.950","San Pedro River","d__Archaea","Asgardarchaeota","Lokiarchaeia","Lokiarchaeia","Lokiarchaeia","Lokiarchaeia","uncultured_archaeon"
"JN510513.1.1432","San Pedro River","d__Bacteria","Spirochaetota","Spirochaetia","Spirochaetales","Spirochaetaceae","Spirochaeta","uncultured_spirochete"
"KT715025.1.1322","San Pedro River","d__Archaea","Thermoplasmatota","Thermoplasmata","Marine_Benthic_Group_D_and_DHVEG-1","Marine_Benthic_Group_D_and_DHVEG-1","Marine_Benthic_Group_D_and_DHVEG-1","uncultured_archaeon"
"EU585966.1.1436","San Pedro River","d__Archaea","Thermoplasmatota","Thermoplasmata","Marine_Benthic_Group_D_and_DHVEG-1","Marine_Benthic_Group_D_and_DHVEG-1","Marine_Benthic_Group_D_and_DHVEG-1","uncultured_Thermoplasmatales"
"KX088595.1.1526","San Pedro River","d__Bacteria","NB1-j","NB1-j","NB1-j","NB1-j","NB1-j",NA
"KF500826.1.1410","San Pedro River","d__Bacteria","Proteobacteria","Alphaproteobacteria","Rhizobiales","Hyphomicrobiaceae","Filomicrobium",NA
"JQ062691.1.1505","San Pedro River","d__Bacteria","Planctomycetota","Planctomycetes","Pirellulales","Pirellulaceae","Bythopirellula","uncultured_bacterium"
"JQ580484.1.1506","San Pedro River","d__Bacteria","Planctomycetota","Planctomycetes","Planctomycetales","Gimesiaceae","uncultured",NA
"GU061233.1.1448","San Pedro River","d__Bacteria","Calditrichota","Calditrichia","Calditrichales","Calditrichaceae","Calditrichaceae","uncultured_bacterium"
"JX227719.1.1461","San Pedro River","d__Bacteria","Planctomycetota","Phycisphaerae","Phycisphaerales","Phycisphaeraceae","Urania-1B-19_marine_sediment_group","uncultured_bacterium"
"JF266054.1.1324","San Pedro River","d__Bacteria","Chloroflexi","Anaerolineae","SBR1031","A4b","A4b",NA
"MNXN01000406.14791.16342","San Pedro River","d__Bacteria","Abditibacteriota","Abditibacteria","Abditibacteriales","Abditibacteriaceae","Abditibacterium","Armatimonadetes_bacterium"
"JF344222.1.1520","San Pedro River","d__Bacteria","Desulfobacterota","Desulfobacteria","Desulfobacterales","Desulfobacterales","Desulfatiferula","uncultured_delta"
"JQ579965.1.1514","San Pedro River","d__Bacteria","Proteobacteria","Gammaproteobacteria","AT-s2-59","AT-s2-59","AT-s2-59","uncultured_bacterium"
"KP091042.1.1468","San Pedro River","d__Archaea","Asgardarchaeota","Lokiarchaeia","Lokiarchaeia","Lokiarchaeia","Lokiarchaeia","uncultured_archaeon"
"EU652604.1.1520","San Pedro River","d__Bacteria","NB1-j","NB1-j","NB1-j","NB1-j","NB1-j",NA
"HQ588363.1.1384","San Pedro River","d__Bacteria","Actinobacteriota","Acidimicrobiia","Actinomarinales","uncultured","uncultured","uncultured_Acidimicrobiales"
"JF809784.1.1381","San Pedro River","d__Bacteria","Actinobacteriota","Acidimicrobiia","Actinomarinales","uncultured","uncultured","uncultured_Actinomycetales"
"JQ580072.1.1510","San Pedro River","d__Bacteria","Zixibacteria","Zixibacteria","Zixibacteria","Zixibacteria","Zixibacteria","uncultured_delta"
"JF809740.1.1418","San Pedro River","d__Bacteria","Gemmatimonadota","BD2-11_terrestrial_group","BD2-11_terrestrial_group","BD2-11_terrestrial_group","BD2-11_terrestrial_group","unidentified_bacterium"
"JN113067.1.1461","San Pedro River","d__Bacteria","Proteobacteria","Alphaproteobacteria","Rhizobiales","Methyloligellaceae","uncultured","uncultured_bacterium"
"JX001112.1.1427","San Pedro River","d__Bacteria","Chloroflexi","Dehalococcoidia","Napoli-4B-65","Napoli-4B-65","Napoli-4B-65","uncultured_bacterium"
"GU230346.1.1491","San Pedro River","d__Bacteria","Proteobacteria","Gammaproteobacteria","Thiotrichales","Thiotrichaceae","uncultured","uncultured_sediment"
"HQ190505.1.1506","San Pedro River","d__Bacteria","Bacteroidota","Bacteroidia","Cytophagales","Cyclobacteriaceae","uncultured","uncultured_bacterium"
"HM243793.1.1463","San Pedro River","d__Bacteria","Chloroflexi","Anaerolineae","Anaerolineales","Anaerolineaceae","uncultured",NA
"DQ109933.1.1375","San Pedro River","d__Bacteria","Myxococcota","Myxococcia","Myxococcales","Myxococcaceae","P3OB-42",NA
"KC003954.1.902","San Pedro River","d__Archaea","Crenarchaeota","Bathyarchaeia","Bathyarchaeia","Bathyarchaeia","Bathyarchaeia",NA
"JN492541.1.1336","San Pedro River","d__Bacteria","Bacteroidota","Bacteroidia","Bacteroidales","Bacteroidetes_BD2-2","Bacteroidetes_BD2-2","uncultured_Bacteroidetes"
"HM780066.1.1538","San Pedro River","d__Bacteria","Desulfobacterota","uncultured","uncultured","uncultured","uncultured",NA
"JX120424.1.1494","San Pedro River","d__Bacteria","Proteobacteria","Gammaproteobacteria","Acidiferrobacterales","Acidiferrobacteraceae","Sulfurifustis","uncultured_Thiotrichaceae"
"AF230531.1.1523","San Pedro River","d__Bacteria","Desulfobacterota","Desulfomonilia","Desulfomonilales","Desulfomonilaceae","Desulfomonile",NA
"HM998477.1.935","San Pedro River","d__Archaea","Asgardarchaeota","Lokiarchaeia","Lokiarchaeia","Lokiarchaeia","Lokiarchaeia","uncultured_archaeon"
"EU290707.1.1514","San Pedro River","d__Bacteria","NB1-j","NB1-j","NB1-j","NB1-j","NB1-j","uncultured_Acidobacteria"
"JN430999.1.1487","San Pedro River","d__Bacteria","Bdellovibrionota","Oligoflexia","0319-6G20","0319-6G20","0319-6G20",NA
"KJ817610.1.1461","San Pedro River","d__Bacteria","Proteobacteria","Alphaproteobacteria","Rhodospirillales","Magnetospiraceae","uncultured","uncultured_bacterium"
"FJ517023.1.1496","San Pedro River","d__Bacteria","Zixibacteria","Zixibacteria","Zixibacteria","Zixibacteria","Zixibacteria","uncultured_bacterium"
"EU488006.1.1461","San Pedro River","d__Bacteria","Chloroflexi","Anaerolineae","uncultured","uncultured","uncultured","uncultured_Chloroflexi"
"KY194396.1.1504","San Pedro River","d__Bacteria","Proteobacteria","Gammaproteobacteria","EPR3968-O8a-Bc78","EPR3968-O8a-Bc78","EPR3968-O8a-Bc78","uncultured_bacterium"
"JQ612292.1.1520","San Pedro River","d__Bacteria","PAUC34f","PAUC34f","PAUC34f","PAUC34f","PAUC34f",NA
"AF154102.1.1540","San Pedro River","d__Bacteria","Desulfobacterota","Desulfobacteria","Desulfatiglandales","Desulfatiglandaceae","Desulfatiglans",NA
"JN977259.1.1551","San Pedro River","d__Bacteria","Myxococcota","Polyangia","MidBa8","MidBa8","MidBa8","uncultured_bacterium"
"JF344563.1.1520","San Pedro River","d__Bacteria","Sva0485","Sva0485","Sva0485","Sva0485","Sva0485",NA
"FJ905765.1.1394","San Pedro River","d__Bacteria","Bacteroidota","Bacteroidia","Cytophagales","Cyclobacteriaceae","uncultured",NA
"FPLS01032557.1.1303","San Pedro River","d__Bacteria","Proteobacteria","Alphaproteobacteria","Rhizobiales","Rhizobiales_Incertae_Sedis","Bauldia","uncultured_bacterium"
"DQ867047.1.1458","San Pedro River","d__Bacteria","Proteobacteria","Gammaproteobacteria",NA,NA,NA,NA
"HM186556.1.1338","San Pedro River","d__Bacteria","Chloroflexi","KD4-96","KD4-96","KD4-96","KD4-96",NA
"EU385712.1.1489","San Pedro River","d__Bacteria","Desulfobacterota","Desulfobacteria","Desulfobacterales","Desulfosarcinaceae","SEEP-SRB1",NA
"GU291323.1.1513","San Pedro River","d__Bacteria","Proteobacteria","Gammaproteobacteria","Oceanospirillales","Nitrincolaceae","Marinobacterium",NA
"EU431721.1.1504","San Pedro River","d__Bacteria","Actinobacteriota","Thermoleophilia","Gaiellales","uncultured","uncultured",NA
"KC926322.1.913","San Pedro River","d__Archaea","Crenarchaeota","Bathyarchaeia","Bathyarchaeia","Bathyarchaeia","Bathyarchaeia","miscellaneous_Crenarchaeota"
"FJ517030.1.1492","San Pedro River","d__Bacteria","Myxococcota","Polyangia","MidBa8","MidBa8","MidBa8","uncultured_delta"
"KT223282.1.1482","San Pedro River","d__Bacteria","NB1-j","NB1-j","NB1-j","NB1-j","NB1-j",NA
"EU487956.1.1463","San Pedro River","d__Bacteria","Chloroflexi","Anaerolineae","SBR1031","SBR1031","SBR1031","uncultured_bacterium"
"JN089710.1.1214","San Pedro River","d__Bacteria","Proteobacteria","Alphaproteobacteria","Rhizobiales","Rhizobiaceae",NA,NA
"DQ334655.1.1300","San Pedro River","d__Bacteria","Bacteroidota","Bacteroidia","Bacteroidales","Bacteroidetes_BD2-2","Bacteroidetes_BD2-2",NA
"GQ246438.1.1529","San Pedro River","d__Bacteria","Sva0485","Sva0485","Sva0485","Sva0485","Sva0485","bacterium_enrichment"
"DQ811889.1.1475","San Pedro River","d__Bacteria","Chloroflexi","Dehalococcoidia","GIF9","AB-539-J10","SCGC-AB-539-J10","uncultured_bacterium"
"EU617819.1.1461","San Pedro River","d__Bacteria","WS2","WS2","WS2","WS2","WS2","uncultured_Firmicutes"
"JN038226.1.1460","San Pedro River","d__Bacteria","Proteobacteria","Alphaproteobacteria","Rhizobiales","uncultured","uncultured",NA
"JN977333.1.1493","San Pedro River","d__Bacteria","Chloroflexi","Anaerolineae","SBR1031","SBR1031","SBR1031",NA
"JQ800977.1.1543","San Pedro River","d__Bacteria","Verrucomicrobiota","Verrucomicrobiae","Pedosphaerales","Pedosphaeraceae","Pedosphaeraceae","uncultured_bacterium"
"MG601242.1.1486","San Pedro River","d__Bacteria","Verrucomicrobiota","Omnitrophia","Omnitrophales","Omnitrophaceae","Candidatus_Omnitrophus","uncultured_bacterium"
"AJ299201.1.912","San Pedro River","d__Archaea","Thermoplasmatota","Thermoplasmata","Marine_Benthic_Group_D_and_DHVEG-1","Marine_Benthic_Group_D_and_DHVEG-1","Marine_Benthic_Group_D_and_DHVEG-1","uncultured_archaeon"
"JQ989857.1.1483","San Pedro River","d__Bacteria","Chloroflexi","Dehalococcoidia","MSBL5","MSBL5","MSBL5","uncultured_bacterium"
"JN454246.1.1418","San Pedro River","d__Bacteria","Proteobacteria","Gammaproteobacteria",NA,NA,NA,NA
"KX648433.1.1278","San Pedro River","d__Bacteria","Firmicutes","Clostridia","Clostridiales","Clostridiaceae","Clostridium_sensu_stricto_1","Clostridium_tertium"
"FJ202524.1.1484","San Pedro River","d__Bacteria","Proteobacteria","Gammaproteobacteria","Steroidobacterales","Woeseiaceae","Woeseia",NA
"JQ580419.1.1513","San Pedro River","d__Bacteria","Desulfobacterota","Desulfovibrionia","Desulfovibrionales","Desulfovibrionaceae","Desulfovibrio","uncultured_organism"
"AY542227.1.1395","San Pedro River","d__Bacteria","Desulfobacterota","Desulfobacteria","Desulfatiglandales","Desulfatiglandaceae","Desulfatiglans",NA
"EU771840.1.1404","San Pedro River","d__Bacteria","Firmicutes","Bacilli","Bacillales","Planococcaceae",NA,NA
"AY592622.1.1239","San Pedro River","d__Bacteria","Actinobacteriota","Acidimicrobiia","Actinomarinales","uncultured","uncultured","uncultured_bacterium"
"FJ516787.1.1428","San Pedro River","d__Bacteria","Proteobacteria","Alphaproteobacteria","Caulobacterales","Parvularculaceae",NA,NA
"FPLS01058089.12.1537","San Pedro River","d__Bacteria","Proteobacteria","Gammaproteobacteria","JTB23","JTB23","JTB23","metagenome"
"KX173124.1.1417","San Pedro River","d__Bacteria","Planctomycetota","Phycisphaerae","Phycisphaerales","Phycisphaeraceae","Urania-1B-19_marine_sediment_group",NA
"EU592454.1.1523","San Pedro River","d__Bacteria","Acidobacteriota","Aminicenantia","Aminicenantales","Aminicenantales","Aminicenantales",NA
"GU362957.1.1423","San Pedro River","d__Bacteria","Desulfobacterota","Desulfobacteria","Desulfatiglandales","Desulfatiglandaceae","Desulfatiglans",NA
"FJ873251.1.929","San Pedro River","d__Archaea","Asgardarchaeota","Lokiarchaeia","Lokiarchaeia","Lokiarchaeia","Lokiarchaeia","uncultured_archaeon"
"DQ816645.1.1434","San Pedro River","d__Bacteria","Firmicutes","Clostridia","Clostridiales","Clostridiaceae","Clostridium_sensu_stricto_3",NA
"MF375877.1.1227","San Pedro River","d__Bacteria","Firmicutes","Bacilli","Bacillales","Bacillaceae","Halobacillus",NA
"FJ901571.1.1403","San Pedro River","d__Bacteria","MBNT15","MBNT15","MBNT15","MBNT15","MBNT15","uncultured_organism"
"JN825373.1.1386","San Pedro River","d__Bacteria","Proteobacteria","Alphaproteobacteria","Tistrellales","Geminicoccaceae","uncultured","uncultured_Rhodospirillales"
"JX227283.1.1519","San Pedro River","d__Bacteria","Planctomycetota","OM190","OM190","OM190","OM190","uncultured_deep-sea"
"AB805932.1.1484","San Pedro River","d__Bacteria","Latescibacterota","Latescibacteria","Latescibacterales","Latescibacteraceae","Candidatus_Latescibacter","uncultured_bacterium"
"JX221752.1.1490","San Pedro River","d__Bacteria","Actinobacteriota","Acidimicrobiia","Actinomarinales","uncultured","uncultured","uncultured_Actinomycetales"
"JQ579721.1.1520","San Pedro River","d__Bacteria","Desulfobacterota","Desulfobacteria","Desulfobacterales","Desulfosarcinaceae","Sva0081_sediment_group",NA
"EU487973.1.1543","San Pedro River","d__Bacteria","Desulfobacterota","Desulfobacteria","Desulfobacterales","Desulfosarcinaceae","SEEP-SRB1",NA
"JQ199082.1.1345","San Pedro River","d__Bacteria","Campilobacterota","Campylobacteria","Campylobacterales","Arcobacteraceae","uncultured",NA
"KT880430.1.1498","San Pedro River","d__Bacteria","Proteobacteria","Gammaproteobacteria","Steroidobacterales","Woeseiaceae","Woeseia",NA
"KR537282.1.1448","San Pedro River","d__Bacteria","Proteobacteria","Alphaproteobacteria","Rhizobiales",NA,NA,NA
"AB807221.1.1484","San Pedro River","d__Bacteria","Planctomycetota","Phycisphaerae","MSBL9","SG8-4","SG8-4","uncultured_bacterium"
"AF523991.1.1257","San Pedro River","d__Bacteria","Acidobacteriota","Subgroup_18","Subgroup_18","Subgroup_18","Subgroup_18","uncultured_bacterium"
"JN977248.1.1504","San Pedro River","d__Bacteria","Chloroflexi","Anaerolineae","Anaerolineales","Anaerolineaceae","uncultured","uncultured_Chloroflexi"
"FJ652515.1.1347","San Pedro River","d__Bacteria","Planctomycetota","Planctomycetes","Pirellulales","Pirellulaceae","uncultured","uncultured_Planctomycetaceae"
"JQ580283.1.1510","San Pedro River","d__Bacteria","Zixibacteria","Zixibacteria","Zixibacteria","Zixibacteria","Zixibacteria","uncultured_candidate"
"KC191786.1.1228","San Pedro River","d__Bacteria","Verrucomicrobiota","Verrucomicrobiae","Pedosphaerales","Pedosphaeraceae",NA,NA
"AB858568.1.1382","San Pedro River","d__Bacteria","Bacteroidota","SJA-28","SJA-28","SJA-28","SJA-28","uncultured_bacterium"
"JF904744.1.1499","San Pedro River","d__Bacteria","Proteobacteria","Gammaproteobacteria","Burkholderiales","Nitrosomonadaceae","IS-44",NA
"HQ697846.1.1525","San Pedro River","d__Bacteria","Gemmatimonadota","BD2-11_terrestrial_group","BD2-11_terrestrial_group","BD2-11_terrestrial_group","BD2-11_terrestrial_group","uncultured_bacterium"
"JQ580284.1.1518","San Pedro River","d__Bacteria","Actinobacteriota","WCHB1-81","WCHB1-81","WCHB1-81","WCHB1-81","uncultured_organism"
"EU385680.1.1497","San Pedro River","d__Bacteria","Desulfobacterota","Desulfobacteria","Desulfatiglandales","Desulfatiglandaceae","Desulfatiglans","uncultured_bacterium"
"FN553955.1.1521","San Pedro River","d__Bacteria","Desulfobacterota","Desulfobacteria","Desulfobacterales","Desulfosarcinaceae","Sva0081_sediment_group",NA
"AB294966.1.1418","San Pedro River","d__Bacteria","Proteobacteria","Gammaproteobacteria","Steroidobacterales","Woeseiaceae","Woeseia",NA
"KP943981.1.1502","San Pedro River","d__Bacteria","Proteobacteria","Gammaproteobacteria",NA,NA,NA,NA
"FJ748779.1.1500","San Pedro River","d__Bacteria","Proteobacteria","Gammaproteobacteria","Steroidobacterales","Woeseiaceae","Woeseia",NA
"JF800718.1.1479","San Pedro River","d__Bacteria","Acidobacteriota","Acidobacteriae","Subgroup_2","Subgroup_2","Subgroup_2","uncultured_bacterium"
"JQ817352.1.1480","San Pedro River","d__Bacteria","Latescibacterota","Latescibacteria","Latescibacterales","Latescibacteraceae","Latescibacteraceae","uncultured_bacterium"
"AB701659.1.1493","San Pedro River","d__Bacteria","Desulfobacterota","Desulfuromonadia","Desulfuromonadia","Geopsychrobacteraceae","Desulfuromusa","uncultured_bacterium"
"KF836249.1.1518","San Pedro River","d__Bacteria","NB1-j","NB1-j","NB1-j","NB1-j","NB1-j",NA
"KJ578062.1.1463","San Pedro River","d__Bacteria","Chloroflexi","KD4-96","KD4-96","KD4-96","KD4-96",NA
"KX097074.1.1519","San Pedro River","d__Bacteria","NB1-j","NB1-j","NB1-j","NB1-j","NB1-j","uncultured_Acidobacteria"
"MG755760.1.1200","San Pedro River","d__Bacteria","Firmicutes","Bacilli","Bacillales","Bacillaceae","Bacillus",NA
"KY194138.1.1515","San Pedro River","d__Bacteria","Gemmatimonadota","BD2-11_terrestrial_group","BD2-11_terrestrial_group","BD2-11_terrestrial_group","BD2-11_terrestrial_group",NA
"FM998994.1.1503","San Pedro River","d__Bacteria","Planctomycetota","Phycisphaerae","CCM11a","CCM11a","CCM11a","uncultured_bacterium"
"KR824975.1.1529","San Pedro River","d__Bacteria","Desulfobacterota","Desulfobacteria","Desulfobacterales","Desulfosarcinaceae",NA,NA
"KX077458.1.912","San Pedro River","d__Archaea","Thermoplasmatota","Thermoplasmata","Marine_Benthic_Group_D_and_DHVEG-1","Marine_Benthic_Group_D_and_DHVEG-1","Marine_Benthic_Group_D_and_DHVEG-1","uncultured_archaeon"
"AM404371.1.1425","San Pedro River","d__Bacteria","Desulfobacterota","Desulfobacteria","Desulfobacterales","Desulfosarcinaceae","SEEP-SRB1",NA
"AB806696.1.1578","San Pedro River","d__Bacteria","Desulfobacterota","Desulfobacteria","Desulfatiglandales","Desulfatiglandaceae","Desulfatiglans","uncultured_bacterium"
"JN528818.1.1228","San Pedro River","d__Bacteria","Planctomycetota","Phycisphaerae","DG-20","DG-20","DG-20","uncultured_organism"
"JQ738986.1.1519","San Pedro River","d__Bacteria","Planctomycetota","Pla4_lineage","Pla4_lineage","Pla4_lineage","Pla4_lineage","uncultured_bacterium"
"AY605134.1.1487","San Pedro River","d__Bacteria","Spirochaetota","Spirochaetia","Spirochaetales","Spirochaetaceae","Spirochaeta","uncultured_Spirochaetales"
"HQ588504.1.1355","San Pedro River","d__Bacteria","Chloroflexi","Anaerolineae","uncultured","uncultured","uncultured",NA
"AB858777.1.1388","San Pedro River","d__Archaea","Aenigmarchaeota","Deep_Sea_Euryarchaeotic_Group(DSEG)","Deep_Sea_Euryarchaeotic_Group(DSEG)","Deep_Sea_Euryarchaeotic_Group(DSEG)","Deep_Sea_Euryarchaeotic_Group(DSEG)","uncultured_archaeon"
"AB694391.1.1377","San Pedro River","d__Bacteria","Proteobacteria","Alphaproteobacteria","Tistrellales","Geminicoccaceae","uncultured","uncultured_bacterium"
"AM086115.1.1463","San Pedro River","d__Bacteria","Acidobacteriota","Acidobacteriae","Subgroup_13","Subgroup_13","Subgroup_13",NA
"KX077440.1.911","San Pedro River","d__Archaea","Crenarchaeota","Bathyarchaeia","Bathyarchaeia","Bathyarchaeia","Bathyarchaeia","uncultured_miscellaneous"
"FM165271.1.1519","San Pedro River","d__Bacteria","Desulfobacterota","Desulfomonilia","Desulfomonilales","Desulfomonilaceae","Desulfomonile","uncultured_bacterium"
"KC631531.1.1546","San Pedro River","d__Bacteria","NB1-j","NB1-j","NB1-j","NB1-j","NB1-j","uncultured_organism"
"FJ873288.1.1375","San Pedro River","d__Bacteria","Chloroflexi","Dehalococcoidia","S085","S085","S085","uncultured_bacterium"
"EU488007.1.1508","San Pedro River","d__Bacteria","Acidobacteriota","Aminicenantia","Aminicenantales","Aminicenantales","Aminicenantales","uncultured_bacterium"
"JN417591.1.1550","San Pedro River","d__Bacteria","Gemmatimonadota","BD2-11_terrestrial_group","BD2-11_terrestrial_group","BD2-11_terrestrial_group","BD2-11_terrestrial_group",NA
"KC009943.1.1291","San Pedro River","d__Bacteria","Proteobacteria","Gammaproteobacteria","Chromatiales","Sedimenticolaceae","Candidatus_Thiodiazotropha",NA
"AB802887.1.1398","San Pedro River","d__Archaea","Thermoplasmatota","Thermoplasmata","Marine_Benthic_Group_D_and_DHVEG-1","Marine_Benthic_Group_D_and_DHVEG-1","Marine_Benthic_Group_D_and_DHVEG-1",NA
"AQXJ01000007.6623.8153","San Pedro River","d__Bacteria","Planctomycetota","vadinHA49","vadinHA49","vadinHA49","vadinHA49","bacterium_UW"
"DQ463694.1.1513","San Pedro River","d__Bacteria","Sva0485","Sva0485","Sva0485","Sva0485","Sva0485","uncultured_Desulfobulbaceae"
"JF796793.1.1357","San Pedro River","d__Bacteria","Bacteroidota","Bacteroidia","Chitinophagales","37-13","37-13","uncultured_bacterium"
"KM454283.1.1413","San Pedro River","d__Bacteria","Latescibacterota","Latescibacteria","Latescibacterales","Latescibacteraceae","Latescibacteraceae","uncultured_deep-sea"
"LN875360.1.1465","San Pedro River","d__Bacteria","Proteobacteria","Gammaproteobacteria","AT-s2-59","AT-s2-59","AT-s2-59","uncultured_bacterium"
"AB858641.1.1332","San Pedro River","d__Bacteria","Chloroflexi","Dehalococcoidia","S085","S085","S085","uncultured_bacterium"
"GU056114.1.1503","San Pedro River","d__Bacteria","Desulfobacterota","Desulfobacteria","Desulfobacterales","Desulfosarcinaceae","Sva0081_sediment_group",NA
"KX504841.1.1521","San Pedro River","d__Bacteria","Latescibacterota","Latescibacteria","Latescibacterales","Latescibacteraceae","Latescibacteraceae","uncultured_actinobacterium"
"AY771951.1.1416","San Pedro River","d__Bacteria","Desulfobacterota","Desulfobacteria","Desulfatiglandales","Desulfatiglandaceae","Desulfatiglans","uncultured_delta"
"JF344439.1.1521","San Pedro River","d__Bacteria","Desulfobacterota","Desulfobacteria","Desulfobacterales","Desulfosarcinaceae","Sva0081_sediment_group","uncultured_delta"
"LN865078.1.1420","San Pedro River","d__Bacteria","Proteobacteria","Gammaproteobacteria","Cellvibrionales","Porticoccaceae","C1-B045","uncultured_bacterium"
"EU246113.1.1518","San Pedro River","d__Bacteria","Sva0485","Sva0485","Sva0485","Sva0485","Sva0485",NA
"EU491544.1.1364","San Pedro River","d__Bacteria","Proteobacteria","Alphaproteobacteria",NA,NA,NA,NA
"HQ691981.1.1387","San Pedro River","d__Bacteria","Desulfobacterota","Desulfobacteria","Desulfobacterales","Desulfosarcinaceae","Desulfosarcina",NA
"KC437245.1.1229","San Pedro River","d__Archaea","Crenarchaeota","Bathyarchaeia","Bathyarchaeia","Bathyarchaeia","Bathyarchaeia",NA
"JX984004.1.1266","San Pedro River","d__Bacteria","Verrucomicrobiota","Lentisphaeria","P.palmC41","P.palmC41","P.palmC41",NA
"KX172358.1.1405","San Pedro River","d__Bacteria","Proteobacteria","Alphaproteobacteria","Rhizobiales","KF-JG30-B3","KF-JG30-B3",NA
"KC009958.1.1277","San Pedro River","d__Bacteria","Acidobacteriota","Thermoanaerobaculia","Thermoanaerobaculales","Thermoanaerobaculaceae","Subgroup_10","uncultured_Acidobacteria"
"EU335146.1.1523","San Pedro River","d__Bacteria","NB1-j","NB1-j","NB1-j","NB1-j","NB1-j",NA
"JN510265.1.1416","San Pedro River","d__Bacteria","Chloroflexi","Anaerolineae","SBR1031","SBR1031","SBR1031",NA
"HQ697686.1.1467","San Pedro River","d__Bacteria","Chloroflexi","Anaerolineae","Ardenticatenales","uncultured","uncultured",NA
"DQ363786.1.957","San Pedro River","d__Archaea","Crenarchaeota","Bathyarchaeia","Bathyarchaeia","Bathyarchaeia","Bathyarchaeia","marine_metagenome"
"AB807244.1.1495","San Pedro River","d__Bacteria","Planctomycetota","Phycisphaerae","Pla1_lineage","Pla1_lineage","Pla1_lineage","uncultured_bacterium"
"DQ269073.1.1411","San Pedro River","d__Bacteria","Proteobacteria","Gammaproteobacteria","Cellvibrionales","Cellvibrionaceae","uncultured","uncultured_gamma"
"KC169814.1.1501","San Pedro River","d__Bacteria","Proteobacteria","Gammaproteobacteria","B2M28","B2M28","B2M28",NA
"JX870294.1.918","San Pedro River","d__Archaea","Thermoplasmatota","Thermoplasmata","Marine_Benthic_Group_D_and_DHVEG-1","Marine_Benthic_Group_D_and_DHVEG-1","Marine_Benthic_Group_D_and_DHVEG-1",NA
"LN563620.1.1317","San Pedro River","d__Bacteria","Chloroflexi","Dehalococcoidia","S085","S085","S085","metagenome"
"JN536538.1.1284","San Pedro River","d__Bacteria","Planctomycetota","Phycisphaerae","CCM11a","CCM11a","CCM11a","uncultured_organism"
"AB807188.1.1480","San Pedro River","d__Bacteria","Planctomycetota","Phycisphaerae","MSBL9","SG8-4","SG8-4","uncultured_bacterium"
"JX870248.1.918","San Pedro River","d__Archaea","Thermoplasmatota","Thermoplasmata","Marine_Benthic_Group_D_and_DHVEG-1","Marine_Benthic_Group_D_and_DHVEG-1","Marine_Benthic_Group_D_and_DHVEG-1",NA
"FJ810548.1.1460","San Pedro River","d__Bacteria","Bacteroidota","Kapabacteria","Kapabacteriales","Kapabacteriales","Kapabacteriales","uncultured_Chlorobi"
"FJ652500.1.1364","San Pedro River","d__Bacteria","Planctomycetota","Phycisphaerae","CCM11a","CCM11a","CCM11a","uncultured_Planctomycetales"
"FJ484419.1.1254","San Pedro River","d__Bacteria","Planctomycetota","ODP123","ODP123","ODP123","ODP123","uncultured_planctomycete"
"GQ410792.1.920","San Pedro River","d__Archaea","Thermoplasmatota","Thermoplasmata","Marine_Benthic_Group_D_and_DHVEG-1","Marine_Benthic_Group_D_and_DHVEG-1","Marine_Benthic_Group_D_and_DHVEG-1","uncultured_archaeon"
"EF125427.1.1522","San Pedro River","d__Bacteria","Gemmatimonadota","PAUC43f_marine_benthic_group","PAUC43f_marine_benthic_group","PAUC43f_marine_benthic_group","PAUC43f_marine_benthic_group","uncultured_bacterium"
"AM935668.1.1324","San Pedro River","d__Bacteria","Planctomycetota","Planctomycetes","Planctomycetales","Rubinisphaeraceae","SH-PL14","uncultured_Planctomycetaceae"
"JQ258632.1.938","San Pedro River","d__Archaea","Asgardarchaeota","Lokiarchaeia","Lokiarchaeia","Lokiarchaeia","Lokiarchaeia","uncultured_archaeon"
"JX001164.1.1428","San Pedro River","d__Bacteria","Chloroflexi","Dehalococcoidia","Napoli-4B-65","Napoli-4B-65","Napoli-4B-65","uncultured_bacterium"
"KC967412.1.1394","San Pedro River","d__Bacteria","Firmicutes","Clostridia","Clostridiales","Clostridiaceae",NA,NA
"FN553612.1.1459","San Pedro River","d__Bacteria","Proteobacteria","Alphaproteobacteria","Kiloniellales","Kiloniellaceae","uncultured",NA
"EF203576.1.901","San Pedro River","d__Archaea","Crenarchaeota","Bathyarchaeia","Bathyarchaeia","Bathyarchaeia","Bathyarchaeia",NA
"FM165241.1.1522","San Pedro River","d__Bacteria","Desulfobacterota","Desulfobacteria","Desulfobacterales","Desulfosarcinaceae","Sva0081_sediment_group",NA
"GU056071.1.1529","San Pedro River","d__Bacteria","Gemmatimonadota","BD2-11_terrestrial_group","BD2-11_terrestrial_group","BD2-11_terrestrial_group","BD2-11_terrestrial_group","uncultured_bacterium"
"EF125442.1.1525","San Pedro River","d__Bacteria","Myxococcota","Polyangia","PS-B29","PS-B29","PS-B29","uncultured_organism"
"FJ477317.1.1367","San Pedro River","d__Archaea","Crenarchaeota","Bathyarchaeia","Bathyarchaeia","Bathyarchaeia","Bathyarchaeia",NA
"EU592433.1.1525","San Pedro River","d__Bacteria","Desulfobacterota","Desulfobacteria","Desulfatiglandales","Desulfatiglandaceae","Desulfatiglans","uncultured_bacterium"
"JF449952.1.1512","San Pedro River","d__Bacteria","Acidobacteriota","Vicinamibacteria","Vicinamibacterales","Vicinamibacteraceae","Vicinamibacteraceae",NA
"KF268875.1.1382","San Pedro River","d__Bacteria","Campilobacterota","Campylobacteria","Campylobacterales","Sulfurimonadaceae","Sulfurimonas","Sulfurimonas_denitrificans"
"FJ873371.1.1411","San Pedro River","d__Bacteria","Calditrichota","Calditrichia","Calditrichales","Calditrichaceae","Calditrichaceae",NA
"AM162442.1.1442","San Pedro River","d__Bacteria","Proteobacteria","Alphaproteobacteria","Rhizobiales","Rhodomicrobiaceae","Rhodomicrobium","uncultured_bacterium"
"JN230088.1.1421","San Pedro River","d__Bacteria","Proteobacteria","Alphaproteobacteria",NA,NA,NA,NA
"EU283556.1.1354","San Pedro River","d__Bacteria","Planctomycetota","Phycisphaerae","MSBL9","4572-13","4572-13",NA
"KJ578027.1.1461","San Pedro River","d__Bacteria","Proteobacteria","Alphaproteobacteria","Kiloniellales","Kiloniellaceae","Tagaea","uncultured_bacterium"
"JX001088.1.1427","San Pedro River","d__Bacteria","Chloroflexi","Dehalococcoidia","vadinBA26","vadinBA26","vadinBA26","uncultured_bacterium"
"JN506829.1.1317","San Pedro River","d__Bacteria","Latescibacterota","Latescibacterota","Latescibacterota","Latescibacterota","Latescibacterota",NA
"HQ727633.1.1498","San Pedro River","d__Bacteria","Bacteroidota","Bacteroidia","Chitinophagales","Saprospiraceae","Phaeodactylibacter","uncultured_Sphingobacteriales"
"DQ811795.1.1519","San Pedro River","d__Bacteria","Myxococcota","Polyangia","Polyangiales","Sandaracinaceae","uncultured",NA
"FJ640804.1.935","San Pedro River","d__Archaea","Asgardarchaeota","Heimdallarchaeia","Heimdallarchaeia","Heimdallarchaeia","Heimdallarchaeia","uncultured_archaeon"
"KM263548.1.1525","San Pedro River","d__Bacteria","Calditrichota","Calditrichia","Calditrichales","Calditrichaceae","Calorithrix","bacterium_enrichment"
"JF727721.1.1462","San Pedro River","d__Bacteria","Acidobacteriota","Acidobacteriae","PAUC26f","PAUC26f","PAUC26f",NA
"EU132876.1.1277","San Pedro River","d__Bacteria","Actinobacteriota","Acidimicrobiia","Microtrichales","uncultured","uncultured","uncultured_Acidimicrobiia"
"JQ800777.1.1485","San Pedro River","d__Bacteria","Myxococcota","Polyangia","Haliangiales","Haliangiaceae","Haliangium",NA
"KT223231.1.1428","San Pedro River","d__Bacteria","Chloroflexi","Dehalococcoidia","FW22","FW22","FW22","uncultured_bacterium"
"LN571230.1.1324","San Pedro River","d__Bacteria","Proteobacteria","Alphaproteobacteria","Rhizobiales","Xanthobacteraceae",NA,NA
"FJ358878.1.1517","San Pedro River","d__Bacteria","NB1-j","NB1-j","NB1-j","NB1-j","NB1-j",NA
"GQ246437.1.1491","San Pedro River","d__Bacteria","Acidobacteriota","Aminicenantia","Aminicenantales","Aminicenantales","Aminicenantales","uncultured_Aminicenantes"
"FJ516771.1.1487","San Pedro River","d__Bacteria","Bacteroidota","Bacteroidia","Flavobacteriales","Cryomorphaceae","Vicingus",NA
"JX193323.1.1525","San Pedro River","d__Bacteria","Planctomycetota","Planctomycetes","Pirellulales","Pirellulaceae","Rubripirellula","uncultured_bacterium"
"EU491458.1.1488","San Pedro River","d__Bacteria","Planctomycetota","Planctomycetes","Pirellulales","Pirellulaceae","Pir4_lineage","uncultured_bacterium"
"DQ363834.1.927","San Pedro River","d__Archaea","Thermoplasmatota","Thermoplasmata","Marine_Benthic_Group_D_and_DHVEG-1","Marine_Benthic_Group_D_and_DHVEG-1","Marine_Benthic_Group_D_and_DHVEG-1",NA
"JX000713.1.1425","San Pedro River","d__Archaea","Asgardarchaeota","Lokiarchaeia","Lokiarchaeia","Lokiarchaeia","Lokiarchaeia","uncultured_archaeon"
"AY274449.1.1491","San Pedro River","d__Bacteria","Desulfobacterota","Desulfovibrionia","Desulfovibrionales","Desulfovibrionaceae","Desulfocurvus","Desulfovibrio_ferrophilus"
"FJ529319.1.1394","San Pedro River","d__Bacteria","PAUC34f","PAUC34f","PAUC34f","PAUC34f","PAUC34f","uncultured_gamma"
"JQ337375.1.1454","San Pedro River","d__Bacteria","Proteobacteria","Gammaproteobacteria","EPR3968-O8a-Bc78","EPR3968-O8a-Bc78","EPR3968-O8a-Bc78",NA
"JN481818.1.1399","San Pedro River","d__Bacteria","Verrucomicrobiota","Lentisphaeria","Oligosphaerales","Lenti-02","Lenti-02","uncultured_bacterium"
"JN539403.1.1299","San Pedro River","d__Bacteria","Planctomycetota","Phycisphaerae","mle1-8","mle1-8","mle1-8","uncultured_bacterium"
"EF444603.1.1126","San Pedro River","d__Archaea","Crenarchaeota","Nitrososphaeria","Nitrosopumilales","Nitrosopumilaceae","Candidatus_Nitrosotenuis","uncultured_archaeon"
"KY034411.1.1213","San Pedro River","d__Bacteria","Proteobacteria","Gammaproteobacteria","Cellvibrionales","Microbulbiferaceae","Microbulbifer",NA
"JX870272.1.917","San Pedro River","d__Archaea","Thermoplasmatota","Thermoplasmata","Marine_Benthic_Group_D_and_DHVEG-1","Marine_Benthic_Group_D_and_DHVEG-1","Marine_Benthic_Group_D_and_DHVEG-1","uncultured_archaeon"
"EF208714.1.1526","San Pedro River","d__Bacteria","Desulfobacterota","Desulfobacteria","Desulfobacterales","Desulfococcaceae","uncultured","uncultured_bacterium"
"JN511815.1.1454","San Pedro River","d__Bacteria","Desulfobacterota","Desulfobacteria","Desulfatiglandales","Desulfatiglandaceae","Desulfatiglans",NA
"KX172932.1.1452","San Pedro River","d__Bacteria","Bacteroidota","Bacteroidia","Bacteroidales",NA,NA,NA
"JX227620.1.1519","San Pedro River","d__Bacteria","Myxococcota","bacteriap25","bacteriap25","bacteriap25","bacteriap25",NA
"KC009961.1.1426","San Pedro River","d__Bacteria","Planctomycetota","Pla3_lineage","Pla3_lineage","Pla3_lineage","Pla3_lineage","uncultured_planctomycete"
"FJ517048.1.1483","San Pedro River","d__Bacteria","Bacteroidota","Bacteroidia","Sphingobacteriales","Lentimicrobiaceae","Lentimicrobiaceae","uncultured_Cytophagales"
"FJ746089.1.1429","San Pedro River","d__Bacteria","Verrucomicrobiota","Omnitrophia","Omnitrophales","Omnitrophaceae","Candidatus_Omnitrophus","uncultured_Latescibacteria"
"EF444773.1.1202","San Pedro River","d__Bacteria","Chloroflexi","Anaerolineae","Anaerolineales","Anaerolineaceae","uncultured",NA
"KF786957.1.1417","San Pedro River","d__Bacteria","Planctomycetota","OM190","OM190","OM190","OM190","uncultured_Planctomycetaceae"
"KX172563.1.1476","San Pedro River","d__Bacteria","Nitrospirota","Thermodesulfovibrionia","uncultured","uncultured","uncultured","uncultured_bacterium"
"JQ579914.1.1485","San Pedro River","d__Bacteria","Bacteroidota","Bacteroidia","Chitinophagales","Saprospiraceae","Portibacter",NA
"AB806077.1.1436","San Pedro River","d__Bacteria","Chloroflexi","Dehalococcoidia","Napoli-4B-65","Napoli-4B-65","Napoli-4B-65",NA
"JF727687.1.1452","San Pedro River","d__Bacteria","Proteobacteria","Alphaproteobacteria","Rhizobiales","Xanthobacteraceae","Pseudolabrys","uncultured_Rhizobiales"
"FM242462.1.1505","San Pedro River","d__Bacteria","Proteobacteria","Gammaproteobacteria",NA,NA,NA,NA
"HQ153903.1.1369","San Pedro River","d__Bacteria","Planctomycetota","Planctomycetes","Pirellulales","Pirellulaceae","Pir4_lineage",NA
"JQ750533.1.901","San Pedro River","d__Archaea","Crenarchaeota","Bathyarchaeia","Bathyarchaeia","Bathyarchaeia","Bathyarchaeia","uncultured_crenarchaeote"
"FN554099.1.1523","San Pedro River","d__Bacteria","Desulfobacterota","Desulfobacteria","Desulfobacterales","Desulfosarcinaceae","uncultured",NA
"AB806714.1.1480","San Pedro River","d__Bacteria","Schekmanbacteria","Schekmanbacteria","Schekmanbacteria","Schekmanbacteria","Schekmanbacteria","uncultured_Syntrophobacterales"
"HQ163470.1.1376","San Pedro River","d__Bacteria","Proteobacteria","Gammaproteobacteria","Oceanospirillales","Pseudohongiellaceae","Pseudohongiella","uncultured_gamma"
"JN451190.1.1396","San Pedro River","d__Bacteria","Desulfobacterota","Desulfobulbia","Desulfobulbales","Desulfocapsaceae","Desulfopila",NA
"KJ191195.1.1460","San Pedro River","d__Bacteria","Proteobacteria","Alphaproteobacteria","Emcibacterales","Emcibacteraceae","Emcibacter",NA
"DQ811954.1.1340","San Pedro River","d__Bacteria","Zixibacteria","Zixibacteria","Zixibacteria","Zixibacteria","Zixibacteria","uncultured_bacterium"
"LN573696.1.1395","San Pedro River","d__Bacteria","Gemmatimonadota","BD2-11_terrestrial_group","BD2-11_terrestrial_group","BD2-11_terrestrial_group","BD2-11_terrestrial_group","uncultured_Gemmatimonadetes"
"GQ263375.1.1451","San Pedro River","d__Bacteria","Acidobacteriota","Acidobacteriae","PAUC26f","PAUC26f","PAUC26f",NA
"EF646143.1.1518","San Pedro River","d__Bacteria","Myxococcota","Polyangia","Polyangiales","Eel-36e1D6","Eel-36e1D6",NA
"DQ015818.1.1461","San Pedro River","d__Bacteria","Proteobacteria","Alphaproteobacteria","Kiloniellales","Kiloniellaceae","uncultured","uncultured_Rhodospirillaceae"
"KF066648.1.1339","San Pedro River","d__Bacteria","Actinobacteriota","Actinobacteria","Kineosporiales","Kineosporiaceae",NA,NA
"EU385763.1.1431","San Pedro River","d__Bacteria","Chloroflexi","Dehalococcoidia","FW22","FW22","FW22","uncultured_bacterium"
"EU132550.1.1353","San Pedro River","d__Bacteria","Actinobacteriota","Actinobacteria","Corynebacteriales","Mycobacteriaceae","Mycobacterium",NA
"FJ712380.1.1437","San Pedro River","d__Archaea","Thermoplasmatota","Thermoplasmata","Marine_Benthic_Group_D_and_DHVEG-1","Marine_Benthic_Group_D_and_DHVEG-1","Marine_Benthic_Group_D_and_DHVEG-1",NA
"KT122149.1.1477","San Pedro River","d__Bacteria","Chloroflexi","Anaerolineae","Anaerolineales","Anaerolineaceae","uncultured","uncultured_Chloroflexi"
"JX504255.1.1553","San Pedro River","d__Bacteria","Acidobacteriota","Thermoanaerobaculia","Thermoanaerobaculales","Thermoanaerobaculaceae","Subgroup_10","uncultured_bacterium"
"AM997458.1.1515","San Pedro River","d__Bacteria","Myxococcota","Myxococcia","Myxococcales","Myxococcaceae","P3OB-42","uncultured_deep-sea"
"FPLS01017345.13.1480","San Pedro River","d__Bacteria","Proteobacteria","Alphaproteobacteria","Rhizobiales","Rhizobiales_Incertae_Sedis","Bauldia",NA
"JN507192.1.1412","San Pedro River","d__Bacteria","Bacteroidota","Bacteroidia","Bacteroidales","Bacteroidetes_BD2-2","Bacteroidetes_BD2-2",NA
"KX097285.1.1522","San Pedro River","d__Bacteria","MBNT15","MBNT15","MBNT15","MBNT15","MBNT15","uncultured_sediment"
"JN535993.1.1427","San Pedro River","d__Bacteria","Planctomycetota","Phycisphaerae","Phycisphaerales","Phycisphaeraceae","Urania-1B-19_marine_sediment_group","uncultured_organism"
"FN554046.1.1339","San Pedro River","d__Archaea","Thermoplasmatota","Thermoplasmatota","Thermoplasmatota","Thermoplasmatota","uncultured",NA
"JF344422.1.1521","San Pedro River","d__Bacteria","Desulfobacterota","Desulfobacteria","Desulfobacterales","Desulfosarcinaceae","Sva0081_sediment_group",NA
"JF344425.1.1497","San Pedro River","d__Bacteria","Proteobacteria","Gammaproteobacteria","Arenicellales","Arenicellaceae","Candidatus_Thiosymbion",NA
"KF964596.1.1490","San Pedro River","d__Bacteria","Actinobacteriota","Acidimicrobiia","Actinomarinales","uncultured","uncultured","uncultured_compost"
"GU362990.1.1416","San Pedro River","d__Bacteria","Planctomycetota","Phycisphaerae","MSBL9","SG8-4","SG8-4","uncultured_bacterium"
"JN533031.1.1468","San Pedro River","d__Bacteria","Latescibacterota","Latescibacteria","Latescibacterales","Latescibacteraceae","Latescibacteraceae","uncultured_organism"
"EU487942.1.1538","San Pedro River","d__Bacteria","Desulfobacterota","Syntrophobacteria","Syntrophobacterales","uncultured","uncultured","uncultured_bacterium"
"EU487891.1.1481","San Pedro River","d__Bacteria","Chloroflexi","Anaerolineae","Anaerolineales","Anaerolineaceae","uncultured",NA
"JQ580212.1.1504","San Pedro River","d__Bacteria","Proteobacteria","Gammaproteobacteria","Nitrosococcales","Nitrosococcaceae","SZB85","uncultured_gamma"
"KF906502.1.1475","San Pedro River","d__Bacteria","Chloroflexi","Anaerolineae","Anaerolineales","Anaerolineaceae","Pelolinea","uncultured_bacterium"
"JQ579896.1.1498","San Pedro River","d__Bacteria","Proteobacteria","Gammaproteobacteria","Thiotrichales","Thiotrichaceae","uncultured","uncultured_gamma"
"KT336058.1.1468","San Pedro River","d__Bacteria","Proteobacteria","Gammaproteobacteria","Steroidobacterales","Woeseiaceae","Woeseia",NA
"JQ036264.1.1530","San Pedro River","d__Bacteria","Desulfobacterota","Desulfobacteria","Desulfatiglandales","Desulfatiglandaceae","Desulfatiglans",NA
"EU735005.1.1520","San Pedro River","d__Bacteria","Acidobacteriota","Subgroup_22","Subgroup_22","Subgroup_22","Subgroup_22",NA
"DQ004680.1.1467","San Pedro River","d__Bacteria","Spirochaetota","Spirochaetia","Spirochaetales","Spirochaetaceae","Spirochaeta_2","uncultured_Spirochaetes"
"JX504466.1.1552","San Pedro River","d__Bacteria","Acidobacteriota","Subgroup_22","Subgroup_22","Subgroup_22","Subgroup_22","uncultured_bacterium"
"HM069040.1.1428","San Pedro River","d__Bacteria","Chloroflexi","Dehalococcoidia","S085","S085","S085","uncultured_bacterium"
"GU584517.1.1404","San Pedro River","d__Bacteria","Proteobacteria","Gammaproteobacteria","KI89A_clade","KI89A_clade","KI89A_clade","uncultured_bacterium"
"KR825092.1.1489","San Pedro River","d__Bacteria","Bacteroidota","Bacteroidia","Bacteroidales","Bacteroidetes_vadinHA17","Bacteroidetes_vadinHA17",NA
"FJ716459.1.1305","San Pedro River","d__Bacteria","Planctomycetota","Phycisphaerae","Pla1_lineage","Pla1_lineage","Pla1_lineage","uncultured_bacterium"
"JF344417.1.1526","San Pedro River","d__Bacteria","Sva0485","Sva0485","Sva0485","Sva0485","Sva0485",NA
"KY625502.1.1206","San Pedro River","d__Bacteria","Firmicutes","Bacilli","Bacillales","Bacillaceae","Bacillus",NA
"FN553573.1.1340","San Pedro River","d__Archaea","Thermoplasmatota","Thermoplasmata","uncultured","uncultured","uncultured","uncultured_sediment"
"KJ817697.1.1497","San Pedro River","d__Bacteria","Bacteroidota","Rhodothermia","Balneolales","Balneolaceae","uncultured",NA
"JN672655.1.1485","San Pedro River","d__Bacteria","Desulfobacterota","Desulfobacteria","Desulfobacterales","Desulfosarcinaceae","SEEP-SRB1",NA
"EU592449.1.1496","San Pedro River","d__Bacteria","Acidobacteriota","Subgroup_18","Subgroup_18","Subgroup_18","Subgroup_18",NA
"HQ727647.1.1466","San Pedro River","d__Bacteria","Chloroflexi","Anaerolineae","Ardenticatenales","uncultured","uncultured","uncultured_Chloroflexi"
"CDPL01000047.22254.23821","San Pedro River","d__Bacteria","Caldatribacteriota","JS1","JS1","JS1","JS1","Atribacteria_bacterium"
"AB364761.1.1458","San Pedro River","d__Bacteria","Acidobacteriota","Subgroup_18","Subgroup_18","Subgroup_18","Subgroup_18",NA
"JN529325.1.1390","San Pedro River","d__Bacteria","Spirochaetota","Spirochaetia","Spirochaetales","Spirochaetaceae","Sediminispirochaeta","uncultured_organism"
"FJ712557.1.1371","San Pedro River","d__Bacteria","Proteobacteria","Gammaproteobacteria","B2M28","B2M28","B2M28",NA
"EU491192.1.1480","San Pedro River","d__Bacteria","Actinobacteriota","Acidimicrobiia","Microtrichales","Microtrichaceae","Sva0996_marine_group",NA
"KC357811.1.1456","San Pedro River","d__Bacteria","SAR324_clade(Marine_group_B)","SAR324_clade(Marine_group_B)","SAR324_clade(Marine_group_B)","SAR324_clade(Marine_group_B)","SAR324_clade(Marine_group_B)","Candidatus_Nitrosoarchaeum"
"AM913948.1.1274","San Pedro River","d__Bacteria","Proteobacteria","Alphaproteobacteria","Rhizobiales","Rhizobiaceae","Mesorhizobium",NA
"EU592444.1.1511","San Pedro River","d__Bacteria","Spirochaetota","Spirochaetia","Spirochaetales","Spirochaetaceae","Spirochaeta","uncultured_bacterium"
"HQ397208.1.1485","San Pedro River","d__Bacteria","Entotheonellaeota","Entotheonellia","Entotheonellales","Entotheonellaceae","Candidatus_Entotheonella","uncultured_bacterium"
"KF616606.1.1485","San Pedro River","d__Bacteria","Planctomycetota","OM190","OM190","OM190","OM190","uncultured_bacterium"
"DQ915616.1.1304","San Pedro River","d__Bacteria","Proteobacteria","Alphaproteobacteria","Rhodobacterales","Rhodobacteraceae",NA,NA
"LN570381.1.1322","San Pedro River","d__Bacteria","Proteobacteria","Alphaproteobacteria","Rhizobiales","Xanthobacteraceae",NA,NA
"DQ811814.1.1510","San Pedro River","d__Bacteria","Desulfobacterota","uncultured","uncultured","uncultured","uncultured",NA
"DQ811822.1.1527","San Pedro River","d__Bacteria","Desulfobacterota","Desulfobacteria","Desulfatiglandales","Desulfatiglandaceae","Desulfatiglans",NA
"HQ845896.1.1414","San Pedro River","d__Bacteria","Myxococcota","Polyangia","Polyangiales","BIrii41","BIrii41","uncultured_bacterium"
"JQ769648.1.1525","San Pedro River","d__Bacteria","Verrucomicrobiota","Verrucomicrobiae","Opitutales","Opitutaceae","Alterococcus","uncultured_bacterium"
"KC010008.1.1511","San Pedro River","d__Bacteria","Verrucomicrobiota","Kiritimatiellae","Kiritimatiellales","Kiritimatiellaceae","R76-B128",NA
"FJ416117.1.1524","San Pedro River","d__Bacteria","Gemmatimonadota","BD2-11_terrestrial_group","BD2-11_terrestrial_group","BD2-11_terrestrial_group","BD2-11_terrestrial_group",NA
"JN533458.1.1471","San Pedro River","d__Bacteria","FW113","FW113","FW113","FW113","FW113","uncultured_bacterium"
"EU245416.1.1493","San Pedro River","d__Bacteria","WS1","WS1","WS1","WS1","WS1","uncultured_organism"
"AB630728.1.1404","San Pedro River","d__Bacteria","Proteobacteria","Alphaproteobacteria","Rhizobiales","Hyphomicrobiaceae","Filomicrobium","uncultured_Alphaproteobacteria"
"JQ817493.1.1455","San Pedro River","d__Bacteria","Chloroflexi","Dehalococcoidia","Napoli-4B-65","Napoli-4B-65","Napoli-4B-65","uncultured_bacterium"
"MG309436.1.1437","San Pedro River","d__Bacteria","Firmicutes","Bacilli","Bacillales","Bacillaceae",NA,NA
"KF596645.1.1487","San Pedro River","d__Bacteria","Gemmatimonadota","BD2-11_terrestrial_group","BD2-11_terrestrial_group","BD2-11_terrestrial_group","BD2-11_terrestrial_group",NA
"MG264276.1.1310","San Pedro River","d__Bacteria","Chloroflexi","Anaerolineae","Anaerolineales","Anaerolineaceae","uncultured","bacterium"
"AY454590.1.1019","San Pedro River","d__Archaea","Crenarchaeota","Bathyarchaeia","Bathyarchaeia","Bathyarchaeia","Bathyarchaeia",NA
"DQ394969.1.1515","San Pedro River","d__Bacteria","SAR324_clade(Marine_group_B)","SAR324_clade(Marine_group_B)","SAR324_clade(Marine_group_B)","SAR324_clade(Marine_group_B)","SAR324_clade(Marine_group_B)","uncultured_delta"
"KX177282.1.1461","San Pedro River","d__Bacteria","Proteobacteria","Alphaproteobacteria","AT-s3-44","AT-s3-44","AT-s3-44","uncultured_bacterium"
"JX504296.1.1499","San Pedro River","d__Bacteria","Chloroflexi","Anaerolineae","Ardenticatenales","uncultured","uncultured","uncultured_organism"
"JN530842.1.1467","San Pedro River","d__Bacteria","Desulfobacterota","Desulfobacteria","Desulfatiglandales","Desulfatiglandaceae","Desulfatiglans",NA
"JX870289.1.912","San Pedro River","d__Archaea","Thermoplasmatota","Thermoplasmata","Marine_Benthic_Group_D_and_DHVEG-1","Marine_Benthic_Group_D_and_DHVEG-1","Marine_Benthic_Group_D_and_DHVEG-1","uncultured_archaeon"
"HM444845.1.1230","San Pedro River","d__Bacteria","MBNT15","MBNT15","MBNT15","MBNT15","MBNT15",NA
"JQ455259.1.1251","San Pedro River","d__Bacteria","Proteobacteria","Gammaproteobacteria","Pasteurellales","Pasteurellaceae","Haemophilus",NA
"JN811715.1.1433","San Pedro River","d__Bacteria","Desulfobacterota","Desulfobacteria","Desulfatiglandales","Desulfatiglandaceae","Desulfatiglans","uncultured_bacterium"
"JF304140.1.1437","San Pedro River","d__Archaea","Crenarchaeota","Nitrososphaeria","Nitrososphaerales","Nitrososphaeraceae","Nitrososphaeraceae",NA
"JF344636.1.1517","San Pedro River","d__Bacteria","Acidobacteriota","Subgroup_22","Subgroup_22","Subgroup_22","Subgroup_22","uncultured_Acidobacteria"
"KF440285.1.1418","San Pedro River","d__Bacteria","Desulfobacterota","Desulfobacteria","Desulfobacterales","Desulfosarcinaceae",NA,NA
"AB694406.1.1401","San Pedro River","d__Bacteria","Planctomycetota","Planctomycetes","Planctomycetales","uncultured","uncultured","uncultured_deep-sea"
"EF367693.1.941","San Pedro River","d__Archaea","Crenarchaeota","Bathyarchaeia","Bathyarchaeia","Bathyarchaeia","Bathyarchaeia","uncultured_miscellaneous"
"JF495274.1.1311","San Pedro River","d__Bacteria","Verrucomicrobiota","Omnitrophia","Omnitrophales","Omnitrophaceae","Candidatus_Omnitrophus","uncultured_bacterium"
"JF747671.1.1500","San Pedro River","d__Bacteria","Acidobacteriota","Aminicenantia","Aminicenantales","Aminicenantales","Aminicenantales","uncultured_bacterium"
"AB644695.1.902","San Pedro River","d__Archaea","Asgardarchaeota","Lokiarchaeia","Lokiarchaeia","Lokiarchaeia","Lokiarchaeia","uncultured_archaeon"
"JF703479.1.1378","San Pedro River","d__Bacteria","Chloroflexi","Dehalococcoidia","S085","S085","S085","metagenome"
"JX870319.1.916","San Pedro River","d__Archaea","Thermoplasmatota","Thermoplasmata","Marine_Benthic_Group_D_and_DHVEG-1","Marine_Benthic_Group_D_and_DHVEG-1","Marine_Benthic_Group_D_and_DHVEG-1",NA
"AB250555.1.1420","San Pedro River","d__Bacteria","Chloroflexi","Anaerolineae","Anaerolineales","Anaerolineaceae","Thermomarinilinea","uncultured_bacterium"
"HQ153940.1.1424","San Pedro River","d__Bacteria","Spirochaetota","Spirochaetia","Spirochaetales","Spirochaetaceae","Spirochaeta_2","uncultured_Spirochaetes"
"JN672652.1.1434","San Pedro River","d__Bacteria","Planctomycetota","Planctomycetes","Pirellulales","Pirellulaceae","uncultured","uncultured_deep-sea"
"HQ270263.1.1494","San Pedro River","d__Bacteria","Bacteroidota","Rhodothermia","Rhodothermales","Rhodothermaceae","uncultured",NA
"EU728658.1.1299","San Pedro River","d__Bacteria","Proteobacteria","Alphaproteobacteria","Kiloniellales","Kiloniellaceae","Tistlia","Tistlia_consotensis"
"GU583981.1.1485","San Pedro River","d__Bacteria","Bacteroidota","Bacteroidia","Sphingobacteriales","Lentimicrobiaceae","Lentimicrobiaceae",NA
"EF125424.1.1524","San Pedro River","d__Bacteria","Desulfobacterota","uncultured","uncultured","uncultured","uncultured",NA
"HF922360.1.1534","San Pedro River","d__Bacteria","Acidobacteriota","Vicinamibacteria","Subgroup_17","Subgroup_17","Subgroup_17","uncultured_bacterium"
"JF809782.1.1415","San Pedro River","d__Bacteria","NB1-j","NB1-j","NB1-j","NB1-j","NB1-j",NA
"KX077294.1.914","San Pedro River","d__Archaea","Crenarchaeota","Bathyarchaeia","Bathyarchaeia","Bathyarchaeia","Bathyarchaeia","uncultured_methanogenic"
"JN522076.1.1433","San Pedro River","d__Bacteria","Chloroflexi","Anaerolineae","SBR1031","SBR1031","SBR1031",NA
"KC437256.1.1230","San Pedro River","d__Archaea","Crenarchaeota","Bathyarchaeia","Bathyarchaeia","Bathyarchaeia","Bathyarchaeia","uncultured_bacterium"
"GQ259293.1.1524","San Pedro River","d__Bacteria","Calditrichota","Calditrichia","Calditrichales","Calditrichaceae","Calditrichaceae","uncultured_bacterium"
"JN038793.1.1496","San Pedro River","d__Bacteria","Proteobacteria","Gammaproteobacteria","R7C24","R7C24","R7C24","uncultured_bacterium"
"KX097365.1.1460","San Pedro River","d__Bacteria","Proteobacteria","Gammaproteobacteria","Ectothiorhodospirales","Thioalkalispiraceae","Thiohalophilus",NA
"KC432299.1.1352","San Pedro River","d__Bacteria","Planctomycetota","Phycisphaerae","MSBL9","SG8-4","SG8-4","uncultured_organism"
"KT952789.1.1449","San Pedro River","d__Bacteria","Proteobacteria","Alphaproteobacteria","Thalassobaculales","uncultured","uncultured",NA
"FJ205365.1.1480","San Pedro River","d__Bacteria","Verrucomicrobiota","Verrucomicrobiae","Verrucomicrobiales","DEV007","DEV007",NA
"AB630711.1.1406","San Pedro River","d__Bacteria","Proteobacteria","Alphaproteobacteria","Rhizobiales","Rhodomicrobiaceae","Rhodomicrobium","uncultured_Alphaproteobacteria"
"KF624407.1.1366","San Pedro River","d__Bacteria","Desulfobacterota","Desulfobacteria","Desulfobacterales","Desulfosarcinaceae","Sva0081_sediment_group","uncultured_delta"
"KX097206.1.1520","San Pedro River","d__Bacteria","NB1-j","NB1-j","NB1-j","NB1-j","NB1-j",NA
"AM997951.1.1499","San Pedro River","d__Bacteria","Proteobacteria","Gammaproteobacteria","AT-s2-59","AT-s2-59","AT-s2-59","uncultured_bacterium"
"GQ926431.1.925","San Pedro River","d__Archaea","Asgardarchaeota","Lokiarchaeia","Lokiarchaeia","Lokiarchaeia","Lokiarchaeia","uncultured_archaeon"
"HQ588588.1.1527","San Pedro River","d__Bacteria","Desulfobacterota","Desulfobacteria","Desulfatiglandales","Desulfatiglandaceae","Desulfatiglans",NA
"JN520563.1.1430","San Pedro River","d__Bacteria","Desulfobacterota","Desulfobacteria","Desulfobacterales","Desulfosarcinaceae",NA,NA
"JN535738.1.1428","San Pedro River","d__Bacteria","SAR324_clade(Marine_group_B)","SAR324_clade(Marine_group_B)","SAR324_clade(Marine_group_B)","SAR324_clade(Marine_group_B)","SAR324_clade(Marine_group_B)","uncultured_organism"
"HQ697790.1.1470","San Pedro River","d__Bacteria","Proteobacteria","Gammaproteobacteria","Ga0077536","Ga0077536","Ga0077536",NA
"FR823365.1.1520","San Pedro River","d__Bacteria","Desulfobacterota","Desulfobacteria","Desulfobacterales","Desulfosarcinaceae",NA,NA
"DQ811802.1.1539","San Pedro River","d__Bacteria","Desulfobacterota","Desulfobacteria","Desulfobacterales","Desulfosarcinaceae","Sva0081_sediment_group",NA
"KJ572428.1.1449","San Pedro River","d__Bacteria","Proteobacteria","Gammaproteobacteria",NA,NA,NA,NA
"JN508076.1.1444","San Pedro River","d__Bacteria","Calditrichota","Calditrichia","Calditrichales","Calditrichaceae","SM23-31","uncultured_organism"
"JX391273.1.1521","San Pedro River","d__Bacteria","Latescibacterota","Latescibacterota","Latescibacterota","Latescibacterota","Latescibacterota",NA
"EU386062.1.1491","San Pedro River","d__Bacteria","Desulfobacterota","Desulfobacteria","Desulfobacterales","Desulfosarcinaceae",NA,NA
"GQ994777.1.1478","San Pedro River","d__Bacteria","Verrucomicrobiota","Omnitrophia","Omnitrophales","Omnitrophaceae","Candidatus_Omnitrophus","uncultured_organism"
"KM200750.1.1512","San Pedro River","d__Bacteria","Acidobacteriota","Vicinamibacteria","Vicinamibacterales","uncultured","uncultured",NA
"HM243925.1.1524","San Pedro River","d__Bacteria","Verrucomicrobiota","Omnitrophia","Omnitrophales","Omnitrophaceae","Candidatus_Omnitrophus","Omnitrophica_bacterium"
"HM244133.1.903","San Pedro River","d__Archaea","Aenigmarchaeota","Aenigmarchaeia","Aenigmarchaeales","Aenigmarchaeales","Aenigmarchaeales","uncultured_euryarchaeote"
"GU362954.1.1410","San Pedro River","d__Bacteria","NB1-j","NB1-j","NB1-j","NB1-j","NB1-j",NA
"AM889152.1.1514","San Pedro River","d__Bacteria","Acidobacteriota","Thermoanaerobaculia","Thermoanaerobaculales","Thermoanaerobaculaceae","Subgroup_23",NA
"JQ245517.1.1420","San Pedro River","d__Bacteria","Desulfobacterota","Desulfobulbia","Desulfobulbales","Desulfurivibrionaceae","Desulfurivibrio","uncultured_bacterium"
"JN675976.1.1342","San Pedro River","d__Bacteria","Chloroflexi","Dehalococcoidia","SPG12-343-353-B75","SPG12-343-353-B75","SPG12-343-353-B75","uncultured_bacterium"
"KX941456.1.1413","San Pedro River","d__Bacteria","Proteobacteria","Gammaproteobacteria","Vibrionales","Vibrionaceae","Photobacterium",NA
"EU385683.1.1508","San Pedro River","d__Bacteria","Planctomycetota","Phycisphaerae","mle1-8","mle1-8","mle1-8","uncultured_bacterium"
"MG563278.1.1509","San Pedro River","d__Bacteria","Proteobacteria","Gammaproteobacteria","Steroidobacterales","Woeseiaceae","Woeseia",NA
"JN530419.1.1463","San Pedro River","d__Bacteria","Latescibacterota","Latescibacteria","Latescibacterales","Latescibacteraceae","Candidatus_Latescibacter","uncultured_bacterium"
"JN534265.1.1460","San Pedro River","d__Bacteria","Desulfobacterota","Desulfobacteria","Desulfatiglandales","Desulfatiglandaceae","Desulfatiglans",NA
"KX172523.1.1463","San Pedro River","d__Bacteria","Nitrospirota","Nitrospiria","Nitrospirales","Nitrospiraceae","Nitrospira","Nitrospira_sp."
"DQ363768.1.955","San Pedro River","d__Archaea","Crenarchaeota","Bathyarchaeia","Bathyarchaeia","Bathyarchaeia","Bathyarchaeia",NA
"JQ287329.1.1483","San Pedro River","d__Bacteria","Bacteroidota","Bacteroidia","Chitinophagales","uncultured","uncultured","uncultured_bacterium"
"KX035234.1.1478","San Pedro River","d__Bacteria","Proteobacteria","Alphaproteobacteria","Kiloniellales","Kiloniellaceae","uncultured","uncultured_Rhodospirillaceae"
"MG601440.1.1514","San Pedro River","d__Bacteria","Acidobacteriota","Aminicenantia","Aminicenantales","Aminicenantales","Aminicenantales","uncultured_bacterium"
"AQRO01000115.17633.19169","San Pedro River","d__Bacteria","Latescibacterota","Latescibacteria","Latescibacterales","Latescibacteraceae","Latescibacteraceae","Latescibacteria_bacterium"
"FJ264664.1.1530","San Pedro River","d__Bacteria","Marinimicrobia_(SAR406_clade)","Marinimicrobia_(SAR406_clade)","Marinimicrobia_(SAR406_clade)","Marinimicrobia_(SAR406_clade)","Marinimicrobia_(SAR406_clade)","uncultured_bacterium"
"GU118250.1.1455","San Pedro River","d__Bacteria","Proteobacteria","Gammaproteobacteria","Cellvibrionales","Halieaceae",NA,NA
"EU287166.1.1512","San Pedro River","d__Bacteria","Bdellovibrionota","Bdellovibrionia","Bacteriovoracales","Bacteriovoracaceae","uncultured","uncultured_bacterium"
"HQ916649.1.1421","San Pedro River","d__Bacteria","Gemmatimonadota","BD2-11_terrestrial_group","BD2-11_terrestrial_group","BD2-11_terrestrial_group","BD2-11_terrestrial_group",NA
"JX227306.1.1516","San Pedro River","d__Bacteria","NB1-j","NB1-j","NB1-j","NB1-j","NB1-j",NA
"AY605173.1.1496","San Pedro River","d__Bacteria","Spirochaetota","Spirochaetia","Spirochaetales","Spirochaetaceae","Spirochaeta","uncultured_spirochete"
"EU330396.1.1509","San Pedro River","d__Bacteria","Planctomycetota","Planctomycetes","Planctomycetales","Gimesiaceae","uncultured",NA
"JN522431.1.1457","San Pedro River","d__Bacteria","Latescibacterota","Latescibacterota","Latescibacterota","Latescibacterota","Latescibacterota","uncultured_organism"
"JX011305.1.1226","San Pedro River","d__Bacteria","Actinobacteriota","Acidimicrobiia",NA,NA,NA,NA
"JF727680.1.1511","San Pedro River","d__Bacteria","Proteobacteria","Gammaproteobacteria","Nitrosococcales","Nitrosococcaceae","Inmirania","uncultured_gamma"
"KJ563973.1.927","San Pedro River","d__Archaea","Aenigmarchaeota","Deep_Sea_Euryarchaeotic_Group(DSEG)","Deep_Sea_Euryarchaeotic_Group(DSEG)","Deep_Sea_Euryarchaeotic_Group(DSEG)","Deep_Sea_Euryarchaeotic_Group(DSEG)","uncultured_archaeon"
"EU487976.1.1526","San Pedro River","d__Bacteria","Planctomycetota","Phycisphaerae","MSBL9","SG8-4","SG8-4","uncultured_bacterium"
"AB806273.1.1461","San Pedro River","d__Bacteria","Fibrobacterota","Chitinivibrionia","uncultured","uncultured","uncultured","uncultured_bacterium"
"GQ346899.1.1324","San Pedro River","d__Bacteria","Proteobacteria","Alphaproteobacteria","Sphingomonadales","Sphingomonadaceae",NA,NA
"JN977165.1.1502","San Pedro River","d__Bacteria","Chloroflexi","Anaerolineae","Anaerolineales","Anaerolineaceae","uncultured",NA
"KP861644.1.1421","San Pedro River","d__Bacteria","Proteobacteria","Alphaproteobacteria","Rhizobiales","Rhizobiaceae","Aureimonas",NA
"HQ916532.1.1405","San Pedro River","d__Bacteria","Proteobacteria","Gammaproteobacteria","Ectothiorhodospirales","Thioalkalispiraceae",NA,NA
"AB797486.1.1410","San Pedro River","d__Archaea","Asgardarchaeota","Heimdallarchaeia","Heimdallarchaeia","Heimdallarchaeia","Heimdallarchaeia","uncultured_archaeon"
"HQ721122.1.1381","San Pedro River","d__Bacteria","MBNT15","MBNT15","MBNT15","MBNT15","MBNT15",NA
"AB948300.1.1000","San Pedro River","d__Archaea","Asgardarchaeota","Lokiarchaeia","Lokiarchaeia","Lokiarchaeia","Lokiarchaeia","uncultured_archaeon"
"GU118658.1.1434","San Pedro River","d__Bacteria","Proteobacteria","Alphaproteobacteria","Kiloniellales","Kiloniellaceae",NA,NA
"AB177184.1.1413","San Pedro River","d__Bacteria","Planctomycetota","vadinHA49","vadinHA49","vadinHA49","vadinHA49","uncultured_bacterium"
"JN515170.1.1464","San Pedro River","d__Bacteria","Latescibacterota","Latescibacterota","Latescibacterota","Latescibacterota","Latescibacterota","uncultured_bacterium"
"EU133565.1.1317","San Pedro River","d__Bacteria","Proteobacteria","Alphaproteobacteria","Rhizobiales","KF-JG30-B3","KF-JG30-B3",NA
"AF317764.1.1458","San Pedro River","d__Bacteria","Nitrospirota","Nitrospiria","Nitrospirales","Nitrospiraceae","Nitrospira","unidentified_bacterium"
"KP091184.1.1459","San Pedro River","d__Bacteria","Chloroflexi","Dehalococcoidia","FW22","FW22","FW22","uncultured_bacterium"
"JQ824973.1.1447","San Pedro River","d__Bacteria","Proteobacteria","Alphaproteobacteria","Sphingomonadales","Sphingomonadaceae",NA,NA
"JX227342.1.1517","San Pedro River","d__Bacteria","NB1-j","NB1-j","NB1-j","NB1-j","NB1-j",NA
"KC191771.1.1542","San Pedro River","d__Bacteria","Myxococcota","Polyangia","Haliangiales","Haliangiaceae","Haliangium",NA
"JX227458.1.1486","San Pedro River","d__Bacteria","Sumerlaeota","Sumerlaeia","uncultured","uncultured","uncultured","uncultured_bacterium"
"DQ394948.1.1475","San Pedro River","d__Bacteria","Chloroflexi","Anaerolineae",NA,NA,NA,NA
"AB807194.1.1475","San Pedro River","d__Bacteria","Planctomycetota","Phycisphaerae","MSBL9","SG8-4","SG8-4","uncultured_bacterium"
"JQ516575.1.1387","San Pedro River","d__Bacteria","Proteobacteria","Alphaproteobacteria","Kiloniellales","Kiloniellaceae","uncultured","uncultured_Rhodospirillaceae"
"HM445394.1.1346","San Pedro River","d__Bacteria","Acidobacteriota","Subgroup_22","Subgroup_22","Subgroup_22","Subgroup_22","uncultured_bacterium"
"JX494629.1.900","San Pedro River","d__Archaea","Crenarchaeota","Bathyarchaeia","Bathyarchaeia","Bathyarchaeia","Bathyarchaeia","uncultured_miscellaneous"
"AY454681.1.1036","San Pedro River","d__Archaea","Nanoarchaeota","Nanoarchaeia","Woesearchaeales","Woesearchaeales","Woesearchaeales","uncultured_crenarchaeote"
"EU617752.1.1500","San Pedro River","d__Bacteria","Proteobacteria","Gammaproteobacteria","Ectothiorhodospirales","Ectothiorhodospiraceae","Thiogranum",NA
"KP174638.1.1406","San Pedro River","d__Bacteria","Chloroflexi","Anaerolineae","Ardenticatenales","uncultured","uncultured","bacterium_YC-LK-LKJ38"
"KJ817471.1.1526","San Pedro River","d__Bacteria","Gemmatimonadota","BD2-11_terrestrial_group","BD2-11_terrestrial_group","BD2-11_terrestrial_group","BD2-11_terrestrial_group",NA
"JQ245872.1.916","San Pedro River","d__Archaea","Thermoplasmatota","Thermoplasmata","Marine_Benthic_Group_D_and_DHVEG-1","Marine_Benthic_Group_D_and_DHVEG-1","Marine_Benthic_Group_D_and_DHVEG-1","uncultured_archaeon"
"JN516816.1.1367","San Pedro River","d__Bacteria","NB1-j","NB1-j","NB1-j","NB1-j","NB1-j","uncultured_organism"
"KT223198.1.1408","San Pedro River","d__Bacteria","Chloroflexi","Dehalococcoidia","MSBL5","MSBL5","MSBL5","uncultured_bacterium"
"EU487960.1.1303","San Pedro River","d__Bacteria","Chloroflexi","Dehalococcoidia","GIF3","GIF3","GIF3","uncultured_bacterium"
"FJ716406.1.1523","San Pedro River","d__Bacteria","Desulfobacterota","Desulfobacteria","Desulfobacterales","Desulfosarcinaceae",NA,NA
"JF344332.1.1515","San Pedro River","d__Bacteria","Acidobacteriota","Subgroup_22","Subgroup_22","Subgroup_22","Subgroup_22","uncultured_Acidobacteria"
"JX001148.1.1425","San Pedro River","d__Bacteria","Chloroflexi","Dehalococcoidia","GIF3","GIF3","GIF3","uncultured_bacterium"
"DQ811815.1.1524","San Pedro River","d__Bacteria","Desulfobacterota","Desulfobacteria","Desulfobacterales","Desulfosarcinaceae","Sva0081_sediment_group",NA
"JN523956.1.1492","San Pedro River","d__Bacteria","Sva0485","Sva0485","Sva0485","Sva0485","Sva0485","uncultured_proteobacterium"
"KX172631.1.1479","San Pedro River","d__Bacteria","NB1-j","NB1-j","NB1-j","NB1-j","NB1-j",NA
"DQ431902.1.1419","San Pedro River","d__Bacteria","Desulfobacterota","Desulfobacteria","Desulfobacterales","Desulfosarcinaceae","Sva0081_sediment_group",NA
"AB234252.1.1496","San Pedro River","d__Bacteria","Bacteroidota","Ignavibacteria","Ignavibacteriales","Ignavibacteriaceae","Ignavibacterium","uncultured_bacterium"
"FJ485062.1.1378","San Pedro River","d__Bacteria","Sva0485","Sva0485","Sva0485","Sva0485","Sva0485",NA
"JF344658.1.1521","San Pedro River","d__Bacteria","Desulfobacterota","Desulfobacteria","Desulfobacterales","Desulfosarcinaceae","SEEP-SRB1","uncultured_delta"
"KR086470.1.1470","San Pedro River","d__Bacteria","Proteobacteria","Alphaproteobacteria","Rhizobiales","Rhizobiales_Incertae_Sedis","Bauldia",NA
"KC009894.1.1266","San Pedro River","d__Bacteria","Sva0485","Sva0485","Sva0485","Sva0485","Sva0485",NA
"JN521225.1.1384","San Pedro River","d__Bacteria","Bacteroidota","Bacteroidia","Bacteroidales","Bacteroidetes_BD2-2","Bacteroidetes_BD2-2",NA
"EU135053.1.1504","San Pedro River","d__Bacteria","Planctomycetota","Planctomycetes","Pirellulales","Pirellulaceae","Pir4_lineage","uncultured_bacterium"
"FJ746252.1.1434","San Pedro River","d__Bacteria","Chloroflexi","JG30-KF-CM66","JG30-KF-CM66","JG30-KF-CM66","JG30-KF-CM66","uncultured_bacterium"
"JF344499.1.1514","San Pedro River","d__Bacteria","NB1-j","NB1-j","NB1-j","NB1-j","NB1-j",NA
"FJ425648.1.1498","San Pedro River","d__Bacteria","Desulfobacterota","Desulfobacteria","Desulfobacterales","Desulfosarcinaceae","Sva0081_sediment_group",NA
"EU385958.1.1508","San Pedro River","d__Bacteria","Planctomycetota","Phycisphaerae","mle1-8","mle1-8","mle1-8","uncultured_bacterium"
"MG601438.1.1494","San Pedro River","d__Bacteria","Planctomycetota","Phycisphaerae","MSBL9","SG8-4","SG8-4","uncultured_bacterium"
"JN535571.1.1343","San Pedro River","d__Bacteria","Proteobacteria","Alphaproteobacteria","Thalassobaculales","uncultured","uncultured","uncultured_Rhodospirillales"
"GU363056.1.1464","San Pedro River","d__Bacteria","Dependentiae","Babeliae","Babeliales","Babeliales","Babeliales","uncultured_bacterium"
"GQ264384.1.1411","San Pedro River","d__Bacteria","Proteobacteria","Alphaproteobacteria","Rhizobiales","Hyphomicrobiaceae",NA,NA
"JQ580416.1.1527","San Pedro River","d__Bacteria","Sva0485","Sva0485","Sva0485","Sva0485","Sva0485",NA
"KX097711.1.1517","San Pedro River","d__Bacteria","Acidobacteriota","Subgroup_22","Subgroup_22","Subgroup_22","Subgroup_22",NA
"EU652608.1.1517","San Pedro River","d__Bacteria","Myxococcota","Polyangia","Haliangiales","Haliangiaceae","Haliangium",NA
"JX001115.1.1477","San Pedro River","d__Bacteria","Calditrichota","Calditrichia","Calditrichales","Calditrichaceae","SM23-31","uncultured_bacterium"
"HQ395162.1.1499","San Pedro River","d__Bacteria","Proteobacteria","Gammaproteobacteria",NA,NA,NA,NA
"JF769579.1.1457","San Pedro River","d__Bacteria","Proteobacteria","Alphaproteobacteria","Caulobacterales","Parvularculaceae","uncultured","uncultured_bacterium"
"DQ085102.1.1402","San Pedro River","d__Archaea","Crenarchaeota","Nitrososphaeria","Nitrosopumilales","Nitrosopumilaceae",NA,NA
"JN447304.1.1413","San Pedro River","d__Bacteria","Spirochaetota","Spirochaetia","Spirochaetales","Spirochaetaceae","Spirochaeta_2","uncultured_organism"
"KJ817673.1.1494","San Pedro River","d__Bacteria","Bacteroidota","Bacteroidia","Chitinophagales","Saprospiraceae","Phaeodactylibacter","uncultured_bacterium"
"GU056117.1.1493","San Pedro River","d__Bacteria","Planctomycetota","Phycisphaerae","MSBL9","SG8-4","SG8-4",NA
"AB015559.1.1530","San Pedro River","d__Bacteria","Verrucomicrobiota","Omnitrophia","Omnitrophales","Omnitrophaceae","Candidatus_Omnitrophus","uncultured_bacterium"
"JF495329.1.1248","San Pedro River","d__Bacteria","Desulfobacterota","Desulfobacteria","Desulfatiglandales","Desulfatiglandaceae","Desulfatiglans","uncultured_bacterium"
"KT223215.1.1475","San Pedro River","d__Bacteria","Planctomycetota","Phycisphaerae","MSBL9","SG8-4","SG8-4","uncultured_bacterium"
"KM051822.1.1449","San Pedro River","d__Bacteria","Planctomycetota","Phycisphaerae","Phycisphaerales","Phycisphaeraceae","SM1A02","uncultured_bacterium"
"JQ579851.1.1461","San Pedro River","d__Bacteria","Proteobacteria","Gammaproteobacteria","Ectothiorhodospirales","Ectothiorhodospiraceae","Thiogranum","uncultured_gamma"
"EU491370.1.1514","San Pedro River","d__Bacteria","Nitrospirota","Thermodesulfovibrionia","uncultured","uncultured","uncultured","uncultured_bacterium"
"KP091161.1.1520","San Pedro River","d__Bacteria","Latescibacterota","Latescibacteria","Latescibacterales","Latescibacteraceae","Latescibacteraceae","uncultured_bacterium"
"KT122148.1.1526","San Pedro River","d__Bacteria","Gemmatimonadota","BD2-11_terrestrial_group","BD2-11_terrestrial_group","BD2-11_terrestrial_group","BD2-11_terrestrial_group","uncultured_Gemmatimonadetes"
"FJ748808.1.1519","San Pedro River","d__Bacteria","Planctomycetota","Phycisphaerae","MSBL9","SG8-4","SG8-4","uncultured_bacterium"
"JN672634.1.1463","San Pedro River","d__Bacteria","Planctomycetota","Planctomycetes","Pirellulales","Pirellulaceae","Pir4_lineage",NA
"HM243869.1.1521","San Pedro River","d__Bacteria","Desulfobacterota","Desulfobacteria","Desulfobacterales","uncultured","uncultured","uncultured_bacterium"
"KT165187.1.940","San Pedro River","d__Archaea","Crenarchaeota","Bathyarchaeia","Bathyarchaeia","Bathyarchaeia","Bathyarchaeia","uncultured_miscellaneous"
"DQ363826.1.955","San Pedro River","d__Archaea","Crenarchaeota","Bathyarchaeia","Bathyarchaeia","Bathyarchaeia","Bathyarchaeia",NA
"FR823364.1.1521","San Pedro River","d__Bacteria","Desulfobacterota","Desulfobacteria","Desulfobacterales","Desulfosarcinaceae",NA,NA
"AM997774.1.1464","San Pedro River","d__Bacteria","Chloroflexi","Dehalococcoidia","SAR202_clade","SAR202_clade","SAR202_clade","uncultured_Thermomicrobium"
"JQ580464.1.1522","San Pedro River","d__Bacteria","Planctomycetota","Phycisphaerae","Phycisphaerales","AKAU3564_sediment_group","AKAU3564_sediment_group","uncultured_planctomycete"
"JF344069.1.1496","San Pedro River","d__Bacteria","Proteobacteria","Gammaproteobacteria","Steroidobacterales","Woeseiaceae","Woeseia",NA
"JN517675.1.1426","San Pedro River","d__Bacteria","Myxococcota","Polyangia","PS-B29","PS-B29","PS-B29","uncultured_delta"
"HQ910309.1.1469","San Pedro River","d__Bacteria","Chloroflexi","Dehalococcoidia","SAR202_clade","SAR202_clade","SAR202_clade","uncultured_Thermomicrobium"
"JN537380.1.1502","San Pedro River","d__Bacteria","Myxococcota","Polyangia","PS-B29","PS-B29","PS-B29","uncultured_organism"
"MWDR01000023.10.1562","San Pedro River","d__Bacteria","Planctomycetota","Phycisphaerae","Phycisphaerales","AKAU3564_sediment_group","AKAU3564_sediment_group",NA
"MG264189.1.1343","San Pedro River","d__Bacteria","Proteobacteria","Alphaproteobacteria","Kiloniellales","Kiloniellaceae","Pelagibius","uncultured_Alphaproteobacteria"
"FJ981654.1.1204","San Pedro River","d__Bacteria","Firmicutes","Bacilli","Staphylococcales","Staphylococcaceae","Staphylococcus",NA
"KC009957.1.1465","San Pedro River","d__Bacteria","Gemmatimonadota","PAUC43f_marine_benthic_group","PAUC43f_marine_benthic_group","PAUC43f_marine_benthic_group","PAUC43f_marine_benthic_group",NA
"JQ800923.1.1507","San Pedro River","d__Bacteria","Proteobacteria","Gammaproteobacteria","Nitrosococcales","Nitrosococcaceae",NA,NA
"GQ143803.1.1483","San Pedro River","d__Bacteria","Chloroflexi","Dehalococcoidia","MSBL5","MSBL5","MSBL5","uncultured_bacterium"
"AB795487.1.1422","San Pedro River","d__Bacteria","Proteobacteria","Gammaproteobacteria","Burkholderiales","Rhodocyclaceae",NA,NA
"AY592632.1.1287","San Pedro River","d__Bacteria","NB1-j","NB1-j","NB1-j","NB1-j","NB1-j",NA
"EF123613.1.1496","San Pedro River","d__Bacteria","Campilobacterota","Campylobacteria","Campylobacterales","Arcobacteraceae","uncultured",NA
"JQ800939.1.1488","San Pedro River","d__Bacteria","Bacteroidota","Bacteroidia","Flavobacteriales","Flavobacteriaceae","Robiginitalea",NA
"EU488332.1.1501","San Pedro River","d__Bacteria","Acidobacteriota","Aminicenantia","Aminicenantales","Aminicenantales","Aminicenantales","uncultured_bacterium"
"KX173108.1.1385","San Pedro River","d__Bacteria","Acidobacteriota","Subgroup_22","Subgroup_22","Subgroup_22","Subgroup_22","uncultured_Acidobacteriaceae"
"FR870446.1.1547","San Pedro River","d__Bacteria","Firmicutes","Negativicutes","Veillonellales-Selenomonadales","Selenomonadaceae","Pectinatus","Pectinatus_cerevisiiphilus"
"HE653852.1.1393","San Pedro River","d__Bacteria","Chloroflexi","Dehalococcoidia","SAR202_clade","SAR202_clade","SAR202_clade",NA
"HQ153894.1.1412","San Pedro River","d__Bacteria","WS2","WS2","WS2","WS2","WS2","uncultured_microorganism"
"EF208701.1.1493","San Pedro River","d__Bacteria","Chloroflexi","Anaerolineae","uncultured","uncultured","uncultured",NA
"KF906497.1.1525","San Pedro River","d__Bacteria","Desulfobacterota","Desulfobacteria","Desulfatiglandales","Desulfatiglandaceae","Desulfatiglans",NA
"AY454608.1.1032","San Pedro River","d__Archaea","Crenarchaeota","Bathyarchaeia","Bathyarchaeia","Bathyarchaeia","Bathyarchaeia",NA
"KX077459.1.906","San Pedro River","d__Archaea","Crenarchaeota","Bathyarchaeia","Bathyarchaeia","Bathyarchaeia","Bathyarchaeia",NA
"EU592467.1.1537","San Pedro River","d__Bacteria","Verrucomicrobiota","Kiritimatiellae","WCHB1-41","WCHB1-41","WCHB1-41","uncultured_organism"
"DQ363793.1.954","San Pedro River","d__Archaea","Crenarchaeota","Bathyarchaeia","Bathyarchaeia","Bathyarchaeia","Bathyarchaeia","uncultured_miscellaneous"
"JF344677.1.1515","San Pedro River","d__Bacteria","Acidobacteriota","Subgroup_22","Subgroup_22","Subgroup_22","Subgroup_22","uncultured_Acidobacteria"
"EF367579.1.914","San Pedro River","d__Archaea","Crenarchaeota","Nitrososphaeria","Nitrosopumilales","Nitrosopumilaceae","Candidatus_Nitrosopumilus","uncultured_archaeon"
"LN562385.1.1333","San Pedro River","d__Bacteria","Proteobacteria","Alphaproteobacteria","Rhizobiales",NA,NA,NA
"JN539823.1.1375","San Pedro River","d__Bacteria","Planctomycetota","Pla3_lineage","Pla3_lineage","Pla3_lineage","Pla3_lineage","uncultured_organism"
"AB694494.1.1375","San Pedro River","d__Bacteria","Proteobacteria","Alphaproteobacteria",NA,NA,NA,NA
"GU220758.1.1494","San Pedro River","d__Bacteria","Proteobacteria","Alphaproteobacteria","AT-s3-44","AT-s3-44","AT-s3-44","uncultured_bacterium"
"EF687601.1.1308","San Pedro River","d__Archaea","Thermoplasmatota","Thermoplasmata","uncultured","uncultured","uncultured","uncultured_sediment"
"EU244021.1.1517","San Pedro River","d__Bacteria","Acidobacteriota","Subgroup_22","Subgroup_22","Subgroup_22","Subgroup_22","uncultured_bacterium"
"KR825118.1.1518","San Pedro River","d__Bacteria","Latescibacterota","Latescibacterota","Latescibacterota","Latescibacterota","Latescibacterota",NA
"FJ203616.1.1459","San Pedro River","d__Bacteria","Planctomycetota","Planctomycetes","Pirellulales","Pirellulaceae","Blastopirellula","uncultured_bacterium"
"KR825134.1.1520","San Pedro River","d__Bacteria","Gemmatimonadota","BD2-11_terrestrial_group","BD2-11_terrestrial_group","BD2-11_terrestrial_group","BD2-11_terrestrial_group",NA
"AB694421.1.1382","San Pedro River","d__Bacteria","Chloroflexi","JG30-KF-CM66","JG30-KF-CM66","JG30-KF-CM66","JG30-KF-CM66","uncultured_bacterium"
"AB805934.1.1482","San Pedro River","d__Bacteria","Latescibacterota","Latescibacteria","Latescibacterales","Latescibacteraceae","Candidatus_Latescibacter","uncultured_bacterium"
"EU385787.1.1482","San Pedro River","d__Bacteria","Sumerlaeota","Sumerlaeia","uncultured","uncultured","uncultured","uncultured_bacterium"
"EU488492.1.1513","San Pedro River","d__Bacteria","Spirochaetota","Spirochaetia","Spirochaetales","Spirochaetaceae","Spirochaeta",NA
"JF344186.1.1498","San Pedro River","d__Bacteria","Proteobacteria","Gammaproteobacteria","Thiotrichales","Thiotrichaceae","uncultured","uncultured_proteobacterium"
"JQ580459.1.1499","San Pedro River","d__Bacteria","Planctomycetota","Phycisphaerae","MSBL9","SG8-4","SG8-4","uncultured_planctomycete"
"KX172390.1.1477","San Pedro River","d__Bacteria","Verrucomicrobiota","Verrucomicrobiae","Verrucomicrobiales","DEV007","DEV007","uncultured_bacterium"
"KC442859.1.1491","San Pedro River","d__Bacteria","Chloroflexi","Anaerolineae","SBR1031","A4b","A4b",NA
"EF999354.1.1521","San Pedro River","d__Bacteria","Myxococcota","Polyangia","Haliangiales","Haliangiaceae","Haliangium",NA
"FJ203521.1.1390","San Pedro River","d__Bacteria","Proteobacteria","Alphaproteobacteria","Caulobacterales","Parvularculaceae",NA,NA
"EU133849.1.1377","San Pedro River","d__Bacteria","Proteobacteria","Gammaproteobacteria","Burkholderiales","TRA3-20","TRA3-20",NA
"AB530185.1.1514","San Pedro River","d__Bacteria","Desulfobacterota","Desulfobacteria","Desulfobacterales","Desulfosarcinaceae","SEEP-SRB1",NA
"DQ404791.1.1525","San Pedro River","d__Bacteria","Desulfobacterota","Desulfobaccia","Desulfobaccales","Desulfobaccaceae","Desulfobacca","uncultured_bacterium"
"JX227143.1.1532","San Pedro River","d__Bacteria","Myxococcota","Myxococcia","Myxococcales","Myxococcaceae","P3OB-42","uncultured_bacterium"
"FJ484718.1.1394","San Pedro River","d__Bacteria","Desulfobacterota","Desulfobacteria","Desulfatiglandales","Desulfatiglandaceae","Desulfatiglans",NA
"AP018052.2899825.2901328","San Pedro River","d__Bacteria","Proteobacteria","Gammaproteobacteria",NA,NA,NA,NA
"KJ817568.1.1520","San Pedro River","d__Bacteria","Gemmatimonadota","PAUC43f_marine_benthic_group","PAUC43f_marine_benthic_group","PAUC43f_marine_benthic_group","PAUC43f_marine_benthic_group","uncultured_bacterium"
"AY736251.1.1239","San Pedro River","d__Bacteria","Actinobacteriota","Actinobacteria","Micromonosporales","Micromonosporaceae",NA,NA
"JQ816006.1.1399","San Pedro River","d__Archaea","Thermoplasmatota","Thermoplasmata","Marine_Benthic_Group_D_and_DHVEG-1","Marine_Benthic_Group_D_and_DHVEG-1","Marine_Benthic_Group_D_and_DHVEG-1","uncultured_archaeon"
"AB468957.1.1487","San Pedro River","d__Bacteria","Proteobacteria","Gammaproteobacteria",NA,NA,NA,NA
"MG601289.1.1503","San Pedro River","d__Bacteria","Planctomycetota","Phycisphaerae","MSBL9","SG8-4","SG8-4","uncultured_Planctomycetales"
"EU617833.1.1525","San Pedro River","d__Bacteria","Myxococcota","Polyangia","Haliangiales","Haliangiaceae","Haliangium",NA
"AB974068.1.1440","San Pedro River","d__Bacteria","Proteobacteria","Gammaproteobacteria","KI89A_clade","KI89A_clade","KI89A_clade",NA
"JN977228.1.1533","San Pedro River","d__Bacteria","Proteobacteria","Gammaproteobacteria","Nitrosococcales","Nitrosococcaceae","AqS1",NA
"JN123540.1.1493","San Pedro River","d__Bacteria","Sva0485","Sva0485","Sva0485","Sva0485","Sva0485","uncultured_hydrocarbon"
"LT548922.1.1362","San Pedro River","d__Bacteria","Proteobacteria","Gammaproteobacteria","Chromatiales","Sedimenticolaceae",NA,NA
"AM911370.1.1385","San Pedro River","d__Bacteria","Actinobacteriota","Acidimicrobiia","Microtrichales","Microtrichaceae","uncultured",NA
"AB806730.1.1482","San Pedro River","d__Bacteria","NB1-j","NB1-j","NB1-j","NB1-j","NB1-j","uncultured_bacterium"
"AB694435.1.1423","San Pedro River","d__Bacteria","Acidobacteriota","Thermoanaerobaculia","Thermoanaerobaculales","Thermoanaerobaculaceae","Subgroup_10",NA
"KF460414.1.1531","San Pedro River","d__Bacteria","Sva0485","Sva0485","Sva0485","Sva0485","Sva0485",NA
"JX391170.1.1474","San Pedro River","d__Bacteria","Campilobacterota","Campylobacteria","Campylobacterales","Sulfurimonadaceae","Sulfurimonas",NA
"KC926508.1.922","San Pedro River","d__Archaea","Crenarchaeota","Bathyarchaeia","Bathyarchaeia","Bathyarchaeia","Bathyarchaeia","uncultured_archaeon"
"GU118792.1.1486","San Pedro River","d__Bacteria","Myxococcota","Polyangia","UASB-TL25","UASB-TL25","UASB-TL25","uncultured_delta"
"FM204971.1.1459","San Pedro River","d__Bacteria","Proteobacteria","Gammaproteobacteria","Pseudomonadales","Pseudomonadaceae","Pseudomonas",NA
"JF703363.1.1461","San Pedro River","d__Bacteria","Nitrospirota","Leptospirillia","Leptospirillales","Leptospirillaceae","Leptospirillum","Nitrospirae_bacterium"
"KM454341.1.1415","San Pedro River","d__Bacteria","Planctomycetota","BD7-11","BD7-11","BD7-11","BD7-11","uncultured_bacterium"
"EU132208.1.1285","San Pedro River","d__Bacteria","Acidobacteriota","Vicinamibacteria","Vicinamibacterales","Vicinamibacteraceae","Vicinamibacteraceae",NA
"FJ205247.1.1496","San Pedro River","d__Bacteria","Acidobacteriota","Thermoanaerobaculia","Thermoanaerobaculales","Thermoanaerobaculaceae","Subgroup_10",NA
"EF125430.1.1529","San Pedro River","d__Bacteria","Desulfobacterota","Desulfobacteria","Desulfatiglandales","Desulfatiglandaceae","Desulfatiglans",NA
"JN529912.1.1467","San Pedro River","d__Bacteria","Fibrobacterota","Fibrobacteria","Fibrobacterales","MAT-CR-H6-H10","MAT-CR-H6-H10","uncultured_organism"
"FJ264650.1.1529","San Pedro River","d__Bacteria","Desulfobacterota","Desulfobacteria","Desulfatiglandales","Desulfatiglandaceae","Desulfatiglans",NA
"EU488297.1.1529","San Pedro River","d__Bacteria","Sva0485","Sva0485","Sva0485","Sva0485","Sva0485","uncultured_Desulfobulbaceae"
"MG601307.1.1463","San Pedro River","d__Bacteria","Chloroflexi","Dehalococcoidia","Napoli-4B-65","Napoli-4B-65","Napoli-4B-65","uncultured_bacterium"
"JF344445.1.1497","San Pedro River","d__Bacteria","Acidobacteriota","Aminicenantia","Aminicenantales","Aminicenantales","Aminicenantales",NA
"AB806677.1.1486","San Pedro River","d__Bacteria","Desulfobacterota","Desulfobacteria","Desulfobacterales","Desulfosarcinaceae","SEEP-SRB1",NA
"KX097791.1.1520","San Pedro River","d__Bacteria","Zixibacteria","Zixibacteria","Zixibacteria","Zixibacteria","Zixibacteria","uncultured_bacterium"
"KM357125.1.914","San Pedro River","d__Archaea","Asgardarchaeota","Lokiarchaeia","Lokiarchaeia","Lokiarchaeia","Lokiarchaeia","uncultured_archaeon"
"HQ910255.1.1487","San Pedro River","d__Bacteria","Actinobacteriota","Actinobacteria","Kineosporiales","Kineosporiaceae",NA,NA
"HQ611207.1.927","San Pedro River","d__Archaea","Aenigmarchaeota","Deep_Sea_Euryarchaeotic_Group(DSEG)","Deep_Sea_Euryarchaeotic_Group(DSEG)","Deep_Sea_Euryarchaeotic_Group(DSEG)","Deep_Sea_Euryarchaeotic_Group(DSEG)","uncultured_archaeon"
"JF344005.1.1500","San Pedro River","d__Bacteria","Proteobacteria","Gammaproteobacteria","Nitrosococcales","Nitrosococcaceae","FS142-36B-02","uncultured_gamma"
"KM051669.1.1453","San Pedro River","d__Bacteria","Proteobacteria","Gammaproteobacteria","Cellvibrionales","Cellvibrionaceae","uncultured","marine_metagenome"
"EU487958.1.1470","San Pedro River","d__Bacteria","Chloroflexi","Dehalococcoidia","vadinBA26","vadinBA26","vadinBA26","uncultured_bacterium"
"AB807173.1.1488","San Pedro River","d__Bacteria","Planctomycetota","Phycisphaerae","MSBL9","SG8-4","SG8-4","uncultured_bacterium"
"KF463825.1.1203","San Pedro River","d__Bacteria","Proteobacteria","Gammaproteobacteria","B2M28","B2M28","B2M28","uncultured_gamma"
"FJ205349.1.1500","San Pedro River","d__Bacteria","Verrucomicrobiota","Omnitrophia","Omnitrophales","Omnitrophaceae","Candidatus_Omnitrophus","uncultured_Verrucomicrobia"
"JN538201.1.1407","San Pedro River","d__Bacteria","Bacteroidota","Bacteroidia","Bacteroidales","SB-5","SB-5",NA
"GQ994260.1.908","San Pedro River","d__Archaea","Crenarchaeota","Nitrososphaeria","Nitrosopumilales","Nitrosopumilaceae","Candidatus_Nitrosopumilus",NA
"KM356751.1.1489","San Pedro River","d__Bacteria","Planctomycetota","Pla4_lineage","Pla4_lineage","Pla4_lineage","Pla4_lineage","uncultured_bacterium"
"JN387512.1.1468","San Pedro River","d__Bacteria","Myxococcota","Polyangia","MidBa8","MidBa8","MidBa8","uncultured_microorganism"
"KM454382.1.1419","San Pedro River","d__Bacteria","Planctomycetota","Phycisphaerae","MSBL9","SG8-4","SG8-4","uncultured_bacterium"
"EF208708.1.1476","San Pedro River","d__Bacteria","Chloroflexi","Dehalococcoidia","GIF9","AB-539-J10","SCGC-AB-539-J10","uncultured_bacterium"
"MH071313.1.1382","San Pedro River","d__Bacteria","Desulfobacterota","Desulfobacteria","Desulfatiglandales","Desulfatiglandaceae","Desulfatiglans",NA
"JQ989664.1.1396","San Pedro River","d__Archaea","Euryarchaeota","Thermococci","Methanofastidiosales","uncultured","uncultured","uncultured_archaeon"
"AB780907.1.1470","San Pedro River","d__Bacteria","Actinobacteriota","Thermoleophilia","Gaiellales","uncultured","uncultured","uncultured_actinobacterium"
"DQ395065.1.1520","San Pedro River","d__Bacteria","NB1-j","NB1-j","NB1-j","NB1-j","NB1-j",NA
"JN517970.1.1438","San Pedro River","d__Bacteria","Desulfobacterota","Desulfobacteria","Desulfatiglandales","Desulfatiglandaceae","Desulfatiglans","uncultured_organism"
"GU362940.1.1369","San Pedro River","d__Bacteria","Proteobacteria","Alphaproteobacteria","Rhizobiales","Methyloligellaceae","Methyloceanibacter","uncultured_bacterium"
"EU236371.1.1344","San Pedro River","d__Bacteria","Planctomycetota","Phycisphaerae","Phycisphaerales","Phycisphaeraceae","Urania-1B-19_marine_sediment_group","uncultured_bacterium"
"GU302473.1.1467","San Pedro River","d__Bacteria","Chloroflexi","Dehalococcoidia","GIF9","GIF9","GIF9","uncultured_bacterium"
"JN977255.1.1526","San Pedro River","d__Bacteria","Planctomycetota","Planctomycetes","Pirellulales","Pirellulaceae",NA,NA
"EU135532.1.1393","San Pedro River","d__Bacteria","Verrucomicrobiota","Verrucomicrobiae","Pedosphaerales","Pedosphaeraceae","DEV008","uncultured_bacterium"
"EU290724.1.1521","San Pedro River","d__Bacteria","Desulfobacterota","Desulfobacteria","Desulfobacterales","Desulfosarcinaceae",NA,NA
"JQ769592.1.1523","San Pedro River","d__Bacteria","MBNT15","MBNT15","MBNT15","MBNT15","MBNT15",NA
"JX226931.1.1521","San Pedro River","d__Bacteria","Myxococcota","Polyangia","Haliangiales","Haliangiaceae","Haliangium",NA
"AB899914.1.915","San Pedro River","d__Archaea","Thermoplasmatota","Thermoplasmata","Marine_Benthic_Group_D_and_DHVEG-1","Marine_Benthic_Group_D_and_DHVEG-1","Marine_Benthic_Group_D_and_DHVEG-1","uncultured_archaeon"
"AY592168.1.1245","San Pedro River","d__Bacteria","Actinobacteriota","Acidimicrobiia","Actinomarinales","uncultured","uncultured","uncultured_bacterium"
"JX000836.1.1414","San Pedro River","d__Archaea","Thermoplasmatota","Thermoplasmata","uncultured","uncultured","uncultured","uncultured_archaeon"
"HQ697735.1.1468","San Pedro River","d__Bacteria","Chloroflexi","Anaerolineae","Ardenticatenales","uncultured","uncultured","uncultured_Ardenticatenia"
