"ASV","Location","Kingdom","Phylum","Class","Order","Family","Genus","Species"
"KP091219.1.1529","Celestún Lagoon","d__Bacteria","Sva0485","Sva0485","Sva0485","Sva0485","Sva0485",NA
"HE804009.1.1478","Celestún Lagoon","d__Bacteria","Latescibacterota","Latescibacteria","Latescibacterales","Latescibacteraceae","Latescibacteraceae","uncultured_bacterium"
"JF344529.1.1525","Celestún Lagoon","d__Bacteria","Sva0485","Sva0485","Sva0485","Sva0485","Sva0485",NA
"JX226932.1.1507","Celestún Lagoon","d__Bacteria","Proteobacteria","Gammaproteobacteria",NA,NA,NA,NA
"KC631538.1.1551","Celestún Lagoon","d__Bacteria","Gemmatimonadota","PAUC43f_marine_benthic_group","PAUC43f_marine_benthic_group","PAUC43f_marine_benthic_group","PAUC43f_marine_benthic_group","uncultured_Gemmatimonadetes"
"AB805915.1.1495","Celestún Lagoon","d__Bacteria","Verrucomicrobiota","Omnitrophia","Omnitrophales","Omnitrophaceae","Candidatus_Omnitrophus","uncultured_bacterium"
"EF125528.1.923","Celestún Lagoon","d__Archaea","Crenarchaeota","Nitrososphaeria","Nitrososphaerales","Nitrososphaeraceae","Nitrososphaeraceae",NA
"JQ347332.1.1494","Celestún Lagoon","d__Bacteria","Proteobacteria","Gammaproteobacteria","MBAE14","MBAE14","MBAE14",NA
"GQ927642.1.914","Celestún Lagoon","d__Archaea","Thermoplasmatota","Thermoplasmata","Marine_Benthic_Group_D_and_DHVEG-1","Marine_Benthic_Group_D_and_DHVEG-1","Marine_Benthic_Group_D_and_DHVEG-1","uncultured_archaeon"
"KJ566455.1.988","Celestún Lagoon","d__Archaea","Crenarchaeota","Bathyarchaeia","Bathyarchaeia","Bathyarchaeia","Bathyarchaeia","archaeon_RBG_16_50_20"
"AY114317.1.1421","Celestún Lagoon","d__Bacteria","Verrucomicrobiota","Kiritimatiellae","WCHB1-41","WCHB1-41","WCHB1-41","uncultured_Verrucomicrobia"
"FJ477318.1.1366","Celestún Lagoon","d__Archaea","Asgardarchaeota","Lokiarchaeia","Lokiarchaeia","Lokiarchaeia","Lokiarchaeia","uncultured_archaeon"
"AB807149.1.1448","Celestún Lagoon","d__Bacteria","Planctomycetota","Phycisphaerae","Phycisphaerales","Phycisphaeraceae","Z195MB87","uncultured_planctomycete"
"JN495126.1.1334","Celestún Lagoon","d__Bacteria","Planctomycetota","Phycisphaerae","mle1-8","mle1-8","mle1-8","uncultured_organism"
"AB803372.1.1398","Celestún Lagoon","d__Archaea","Thermoplasmatota","Thermoplasmata","Marine_Benthic_Group_D_and_DHVEG-1","Marine_Benthic_Group_D_and_DHVEG-1","Marine_Benthic_Group_D_and_DHVEG-1","uncultured_archaeon"
"KX173233.1.1482","Celestún Lagoon","d__Bacteria","Verrucomicrobiota","Verrucomicrobiae","Opitutales","uncultured","uncultured","uncultured_bacterium"
"FJ478899.1.1515","Celestún Lagoon","d__Bacteria","Verrucomicrobiota","Verrucomicrobiae","Pedosphaerales","Pedosphaeraceae",NA,NA
"JX298437.1.1372","Celestún Lagoon","d__Bacteria","Acidobacteriota","Thermoanaerobaculia","Thermoanaerobaculales","Thermoanaerobaculaceae","Subgroup_23","uncultured_organism"
"JN539362.1.1468","Celestún Lagoon","d__Bacteria","Firmicutes","Clostridia","Clostridia","Hungateiclostridiaceae",NA,NA
"GU127773.1.1425","Celestún Lagoon","d__Bacteria","Chloroflexi","Dehalococcoidia","RBG-13-46-9","RBG-13-46-9","RBG-13-46-9","uncultured_bacterium"
"LC124498.1.1486","Celestún Lagoon","d__Bacteria","Bacteroidota","Kryptonia","Kryptoniales","BSV26","BSV26","uncultured_soil"
"KX097485.1.1508","Celestún Lagoon","d__Bacteria","Planctomycetota","Pla4_lineage","Pla4_lineage","Pla4_lineage","Pla4_lineage","uncultured_bacterium"
"HM799007.1.1460","Celestún Lagoon","d__Bacteria","Proteobacteria","Gammaproteobacteria","MBAE14","MBAE14","MBAE14",NA
"KX097606.1.1517","Celestún Lagoon","d__Bacteria","Latescibacterota","Latescibacterota","Latescibacterota","Latescibacterota","Latescibacterota",NA
"FJ517058.1.1466","Celestún Lagoon","d__Bacteria","Chloroflexi","Dehalococcoidia","vadinBA26","vadinBA26","vadinBA26","uncultured_Chloroflexi"
"GQ472419.1.1463","Celestún Lagoon","d__Bacteria","Sva0485","Sva0485","Sva0485","Sva0485","Sva0485",NA
"EF125503.1.946","Celestún Lagoon","d__Archaea","Asgardarchaeota","Odinarchaeia","Odinarchaeia","Odinarchaeia","Odinarchaeia","uncultured_crenarchaeote"
"AY454584.1.1046","Celestún Lagoon","d__Archaea","Crenarchaeota","Bathyarchaeia","Bathyarchaeia","Bathyarchaeia","Bathyarchaeia","uncultured_crenarchaeote"
"DQ917840.1.1439","Celestún Lagoon","d__Bacteria","Proteobacteria","Alphaproteobacteria","Kiloniellales","Kiloniellaceae","uncultured","uncultured_Rhodobium"
"HQ003610.1.1519","Celestún Lagoon","d__Bacteria","Latescibacterota","Latescibacteria","Latescibacterales","Latescibacteraceae","Candidatus_Latescibacter","uncultured_bacterium"
"JX504382.1.1538","Celestún Lagoon","d__Bacteria","Proteobacteria","Gammaproteobacteria","Chromatiales","Sedimenticolaceae",NA,NA
"EU491157.1.1500","Celestún Lagoon","d__Bacteria","Proteobacteria","Gammaproteobacteria","Granulosicoccales","uncultured","uncultured","uncultured_bacterium"
"HQ588374.1.1417","Celestún Lagoon","d__Bacteria","Myxococcota","Polyangia","VHS-B3-70","VHS-B3-70","VHS-B3-70","uncultured_bacterium"
"AB948409.1.950","Celestún Lagoon","d__Archaea","Asgardarchaeota","Lokiarchaeia","Lokiarchaeia","Lokiarchaeia","Lokiarchaeia","uncultured_archaeon"
"JN510513.1.1432","Celestún Lagoon","d__Bacteria","Spirochaetota","Spirochaetia","Spirochaetales","Spirochaetaceae","Spirochaeta","uncultured_spirochete"
"EU734927.1.1518","Celestún Lagoon","d__Bacteria","Sva0485","Sva0485","Sva0485","Sva0485","Sva0485",NA
"KF500826.1.1410","Celestún Lagoon","d__Bacteria","Proteobacteria","Alphaproteobacteria","Rhizobiales","Hyphomicrobiaceae","Filomicrobium",NA
"AM882523.1.1498","Celestún Lagoon","d__Bacteria","Proteobacteria","Gammaproteobacteria","Steroidobacterales","Woeseiaceae","Woeseia",NA
"GU061233.1.1448","Celestún Lagoon","d__Bacteria","Calditrichota","Calditrichia","Calditrichales","Calditrichaceae","Calditrichaceae","uncultured_bacterium"
"KC010009.1.1497","Celestún Lagoon","d__Bacteria","Gemmatimonadota","Gemmatimonadetes","Gemmatimonadales","Gemmatimonadaceae","uncultured","uncultured_organism"
"KF268883.1.1340","Celestún Lagoon","d__Bacteria","Proteobacteria","Alphaproteobacteria","uncultured","uncultured","uncultured","uncultured_Rhizobiales"
"KJ817501.1.1463","Celestún Lagoon","d__Bacteria","Chloroflexi","OLB14","OLB14","OLB14","OLB14","uncultured_bacterium"
"JX105638.1.1403","Celestún Lagoon","d__Bacteria","Actinobacteriota","Thermoleophilia","Gaiellales","uncultured","uncultured",NA
"HQ588363.1.1384","Celestún Lagoon","d__Bacteria","Actinobacteriota","Acidimicrobiia","Actinomarinales","uncultured","uncultured","uncultured_Acidimicrobiales"
"JQ580072.1.1510","Celestún Lagoon","d__Bacteria","Zixibacteria","Zixibacteria","Zixibacteria","Zixibacteria","Zixibacteria","uncultured_delta"
"EU925891.1.1518","Celestún Lagoon","d__Bacteria","Acidobacteriota","Subgroup_22","Subgroup_22","Subgroup_22","Subgroup_22","uncultured_Acidobacteria"
"EU332081.1.938","Celestún Lagoon","d__Archaea","Asgardarchaeota","Odinarchaeia","Odinarchaeia","Odinarchaeia","Odinarchaeia","uncultured_crenarchaeote"
"GU230346.1.1491","Celestún Lagoon","d__Bacteria","Proteobacteria","Gammaproteobacteria","Thiotrichales","Thiotrichaceae","uncultured","uncultured_sediment"
"KC925994.1.913","Celestún Lagoon","d__Archaea","Crenarchaeota","Bathyarchaeia","Bathyarchaeia","Bathyarchaeia","Bathyarchaeia","uncultured_methanogenic"
"EU290707.1.1514","Celestún Lagoon","d__Bacteria","NB1-j","NB1-j","NB1-j","NB1-j","NB1-j","uncultured_Acidobacteria"
"JN518687.1.1447","Celestún Lagoon","d__Bacteria","Bacteroidota","Bacteroidia","Bacteroidales","Bacteroidetes_BD2-2","Bacteroidetes_BD2-2",NA
"LJNR01000573.162.1708","Celestún Lagoon","d__Bacteria","Nitrospirota","Nitrospiria","Nitrospirales","Nitrospiraceae","Nitrospira","Nitrospira_bacterium"
"KP943936.1.1351","Celestún Lagoon","d__Bacteria","Proteobacteria","Gammaproteobacteria",NA,NA,NA,NA
"EU246051.1.1481","Celestún Lagoon","d__Bacteria","Bacteroidota","Bacteroidia","Bacteroidales","Bacteroidetes_BD2-2","Bacteroidetes_BD2-2",NA
"HQ191037.1.1496","Celestún Lagoon","d__Bacteria","Proteobacteria","Gammaproteobacteria",NA,NA,NA,NA
"JN488230.1.1473","Celestún Lagoon","d__Bacteria","Myxococcota","Myxococcia","Myxococcales","Myxococcaceae","P3OB-42",NA
"GQ182000.1.1276","Celestún Lagoon","d__Bacteria","Calditrichota","Calditrichia","Calditrichales","Calditrichaceae","Calorithrix","uncultured_bacterium"
"EU385712.1.1489","Celestún Lagoon","d__Bacteria","Desulfobacterota","Desulfobacteria","Desulfobacterales","Desulfosarcinaceae","SEEP-SRB1",NA
"JQ580100.1.1514","Celestún Lagoon","d__Bacteria","NB1-j","NB1-j","NB1-j","NB1-j","NB1-j",NA
"KT223282.1.1482","Celestún Lagoon","d__Bacteria","NB1-j","NB1-j","NB1-j","NB1-j","NB1-j",NA
"DQ334655.1.1300","Celestún Lagoon","d__Bacteria","Bacteroidota","Bacteroidia","Bacteroidales","Bacteroidetes_BD2-2","Bacteroidetes_BD2-2",NA
"GQ246438.1.1529","Celestún Lagoon","d__Bacteria","Sva0485","Sva0485","Sva0485","Sva0485","Sva0485","bacterium_enrichment"
"JN038226.1.1460","Celestún Lagoon","d__Bacteria","Proteobacteria","Alphaproteobacteria","Rhizobiales","uncultured","uncultured",NA
"JN977333.1.1493","Celestún Lagoon","d__Bacteria","Chloroflexi","Anaerolineae","SBR1031","SBR1031","SBR1031",NA
"GU444108.1.1513","Celestún Lagoon","d__Bacteria","Acidobacteriota","Vicinamibacteria","Vicinamibacterales","Vicinamibacteraceae","Vicinamibacteraceae",NA
"AJ299201.1.912","Celestún Lagoon","d__Archaea","Thermoplasmatota","Thermoplasmata","Marine_Benthic_Group_D_and_DHVEG-1","Marine_Benthic_Group_D_and_DHVEG-1","Marine_Benthic_Group_D_and_DHVEG-1","uncultured_archaeon"
"JQ989857.1.1483","Celestún Lagoon","d__Bacteria","Chloroflexi","Dehalococcoidia","MSBL5","MSBL5","MSBL5","uncultured_bacterium"
"AM997862.1.1516","Celestún Lagoon","d__Bacteria","NB1-j","NB1-j","NB1-j","NB1-j","NB1-j",NA
"AB672138.1.1458","Celestún Lagoon","d__Bacteria","Acidobacteriota","Subgroup_18","Subgroup_18","Subgroup_18","Subgroup_18","uncultured_bacterium"
"EF022338.1.901","Celestún Lagoon","d__Archaea","Crenarchaeota","Nitrososphaeria","Nitrososphaerales","Nitrososphaeraceae","Candidatus_Nitrocosmicus",NA
"JN456453.1.1390","Celestún Lagoon","d__Bacteria","Desulfobacterota","Desulfomonilia","Desulfomonilales","Desulfomonilaceae","Desulfomonile","uncultured_bacterium"
"JX227283.1.1519","Celestún Lagoon","d__Bacteria","Planctomycetota","OM190","OM190","OM190","OM190","uncultured_deep-sea"
"AB805932.1.1484","Celestún Lagoon","d__Bacteria","Latescibacterota","Latescibacteria","Latescibacterales","Latescibacteraceae","Candidatus_Latescibacter","uncultured_bacterium"
"KT223292.1.1428","Celestún Lagoon","d__Bacteria","Chloroflexi","Anaerolineae","Ardenticatenales","uncultured","uncultured","uncultured_Ardenticatenia"
"AF523991.1.1257","Celestún Lagoon","d__Bacteria","Acidobacteriota","Subgroup_18","Subgroup_18","Subgroup_18","Subgroup_18","uncultured_bacterium"
"JN977248.1.1504","Celestún Lagoon","d__Bacteria","Chloroflexi","Anaerolineae","Anaerolineales","Anaerolineaceae","uncultured","uncultured_Chloroflexi"
"JF904744.1.1499","Celestún Lagoon","d__Bacteria","Proteobacteria","Gammaproteobacteria","Burkholderiales","Nitrosomonadaceae","IS-44",NA
"JQ580102.1.1516","Celestún Lagoon","d__Bacteria","Gemmatimonadota","PAUC43f_marine_benthic_group","PAUC43f_marine_benthic_group","PAUC43f_marine_benthic_group","PAUC43f_marine_benthic_group","uncultured_Gemmatimonadetes"
"KT952663.1.1459","Celestún Lagoon","d__Bacteria","Proteobacteria","Alphaproteobacteria",NA,NA,NA,NA
"EU925888.1.1516","Celestún Lagoon","d__Bacteria","Proteobacteria","Gammaproteobacteria","AT-s2-59","AT-s2-59","AT-s2-59",NA
"JQ580284.1.1518","Celestún Lagoon","d__Bacteria","Actinobacteriota","WCHB1-81","WCHB1-81","WCHB1-81","WCHB1-81","uncultured_organism"
"AB294966.1.1418","Celestún Lagoon","d__Bacteria","Proteobacteria","Gammaproteobacteria","Steroidobacterales","Woeseiaceae","Woeseia",NA
"FJ748779.1.1500","Celestún Lagoon","d__Bacteria","Proteobacteria","Gammaproteobacteria","Steroidobacterales","Woeseiaceae","Woeseia",NA
"JF495327.1.1527","Celestún Lagoon","d__Bacteria","Desulfobacterota","Desulfobacteria","Desulfatiglandales","Desulfatiglandaceae","Desulfatiglans","uncultured_bacterium"
"JN387434.1.1285","Celestún Lagoon","d__Bacteria","Desulfobacterota","Desulfobacteria","Desulfobacterales","Desulfosarcinaceae",NA,NA
"EU488017.1.1520","Celestún Lagoon","d__Bacteria","Desulfobacterota","Desulfobacteria","Desulfatiglandales","Desulfatiglandaceae","Desulfatiglans",NA
"KX077458.1.912","Celestún Lagoon","d__Archaea","Thermoplasmatota","Thermoplasmata","Marine_Benthic_Group_D_and_DHVEG-1","Marine_Benthic_Group_D_and_DHVEG-1","Marine_Benthic_Group_D_and_DHVEG-1","uncultured_archaeon"
"EU488148.1.1487","Celestún Lagoon","d__Bacteria","Bacteroidota","Bacteroidia","Bacteroidales","Bacteroidetes_BD2-2","Bacteroidetes_BD2-2",NA
"AM404371.1.1425","Celestún Lagoon","d__Bacteria","Desulfobacterota","Desulfobacteria","Desulfobacterales","Desulfosarcinaceae","SEEP-SRB1",NA
"HQ588504.1.1355","Celestún Lagoon","d__Bacteria","Chloroflexi","Anaerolineae","uncultured","uncultured","uncultured",NA
"DQ917808.1.1484","Celestún Lagoon","d__Bacteria","Proteobacteria","Alphaproteobacteria","Puniceispirillales","EF100-94H03","EF100-94H03","uncultured_Parvibaculum"
"KC009871.1.1393","Celestún Lagoon","d__Bacteria","Proteobacteria","Gammaproteobacteria","Burkholderiales","TRA3-20","TRA3-20","uncultured_Rhodocyclaceae"
"EU488007.1.1508","Celestún Lagoon","d__Bacteria","Acidobacteriota","Aminicenantia","Aminicenantales","Aminicenantales","Aminicenantales","uncultured_bacterium"
"EU420696.1.1474","Celestún Lagoon","d__Archaea","Asgardarchaeota","Lokiarchaeia","Lokiarchaeia","Lokiarchaeia","Lokiarchaeia","uncultured_archaeon"
"KC009943.1.1291","Celestún Lagoon","d__Bacteria","Proteobacteria","Gammaproteobacteria","Chromatiales","Sedimenticolaceae","Candidatus_Thiodiazotropha",NA
"LN875360.1.1465","Celestún Lagoon","d__Bacteria","Proteobacteria","Gammaproteobacteria","AT-s2-59","AT-s2-59","AT-s2-59","uncultured_bacterium"
"GU056114.1.1503","Celestún Lagoon","d__Bacteria","Desulfobacterota","Desulfobacteria","Desulfobacterales","Desulfosarcinaceae","Sva0081_sediment_group",NA
"AY771951.1.1416","Celestún Lagoon","d__Bacteria","Desulfobacterota","Desulfobacteria","Desulfatiglandales","Desulfatiglandaceae","Desulfatiglans","uncultured_delta"
"JF344439.1.1521","Celestún Lagoon","d__Bacteria","Desulfobacterota","Desulfobacteria","Desulfobacterales","Desulfosarcinaceae","Sva0081_sediment_group","uncultured_delta"
"EU491544.1.1364","Celestún Lagoon","d__Bacteria","Proteobacteria","Alphaproteobacteria",NA,NA,NA,NA
"KC437245.1.1229","Celestún Lagoon","d__Archaea","Crenarchaeota","Bathyarchaeia","Bathyarchaeia","Bathyarchaeia","Bathyarchaeia",NA
"AM935668.1.1324","Celestún Lagoon","d__Bacteria","Planctomycetota","Planctomycetes","Planctomycetales","Rubinisphaeraceae","SH-PL14","uncultured_Planctomycetaceae"
"HQ691996.1.1409","Celestún Lagoon","d__Bacteria","Desulfobacterota","Desulfobacteria","Desulfatiglandales","Desulfatiglandaceae","Desulfatiglans",NA
"FJ517020.1.1471","Celestún Lagoon","d__Bacteria","Bacteroidota","Bacteroidia","Bacteroidales","Bacteroidetes_BD2-2","Bacteroidetes_BD2-2",NA
"JF449952.1.1512","Celestún Lagoon","d__Bacteria","Acidobacteriota","Vicinamibacteria","Vicinamibacterales","Vicinamibacteraceae","Vicinamibacteraceae",NA
"FQ659656.1.1377","Celestún Lagoon","d__Bacteria","TA06","TA06","TA06","TA06","TA06","uncultured_soil"
"DQ787710.1.1538","Celestún Lagoon","d__Bacteria","WS2","WS2","WS2","WS2","WS2","uncultured_microorganism"
"KM263548.1.1525","Celestún Lagoon","d__Bacteria","Calditrichota","Calditrichia","Calditrichales","Calditrichaceae","Calorithrix","bacterium_enrichment"
"JQ800777.1.1485","Celestún Lagoon","d__Bacteria","Myxococcota","Polyangia","Haliangiales","Haliangiaceae","Haliangium",NA
"KT223231.1.1428","Celestún Lagoon","d__Bacteria","Chloroflexi","Dehalococcoidia","FW22","FW22","FW22","uncultured_bacterium"
"LN571230.1.1324","Celestún Lagoon","d__Bacteria","Proteobacteria","Alphaproteobacteria","Rhizobiales","Xanthobacteraceae",NA,NA
"JF495354.1.1544","Celestún Lagoon","d__Bacteria","Caldatribacteriota","JS1","JS1","JS1","JS1",NA
"AB807250.1.1452","Celestún Lagoon","d__Bacteria","Planctomycetota","Planctomycetes","Pirellulales","Pirellulaceae","Pir4_lineage","uncultured_bacterium"
"DQ363834.1.927","Celestún Lagoon","d__Archaea","Thermoplasmatota","Thermoplasmata","Marine_Benthic_Group_D_and_DHVEG-1","Marine_Benthic_Group_D_and_DHVEG-1","Marine_Benthic_Group_D_and_DHVEG-1",NA
"JQ580071.1.1521","Celestún Lagoon","d__Bacteria","Gemmatimonadota","BD2-11_terrestrial_group","BD2-11_terrestrial_group","BD2-11_terrestrial_group","BD2-11_terrestrial_group",NA
"DQ811890.1.1451","Celestún Lagoon","d__Bacteria","Chloroflexi","Dehalococcoidia","FW22","FW22","FW22","uncultured_Chloroflexi"
"JN481818.1.1399","Celestún Lagoon","d__Bacteria","Verrucomicrobiota","Lentisphaeria","Oligosphaerales","Lenti-02","Lenti-02","uncultured_bacterium"
"JN539403.1.1299","Celestún Lagoon","d__Bacteria","Planctomycetota","Phycisphaerae","mle1-8","mle1-8","mle1-8","uncultured_bacterium"
"AY592164.1.1255","Celestún Lagoon","d__Bacteria","Proteobacteria","Gammaproteobacteria","Arenicellales","Arenicellaceae","Candidatus_Thiosymbion","gamma_proteobacterium"
"FJ517048.1.1483","Celestún Lagoon","d__Bacteria","Bacteroidota","Bacteroidia","Sphingobacteriales","Lentimicrobiaceae","Lentimicrobiaceae","uncultured_Cytophagales"
"EU617828.1.1464","Celestún Lagoon","d__Bacteria","Proteobacteria","Alphaproteobacteria","Rhizobiales","Rhizobiales_Incertae_Sedis","Bauldia","uncultured_Alphaproteobacteria"
"KF786957.1.1417","Celestún Lagoon","d__Bacteria","Planctomycetota","OM190","OM190","OM190","OM190","uncultured_Planctomycetaceae"
"KY194091.1.1411","Celestún Lagoon","d__Bacteria","Proteobacteria","Alphaproteobacteria","Rhodospirillales","Magnetospiraceae","uncultured","uncultured_bacterium"
"AF118664.1.978","Celestún Lagoon","d__Archaea","Asgardarchaeota","Odinarchaeia","Odinarchaeia","Odinarchaeia","Odinarchaeia","uncultured_crenarchaeote"
"JQ750533.1.901","Celestún Lagoon","d__Archaea","Crenarchaeota","Bathyarchaeia","Bathyarchaeia","Bathyarchaeia","Bathyarchaeia","uncultured_crenarchaeote"
"KF066648.1.1339","Celestún Lagoon","d__Bacteria","Actinobacteriota","Actinobacteria","Kineosporiales","Kineosporiaceae",NA,NA
"EU050863.1.1455","Celestún Lagoon","d__Bacteria","Myxococcota","Polyangia","Haliangiales","Haliangiaceae","Haliangium","uncultured_delta"
"AF286032.1.1499","Celestún Lagoon","d__Bacteria","LCP-89","LCP-89","LCP-89","LCP-89","LCP-89","saltmarsh_clone"
"JF344504.1.1515","Celestún Lagoon","d__Bacteria","Acidobacteriota","Subgroup_22","Subgroup_22","Subgroup_22","Subgroup_22","uncultured_Acidobacteria"
"JQ258812.1.939","Celestún Lagoon","d__Archaea","Asgardarchaeota","Lokiarchaeia","Lokiarchaeia","Lokiarchaeia","Lokiarchaeia","uncultured_archaeon"
"JF344425.1.1497","Celestún Lagoon","d__Bacteria","Proteobacteria","Gammaproteobacteria","Arenicellales","Arenicellaceae","Candidatus_Thiosymbion",NA
"AB177208.1.1416","Celestún Lagoon","d__Bacteria","Latescibacterota","Latescibacteria","Latescibacterales","Latescibacteraceae","Candidatus_Latescibacter",NA
"GU553739.1.1513","Celestún Lagoon","d__Bacteria","Verrucomicrobiota","Omnitrophia","Omnitrophales","Omnitrophaceae","Candidatus_Omnitrophus","uncultured_bacterium"
"EU735005.1.1520","Celestún Lagoon","d__Bacteria","Acidobacteriota","Subgroup_22","Subgroup_22","Subgroup_22","Subgroup_22",NA
"EU133487.1.1300","Celestún Lagoon","d__Bacteria","Proteobacteria","Alphaproteobacteria","Rhizobiales","KF-JG30-B3","KF-JG30-B3","uncultured_bacterium"
"EU132806.1.1261","Celestún Lagoon","d__Bacteria","Actinobacteriota","Actinobacteria","Frankiales","Sporichthyaceae","uncultured","uncultured_actinobacterium"
"KR825092.1.1489","Celestún Lagoon","d__Bacteria","Bacteroidota","Bacteroidia","Bacteroidales","Bacteroidetes_vadinHA17","Bacteroidetes_vadinHA17",NA
"AB803392.1.1398","Celestún Lagoon","d__Archaea","Thermoplasmatota","Thermoplasmata","Marine_Benthic_Group_D_and_DHVEG-1","Marine_Benthic_Group_D_and_DHVEG-1","Marine_Benthic_Group_D_and_DHVEG-1","uncultured_archaeon"
"JF344273.1.1499","Celestún Lagoon","d__Bacteria","Proteobacteria","Gammaproteobacteria","Gammaproteobacteria_Incertae_Sedis","Unknown_Family","Endothiovibrio","uncultured_gamma"
"EU592449.1.1496","Celestún Lagoon","d__Bacteria","Acidobacteriota","Subgroup_18","Subgroup_18","Subgroup_18","Subgroup_18",NA
"JX504514.1.1555","Celestún Lagoon","d__Bacteria","Planctomycetota","OM190","OM190","OM190","OM190","uncultured_Planctomycetales"
"EU487901.1.1466","Celestún Lagoon","d__Bacteria","Chloroflexi","Dehalococcoidia","Napoli-4B-65","Napoli-4B-65","Napoli-4B-65","uncultured_Chloroflexi"
"FJ517026.1.1484","Celestún Lagoon","d__Bacteria","Chloroflexi","Anaerolineae","Caldilineales","Caldilineaceae","uncultured",NA
"DQ915616.1.1304","Celestún Lagoon","d__Bacteria","Proteobacteria","Alphaproteobacteria","Rhodobacterales","Rhodobacteraceae",NA,NA
"DQ811814.1.1510","Celestún Lagoon","d__Bacteria","Desulfobacterota","uncultured","uncultured","uncultured","uncultured",NA
"AB530246.1.1523","Celestún Lagoon","d__Bacteria","Planctomycetota","OM190","OM190","OM190","OM190","uncultured_bacterium"
"AJ969762.1.940","Celestún Lagoon","d__Archaea","Crenarchaeota","Bathyarchaeia","Bathyarchaeia","Bathyarchaeia","Bathyarchaeia","uncultured_miscellaneous"
"HQ190518.1.1533","Celestún Lagoon","d__Bacteria","Desulfobacterota","Desulfobacteria","Desulfobacterales","Desulfosarcinaceae","uncultured",NA
"EU385764.1.1481","Celestún Lagoon","d__Bacteria","Latescibacterota","Latescibacteria","Latescibacterales","Latescibacteraceae","Candidatus_Latescibacter","uncultured_bacterium"
"AB694500.1.1419","Celestún Lagoon","d__Bacteria","Nitrospinota","P9X2b3D02","P9X2b3D02","P9X2b3D02","P9X2b3D02","uncultured_bacterium"
"EF125435.1.1502","Celestún Lagoon","d__Bacteria","Proteobacteria","Gammaproteobacteria","Steroidobacterales","Woeseiaceae","Woeseia",NA
"JN530842.1.1467","Celestún Lagoon","d__Bacteria","Desulfobacterota","Desulfobacteria","Desulfatiglandales","Desulfatiglandaceae","Desulfatiglans",NA
"JX870289.1.912","Celestún Lagoon","d__Archaea","Thermoplasmatota","Thermoplasmata","Marine_Benthic_Group_D_and_DHVEG-1","Marine_Benthic_Group_D_and_DHVEG-1","Marine_Benthic_Group_D_and_DHVEG-1","uncultured_archaeon"
"JF495274.1.1311","Celestún Lagoon","d__Bacteria","Verrucomicrobiota","Omnitrophia","Omnitrophales","Omnitrophaceae","Candidatus_Omnitrophus","uncultured_bacterium"
"JF344015.1.1494","Celestún Lagoon","d__Bacteria","Proteobacteria","Gammaproteobacteria","B2M28","B2M28","B2M28",NA
"HQ598098.1.1506","Celestún Lagoon","d__Bacteria","Acidobacteriota","Vicinamibacteria","Vicinamibacterales","Vicinamibacteraceae","Vicinamibacteraceae",NA
"GU583981.1.1485","Celestún Lagoon","d__Bacteria","Bacteroidota","Bacteroidia","Sphingobacteriales","Lentimicrobiaceae","Lentimicrobiaceae",NA
"JF809782.1.1415","Celestún Lagoon","d__Bacteria","NB1-j","NB1-j","NB1-j","NB1-j","NB1-j",NA
"AB630711.1.1406","Celestún Lagoon","d__Bacteria","Proteobacteria","Alphaproteobacteria","Rhizobiales","Rhodomicrobiaceae","Rhodomicrobium","uncultured_Alphaproteobacteria"
"KX097118.1.1492","Celestún Lagoon","d__Bacteria","Planctomycetota","Planctomycetes","Planctomycetales","Gimesiaceae","uncultured","uncultured_bacterium"
"JN520563.1.1430","Celestún Lagoon","d__Bacteria","Desulfobacterota","Desulfobacteria","Desulfobacterales","Desulfosarcinaceae",NA,NA
"JN535738.1.1428","Celestún Lagoon","d__Bacteria","SAR324_clade(Marine_group_B)","SAR324_clade(Marine_group_B)","SAR324_clade(Marine_group_B)","SAR324_clade(Marine_group_B)","SAR324_clade(Marine_group_B)","uncultured_organism"
"JX391273.1.1521","Celestún Lagoon","d__Bacteria","Latescibacterota","Latescibacterota","Latescibacterota","Latescibacterota","Latescibacterota",NA
"KM269683.1.1354","Celestún Lagoon","d__Bacteria","Proteobacteria","Alphaproteobacteria","Rhizobiales","Xanthobacteraceae","uncultured",NA
"KX941456.1.1413","Celestún Lagoon","d__Bacteria","Proteobacteria","Gammaproteobacteria","Vibrionales","Vibrionaceae","Photobacterium",NA
"EU385683.1.1508","Celestún Lagoon","d__Bacteria","Planctomycetota","Phycisphaerae","mle1-8","mle1-8","mle1-8","uncultured_bacterium"
"MG563278.1.1509","Celestún Lagoon","d__Bacteria","Proteobacteria","Gammaproteobacteria","Steroidobacterales","Woeseiaceae","Woeseia",NA
"FM955322.1.1502","Celestún Lagoon","d__Bacteria","Proteobacteria","Gammaproteobacteria","Arenicellales","Arenicellaceae","Candidatus_Thiosymbion","gamma_proteobacterium"
"KX035234.1.1478","Celestún Lagoon","d__Bacteria","Proteobacteria","Alphaproteobacteria","Kiloniellales","Kiloniellaceae","uncultured","uncultured_Rhodospirillaceae"
"EU287166.1.1512","Celestún Lagoon","d__Bacteria","Bdellovibrionota","Bdellovibrionia","Bacteriovoracales","Bacteriovoracaceae","uncultured","uncultured_bacterium"
"JN511640.1.1478","Celestún Lagoon","d__Bacteria","Planctomycetota","Phycisphaerae","MSBL9","SG8-4","SG8-4","uncultured_bacterium"
"AB694352.1.1520","Celestún Lagoon","d__Bacteria","NB1-j","NB1-j","NB1-j","NB1-j","NB1-j",NA
"EU487868.1.1535","Celestún Lagoon","d__Bacteria","Desulfobacterota","uncultured","uncultured","uncultured","uncultured",NA
"EU132496.1.1372","Celestún Lagoon","d__Bacteria","Actinobacteriota","Thermoleophilia","Gaiellales","Gaiellaceae","Gaiella",NA
"JN482460.1.1476","Celestún Lagoon","d__Bacteria","Spirochaetota","Leptospirae","Leptospirales","Leptospiraceae","RBG-16-49-21",NA
"GQ346899.1.1324","Celestún Lagoon","d__Bacteria","Proteobacteria","Alphaproteobacteria","Sphingomonadales","Sphingomonadaceae",NA,NA
"AM992695.1.1108","Celestún Lagoon","d__Archaea","Asgardarchaeota","Lokiarchaeia","Lokiarchaeia","Lokiarchaeia","Lokiarchaeia","uncultured_archaeon"
"JN509478.1.1394","Celestún Lagoon","d__Bacteria","Chloroflexi","Anaerolineae","Ardenticatenales","uncultured","uncultured","uncultured_organism"
"AB797486.1.1410","Celestún Lagoon","d__Archaea","Asgardarchaeota","Heimdallarchaeia","Heimdallarchaeia","Heimdallarchaeia","Heimdallarchaeia","uncultured_archaeon"
"HQ721122.1.1381","Celestún Lagoon","d__Bacteria","MBNT15","MBNT15","MBNT15","MBNT15","MBNT15",NA
"FJ416074.1.1498","Celestún Lagoon","d__Bacteria","Acidobacteriota","Aminicenantia","Aminicenantales","Aminicenantales","Aminicenantales","uncultured_bacterium"
"AB899907.1.935","Celestún Lagoon","d__Archaea","Asgardarchaeota","Lokiarchaeia","Lokiarchaeia","Lokiarchaeia","Lokiarchaeia","uncultured_archaeon"
"KP091184.1.1459","Celestún Lagoon","d__Bacteria","Chloroflexi","Dehalococcoidia","FW22","FW22","FW22","uncultured_bacterium"
"AM882604.1.1487","Celestún Lagoon","d__Bacteria","Desulfobacterota","Desulfobacteria","Desulfobacterales","Desulfosarcinaceae","Incertae_Sedis","uncultured_delta"
"HM445394.1.1346","Celestún Lagoon","d__Bacteria","Acidobacteriota","Subgroup_22","Subgroup_22","Subgroup_22","Subgroup_22","uncultured_bacterium"
"JX494629.1.900","Celestún Lagoon","d__Archaea","Crenarchaeota","Bathyarchaeia","Bathyarchaeia","Bathyarchaeia","Bathyarchaeia","uncultured_miscellaneous"
"EU617752.1.1500","Celestún Lagoon","d__Bacteria","Proteobacteria","Gammaproteobacteria","Ectothiorhodospirales","Ectothiorhodospiraceae","Thiogranum",NA
"FM955327.1.1530","Celestún Lagoon","d__Bacteria","Proteobacteria","Gammaproteobacteria",NA,NA,NA,NA
"FJ516896.1.1482","Celestún Lagoon","d__Bacteria","Bacteroidota","Bacteroidia","Bacteroidales","Bacteroidetes_BD2-2","Bacteroidetes_BD2-2","uncultured_Cytophagales"
"KT223198.1.1408","Celestún Lagoon","d__Bacteria","Chloroflexi","Dehalococcoidia","MSBL5","MSBL5","MSBL5","uncultured_bacterium"
"EU487960.1.1303","Celestún Lagoon","d__Bacteria","Chloroflexi","Dehalococcoidia","GIF3","GIF3","GIF3","uncultured_bacterium"
"DQ363799.1.951","Celestún Lagoon","d__Archaea","Crenarchaeota","Bathyarchaeia","Bathyarchaeia","Bathyarchaeia","Bathyarchaeia",NA
"EF157201.1.1448","Celestún Lagoon","d__Bacteria","Actinobacteriota","Acidimicrobiia","Microtrichales","Ilumatobacteraceae","Ilumatobacter",NA
"DQ811815.1.1524","Celestún Lagoon","d__Bacteria","Desulfobacterota","Desulfobacteria","Desulfobacterales","Desulfosarcinaceae","Sva0081_sediment_group",NA
"AB234252.1.1496","Celestún Lagoon","d__Bacteria","Bacteroidota","Ignavibacteria","Ignavibacteriales","Ignavibacteriaceae","Ignavibacterium","uncultured_bacterium"
"KC009894.1.1266","Celestún Lagoon","d__Bacteria","Sva0485","Sva0485","Sva0485","Sva0485","Sva0485",NA
"JF747686.1.1533","Celestún Lagoon","d__Bacteria","Sva0485","Sva0485","Sva0485","Sva0485","Sva0485",NA
"JN535571.1.1343","Celestún Lagoon","d__Bacteria","Proteobacteria","Alphaproteobacteria","Thalassobaculales","uncultured","uncultured","uncultured_Rhodospirillales"
"GQ264384.1.1411","Celestún Lagoon","d__Bacteria","Proteobacteria","Alphaproteobacteria","Rhizobiales","Hyphomicrobiaceae",NA,NA
"FN553933.1.1519","Celestún Lagoon","d__Bacteria","Sva0485","Sva0485","Sva0485","Sva0485","Sva0485",NA
"HQ395162.1.1499","Celestún Lagoon","d__Bacteria","Proteobacteria","Gammaproteobacteria",NA,NA,NA,NA
"HQ588514.1.1412","Celestún Lagoon","d__Bacteria","Acidobacteriota","Thermoanaerobaculia","Thermoanaerobaculales","Thermoanaerobaculaceae","Subgroup_23","uncultured_bacterium"
"HQ153983.1.1420","Celestún Lagoon","d__Bacteria","Proteobacteria","Gammaproteobacteria","Steroidobacterales","Woeseiaceae","Woeseia",NA
"EU491260.1.1497","Celestún Lagoon","d__Bacteria","Nitrospirota","Nitrospiria","Nitrospirales","Nitrospiraceae","Nitrospira","uncultured_Nitrospirae"
"FM242367.1.1440","Celestún Lagoon","d__Bacteria","Proteobacteria","Alphaproteobacteria","Rhizobiales","Hyphomicrobiaceae","Filomicrobium","uncultured_Alphaproteobacteria"
"EU488214.1.1460","Celestún Lagoon","d__Bacteria","Chloroflexi","Anaerolineae","SBR1031","SBR1031","SBR1031","uncultured_organism"
"KP091161.1.1520","Celestún Lagoon","d__Bacteria","Latescibacterota","Latescibacteria","Latescibacterales","Latescibacteraceae","Latescibacteraceae","uncultured_bacterium"
"HM243869.1.1521","Celestún Lagoon","d__Bacteria","Desulfobacterota","Desulfobacteria","Desulfobacterales","uncultured","uncultured","uncultured_bacterium"
"JQ750551.1.905","Celestún Lagoon","d__Archaea","Crenarchaeota","Bathyarchaeia","Bathyarchaeia","Bathyarchaeia","Bathyarchaeia",NA
"KT165187.1.940","Celestún Lagoon","d__Archaea","Crenarchaeota","Bathyarchaeia","Bathyarchaeia","Bathyarchaeia","Bathyarchaeia","uncultured_miscellaneous"
"JQ816496.1.1427","Celestún Lagoon","d__Bacteria","Chloroflexi","Dehalococcoidia","Sh765B-AG-111","Sh765B-AG-111","Sh765B-AG-111","uncultured_bacterium"
"JF344069.1.1496","Celestún Lagoon","d__Bacteria","Proteobacteria","Gammaproteobacteria","Steroidobacterales","Woeseiaceae","Woeseia",NA
"JN494624.1.1474","Celestún Lagoon","d__Bacteria","Gemmatimonadota","BD2-11_terrestrial_group","BD2-11_terrestrial_group","BD2-11_terrestrial_group","BD2-11_terrestrial_group","uncultured_organism"
"JN537380.1.1502","Celestún Lagoon","d__Bacteria","Myxococcota","Polyangia","PS-B29","PS-B29","PS-B29","uncultured_organism"
"JQ800923.1.1507","Celestún Lagoon","d__Bacteria","Proteobacteria","Gammaproteobacteria","Nitrosococcales","Nitrosococcaceae",NA,NA
"AY592632.1.1287","Celestún Lagoon","d__Bacteria","NB1-j","NB1-j","NB1-j","NB1-j","NB1-j",NA
"KX173108.1.1385","Celestún Lagoon","d__Bacteria","Acidobacteriota","Subgroup_22","Subgroup_22","Subgroup_22","Subgroup_22","uncultured_Acidobacteriaceae"
"JQ516378.1.1401","Celestún Lagoon","d__Bacteria","Proteobacteria","Alphaproteobacteria","Kiloniellales","Kiloniellaceae","uncultured","uncultured_Pelagibius"
"KX077459.1.906","Celestún Lagoon","d__Archaea","Crenarchaeota","Bathyarchaeia","Bathyarchaeia","Bathyarchaeia","Bathyarchaeia",NA
"JQ580265.1.1478","Celestún Lagoon","d__Bacteria","Bacteroidota","Bacteroidia","Bacteroidales","Bacteroidetes_BD2-2","Bacteroidetes_BD2-2","uncultured_Bacteroidetes"
"JN605072.1.1398","Celestún Lagoon","d__Archaea","Thermoplasmatota","Thermoplasmata","uncultured","uncultured","uncultured","uncultured_archaeon"
"LN567261.1.1325","Celestún Lagoon","d__Bacteria","Proteobacteria","Alphaproteobacteria","Rhizobiales","Xanthobacteraceae","Pseudolabrys",NA
"HQ121247.1.1529","Celestún Lagoon","d__Bacteria","Myxococcota","Polyangia","Haliangiales","Haliangiaceae","Haliangium",NA
"GU302465.1.1466","Celestún Lagoon","d__Bacteria","Proteobacteria","Alphaproteobacteria","Puniceispirillales","EF100-94H03","EF100-94H03","uncultured_Parvibaculum"
"KR825134.1.1520","Celestún Lagoon","d__Bacteria","Gemmatimonadota","BD2-11_terrestrial_group","BD2-11_terrestrial_group","BD2-11_terrestrial_group","BD2-11_terrestrial_group",NA
"AF317744.1.1481","Celestún Lagoon","d__Bacteria","NB1-j","NB1-j","NB1-j","NB1-j","NB1-j","unidentified_bacterium"
"HQ916537.1.1397","Celestún Lagoon","d__Bacteria","Proteobacteria","Gammaproteobacteria","Ectothiorhodospirales","Ectothiorhodospiraceae","Thiogranum",NA
"EU488492.1.1513","Celestún Lagoon","d__Bacteria","Spirochaetota","Spirochaetia","Spirochaetales","Spirochaetaceae","Spirochaeta",NA
"AB530193.1.1522","Celestún Lagoon","d__Bacteria","Actinobacteriota","Thermoleophilia","Gaiellales","uncultured","uncultured",NA
"FJ872534.1.1442","Celestún Lagoon","d__Bacteria","Bacteroidota","Bacteroidia","Flavobacteriales","Flavobacteriaceae","Robiginitalea","uncultured_bacterium"
"JN977228.1.1533","Celestún Lagoon","d__Bacteria","Proteobacteria","Gammaproteobacteria","Nitrosococcales","Nitrosococcaceae","AqS1",NA
"JN502985.1.1423","Celestún Lagoon","d__Bacteria","Desulfobacterota","Desulfobacteria","Desulfatiglandales","Desulfatiglandaceae","Desulfatiglans","uncultured_Desulfobacteraceae"
"KP728191.1.1499","Celestún Lagoon","d__Bacteria","Bacteroidota","Kryptonia","Kryptoniales","BSV26","BSV26","uncultured_bacterium"
"GU230380.1.1514","Celestún Lagoon","d__Bacteria","Proteobacteria","Gammaproteobacteria","AT-s2-59","AT-s2-59","AT-s2-59",NA
"KF460414.1.1531","Celestún Lagoon","d__Bacteria","Sva0485","Sva0485","Sva0485","Sva0485","Sva0485",NA
"AB805930.1.1481","Celestún Lagoon","d__Bacteria","Latescibacterota","Latescibacteria","Latescibacterales","Latescibacteraceae","Candidatus_Latescibacter","uncultured_bacterium"
"FJ264650.1.1529","Celestún Lagoon","d__Bacteria","Desulfobacterota","Desulfobacteria","Desulfatiglandales","Desulfatiglandaceae","Desulfatiglans",NA
"MG601307.1.1463","Celestún Lagoon","d__Bacteria","Chloroflexi","Dehalococcoidia","Napoli-4B-65","Napoli-4B-65","Napoli-4B-65","uncultured_bacterium"
"AB806677.1.1486","Celestún Lagoon","d__Bacteria","Desulfobacterota","Desulfobacteria","Desulfobacterales","Desulfosarcinaceae","SEEP-SRB1",NA
"HQ611207.1.927","Celestún Lagoon","d__Archaea","Aenigmarchaeota","Deep_Sea_Euryarchaeotic_Group(DSEG)","Deep_Sea_Euryarchaeotic_Group(DSEG)","Deep_Sea_Euryarchaeotic_Group(DSEG)","Deep_Sea_Euryarchaeotic_Group(DSEG)","uncultured_archaeon"
"JF344005.1.1500","Celestún Lagoon","d__Bacteria","Proteobacteria","Gammaproteobacteria","Nitrosococcales","Nitrosococcaceae","FS142-36B-02","uncultured_gamma"
"KX100051.1.1375","Celestún Lagoon","d__Bacteria","Latescibacterota","Latescibacterota","Latescibacterota","Latescibacterota","Latescibacterota",NA
"AM997328.1.1503","Celestún Lagoon","d__Bacteria","Proteobacteria","Gammaproteobacteria","KI89A_clade","KI89A_clade","KI89A_clade",NA
"JN511582.1.1448","Celestún Lagoon","d__Bacteria","Planctomycetota","Phycisphaerae","Phycisphaerales","AKAU3564_sediment_group","AKAU3564_sediment_group","uncultured_bacterium"
"FJ748810.1.1451","Celestún Lagoon","d__Bacteria","Planctomycetota","vadinHA49","vadinHA49","vadinHA49","vadinHA49","uncultured_bacterium"
"MG563268.1.1418","Celestún Lagoon","d__Bacteria","Calditrichota","Calditrichia","Calditrichales","Calditrichaceae","Calditrichaceae","uncultured_Deferribacteres"
"JN408855.1.1315","Celestún Lagoon","d__Archaea","Asgardarchaeota","Lokiarchaeia","Lokiarchaeia","Lokiarchaeia","Lokiarchaeia","uncultured_archaeon"
"GQ994260.1.908","Celestún Lagoon","d__Archaea","Crenarchaeota","Nitrososphaeria","Nitrosopumilales","Nitrosopumilaceae","Candidatus_Nitrosopumilus",NA
"EU644110.1.1462","Celestún Lagoon","d__Bacteria","Actinobacteriota","Thermoleophilia","Gaiellales","uncultured","uncultured","uncultured_actinobacterium"
"AB780907.1.1470","Celestún Lagoon","d__Bacteria","Actinobacteriota","Thermoleophilia","Gaiellales","uncultured","uncultured","uncultured_actinobacterium"
"GU302473.1.1467","Celestún Lagoon","d__Bacteria","Chloroflexi","Dehalococcoidia","GIF9","GIF9","GIF9","uncultured_bacterium"
"EU290724.1.1521","Celestún Lagoon","d__Bacteria","Desulfobacterota","Desulfobacteria","Desulfobacterales","Desulfosarcinaceae",NA,NA
"AB899914.1.915","Celestún Lagoon","d__Archaea","Thermoplasmatota","Thermoplasmata","Marine_Benthic_Group_D_and_DHVEG-1","Marine_Benthic_Group_D_and_DHVEG-1","Marine_Benthic_Group_D_and_DHVEG-1","uncultured_archaeon"
"AY592168.1.1245","Celestún Lagoon","d__Bacteria","Actinobacteriota","Acidimicrobiia","Actinomarinales","uncultured","uncultured","uncultured_bacterium"
"FN398053.1.1489","Fossil Lagoon","d__Bacteria","Proteobacteria","Gammaproteobacteria","Cellvibrionales","Halieaceae",NA,NA
"FR667789.1.1446","Fossil Lagoon","d__Bacteria","Proteobacteria","Alphaproteobacteria","Micropepsales","Micropepsaceae","Micropepsaceae","uncultured_bacterium"
"AB694374.1.1409","Fossil Lagoon","d__Bacteria","Planctomycetota","Planctomycetes","Pirellulales","Pirellulaceae","Rhodopirellula",NA
"KJ817468.1.1463","Fossil Lagoon","d__Bacteria","Proteobacteria","Alphaproteobacteria","Kiloniellales","Kiloniellaceae","Tistlia","bacterium_YC-ZSS-LKJ88"
"DQ351750.1.1510","Fossil Lagoon","d__Bacteria","Proteobacteria","Gammaproteobacteria","Oceanospirillales","Pseudohongiellaceae","Pseudohongiella",NA
"KX768747.1.1475","Fossil Lagoon","d__Bacteria","Proteobacteria","Alphaproteobacteria","Sphingomonadales","Sphingomonadaceae",NA,NA
"GU118430.1.1484","Fossil Lagoon","d__Bacteria","Dadabacteria","Dadabacteriia","Dadabacteriales","Dadabacteriales","Dadabacteriales",NA
"EU487871.1.1472","Fossil Lagoon","d__Bacteria","Chloroflexi","Dehalococcoidia","Napoli-4B-65","Napoli-4B-65","Napoli-4B-65","uncultured_bacterium"
"JQ989640.1.1399","Fossil Lagoon","d__Archaea","Thermoplasmatota","Thermoplasmata","Marine_Benthic_Group_D_and_DHVEG-1","Marine_Benthic_Group_D_and_DHVEG-1","Marine_Benthic_Group_D_and_DHVEG-1","uncultured_archaeon"
"KP943977.1.1502","Fossil Lagoon","d__Bacteria","Proteobacteria","Gammaproteobacteria","Arenicellales","Arenicellaceae","Candidatus_Thiosymbion","gamma_proteobacterium"
"JN464434.1.1419","Fossil Lagoon","d__Bacteria","Chloroflexi","Anaerolineae","Ardenticatenales","uncultured","uncultured","uncultured_organism"
"JN524025.1.1396","Fossil Lagoon","d__Bacteria","Bacteroidota","Bacteroidia","Flavobacteriales","Flavobacteriaceae","Maritimimonas","uncultured_organism"
"HE985084.1.1483","Fossil Lagoon","d__Bacteria","Nitrospirota","Nitrospiria","Nitrospirales","Nitrospiraceae","Nitrospira","uncultured_Nitrospirae"
"JQ579976.1.1488","Fossil Lagoon","d__Bacteria","Planctomycetota","Planctomycetes","Pirellulales","Pirellulaceae","Pirellula",NA
"KC569876.1.1379","Fossil Lagoon","d__Bacteria","Acidobacteriota","Subgroup_22","Subgroup_22","Subgroup_22","Subgroup_22",NA
"JX441454.1.1436","Fossil Lagoon","d__Bacteria","Proteobacteria","Alphaproteobacteria","Caulobacterales","uncultured","uncultured","uncultured_bacterium"
"GQ143793.1.1543","Fossil Lagoon","d__Bacteria","Planctomycetota","Phycisphaerae","MSBL9","SG8-4","SG8-4","uncultured_bacterium"
"HM598208.1.1520","Fossil Lagoon","d__Bacteria","Gemmatimonadota","PAUC43f_marine_benthic_group","PAUC43f_marine_benthic_group","PAUC43f_marine_benthic_group","PAUC43f_marine_benthic_group",NA
"FJ516839.1.1475","Fossil Lagoon","d__Bacteria","Bdellovibrionota","Bdellovibrionia","Bdellovibrionales","Bdellovibrionaceae","Bdellovibrio","uncultured_delta"
"FN553627.1.1510","Fossil Lagoon","d__Bacteria","NB1-j","NB1-j","NB1-j","NB1-j","NB1-j","uncultured_sediment"
"JN498227.1.1330","Fossil Lagoon","d__Bacteria","Planctomycetota","Phycisphaerae","MSBL9","4572-13","4572-13","uncultured_organism"
"JQ989441.1.1437","Fossil Lagoon","d__Archaea","Asgardarchaeota","Lokiarchaeia","Lokiarchaeia","Lokiarchaeia","Lokiarchaeia","uncultured_archaeon"
"FJ264678.1.1469","Fossil Lagoon","d__Bacteria","Chloroflexi","Dehalococcoidia","MSBL5","MSBL5","MSBL5","uncultured_organism"
"HM186215.1.1390","Fossil Lagoon","d__Bacteria","NB1-j","NB1-j","NB1-j","NB1-j","NB1-j",NA
"AB807217.1.1489","Fossil Lagoon","d__Bacteria","Planctomycetota","Phycisphaerae","MSBL9","SG8-4","SG8-4",NA
"AY592326.1.1339","Fossil Lagoon","d__Bacteria","Acidobacteriota","Subgroup_22","Subgroup_22","Subgroup_22","Subgroup_22",NA
"JN230210.1.1498","Fossil Lagoon","d__Bacteria","Planctomycetota","vadinHA49","vadinHA49","vadinHA49","vadinHA49","uncultured_bacterium"
"MG601418.1.1274","Fossil Lagoon","d__Bacteria","Patescibacteria","Gracilibacteria","Gracilibacteria","Gracilibacteria","Gracilibacteria","uncultured_sediment"
"EU399548.1.1425","Fossil Lagoon","d__Bacteria","Proteobacteria","Gammaproteobacteria","Oceanospirillales","Nitrincolaceae","Marinobacterium","uncultured_Marinobacterium"
"HF922241.1.1358","Fossil Lagoon","d__Archaea","Thermoplasmatota","Thermoplasmata","Marine_Benthic_Group_D_and_DHVEG-1","Marine_Benthic_Group_D_and_DHVEG-1","Marine_Benthic_Group_D_and_DHVEG-1",NA
"EU652659.1.1421","Fossil Lagoon","d__Bacteria","Bacteroidota","Rhodothermia","Rhodothermales","Rhodothermaceae","uncultured","uncultured_bacterium"
"AF170422.1.1454","Fossil Lagoon","d__Bacteria","Proteobacteria","Gammaproteobacteria","Chromatiales","Chromatiaceae","Candidatus_Thiobios",NA
"JQ816472.1.1499","Fossil Lagoon","d__Bacteria","Planctomycetota","Phycisphaerae","MSBL9","SG8-4","SG8-4","uncultured_bacterium"
"FJ873312.1.1418","Fossil Lagoon","d__Bacteria","Planctomycetota","Phycisphaerae","MSBL9","SG8-4","SG8-4","uncultured_bacterium"
"LN563586.1.1337","Fossil Lagoon","d__Bacteria","Bdellovibrionota","Bdellovibrionia","Bdellovibrionales","Bdellovibrionaceae","OM27_clade","uncultured_bacterium"
"GQ263000.1.1465","Fossil Lagoon","d__Bacteria","Proteobacteria","Alphaproteobacteria","Tistrellales","Geminicoccaceae","uncultured",NA
"AJ009480.1.1494","Fossil Lagoon","d__Bacteria","Chloroflexi","Anaerolineae","SBR1031","SBR1031","SBR1031","uncultured_bacterium"
"JF727717.1.1524","Fossil Lagoon","d__Bacteria","Acidobacteriota","Subgroup_26","Subgroup_26","Subgroup_26","Subgroup_26","uncultured_Acidobacteria"
"EU488030.1.1512","Fossil Lagoon","d__Bacteria","Acidobacteriota","Aminicenantia","Aminicenantales","Aminicenantales","Aminicenantales","uncultured_bacterium"
"JQ516291.1.1401","Fossil Lagoon","d__Bacteria","SAR324_clade(Marine_group_B)","SAR324_clade(Marine_group_B)","SAR324_clade(Marine_group_B)","SAR324_clade(Marine_group_B)","SAR324_clade(Marine_group_B)","uncultured_gamma"
"HM187275.1.1503","Fossil Lagoon","d__Bacteria","Latescibacterota","Latescibacterota","Latescibacterota","Latescibacterota","Latescibacterota","metagenome"
"AF317765.1.1443","Fossil Lagoon","d__Bacteria","Actinobacteriota","Acidimicrobiia","Actinomarinales","uncultured","uncultured","unidentified_bacterium"
"MG601274.1.1460","Fossil Lagoon","d__Bacteria","Chloroflexi","Dehalococcoidia","FW22","FW22","FW22","uncultured_bacterium"
"EU245539.1.1513","Fossil Lagoon","d__Bacteria","Acidobacteriota","Thermoanaerobaculia","Thermoanaerobaculales","Thermoanaerobaculaceae","Subgroup_23","uncultured_bacterium"
"DQ431892.1.1391","Fossil Lagoon","d__Bacteria","Bacteroidota","Bacteroidia","Bacteroidales","Bacteroidetes_BD2-2","Bacteroidetes_BD2-2","uncultured_Bacteroidetes/Chlorobi"
"FJ666189.1.1234","Fossil Lagoon","d__Bacteria","Proteobacteria","Gammaproteobacteria","Oceanospirillales","Pseudohongiellaceae","Pseudohongiella",NA
"JN977194.1.1535","Fossil Lagoon","d__Bacteria","Planctomycetota","Phycisphaerae","C86","C86","C86","uncultured_bacterium"
"KF712605.1.1520","Fossil Lagoon","d__Bacteria","NB1-j","NB1-j","NB1-j","NB1-j","NB1-j",NA
"AY454748.1.1056","Fossil Lagoon","d__Archaea","Halobacterota","Methanomicrobia","Methanomicrobiales","Methanomicrobiaceae","Methanomicrobiaceae","Methanoculleus_sp."
"HE604430.1.916","Fossil Lagoon","d__Archaea","Thermoplasmatota","Thermoplasmata","uncultured","uncultured","uncultured",NA
"KC009999.1.1506","Fossil Lagoon","d__Bacteria","Spirochaetota","Spirochaetia","Spirochaetales","Spirochaetaceae","Spirochaeta",NA
"KX173104.1.1476","Fossil Lagoon","d__Bacteria","NB1-j","NB1-j","NB1-j","NB1-j","NB1-j",NA
"EU386122.1.1481","Fossil Lagoon","d__Bacteria","LCP-89","LCP-89","LCP-89","LCP-89","LCP-89","uncultured_bacterium"
"KF268745.1.1321","Fossil Lagoon","d__Bacteria","Proteobacteria","Alphaproteobacteria","Rhizobiales","Hyphomicrobiaceae","uncultured",NA
"MG601299.1.1530","Fossil Lagoon","d__Bacteria","Planctomycetota","Phycisphaerae","MSBL9","SG8-4","SG8-4","uncultured_bacterium"
"HE717023.407755.409323","Fossil Lagoon","d__Bacteria","Firmicutes","Bacilli","Bacillales","Bacillaceae","Halobacillus",NA
"AJ390458.1.1363","Fossil Lagoon","d__Bacteria","Latescibacterota","Latescibacterota","Latescibacterota","Latescibacterota","Latescibacterota","uncultured_soil"
"JQ407257.1.1365","Fossil Lagoon","d__Bacteria","Proteobacteria","Alphaproteobacteria","Rhodospirillales","Magnetospiraceae","Magnetovibrio","uncultured_bacterium"
"FJ905765.1.1394","Fossil Lagoon","d__Bacteria","Bacteroidota","Bacteroidia","Cytophagales","Cyclobacteriaceae","uncultured",NA
"JN521101.1.1410","Fossil Lagoon","d__Bacteria","Spirochaetota","Spirochaetia","Spirochaetales","Spirochaetaceae","Spirochaeta_2",NA
"HQ397055.1.1505","Fossil Lagoon","d__Bacteria","Nitrospirota","Nitrospiria","Nitrospirales","Nitrospiraceae","Nitrospira","uncultured_Nitrospira"
"DQ137960.1.1236","Fossil Lagoon","d__Bacteria","Planctomycetota","Phycisphaerae","Phycisphaerales","Phycisphaeraceae","Urania-1B-19_marine_sediment_group","uncultured_bacterium"
"KF268854.1.1391","Fossil Lagoon","d__Bacteria","Bacteroidota","Bacteroidia","Chitinophagales","Saprospiraceae","uncultured","uncultured_bacterium"
"DQ351806.1.1480","Fossil Lagoon","d__Bacteria","Bacteroidota","Bacteroidia","Bacteroidales","Bacteroidetes_BD2-2","Bacteroidetes_BD2-2",NA
"KX389567.1.1447","Fossil Lagoon","d__Bacteria","Proteobacteria","Gammaproteobacteria","Oceanospirillales","Nitrincolaceae","Marinobacterium","Marinobacterium_nitratireducens"
"JX080273.1.1485","Fossil Lagoon","d__Bacteria","Gemmatimonadota","BD2-11_terrestrial_group","BD2-11_terrestrial_group","BD2-11_terrestrial_group","BD2-11_terrestrial_group",NA
"KT767981.1.1420","Fossil Lagoon","d__Bacteria","Desulfobacterota","Desulfovibrionia","Desulfovibrionales","Desulfovibrionaceae","Desulfovibrio","Desulfovibrio_senegalensis"
"FJ203582.1.1454","Fossil Lagoon","d__Bacteria","Planctomycetota","Planctomycetes","Pirellulales","Pirellulaceae","Rhodopirellula",NA
"EF018554.1.1407","Fossil Lagoon","d__Bacteria","MBNT15","MBNT15","MBNT15","MBNT15","MBNT15",NA
"JN493132.1.1402","Fossil Lagoon","d__Bacteria","Spirochaetota","Spirochaetia","Spirochaetales","Spirochaetaceae","Sediminispirochaeta","uncultured_organism"
"KC926273.1.905","Fossil Lagoon","d__Archaea","Asgardarchaeota","Lokiarchaeia","Lokiarchaeia","Lokiarchaeia","Lokiarchaeia","uncultured_archaeon"
"EU713872.1.916","Fossil Lagoon","d__Archaea","Thermoplasmatota","Thermoplasmata","Marine_Benthic_Group_D_and_DHVEG-1","Marine_Benthic_Group_D_and_DHVEG-1","Marine_Benthic_Group_D_and_DHVEG-1","uncultured_archaeon"
"KJ817591.1.1483","Fossil Lagoon","d__Bacteria","Desulfobacterota","Desulfuromonadia","Bradymonadales","Bradymonadales","Bradymonadales","uncultured_bacterium"
"HG738998.1.1469","Fossil Lagoon","d__Bacteria","Campilobacterota","Campylobacteria","Campylobacterales","Sulfurimonadaceae","Sulfurimonas","uncultured_prokaryote"
"KU324339.1.1531","Fossil Lagoon","d__Bacteria","Sva0485","Sva0485","Sva0485","Sva0485","Sva0485",NA
"JN399399.1.1211","Fossil Lagoon","d__Bacteria","Planctomycetota","Planctomycetes","Pirellulales","Pirellulaceae","Pir4_lineage",NA
"AJ001010.1.1394","Fossil Lagoon","d__Bacteria","Proteobacteria","Gammaproteobacteria","Salinisphaerales","Solimonadaceae","Nevskia","Nevskia_ramosa"
"KP091061.1.1436","Fossil Lagoon","d__Archaea","Thermoplasmatota","Thermoplasmata","Marine_Benthic_Group_D_and_DHVEG-1","Marine_Benthic_Group_D_and_DHVEG-1","Marine_Benthic_Group_D_and_DHVEG-1","uncultured_archaeon"
"AB803418.1.1405","Fossil Lagoon","d__Archaea","Thermoplasmatota","Thermoplasmatota","Thermoplasmatota","Thermoplasmatota","uncultured","uncultured_archaeon"
"JN453964.1.1261","Fossil Lagoon","d__Bacteria","Spirochaetota","Leptospirae","Leptospirales","Leptospiraceae","RBG-16-49-21","uncultured_organism"
"FR872582.370012.371557","Fossil Lagoon","d__Bacteria","Verrucomicrobiota","Chlamydiae","Chlamydiales","Simkaniaceae","Simkania","Simkania_negevensis"
"HM598263.1.1538","Fossil Lagoon","d__Bacteria","Verrucomicrobiota","Omnitrophia","Omnitrophales","Omnitrophaceae","Candidatus_Omnitrophus","uncultured_bacterium"
"JN387417.1.1441","Fossil Lagoon","d__Bacteria","FCPU426","FCPU426","FCPU426","FCPU426","FCPU426","uncultured_microorganism"
"KT952672.1.1503","Fossil Lagoon","d__Bacteria","Planctomycetota","Planctomycetes","Planctomycetales","uncultured","uncultured","uncultured_deep-sea"
"AB807167.1.1479","Fossil Lagoon","d__Bacteria","Planctomycetota","Phycisphaerae","MSBL9","SG8-4","SG8-4","uncultured_bacterium"
"JX391257.1.1485","Fossil Lagoon","d__Bacteria","Bacteroidota","Bacteroidia","Bacteroidales","Bacteroidetes_BD2-2","Bacteroidetes_BD2-2","uncultured_Cytophagales"
"JN537201.1.1491","Fossil Lagoon","d__Bacteria","Spirochaetota","Spirochaetia","Spirochaetales","Spirochaetaceae","Spirochaeta",NA
"FJ666179.1.1205","Fossil Lagoon","d__Bacteria","Proteobacteria","Alphaproteobacteria","Rhodospirillales","Magnetospiraceae","Magnetospira",NA
"JQ716263.1.1469","Fossil Lagoon","d__Bacteria","Planctomycetota","Planctomycetes","Pirellulales","Pirellulaceae","Pir4_lineage","uncultured_bacterium"
"KX504744.1.1487","Fossil Lagoon","d__Bacteria","Proteobacteria","Gammaproteobacteria","Nitrosococcales","Nitrosococcaceae","CI75cm.2.12",NA
"JN530764.1.1510","Fossil Lagoon","d__Bacteria","Planctomycetota","Phycisphaerae","mle1-8","mle1-8","mle1-8","uncultured_organism"
"JN498149.1.1461","Fossil Lagoon","d__Bacteria","Desulfobacterota","Desulfobacteria","Desulfatiglandales","Desulfatiglandaceae","Desulfatiglans","uncultured_organism"
"FM253632.1.1425","Fossil Lagoon","d__Bacteria","Proteobacteria","Alphaproteobacteria","Caulobacterales","Parvularculaceae","Amphiplicatus",NA
"JN802267.1.1526","Fossil Lagoon","d__Bacteria","Desulfobacterota","Desulfobacteria","Desulfobacterales","Desulfosarcinaceae","Sva0081_sediment_group",NA
"MG601272.1.1498","Fossil Lagoon","d__Bacteria","Acidobacteriota","Aminicenantia","Aminicenantales","Aminicenantales","Aminicenantales","uncultured_bacterium"
"AB294952.1.1397","Fossil Lagoon","d__Bacteria","Proteobacteria","Gammaproteobacteria",NA,NA,NA,NA
"KM019095.1.1479","Fossil Lagoon","d__Bacteria","Campilobacterota","Campylobacteria","Campylobacterales","Sulfurimonadaceae","Sulfurimonas","uncultured_proteobacterium"
"KT257823.1.1494","Fossil Lagoon","d__Bacteria","Desulfobacterota","Desulfuromonadia","Desulfuromonadia","Geopsychrobacteraceae",NA,NA
"KY229868.1.1200","Fossil Lagoon","d__Bacteria","Proteobacteria","Gammaproteobacteria","Pseudomonadales","Pseudomonadaceae","Pseudomonas",NA
"JN537290.1.1467","Fossil Lagoon","d__Bacteria","Firmicutes",NA,NA,NA,NA,NA
"DQ811911.1.1484","Fossil Lagoon","d__Bacteria","Bacteroidota","Bacteroidia","Bacteroidales","SB-5","SB-5","uncultured_Bacteroidetes"
"KX784538.1.1209","Fossil Lagoon","d__Bacteria","Proteobacteria","Alphaproteobacteria","Rhodobacterales","Rhodobacteraceae",NA,NA
"JX196211.1.913","Fossil Lagoon","d__Archaea","Thermoplasmatota","Thermoplasmata","Marine_Benthic_Group_D_and_DHVEG-1","Marine_Benthic_Group_D_and_DHVEG-1","Marine_Benthic_Group_D_and_DHVEG-1","uncultured_archaeon"
"EU487986.1.1465","Fossil Lagoon","d__Bacteria","Chloroflexi","Dehalococcoidia","Sh765B-AG-111","Sh765B-AG-111","Sh765B-AG-111","uncultured_bacterium"
"EU290705.1.1526","Fossil Lagoon","d__Bacteria","Myxococcota","Polyangia","VHS-B3-70","VHS-B3-70","VHS-B3-70",NA
"KC169814.1.1501","Fossil Lagoon","d__Bacteria","Proteobacteria","Gammaproteobacteria","B2M28","B2M28","B2M28",NA
"KR825019.1.1518","Fossil Lagoon","d__Bacteria","10bav-F6","10bav-F6","10bav-F6","10bav-F6","10bav-F6","uncultured_bacterium"
"GU190992.1.1401","Fossil Lagoon","d__Archaea","Thermoplasmatota","Thermoplasmata","uncultured","uncultured","uncultured",NA
"JQ801074.1.1501","Fossil Lagoon","d__Bacteria","Proteobacteria","Gammaproteobacteria","HOC36","HOC36","HOC36","uncultured_bacterium"
"EU385681.1.1426","Fossil Lagoon","d__Bacteria","Chloroflexi","Dehalococcoidia",NA,NA,NA,NA
"AM943570.1.1380","Fossil Lagoon","d__Bacteria","Chloroflexi","Dehalococcoidia","vadinBA26","vadinBA26","vadinBA26","uncultured_bacterium"
"JX001164.1.1428","Fossil Lagoon","d__Bacteria","Chloroflexi","Dehalococcoidia","Napoli-4B-65","Napoli-4B-65","Napoli-4B-65","uncultured_bacterium"
"JN517745.1.1459","Fossil Lagoon","d__Bacteria","Desulfobacterota","Desulfobacteria","Desulfobacterales","Desulfosarcinaceae",NA,NA
"JN454289.1.1441","Fossil Lagoon","d__Bacteria","Bacteroidota","Bacteroidia","Bacteroidales","Bacteroidetes_BD2-2","Bacteroidetes_BD2-2",NA
"DQ640162.1.1359","Fossil Lagoon","d__Archaea","Thermoplasmatota","Thermoplasmata","Marine_Benthic_Group_D_and_DHVEG-1","Marine_Benthic_Group_D_and_DHVEG-1","Marine_Benthic_Group_D_and_DHVEG-1","uncultured_archaeon"
"JQ408075.1.1356","Fossil Lagoon","d__Bacteria","Bacteroidota","Bacteroidia","Chitinophagales","Chitinophagaceae","Edaphobaculum","uncultured_Sphingobacterium"
"HQ396926.1.1490","Fossil Lagoon","d__Bacteria","Actinobacteriota","Acidimicrobiia","Actinomarinales","uncultured","uncultured","uncultured_Actinomycetales"
"EU160516.1.1365","Fossil Lagoon","d__Bacteria","Desulfobacterota","Desulfobacteria","Desulfobacterales","Desulfosarcinaceae","uncultured",NA
"KY609406.1.1525","Fossil Lagoon","d__Bacteria","Gemmatimonadota","BD2-11_terrestrial_group","BD2-11_terrestrial_group","BD2-11_terrestrial_group","BD2-11_terrestrial_group",NA
"HQ174904.1.1412","Fossil Lagoon","d__Bacteria","NKB15","NKB15","NKB15","NKB15","NKB15","uncultured_bacterium"
"EF208656.1.1515","Fossil Lagoon","d__Bacteria","NB1-j","NB1-j","NB1-j","NB1-j","NB1-j",NA
"JN536849.1.1412","Fossil Lagoon","d__Bacteria","Cyanobacteria","Vampirivibrionia","Gastranaerophilales","Gastranaerophilales","Gastranaerophilales","uncultured_organism"
"FJ484699.1.1363","Fossil Lagoon","d__Bacteria","Fibrobacterota","Chitinivibrionia","uncultured","uncultured","uncultured","uncultured_bacterium"
"EF680213.1.919","Fossil Lagoon","d__Archaea","Halobacterota","Methanosarcinia","Methanosarciniales","Syntrophoarchaeaceae","Syntrophoarchaeaceae",NA
"JQ258747.1.914","Fossil Lagoon","d__Archaea","Thermoplasmatota","Thermoplasmata","uncultured","uncultured","uncultured","uncultured_archaeon"
"JX426828.1.952","Fossil Lagoon","d__Archaea","Thermoplasmatota","Thermoplasmata","Marine_Benthic_Group_D_and_DHVEG-1","Marine_Benthic_Group_D_and_DHVEG-1","Marine_Benthic_Group_D_and_DHVEG-1",NA
"LAZR01018652.492.2040","Fossil Lagoon","d__Bacteria","Planctomycetota","Phycisphaerae","Phycisphaerales","AKAU3564_sediment_group","AKAU3564_sediment_group",NA
"LN571006.1.1384","Fossil Lagoon","d__Bacteria","Acidobacteriota","Vicinamibacteria","Vicinamibacterales","Vicinamibacteraceae","Vicinamibacteraceae",NA
"JN977360.1.1555","Fossil Lagoon","d__Bacteria","Desulfobacterota","Desulfobacteria","Desulfobacterales","Desulfosarcinaceae","SEEP-SRB1",NA
"JN825629.1.1420","Fossil Lagoon","d__Bacteria","Hydrogenedentes","Hydrogenedentia","Hydrogenedentiales","Hydrogenedensaceae","Hydrogenedensaceae",NA
"HM598249.1.1487","Fossil Lagoon","d__Bacteria","Proteobacteria","Gammaproteobacteria","Cellvibrionales","Porticoccaceae","C1-B045","uncultured_bacterium"
"JN230030.1.1441","Fossil Lagoon","d__Bacteria","WS2","WS2","WS2","WS2","WS2","uncultured_bacterium"
"JN662062.1.1380","Fossil Lagoon","d__Bacteria","Actinobacteriota","Acidimicrobiia","Actinomarinales","uncultured","uncultured",NA
"KY418178.1.1220","Fossil Lagoon","d__Bacteria","Proteobacteria","Alphaproteobacteria","Caulobacterales","Caulobacteraceae","Brevundimonas","Brevundimonas_diminuta"
"JX870272.1.917","Fossil Lagoon","d__Archaea","Thermoplasmatota","Thermoplasmata","Marine_Benthic_Group_D_and_DHVEG-1","Marine_Benthic_Group_D_and_DHVEG-1","Marine_Benthic_Group_D_and_DHVEG-1","uncultured_archaeon"
"DQ522931.1.1290","Fossil Lagoon","d__Archaea","Thermoplasmatota","Thermoplasmata","uncultured","uncultured","uncultured","uncultured_eukaryote"
"EU487992.1.1464","Fossil Lagoon","d__Bacteria","Chloroflexi","Anaerolineae","SBR1031","SBR1031","SBR1031","uncultured_bacterium"
"KR086481.1.1483","Fossil Lagoon","d__Bacteria","Planctomycetota","Phycisphaerae","Phycisphaerales","Phycisphaeraceae","Urania-1B-19_marine_sediment_group",NA
"AM709744.1.1353","Fossil Lagoon","d__Bacteria","Chloroflexi","KD4-96","KD4-96","KD4-96","KD4-96","uncultured_Gram-positive"
"JQ801013.1.1525","Fossil Lagoon","d__Bacteria","Planctomycetota","OM190","OM190","OM190","OM190","uncultured_bacterium"
"EU328009.1.1481","Fossil Lagoon","d__Bacteria","Bacteroidota","Bacteroidia","Cytophagales","Cyclobacteriaceae","Fulvivirga",NA
"JN437018.1.1399","Fossil Lagoon","d__Bacteria","Myxococcota","Myxococcia","Myxococcales","Myxococcaceae","P3OB-42","uncultured_organism"
"JX227388.1.1514","Fossil Lagoon","d__Bacteria","Planctomycetota","Pla3_lineage","Pla3_lineage","Pla3_lineage","Pla3_lineage","uncultured_planctomycete"
"KF032904.1.1417","Fossil Lagoon","d__Bacteria","Desulfobacterota","Desulfarculia","Desulfarculales","Desulfarculaceae","Desulfocarbo","Desulfocarbo_indianensis"
"JX226879.1.1519","Fossil Lagoon","d__Bacteria","NB1-j","NB1-j","NB1-j","NB1-j","NB1-j",NA
"FPLS01013918.18.1474","Fossil Lagoon","d__Bacteria","Proteobacteria","Alphaproteobacteria","Rhodobacterales","Rhodobacteraceae",NA,NA
"AM935595.1.1339","Fossil Lagoon","d__Bacteria","Actinobacteriota","Acidimicrobiia","IMCC26256","IMCC26256","IMCC26256",NA
"JN860387.1.1505","Fossil Lagoon","d__Bacteria","Proteobacteria","Gammaproteobacteria","Arenicellales","Arenicellaceae","uncultured","uncultured_Methylococcaceae"
"KJ191977.1.1447","Fossil Lagoon","d__Bacteria","Proteobacteria","Alphaproteobacteria","Rhizobiales","Hyphomicrobiaceae","uncultured","uncultured_bacterium"
"FM242427.1.1458","Fossil Lagoon","d__Bacteria","Proteobacteria","Alphaproteobacteria","Micavibrionales","Micavibrionales","Micavibrionales","uncultured_Alphaproteobacteria"
"JQ245907.1.948","Fossil Lagoon","d__Archaea","Crenarchaeota","Bathyarchaeia","Bathyarchaeia","Bathyarchaeia","Bathyarchaeia","uncultured_methanogenic"
"KF268856.1.1380","Fossil Lagoon","d__Bacteria","Desulfobacterota","Desulfobacteria","Desulfobacterales","Desulfobacteraceae","Desulfobacter",NA
"JN489904.1.1410","Fossil Lagoon","d__Bacteria","Planctomycetota","Phycisphaerae","Phycisphaerales","AKAU3564_sediment_group","AKAU3564_sediment_group",NA
"HF922301.1.1376","Fossil Lagoon","d__Archaea","Crenarchaeota","Bathyarchaeia","Bathyarchaeia","Bathyarchaeia","Bathyarchaeia","uncultured_miscellaneous"
"EU236408.1.1422","Fossil Lagoon","d__Bacteria","Planctomycetota","OM190","OM190","OM190","OM190","uncultured_bacterium"
"EU592416.1.1538","Fossil Lagoon","d__Bacteria","Latescibacterota","Latescibacterota","Latescibacterota","Latescibacterota","Latescibacterota",NA
"JF833593.1.1428","Fossil Lagoon","d__Bacteria","Actinobacteriota","Actinobacteria","Corynebacteriales","Mycobacteriaceae","Mycobacterium",NA
"KF624540.1.1329","Fossil Lagoon","d__Bacteria","Campilobacterota","Campylobacteria","Campylobacterales","Sulfurimonadaceae","Sulfurimonas",NA
"JN230070.1.1484","Fossil Lagoon","d__Bacteria","Calditrichota","Calditrichia","Calditrichales","Calditrichaceae","SM23-31","uncultured_bacterium"
"KC875345.1.1368","Fossil Lagoon","d__Bacteria","Cyanobacteria","Cyanobacteriia","Cyanobacteriales","Nostocaceae","Nostocaceae","Chakia_ciliosa"
"FM165237.1.1502","Fossil Lagoon","d__Bacteria","Myxococcota","Polyangia","MidBa8","MidBa8","MidBa8","uncultured_bacterium"
"FN553950.1.1531","Fossil Lagoon","d__Bacteria","Fermentibacterota","Fermentibacteria","Fermentibacterales","Fermentibacteraceae","Fermentibacteraceae","uncultured_sediment"
"KC357811.1.1456","Fossil Lagoon","d__Bacteria","SAR324_clade(Marine_group_B)","SAR324_clade(Marine_group_B)","SAR324_clade(Marine_group_B)","SAR324_clade(Marine_group_B)","SAR324_clade(Marine_group_B)","Candidatus_Nitrosoarchaeum"
"FN553593.1.1519","Fossil Lagoon","d__Bacteria","Gemmatimonadota","PAUC43f_marine_benthic_group","PAUC43f_marine_benthic_group","PAUC43f_marine_benthic_group","PAUC43f_marine_benthic_group",NA
"FJ517044.1.1484","Fossil Lagoon","d__Bacteria","Bacteroidota","Bacteroidia","Sphingobacteriales","Lentimicrobiaceae","Lentimicrobiaceae","uncultured_Cytophagales"
"JX391481.1.1503","Fossil Lagoon","d__Bacteria","Proteobacteria","Gammaproteobacteria",NA,NA,NA,NA
"HQ697792.1.1480","Fossil Lagoon","d__Bacteria","Bacteroidota","Bacteroidia","Bacteroidales","Prolixibacteraceae","uncultured",NA
"DQ395007.1.1504","Fossil Lagoon","d__Bacteria","Myxococcota","Polyangia","VHS-B4-70","VHS-B4-70","VHS-B4-70","uncultured_organism"
"AY771960.1.1520","Fossil Lagoon","d__Bacteria","Desulfobacterota","Desulfobulbia","Desulfobulbales","Desulfobulbaceae","uncultured",NA
"JN531217.1.1319","Fossil Lagoon","d__Bacteria","Chloroflexi","Anaerolineae","SBR1031","SBR1031","SBR1031",NA
"GU118166.1.1439","Fossil Lagoon","d__Bacteria","Actinobacteriota","Acidimicrobiia","Microtrichales","Microtrichaceae","uncultured","uncultured_bacterium"
"AY211679.1.1368","Fossil Lagoon","d__Bacteria","Desulfobacterota","Dissulfuribacteria","Dissulfuribacterales","Dissulfuribacteraceae",NA,NA
"KM356384.1.1479","Fossil Lagoon","d__Bacteria","Latescibacterota","Latescibacterota","Latescibacterota","Latescibacterota","Latescibacterota","uncultured_bacterium"
"GQ472450.1.1438","Fossil Lagoon","d__Bacteria","Planctomycetota","Planctomycetes","Pirellulales","Pirellulaceae",NA,NA
"DQ811870.1.1468","Fossil Lagoon","d__Bacteria","Chloroflexi","Anaerolineae","SBR1031","SBR1031","SBR1031",NA
"JN429984.1.1461","Fossil Lagoon","d__Bacteria","Planctomycetota","Phycisphaerae","MSBL9","SG8-4","SG8-4","uncultured_organism"
"EU488324.1.1517","Fossil Lagoon","d__Bacteria","Latescibacterota","Latescibacterota","Latescibacterota","Latescibacterota","Latescibacterota","uncultured_bacterium"
"HQ692039.1.1327","Fossil Lagoon","d__Archaea","Thermoplasmatota","Thermoplasmata","Marine_Benthic_Group_D_and_DHVEG-1","Marine_Benthic_Group_D_and_DHVEG-1","Marine_Benthic_Group_D_and_DHVEG-1","uncultured_euryarchaeote"
"JN530250.1.1343","Fossil Lagoon","d__Bacteria","Planctomycetota","Phycisphaerae","MSBL9","SG8-4","SG8-4","uncultured_organism"
"EU707310.1.1489","Fossil Lagoon","d__Bacteria","Proteobacteria","Gammaproteobacteria","Cellvibrionales","Halieaceae","OM60(NOR5)_clade",NA
"KM356762.1.1455","Fossil Lagoon","d__Bacteria","Bacteroidota","Bacteroidia","Chitinophagales","Saprospiraceae",NA,NA
"AB369283.1.1079","Fossil Lagoon","d__Archaea","Thermoplasmatota","Thermoplasmata","Marine_Benthic_Group_D_and_DHVEG-1","Marine_Benthic_Group_D_and_DHVEG-1","Marine_Benthic_Group_D_and_DHVEG-1",NA
"HQ153952.1.1420","Fossil Lagoon","d__Bacteria","Proteobacteria","Gammaproteobacteria","Thiotrichales","Thiotrichaceae","uncultured",NA
"FJ873366.1.1419","Fossil Lagoon","d__Bacteria","Desulfobacterota","Desulfobacteria","Desulfobacterales","Desulfosarcinaceae","SEEP-SRB1",NA
"HQ697790.1.1470","Fossil Lagoon","d__Bacteria","Proteobacteria","Gammaproteobacteria","Ga0077536","Ga0077536","Ga0077536",NA
"AJ290833.1.1242","Fossil Lagoon","d__Bacteria","Bacteroidota","Chlorobia","Chlorobiales","Chlorobiaceae","Prosthecochloris",NA
"JQ515727.1.1464","Fossil Lagoon","d__Bacteria","Proteobacteria","Alphaproteobacteria","Kiloniellales","Kiloniellaceae","Tistlia","uncultured_Pelagibius"
"JX504416.1.1540","Fossil Lagoon","d__Bacteria","Planctomycetota","Planctomycetes","Pirellulales","Pirellulaceae",NA,NA
"KJ569670.1.1454","Fossil Lagoon","d__Bacteria","WS2","WS2","WS2","WS2","WS2","uncultured_bacterium"
"GU197473.1.1522","Fossil Lagoon","d__Bacteria","Myxococcota","Polyangia","VHS-B3-70","VHS-B3-70","VHS-B3-70","uncultured_delta"
"EU134383.1.1392","Fossil Lagoon","d__Bacteria","Myxococcota","Polyangia","Haliangiales","Haliangiaceae","Haliangium",NA
"FJ902297.1.1191","Fossil Lagoon","d__Archaea","Thermoplasmatota","Thermoplasmata","Marine_Benthic_Group_D_and_DHVEG-1","Marine_Benthic_Group_D_and_DHVEG-1","Marine_Benthic_Group_D_and_DHVEG-1",NA
"JQ580002.1.1516","Fossil Lagoon","d__Bacteria","Latescibacterota","Latescibacterota","Latescibacterota","Latescibacterota","Latescibacterota",NA
"EF367557.1.942","Fossil Lagoon","d__Archaea","Crenarchaeota","Bathyarchaeia","Bathyarchaeia","Bathyarchaeia","Bathyarchaeia","uncultured_miscellaneous"
"HQ697718.1.1528","Fossil Lagoon","d__Bacteria","Gemmatimonadota","BD2-11_terrestrial_group","BD2-11_terrestrial_group","BD2-11_terrestrial_group","BD2-11_terrestrial_group","uncultured_forest"
"DQ334651.1.1228","Fossil Lagoon","d__Bacteria","Proteobacteria","Alphaproteobacteria","Rhodobacterales","Rhodobacteraceae",NA,NA
"HG739000.1.1455","Fossil Lagoon","d__Bacteria","Campilobacterota","Campylobacteria","Campylobacterales","Sulfurimonadaceae","Sulfurimonas",NA
"EU734937.1.1565","Fossil Lagoon","d__Bacteria","MBNT15","MBNT15","MBNT15","MBNT15","MBNT15",NA
"HQ691990.1.1411","Fossil Lagoon","d__Bacteria","Desulfobacterota","Desulfobacteria","Desulfatiglandales","Desulfatiglandaceae","Desulfatiglans","uncultured_bacterium"
"HM171830.1.943","Fossil Lagoon","d__Archaea","Crenarchaeota","Bathyarchaeia","Bathyarchaeia","Bathyarchaeia","Bathyarchaeia","uncultured_miscellaneous"
"AJ581837.1.1462","Fossil Lagoon","d__Bacteria","Proteobacteria","Gammaproteobacteria","Methylococcales","Methylohalobiaceae","Methylohalobius",NA
"MG601296.1.1380","Fossil Lagoon","d__Bacteria","Chloroflexi","Anaerolineae","uncultured","uncultured","uncultured","uncultured_Chloroflexi"
"KC001664.1.1370","Fossil Lagoon","d__Bacteria","Planctomycetota","Pla3_lineage","Pla3_lineage","Pla3_lineage","Pla3_lineage","unidentified_marine"
"KP682305.1.1475","Fossil Lagoon","d__Bacteria","Desulfobacterota","Desulfovibrionia","Desulfovibrionales","Desulfovibrionaceae","Desulfovibrio","Desulfovibrio_hontreensis"
"JN672203.1.1254","Fossil Lagoon","d__Bacteria","Proteobacteria","Alphaproteobacteria","Rhizobiales","Methyloligellaceae","uncultured",NA
"KM823767.1.1542","Fossil Lagoon","d__Bacteria","Zixibacteria","Zixibacteria","Zixibacteria","Zixibacteria","Zixibacteria","uncultured_bacterium"
"JX222000.1.1519","Fossil Lagoon","d__Bacteria","Proteobacteria","Gammaproteobacteria","Gammaproteobacteria_Incertae_Sedis","Unknown_Family","uncultured",NA
"MG601388.1.1502","Fossil Lagoon","d__Bacteria","Dependentiae","Babeliae","Babeliales","Babeliales","Babeliales","uncultured_bacterium"
"JF344653.1.1529","Fossil Lagoon","d__Bacteria","Desulfobacterota","Desulfobacteria","Desulfobacterales","Desulfosarcinaceae",NA,NA
"AF317742.1.1506","Fossil Lagoon","d__Bacteria","Calditrichota","Calditrichia","Calditrichales","Calditrichaceae","Calorithrix","unidentified_bacterium"
"JQ716270.1.1524","Fossil Lagoon","d__Bacteria","Chloroflexi","Anaerolineae","Ardenticatenales","uncultured","uncultured",NA
"AY592049.1.1235","Fossil Lagoon","d__Archaea","Aenigmarchaeota","Deep_Sea_Euryarchaeotic_Group(DSEG)","Deep_Sea_Euryarchaeotic_Group(DSEG)","Deep_Sea_Euryarchaeotic_Group(DSEG)","Deep_Sea_Euryarchaeotic_Group(DSEG)","uncultured_archaeon"
"KX097130.1.1467","Fossil Lagoon","d__Bacteria","Chloroflexi","Anaerolineae","Ardenticatenales","uncultured","uncultured",NA
"EF208694.1.1474","Fossil Lagoon","d__Bacteria","Planctomycetota","Planctomycetes","Pirellulales","Pirellulaceae","Pir4_lineage","uncultured_bacterium"
"AB189692.1.1315","Fossil Lagoon","d__Bacteria","Chloroflexi","Dehalococcoidia","vadinBA26","vadinBA26","vadinBA26","uncultured_bacterium"
"KT122181.1.1544","Fossil Lagoon","d__Bacteria","Planctomycetota","Planctomycetes","Pirellulales","Pirellulaceae","Pir4_lineage",NA
"KJ754661.1.1226","Fossil Lagoon","d__Bacteria","Proteobacteria","Gammaproteobacteria","Ga0077536","Ga0077536","Ga0077536",NA
"DQ811803.1.1524","Fossil Lagoon","d__Bacteria","Myxococcota","Polyangia","MSB-4B10","MSB-4B10","MSB-4B10","uncultured_delta"
"GQ347302.1.1341","Fossil Lagoon","d__Bacteria","Proteobacteria","Alphaproteobacteria","Defluviicoccales","uncultured","uncultured",NA
"AY592491.1.1265","Fossil Lagoon","d__Archaea","Aenigmarchaeota","Deep_Sea_Euryarchaeotic_Group(DSEG)","Deep_Sea_Euryarchaeotic_Group(DSEG)","Deep_Sea_Euryarchaeotic_Group(DSEG)","Deep_Sea_Euryarchaeotic_Group(DSEG)","uncultured_archaeon"
"FJ901592.1.1390","Fossil Lagoon","d__Bacteria","Sva0485","Sva0485","Sva0485","Sva0485","Sva0485",NA
"JQ672628.1.1479","Fossil Lagoon","d__Bacteria","Proteobacteria","Gammaproteobacteria","Cellvibrionales","Cellvibrionaceae","Aestuariicella","Pseudomaricurvus_alcaniphilus"
"AB694350.1.1419","Fossil Lagoon","d__Bacteria","NB1-j","NB1-j","NB1-j","NB1-j","NB1-j","uncultured_marine"
"KM823748.1.1491","Fossil Lagoon","d__Bacteria","Chloroflexi","Anaerolineae","SBR1031","SBR1031","SBR1031","anaerobic_bacterium"
"HQ857673.1.1427","Fossil Lagoon","d__Bacteria","Proteobacteria","Alphaproteobacteria","Caulobacterales","Parvularculaceae",NA,NA
"KF268832.1.1372","Fossil Lagoon","d__Bacteria","Proteobacteria","Gammaproteobacteria","Ectothiorhodospirales","Ectothiorhodospiraceae","Thiogranum","uncultured_gamma"
"EU652608.1.1517","Fossil Lagoon","d__Bacteria","Myxococcota","Polyangia","Haliangiales","Haliangiaceae","Haliangium",NA
"KX014151.1.1492","Fossil Lagoon","d__Bacteria","Bacteroidota","Rhodothermia","Rhodothermales","Rhodothermaceae","uncultured",NA
"EU592448.1.1469","Fossil Lagoon","d__Bacteria","Planctomycetota","Planctomycetes","Pirellulales","Pirellulaceae",NA,NA
"JQ989453.1.1415","Fossil Lagoon","d__Archaea","Thermoplasmatota","Thermoplasmata","uncultured","uncultured","uncultured","uncultured_archaeon"
"DQ270650.1.1476","Fossil Lagoon","d__Bacteria","Actinobacteriota","Acidimicrobiia","Microtrichales","Microtrichaceae","uncultured",NA
"EF515944.1.1487","Fossil Lagoon","d__Bacteria","Acidobacteriota","Vicinamibacteria","Vicinamibacterales","uncultured","uncultured","uncultured_bacterium"
"FJ813523.1.1519","Fossil Lagoon","d__Bacteria","Desulfobacterota","Desulfobacteria","Desulfobacterales","Desulfobacteraceae",NA,NA
"AB807151.1.1475","Fossil Lagoon","d__Bacteria","Planctomycetota","vadinHA49","vadinHA49","vadinHA49","vadinHA49","uncultured_bacterium"
"EF999369.1.1522","Fossil Lagoon","d__Bacteria","Acidobacteriota","Subgroup_22","Subgroup_22","Subgroup_22","Subgroup_22","uncultured_organism"
"KM051822.1.1449","Fossil Lagoon","d__Bacteria","Planctomycetota","Phycisphaerae","Phycisphaerales","Phycisphaeraceae","SM1A02","uncultured_bacterium"
"AB525449.1.1407","Fossil Lagoon","d__Bacteria","Chloroflexi","Anaerolineae","SBR1031","SBR1031","SBR1031","uncultured_organism"
"JN123545.1.1497","Fossil Lagoon","d__Bacteria","Planctomycetota","Phycisphaerae","mle1-8","mle1-8","mle1-8","uncultured_bacterium"
"AB722231.1.1289","Fossil Lagoon","d__Bacteria","Chloroflexi","Dehalococcoidia","S085","S085","S085","metagenome"
"KM396664.1.1391","Fossil Lagoon","d__Bacteria","Nitrospirota","Nitrospiria","Nitrospirales","Nitrospiraceae","Nitrospira","uncultured_Nitrospirae"
"LN570442.1.1309","Fossil Lagoon","d__Bacteria","Proteobacteria","Alphaproteobacteria","Caulobacterales","Hyphomonadaceae",NA,NA
"KF596670.1.1506","Fossil Lagoon","d__Bacteria","Gemmatimonadota","PAUC43f_marine_benthic_group","PAUC43f_marine_benthic_group","PAUC43f_marine_benthic_group","PAUC43f_marine_benthic_group","uncultured_bacterium"
"KC682665.1.1526","Fossil Lagoon","d__Bacteria","Planctomycetota","Planctomycetes","Planctomycetales","Gimesiaceae","uncultured",NA
"JF809701.1.1414","Fossil Lagoon","d__Bacteria","Entotheonellaeota","Entotheonellia","Entotheonellales","Entotheonellaceae","Entotheonellaceae","uncultured_bacterium"
"KJ572472.1.1335","Fossil Lagoon","d__Bacteria","Proteobacteria","Alphaproteobacteria","Rhizobiales","Stappiaceae","Labrenzia","uncultured_Labrenzia"
"JF809791.1.1419","Fossil Lagoon","d__Bacteria","Planctomycetota","OM190","OM190","OM190","OM190","uncultured_bacterium"
"EF123560.1.1484","Fossil Lagoon","d__Bacteria","Bacteroidota","Bacteroidia","Cytophagales","Cyclobacteriaceae","Fulvivirga","uncultured_Bacteroidetes"
"GQ357014.1.1479","Fossil Lagoon","d__Bacteria","Campilobacterota","Campylobacteria","Campylobacterales","Arcobacteraceae","uncultured",NA
"CP003360.3288170.3289606","Fossil Lagoon","d__Bacteria","Desulfobacterota","Desulfomonilia","Desulfomonilales","Desulfomonilaceae","Desulfomonile",NA
"AB795487.1.1422","Fossil Lagoon","d__Bacteria","Proteobacteria","Gammaproteobacteria","Burkholderiales","Rhodocyclaceae",NA,NA
"KT223194.1.1437","Fossil Lagoon","d__Bacteria","Proteobacteria","Alphaproteobacteria","Defluviicoccales","uncultured","uncultured",NA
"JX878996.1.1453","Fossil Lagoon","d__Bacteria","Proteobacteria","Gammaproteobacteria","Cellvibrionales","Cellvibrionaceae","Agaribacterium","uncultured_bacterium"
"JQ989365.1.1407","Fossil Lagoon","d__Archaea","Thermoplasmatota","Thermoplasmata","Marine_Benthic_Group_D_and_DHVEG-1","Marine_Benthic_Group_D_and_DHVEG-1","Marine_Benthic_Group_D_and_DHVEG-1","uncultured_archaeon"
"KX097731.1.1480","Fossil Lagoon","d__Bacteria","Planctomycetota","Phycisphaerae","Phycisphaerales","Phycisphaeraceae","uncultured",NA
"KF786977.1.1400","Fossil Lagoon","d__Bacteria","Verrucomicrobiota","Verrucomicrobiae","Verrucomicrobiales","Rubritaleaceae","Roseibacillus","uncultured_Verrucomicrobiaceae"
"KY489984.1.1429","Fossil Lagoon","d__Bacteria","Proteobacteria","Alphaproteobacteria","Kiloniellales","Fodinicurvataceae","Rhodovibrio",NA
"JX870267.1.915","Fossil Lagoon","d__Archaea","Thermoplasmatota","Thermoplasmata","Marine_Benthic_Group_D_and_DHVEG-1","Marine_Benthic_Group_D_and_DHVEG-1","Marine_Benthic_Group_D_and_DHVEG-1",NA
"MG601321.1.1531","Fossil Lagoon","d__Bacteria","Desulfobacterota","Desulfobacteria","Desulfatiglandales","Desulfatiglandaceae","Desulfatiglans",NA
"JNLE01000003.974176.975689","Fossil Lagoon","d__Bacteria","Firmicutes","Clostridia","Lachnospirales","Lachnospiraceae","Anaerocolumna",NA
"KJ754682.1.1267","Fossil Lagoon","d__Bacteria","Bacteroidota","Bacteroidia","Flavobacteriales","Flavobacteriaceae","Muricauda",NA
"JQ327877.1.912","Fossil Lagoon","d__Archaea","Thermoplasmatota","Thermoplasmata","uncultured","uncultured","uncultured",NA
"KU195387.1.1455","Fossil Lagoon","d__Bacteria","Proteobacteria","Alphaproteobacteria","Rhodobacterales","Rhodobacteraceae",NA,NA
"AB232362.1.1289","Fossil Lagoon","d__Bacteria","Desulfobacterota","Desulfovibrionia","Desulfovibrionales","Desulfovibrionaceae","Desulfovibrio","Desulfovibrio_hontreensis"
"JX280351.1.1436","Fossil Lagoon","d__Bacteria","Proteobacteria","Alphaproteobacteria","Rhodospirillales","Magnetospiraceae","uncultured",NA
"JX441508.1.1517","Fossil Lagoon","d__Bacteria","Myxococcota","Polyangia","Polyangiales","Sandaracinaceae","uncultured","myxobacterium_SIBN-17"
"GQ349135.1.1410","Fossil Lagoon","d__Bacteria","Desulfobacterota","Desulfuromonadia","PB19","PB19","PB19","uncultured_bacterium"
"AM935014.1.1326","Fossil Lagoon","d__Bacteria","Chloroflexi","Dehalococcoidia","S085","S085","S085","metagenome"
"KM356661.1.1482","Fossil Lagoon","d__Bacteria","Marinimicrobia_(SAR406_clade)","Marinimicrobia_(SAR406_clade)","Marinimicrobia_(SAR406_clade)","Marinimicrobia_(SAR406_clade)","Marinimicrobia_(SAR406_clade)","uncultured_bacterium"
"JN539338.1.1441","Fossil Lagoon","d__Bacteria","Planctomycetota","Pla3_lineage","Pla3_lineage","Pla3_lineage","Pla3_lineage","uncultured_organism"
"FN820325.1.1533","Fossil Lagoon","d__Bacteria","Desulfobacterota","Desulfobacteria","Desulfobacterales","Desulfosarcinaceae","SEEP-SRB1",NA
"AB672148.1.1491","Fossil Lagoon","d__Bacteria","Verrucomicrobiota","Verrucomicrobiae","Pedosphaerales","Pedosphaeraceae",NA,NA
"JN499453.1.1413","Fossil Lagoon","d__Bacteria","Bacteroidota","Bacteroidia","Bacteroidales",NA,NA,NA
"JN860371.1.1464","Fossil Lagoon","d__Bacteria","Proteobacteria","Alphaproteobacteria","Thalassobaculales","uncultured","uncultured","uncultured_Rhodospirillaceae"
"JX504479.1.1534","Fossil Lagoon","d__Bacteria","Proteobacteria","Gammaproteobacteria","Granulosicoccales","uncultured","uncultured","uncultured_bacterium"
"EU592421.1.1525","Fossil Lagoon","d__Bacteria","Desulfobacterota","Desulfobacteria","Desulfatiglandales","Desulfatiglandaceae","Desulfatiglans","uncultured_bacterium"
"AM882535.1.1493","Fossil Lagoon","d__Bacteria","Proteobacteria","Gammaproteobacteria","Arenicellales","Arenicellaceae","Candidatus_Thiosymbion","gamma_proteobacterium"
"KC925991.1.917","Fossil Lagoon","d__Archaea","Crenarchaeota","Bathyarchaeia","Bathyarchaeia","Bathyarchaeia","Bathyarchaeia",NA
"KM357125.1.914","Fossil Lagoon","d__Archaea","Asgardarchaeota","Lokiarchaeia","Lokiarchaeia","Lokiarchaeia","Lokiarchaeia","uncultured_archaeon"
"EU491336.1.1475","Fossil Lagoon","d__Bacteria","Proteobacteria","Alphaproteobacteria","Rhodospirillales","Magnetospiraceae","uncultured",NA
"EF999364.1.1520","Fossil Lagoon","d__Bacteria","Myxococcota","Polyangia","Haliangiales","Haliangiaceae","Haliangium","uncultured_deep-sea"
"AB806194.1.1465","Fossil Lagoon","d__Bacteria","Elusimicrobiota","Elusimicrobia","MD2894-B20","MD2894-B20","MD2894-B20","uncultured_bacterium"
"KJ817751.1.1511","Fossil Lagoon","d__Bacteria","Zixibacteria","Zixibacteria","Zixibacteria","Zixibacteria","Zixibacteria","uncultured_bacterium"
"DQ811920.1.1484","Fossil Lagoon","d__Bacteria","Acidobacteriota","Subgroup_18","Subgroup_18","Subgroup_18","Subgroup_18",NA
"JX040404.1.1482","Fossil Lagoon","d__Bacteria","Planctomycetota","Planctomycetes","Pirellulales","Pirellulaceae","uncultured","uncultured_Planctomycetaceae"
"DQ469584.1.1297","Fossil Lagoon","d__Bacteria","Proteobacteria","Gammaproteobacteria","Ectothiorhodospirales","Thioalkalispiraceae",NA,NA
"FJ628311.1.1482","Fossil Lagoon","d__Bacteria","Chloroflexi","Anaerolineae","Anaerolineales","Anaerolineaceae","uncultured","uncultured_Chloroflexi"
"KX173258.1.1419","Fossil Lagoon","d__Bacteria","Proteobacteria","Alphaproteobacteria","Parvibaculales","PS1_clade","PS1_clade",NA
"JN977313.1.1562","Fossil Lagoon","d__Bacteria","Planctomycetota","Pla4_lineage","Pla4_lineage","Pla4_lineage","Pla4_lineage","uncultured_bacterium"
"HQ597771.1.1448","Fossil Lagoon","d__Bacteria","Acidobacteriota","Acidobacteriae","PAUC26f","PAUC26f","PAUC26f","metagenome"
"EF203636.1.955","Fossil Lagoon","d__Archaea","Crenarchaeota","Bathyarchaeia","Bathyarchaeia","Bathyarchaeia","Bathyarchaeia","uncultured_archaeon"
"KP174653.1.1409","Fossil Lagoon","d__Bacteria","Bacteroidota","Bacteroidia","Chitinophagales","Saprospiraceae","uncultured","bacterium_YC-LK-LKJ25"
"LC322231.1.1201","Fossil Lagoon","d__Bacteria","Proteobacteria","Gammaproteobacteria","Burkholderiales","Alcaligenaceae",NA,NA
"KJ540794.1.1479","San Pedro River","d__Bacteria","Myxococcota","Polyangia","Polyangiales","BIrii41","BIrii41","metagenome"
"EU386017.1.1469","San Pedro River","d__Bacteria","Elusimicrobiota","Elusimicrobia","MD2894-B20","MD2894-B20","MD2894-B20","uncultured_bacterium"
"KR825012.1.1521","San Pedro River","d__Bacteria","Desulfobacterota","Syntrophia","Syntrophales","uncultured","uncultured",NA
"LN567307.1.1331","San Pedro River","d__Bacteria","Proteobacteria","Alphaproteobacteria","Rhizobiales","Methyloligellaceae","uncultured",NA
"DQ363844.1.926","San Pedro River","d__Archaea","Thermoplasmatota","Thermoplasmata","uncultured","uncultured","uncultured","uncultured_archaeon"
"JN825359.1.1338","San Pedro River","d__Bacteria","Proteobacteria","Alphaproteobacteria","Caulobacterales","Hyphomonadaceae","Maricaulis",NA
"KF624234.1.1322","San Pedro River","d__Bacteria","Desulfobacterota","Desulfuromonadia","Desulfuromonadia","Geopsychrobacteraceae",NA,NA
"DQ499300.1.1518","San Pedro River","d__Bacteria","WPS-2","WPS-2","WPS-2","WPS-2","WPS-2","uncultured_bacterium"
"GU584849.1.1399","San Pedro River","d__Bacteria","Verrucomicrobiota","Verrucomicrobiae","Opitutales","Puniceicoccaceae","Cerasicoccus","uncultured_deep-sea"
"AY454667.1.1023","San Pedro River","d__Archaea","Nanoarchaeota","Nanoarchaeia","Woesearchaeales","Woesearchaeales","Woesearchaeales","uncultured_crenarchaeote"
"JX521779.1.1486","San Pedro River","d__Bacteria","Campilobacterota","Campylobacteria","Campylobacterales","Sulfurimonadaceae","Sulfurimonas",NA
"HQ916656.1.1410","San Pedro River","d__Bacteria","Planctomycetota","vadinHA49","vadinHA49","vadinHA49","vadinHA49","uncultured_bacterium"
"JX227077.1.1505","San Pedro River","d__Bacteria","Proteobacteria","Gammaproteobacteria","MBMPE27","MBMPE27","MBMPE27","uncultured_gamma"
"JN825524.1.1516","San Pedro River","d__Bacteria","NB1-j","NB1-j","NB1-j","NB1-j","NB1-j",NA
"KR814251.1.1519","San Pedro River","d__Bacteria","NB1-j","NB1-j","NB1-j","NB1-j","NB1-j",NA
"FJ517001.1.1522","San Pedro River","d__Bacteria","Acidobacteriota","Vicinamibacteria","Subgroup_17","Subgroup_17","Subgroup_17",NA
"AM997752.1.1517","San Pedro River","d__Bacteria","Myxococcota","Myxococcia","Myxococcales","Myxococcaceae","P3OB-42",NA
"FR682642.1.1532","San Pedro River","d__Bacteria","Desulfobacterota","Desulfobacteria","Desulfobacterales","Desulfosarcinaceae","SEEP-SRB1",NA
"GU369887.1.1386","San Pedro River","d__Bacteria","Campilobacterota","Campylobacteria","Campylobacterales","Sulfurovaceae","Sulfurovum",NA
"JQ197623.1.1367","San Pedro River","d__Bacteria","Desulfobacterota","Desulfobulbia","Desulfobulbales","Desulfocapsaceae",NA,NA
"FN396951.1.1294","San Pedro River","d__Bacteria","Proteobacteria","Alphaproteobacteria","Sphingomonadales","Sphingomonadaceae",NA,NA
"GU982811.1.1237","San Pedro River","d__Bacteria","Desulfobacterota","Desulfobacteria","Desulfobacterales","Desulfosarcinaceae","SEEP-SRB1",NA
"DQ676291.1.1416","San Pedro River","d__Bacteria","Proteobacteria","Gammaproteobacteria","Chromatiales","Chromatiaceae","uncultured",NA
"JF727679.1.1510","San Pedro River","d__Bacteria","Proteobacteria","Gammaproteobacteria","Nitrosococcales","Nitrosococcaceae","Inmirania","uncultured_gamma"
"AF082790.1.1334","San Pedro River","d__Bacteria","Proteobacteria","Alphaproteobacteria","Caulobacterales","Hyphomonadaceae","Hyphomonas",NA
"HQ397454.1.1497","San Pedro River","d__Bacteria","Dadabacteria","Dadabacteriia","Dadabacteriales","Dadabacteriales","Dadabacteriales","uncultured_bacterium"
"KC009926.1.1453","San Pedro River","d__Bacteria","Proteobacteria","Gammaproteobacteria","Ectothiorhodospirales","Thioalkalispiraceae","Thioalkalispira-Sulfurivermis",NA
"DQ289929.1.1415","San Pedro River","d__Bacteria","Latescibacterota","Latescibacteria","Latescibacterales","Latescibacteraceae","Latescibacteraceae","uncultured_actinobacterium"
"KX173160.1.1462","San Pedro River","d__Bacteria","Proteobacteria","Gammaproteobacteria","Steroidobacterales","Woeseiaceae","Woeseia",NA
"JN539775.1.1421","San Pedro River","d__Bacteria","Actinobacteriota","WCHB1-81","WCHB1-81","WCHB1-81","WCHB1-81",NA
"JN489515.1.1245","San Pedro River","d__Bacteria","Latescibacterota","Latescibacterota","Latescibacterota","Latescibacterota","Latescibacterota","uncultured_organism"
"EU373999.1.1465","San Pedro River","d__Bacteria","Planctomycetota","Phycisphaerae","Phycisphaerales","Phycisphaeraceae","Urania-1B-19_marine_sediment_group",NA
"MG563291.1.1462","San Pedro River","d__Bacteria","Proteobacteria","Alphaproteobacteria","Rhodospirillales","Magnetospiraceae","Magnetospiraceae",NA
"EU245558.1.1502","San Pedro River","d__Bacteria","Spirochaetota","Spirochaetia","Spirochaetales","Spirochaetaceae","Sediminispirochaeta","uncultured_Spirochaetes"
"JN178164.1.1507","San Pedro River","d__Bacteria","Proteobacteria","Alphaproteobacteria","Rhizobiales","uncultured","uncultured","uncultured_Rhizobiales"
"JN430925.1.1427","San Pedro River","d__Bacteria","Proteobacteria","Gammaproteobacteria","Chromatiales","Chromatiaceae","Thiohalocapsa","uncultured_organism"
"KX088595.1.1526","San Pedro River","d__Bacteria","NB1-j","NB1-j","NB1-j","NB1-j","NB1-j",NA
"AB916877.1.1298","San Pedro River","d__Bacteria","Proteobacteria","Alphaproteobacteria","Rhodobacterales","Rhodobacteraceae",NA,NA
"AM997875.1.1458","San Pedro River","d__Bacteria","Proteobacteria","Alphaproteobacteria","Rhodospirillales","Magnetospiraceae","uncultured",NA
"HQ190505.1.1506","San Pedro River","d__Bacteria","Bacteroidota","Bacteroidia","Cytophagales","Cyclobacteriaceae","uncultured","uncultured_bacterium"
"JN500282.1.1283","San Pedro River","d__Bacteria","Spirochaetota","Spirochaetia","Spirochaetales","Spirochaetaceae","Sediminispirochaeta","uncultured_organism"
"KX621320.1.1240","San Pedro River","d__Bacteria","Proteobacteria","Alphaproteobacteria","Rhizobiales","Rhizobiaceae","Allorhizobium-Neorhizobium-Pararhizobium-Rhizobium",NA
"HM780066.1.1538","San Pedro River","d__Bacteria","Desulfobacterota","uncultured","uncultured","uncultured","uncultured",NA
"JX120424.1.1494","San Pedro River","d__Bacteria","Proteobacteria","Gammaproteobacteria","Acidiferrobacterales","Acidiferrobacteraceae","Sulfurifustis","uncultured_Thiotrichaceae"
"AB630605.1.1446","San Pedro River","d__Bacteria","Planctomycetota","Planctomycetes","Pirellulales","Pirellulaceae","Pirellula","uncultured_organism"
"HQ190507.1.1533","San Pedro River","d__Bacteria","Gemmatimonadota","BD2-11_terrestrial_group","BD2-11_terrestrial_group","BD2-11_terrestrial_group","BD2-11_terrestrial_group","uncultured_bacterium"
"HM998477.1.935","San Pedro River","d__Archaea","Asgardarchaeota","Lokiarchaeia","Lokiarchaeia","Lokiarchaeia","Lokiarchaeia","uncultured_archaeon"
"JN387403.1.1328","San Pedro River","d__Bacteria","WS2","WS2","WS2","WS2","WS2","uncultured_microorganism"
"KC432329.1.1330","San Pedro River","d__Bacteria","Planctomycetota","Planctomycetes","Planctomycetales","Rubinisphaeraceae","Planctomicrobium","uncultured_bacterium"
"EU487956.1.1463","San Pedro River","d__Bacteria","Chloroflexi","Anaerolineae","SBR1031","SBR1031","SBR1031","uncultured_bacterium"
"EU617819.1.1461","San Pedro River","d__Bacteria","WS2","WS2","WS2","WS2","WS2","uncultured_Firmicutes"
"JX391752.1.1521","San Pedro River","d__Bacteria","Desulfobacterota","Desulfobulbia","Desulfobulbales","Desulfobulbaceae","uncultured",NA
"JQ800977.1.1543","San Pedro River","d__Bacteria","Verrucomicrobiota","Verrucomicrobiae","Pedosphaerales","Pedosphaeraceae","Pedosphaeraceae","uncultured_bacterium"
"JN454246.1.1418","San Pedro River","d__Bacteria","Proteobacteria","Gammaproteobacteria",NA,NA,NA,NA
"JN478379.1.1472","San Pedro River","d__Bacteria","Latescibacterota","Latescibacteria","Latescibacterales","Latescibacteraceae","Candidatus_Latescibacter","uncultured_organism"
"EU771840.1.1404","San Pedro River","d__Bacteria","Firmicutes","Bacilli","Bacillales","Planococcaceae",NA,NA
"JX504414.1.1538","San Pedro River","d__Bacteria","Myxococcota","Polyangia","Polyangiales","Sandaracinaceae","uncultured",NA
"DQ816645.1.1434","San Pedro River","d__Bacteria","Firmicutes","Clostridia","Clostridiales","Clostridiaceae","Clostridium_sensu_stricto_3",NA
"EU487973.1.1543","San Pedro River","d__Bacteria","Desulfobacterota","Desulfobacteria","Desulfobacterales","Desulfosarcinaceae","SEEP-SRB1",NA
"JQ199082.1.1345","San Pedro River","d__Bacteria","Campilobacterota","Campylobacteria","Campylobacterales","Arcobacteraceae","uncultured",NA
"KT880430.1.1498","San Pedro River","d__Bacteria","Proteobacteria","Gammaproteobacteria","Steroidobacterales","Woeseiaceae","Woeseia",NA
"AB807221.1.1484","San Pedro River","d__Bacteria","Planctomycetota","Phycisphaerae","MSBL9","SG8-4","SG8-4","uncultured_bacterium"
"GQ356868.1.915","San Pedro River","d__Archaea","Thermoplasmatota","Thermoplasmata","Marine_Benthic_Group_D_and_DHVEG-1","Marine_Benthic_Group_D_and_DHVEG-1","Marine_Benthic_Group_D_and_DHVEG-1","uncultured_archaeon"
"JX504477.1.1566","San Pedro River","d__Bacteria","Desulfobacterota","Desulfobacteria","Desulfatiglandales","Desulfatiglandaceae","Desulfatiglans",NA
"AB611660.1.902","San Pedro River","d__Archaea","Micrarchaeota","Micrarchaeia","Micrarchaeales","Micrarchaeales","Micrarchaeales","uncultured_euryarchaeote"
"KF836249.1.1518","San Pedro River","d__Bacteria","NB1-j","NB1-j","NB1-j","NB1-j","NB1-j",NA
"HQ330559.1.1396","San Pedro River","d__Bacteria","Acidobacteriota","Aminicenantia","Aminicenantales","Aminicenantales","Aminicenantales","uncultured_Aminicenantes"
"AQXJ01000007.6623.8153","San Pedro River","d__Bacteria","Planctomycetota","vadinHA49","vadinHA49","vadinHA49","vadinHA49","bacterium_UW"
"DQ463694.1.1513","San Pedro River","d__Bacteria","Sva0485","Sva0485","Sva0485","Sva0485","Sva0485","uncultured_Desulfobulbaceae"
"JX001110.1.1484","San Pedro River","d__Bacteria","Gemmatimonadota","BD2-11_terrestrial_group","BD2-11_terrestrial_group","BD2-11_terrestrial_group","BD2-11_terrestrial_group","unidentified_bacterium"
"EU335325.1.1524","San Pedro River","d__Bacteria","Myxococcota","bacteriap25","bacteriap25","bacteriap25","bacteriap25",NA
"JX984004.1.1266","San Pedro River","d__Bacteria","Verrucomicrobiota","Lentisphaeria","P.palmC41","P.palmC41","P.palmC41",NA
"HG739017.1.1460","San Pedro River","d__Bacteria","Campilobacterota","Campylobacteria","Campylobacterales","Sulfurimonadaceae","Sulfurimonas","uncultured_prokaryote"
"AB807244.1.1495","San Pedro River","d__Bacteria","Planctomycetota","Phycisphaerae","Pla1_lineage","Pla1_lineage","Pla1_lineage","uncultured_bacterium"
"EU734982.1.1521","San Pedro River","d__Bacteria","Nitrospirota","Thermodesulfovibrionia","uncultured","uncultured","uncultured","uncultured_Nitrospiraceae"
"FJ652500.1.1364","San Pedro River","d__Bacteria","Planctomycetota","Phycisphaerae","CCM11a","CCM11a","CCM11a","uncultured_Planctomycetales"
"FJ484419.1.1254","San Pedro River","d__Bacteria","Planctomycetota","ODP123","ODP123","ODP123","ODP123","uncultured_planctomycete"
"GQ410792.1.920","San Pedro River","d__Archaea","Thermoplasmatota","Thermoplasmata","Marine_Benthic_Group_D_and_DHVEG-1","Marine_Benthic_Group_D_and_DHVEG-1","Marine_Benthic_Group_D_and_DHVEG-1","uncultured_archaeon"
"EU050770.1.1433","San Pedro River","d__Bacteria","Proteobacteria","Alphaproteobacteria","Kiloniellales","Kiloniellaceae","uncultured","uncultured_beta"
"KC967412.1.1394","San Pedro River","d__Bacteria","Firmicutes","Clostridia","Clostridiales","Clostridiaceae",NA,NA
"FM165241.1.1522","San Pedro River","d__Bacteria","Desulfobacterota","Desulfobacteria","Desulfobacterales","Desulfosarcinaceae","Sva0081_sediment_group",NA
"GU056071.1.1529","San Pedro River","d__Bacteria","Gemmatimonadota","BD2-11_terrestrial_group","BD2-11_terrestrial_group","BD2-11_terrestrial_group","BD2-11_terrestrial_group","uncultured_bacterium"
"FPLS01013161.14.1531","San Pedro River","d__Bacteria","Proteobacteria","Gammaproteobacteria","CCD24","CCD24","CCD24","uncultured_bacterium"
"AM162442.1.1442","San Pedro River","d__Bacteria","Proteobacteria","Alphaproteobacteria","Rhizobiales","Rhodomicrobiaceae","Rhodomicrobium","uncultured_bacterium"
"JN230088.1.1421","San Pedro River","d__Bacteria","Proteobacteria","Alphaproteobacteria",NA,NA,NA,NA
"EU283556.1.1354","San Pedro River","d__Bacteria","Planctomycetota","Phycisphaerae","MSBL9","4572-13","4572-13",NA
"KJ578027.1.1461","San Pedro River","d__Bacteria","Proteobacteria","Alphaproteobacteria","Kiloniellales","Kiloniellaceae","Tagaea","uncultured_bacterium"
"JX001088.1.1427","San Pedro River","d__Bacteria","Chloroflexi","Dehalococcoidia","vadinBA26","vadinBA26","vadinBA26","uncultured_bacterium"
"HQ727633.1.1498","San Pedro River","d__Bacteria","Bacteroidota","Bacteroidia","Chitinophagales","Saprospiraceae","Phaeodactylibacter","uncultured_Sphingobacteriales"
"GU208341.1.1456","San Pedro River","d__Bacteria","Zixibacteria","Zixibacteria","Zixibacteria","Zixibacteria","Zixibacteria","uncultured_prokaryote"
"HQ003612.1.1519","San Pedro River","d__Bacteria","PAUC34f","PAUC34f","PAUC34f","PAUC34f","PAUC34f","uncultured_Deferribacteres"
"FJ516771.1.1487","San Pedro River","d__Bacteria","Bacteroidota","Bacteroidia","Flavobacteriales","Cryomorphaceae","Vicingus",NA
"JX193323.1.1525","San Pedro River","d__Bacteria","Planctomycetota","Planctomycetes","Pirellulales","Pirellulaceae","Rubripirellula","uncultured_bacterium"
"EU491458.1.1488","San Pedro River","d__Bacteria","Planctomycetota","Planctomycetes","Pirellulales","Pirellulaceae","Pir4_lineage","uncultured_bacterium"
"KX088596.1.1457","San Pedro River","d__Bacteria","Proteobacteria","Alphaproteobacteria","Sphingomonadales","Sphingomonadaceae",NA,NA
"KC178609.1.1210","San Pedro River","d__Bacteria","Proteobacteria","Gammaproteobacteria","Pseudomonadales","Pseudomonadaceae","Pseudomonas",NA
"KT165130.1.932","San Pedro River","d__Archaea","Asgardarchaeota","Lokiarchaeia","Lokiarchaeia","Lokiarchaeia","Lokiarchaeia","uncultured_crenarchaeote"
"HM103868.1.923","San Pedro River","d__Archaea","Altiarchaeota","Altiarchaeia","Altiarchaeales","Altiarchaeaceae","Candidatus_Altiarchaeum","uncultured_archaeon"
"EU488085.1.1465","San Pedro River","d__Bacteria","Chloroflexi","Anaerolineae","uncultured","uncultured","uncultured","uncultured_bacterium"
"JQ579914.1.1485","San Pedro River","d__Bacteria","Bacteroidota","Bacteroidia","Chitinophagales","Saprospiraceae","Portibacter",NA
"AB530170.1.1511","San Pedro River","d__Bacteria","Proteobacteria","Gammaproteobacteria","Thiomicrospirales","Thiomicrospiraceae","endosymbionts",NA
"FM242462.1.1505","San Pedro River","d__Bacteria","Proteobacteria","Gammaproteobacteria",NA,NA,NA,NA
"HQ163470.1.1376","San Pedro River","d__Bacteria","Proteobacteria","Gammaproteobacteria","Oceanospirillales","Pseudohongiellaceae","Pseudohongiella","uncultured_gamma"
"AP012978.2211833.2213332","San Pedro River","d__Bacteria","Proteobacteria","Gammaproteobacteria",NA,NA,NA,NA
"KJ191195.1.1460","San Pedro River","d__Bacteria","Proteobacteria","Alphaproteobacteria","Emcibacterales","Emcibacteraceae","Emcibacter",NA
"DQ330175.1.1341","San Pedro River","d__Bacteria","Chloroflexi","Dehalococcoidia","GIF9","AB-539-J10","AB-539-J10","uncultured_organism"
"EU385763.1.1431","San Pedro River","d__Bacteria","Chloroflexi","Dehalococcoidia","FW22","FW22","FW22","uncultured_bacterium"
"GQ926252.1.940","San Pedro River","d__Archaea","Crenarchaeota","Bathyarchaeia","Bathyarchaeia","Bathyarchaeia","Bathyarchaeia","uncultured_miscellaneous"
"FN553515.1.1520","San Pedro River","d__Bacteria","Gemmatimonadota","BD2-11_terrestrial_group","BD2-11_terrestrial_group","BD2-11_terrestrial_group","BD2-11_terrestrial_group",NA
"JN825522.1.1421","San Pedro River","d__Bacteria","NB1-j","NB1-j","NB1-j","NB1-j","NB1-j",NA
"DQ330057.1.1335","San Pedro River","d__Bacteria","Chloroflexi","Anaerolineae","SBR1031","SBR1031","SBR1031","uncultured_microorganism"
"JN535993.1.1427","San Pedro River","d__Bacteria","Planctomycetota","Phycisphaerae","Phycisphaerales","Phycisphaeraceae","Urania-1B-19_marine_sediment_group","uncultured_organism"
"KF964596.1.1490","San Pedro River","d__Bacteria","Actinobacteriota","Acidimicrobiia","Actinomarinales","uncultured","uncultured","uncultured_compost"
"KX418769.1.1427","San Pedro River","d__Bacteria","Proteobacteria","Alphaproteobacteria","Caulobacterales","Parvularculaceae",NA,NA
"JQ579896.1.1498","San Pedro River","d__Bacteria","Proteobacteria","Gammaproteobacteria","Thiotrichales","Thiotrichaceae","uncultured","uncultured_gamma"
"HM069040.1.1428","San Pedro River","d__Bacteria","Chloroflexi","Dehalococcoidia","S085","S085","S085","uncultured_bacterium"
"GU584517.1.1404","San Pedro River","d__Bacteria","Proteobacteria","Gammaproteobacteria","KI89A_clade","KI89A_clade","KI89A_clade","uncultured_bacterium"
"FJ716459.1.1305","San Pedro River","d__Bacteria","Planctomycetota","Phycisphaerae","Pla1_lineage","Pla1_lineage","Pla1_lineage","uncultured_bacterium"
"EU280221.1.1398","San Pedro River","d__Archaea","Thermoplasmatota","Thermoplasmata","Marine_Benthic_Group_D_and_DHVEG-1","Marine_Benthic_Group_D_and_DHVEG-1","Marine_Benthic_Group_D_and_DHVEG-1","uncultured_archaeon"
"KY625502.1.1206","San Pedro River","d__Bacteria","Firmicutes","Bacilli","Bacillales","Bacillaceae","Bacillus",NA
"GQ410910.1.929","San Pedro River","d__Archaea","Thermoplasmatota","Thermoplasmata","Marine_Benthic_Group_D_and_DHVEG-1","Marine_Benthic_Group_D_and_DHVEG-1","Marine_Benthic_Group_D_and_DHVEG-1",NA
"AB799218.1.1422","San Pedro River","d__Archaea","Asgardarchaeota","Lokiarchaeia","Lokiarchaeia","Lokiarchaeia","Lokiarchaeia","uncultured_archaeon"
"EU652631.1.1526","San Pedro River","d__Bacteria","Gemmatimonadota","BD2-11_terrestrial_group","BD2-11_terrestrial_group","BD2-11_terrestrial_group","BD2-11_terrestrial_group","uncultured_bacterium"
"HQ845896.1.1414","San Pedro River","d__Bacteria","Myxococcota","Polyangia","Polyangiales","BIrii41","BIrii41","uncultured_bacterium"
"JN533458.1.1471","San Pedro River","d__Bacteria","FW113","FW113","FW113","FW113","FW113","uncultured_bacterium"
"MG309436.1.1437","San Pedro River","d__Bacteria","Firmicutes","Bacilli","Bacillales","Bacillaceae",NA,NA
"AM882598.1.1523","San Pedro River","d__Bacteria","Desulfobacterota","Desulfobacteria","Desulfobacterales","Desulfosarcinaceae","Sva0081_sediment_group",NA
"MG264276.1.1310","San Pedro River","d__Bacteria","Chloroflexi","Anaerolineae","Anaerolineales","Anaerolineaceae","uncultured","bacterium"
"JN509712.1.1488","San Pedro River","d__Bacteria","Desulfobacterota","Desulfobacteria","Desulfobacterales","Desulfosarcinaceae","SEEP-SRB1","uncultured_organism"
"JX227674.1.1519","San Pedro River","d__Bacteria","NB1-j","NB1-j","NB1-j","NB1-j","NB1-j",NA
"JQ455259.1.1251","San Pedro River","d__Bacteria","Proteobacteria","Gammaproteobacteria","Pasteurellales","Pasteurellaceae","Haemophilus",NA
"JN811715.1.1433","San Pedro River","d__Bacteria","Desulfobacterota","Desulfobacteria","Desulfatiglandales","Desulfatiglandaceae","Desulfatiglans","uncultured_bacterium"
"EU488089.1.1484","San Pedro River","d__Bacteria","Chloroflexi","Anaerolineae","SBR1031","SBR1031","SBR1031","uncultured_organism"
"AB250555.1.1420","San Pedro River","d__Bacteria","Chloroflexi","Anaerolineae","Anaerolineales","Anaerolineaceae","Thermomarinilinea","uncultured_bacterium"
"JF320720.1.1479","San Pedro River","d__Bacteria","Acidobacteriota","Thermoanaerobaculia","Thermoanaerobaculales","Thermoanaerobaculaceae","Subgroup_23",NA
"JN536787.1.1372","San Pedro River","d__Bacteria","Caldatribacteriota","JS1","JS1","JS1","JS1","uncultured_organism"
"JN672652.1.1434","San Pedro River","d__Bacteria","Planctomycetota","Planctomycetes","Pirellulales","Pirellulaceae","uncultured","uncultured_deep-sea"
"HQ270263.1.1494","San Pedro River","d__Bacteria","Bacteroidota","Rhodothermia","Rhodothermales","Rhodothermaceae","uncultured",NA
"EU728658.1.1299","San Pedro River","d__Bacteria","Proteobacteria","Alphaproteobacteria","Kiloniellales","Kiloniellaceae","Tistlia","Tistlia_consotensis"
"JX504252.1.1535","San Pedro River","d__Bacteria","Nitrospirota","Nitrospiria","Nitrospirales","Nitrospiraceae","Nitrospira","unidentified_bacterium"
"KX097365.1.1460","San Pedro River","d__Bacteria","Proteobacteria","Gammaproteobacteria","Ectothiorhodospirales","Thioalkalispiraceae","Thiohalophilus",NA
"EU488013.1.1526","San Pedro River","d__Bacteria","Calditrichota","Calditrichia","Calditrichales","Calditrichaceae","Calditrichaceae","uncultured_bacterium"
"KF624407.1.1366","San Pedro River","d__Bacteria","Desulfobacterota","Desulfobacteria","Desulfobacterales","Desulfosarcinaceae","Sva0081_sediment_group","uncultured_delta"
"KX097206.1.1520","San Pedro River","d__Bacteria","NB1-j","NB1-j","NB1-j","NB1-j","NB1-j",NA
"KF616740.1.1465","San Pedro River","d__Bacteria","Bacteroidota","Ignavibacteria","Ignavibacteriales","PHOS-HE36","PHOS-HE36","uncultured_bacterium"
"FR823365.1.1520","San Pedro River","d__Bacteria","Desulfobacterota","Desulfobacteria","Desulfobacterales","Desulfosarcinaceae",NA,NA
"KJ572428.1.1449","San Pedro River","d__Bacteria","Proteobacteria","Gammaproteobacteria",NA,NA,NA,NA
"LGIA01000015.3810.5317","San Pedro River","d__Bacteria","Bacteroidota","Bacteroidia","Bacteroidales","Prolixibacteraceae","Sunxiuqinia",NA
"HM243925.1.1524","San Pedro River","d__Bacteria","Verrucomicrobiota","Omnitrophia","Omnitrophales","Omnitrophaceae","Candidatus_Omnitrophus","Omnitrophica_bacterium"
"HM244133.1.903","San Pedro River","d__Archaea","Aenigmarchaeota","Aenigmarchaeia","Aenigmarchaeales","Aenigmarchaeales","Aenigmarchaeales","uncultured_euryarchaeote"
"AM889152.1.1514","San Pedro River","d__Bacteria","Acidobacteriota","Thermoanaerobaculia","Thermoanaerobaculales","Thermoanaerobaculaceae","Subgroup_23",NA
"JN539463.1.1483","San Pedro River","d__Bacteria","Spirochaetota","Spirochaetia","Spirochaetales","Spirochaetaceae","Spirochaeta",NA
"AB801210.1.1398","San Pedro River","d__Archaea","Thermoplasmatota","Thermoplasmata","Marine_Benthic_Group_D_and_DHVEG-1","Marine_Benthic_Group_D_and_DHVEG-1","Marine_Benthic_Group_D_and_DHVEG-1","uncultured_archaeon"
"JN391635.1.1431","San Pedro River","d__Bacteria","Proteobacteria","Alphaproteobacteria","Caulobacterales","Hyphomonadaceae","SWB02","uncultured_Alphaproteobacteria"
"DQ363768.1.955","San Pedro River","d__Archaea","Crenarchaeota","Bathyarchaeia","Bathyarchaeia","Bathyarchaeia","Bathyarchaeia",NA
"JQ287329.1.1483","San Pedro River","d__Bacteria","Bacteroidota","Bacteroidia","Chitinophagales","uncultured","uncultured","uncultured_bacterium"
"JN525798.1.1418","San Pedro River","d__Bacteria","Spirochaetota","Spirochaetia","Spirochaetales","Spirochaetaceae","Spirochaeta",NA
"AQRO01000115.17633.19169","San Pedro River","d__Bacteria","Latescibacterota","Latescibacteria","Latescibacterales","Latescibacteraceae","Latescibacteraceae","Latescibacteria_bacterium"
"FJ264664.1.1530","San Pedro River","d__Bacteria","Marinimicrobia_(SAR406_clade)","Marinimicrobia_(SAR406_clade)","Marinimicrobia_(SAR406_clade)","Marinimicrobia_(SAR406_clade)","Marinimicrobia_(SAR406_clade)","uncultured_bacterium"
"EU734975.1.1513","San Pedro River","d__Bacteria","Nitrospirota","Thermodesulfovibrionia","uncultured","uncultured","uncultured",NA
"EU330396.1.1509","San Pedro River","d__Bacteria","Planctomycetota","Planctomycetes","Planctomycetales","Gimesiaceae","uncultured",NA
"JF727680.1.1511","San Pedro River","d__Bacteria","Proteobacteria","Gammaproteobacteria","Nitrosococcales","Nitrosococcaceae","Inmirania","uncultured_gamma"
"FJ786113.1.1251","San Pedro River","d__Bacteria","Desulfobacterota","Desulfobacteria","Desulfobacterales","Desulfosarcinaceae","Sva0081_sediment_group",NA
"GU208294.1.1470","San Pedro River","d__Bacteria","Desulfobacterota","Desulfobacteria","Desulfatiglandales","Desulfatiglandaceae","Desulfatiglans","uncultured_prokaryote"
"EU487976.1.1526","San Pedro River","d__Bacteria","Planctomycetota","Phycisphaerae","MSBL9","SG8-4","SG8-4","uncultured_bacterium"
"KP861644.1.1421","San Pedro River","d__Bacteria","Proteobacteria","Alphaproteobacteria","Rhizobiales","Rhizobiaceae","Aureimonas",NA
"HE817859.1.1470","San Pedro River","d__Bacteria","Gemmatimonadota","BD2-11_terrestrial_group","BD2-11_terrestrial_group","BD2-11_terrestrial_group","BD2-11_terrestrial_group","metagenome"
"GU061446.1.1474","San Pedro River","d__Bacteria","Proteobacteria","Alphaproteobacteria","uncultured","uncultured","uncultured","uncultured_marine"
"AF317764.1.1458","San Pedro River","d__Bacteria","Nitrospirota","Nitrospiria","Nitrospirales","Nitrospiraceae","Nitrospira","unidentified_bacterium"
"JQ516575.1.1387","San Pedro River","d__Bacteria","Proteobacteria","Alphaproteobacteria","Kiloniellales","Kiloniellaceae","uncultured","uncultured_Rhodospirillaceae"
"KC009859.1.1307","San Pedro River","d__Bacteria","Proteobacteria","Alphaproteobacteria","Rhodospirillales","Magnetospiraceae","Magnetovibrio",NA
"JF344332.1.1515","San Pedro River","d__Bacteria","Acidobacteriota","Subgroup_22","Subgroup_22","Subgroup_22","Subgroup_22","uncultured_Acidobacteria"
"FJ746252.1.1434","San Pedro River","d__Bacteria","Chloroflexi","JG30-KF-CM66","JG30-KF-CM66","JG30-KF-CM66","JG30-KF-CM66","uncultured_bacterium"
"JF344499.1.1514","San Pedro River","d__Bacteria","NB1-j","NB1-j","NB1-j","NB1-j","NB1-j",NA
"KX097711.1.1517","San Pedro River","d__Bacteria","Acidobacteriota","Subgroup_22","Subgroup_22","Subgroup_22","Subgroup_22",NA
"JF769579.1.1457","San Pedro River","d__Bacteria","Proteobacteria","Alphaproteobacteria","Caulobacterales","Parvularculaceae","uncultured","uncultured_bacterium"
"KM356353.1.1446","San Pedro River","d__Bacteria","Planctomycetota","Planctomycetes","Pirellulales","Pirellulaceae","uncultured",NA
"JN447304.1.1413","San Pedro River","d__Bacteria","Spirochaetota","Spirochaetia","Spirochaetales","Spirochaetaceae","Spirochaeta_2","uncultured_organism"
"JF495329.1.1248","San Pedro River","d__Bacteria","Desulfobacterota","Desulfobacteria","Desulfatiglandales","Desulfatiglandaceae","Desulfatiglans","uncultured_bacterium"
"JQ579851.1.1461","San Pedro River","d__Bacteria","Proteobacteria","Gammaproteobacteria","Ectothiorhodospirales","Ectothiorhodospiraceae","Thiogranum","uncultured_gamma"
"KT122148.1.1526","San Pedro River","d__Bacteria","Gemmatimonadota","BD2-11_terrestrial_group","BD2-11_terrestrial_group","BD2-11_terrestrial_group","BD2-11_terrestrial_group","uncultured_Gemmatimonadetes"
"JN672634.1.1463","San Pedro River","d__Bacteria","Planctomycetota","Planctomycetes","Pirellulales","Pirellulaceae","Pir4_lineage",NA
"AM997774.1.1464","San Pedro River","d__Bacteria","Chloroflexi","Dehalococcoidia","SAR202_clade","SAR202_clade","SAR202_clade","uncultured_Thermomicrobium"
"JQ580464.1.1522","San Pedro River","d__Bacteria","Planctomycetota","Phycisphaerae","Phycisphaerales","AKAU3564_sediment_group","AKAU3564_sediment_group","uncultured_planctomycete"
"HQ910309.1.1469","San Pedro River","d__Bacteria","Chloroflexi","Dehalococcoidia","SAR202_clade","SAR202_clade","SAR202_clade","uncultured_Thermomicrobium"
"MG264189.1.1343","San Pedro River","d__Bacteria","Proteobacteria","Alphaproteobacteria","Kiloniellales","Kiloniellaceae","Pelagibius","uncultured_Alphaproteobacteria"
"GQ143803.1.1483","San Pedro River","d__Bacteria","Chloroflexi","Dehalococcoidia","MSBL5","MSBL5","MSBL5","uncultured_bacterium"
"EF123613.1.1496","San Pedro River","d__Bacteria","Campilobacterota","Campylobacteria","Campylobacterales","Arcobacteraceae","uncultured",NA
"EF208701.1.1493","San Pedro River","d__Bacteria","Chloroflexi","Anaerolineae","uncultured","uncultured","uncultured",NA
"AB694396.1.1421","San Pedro River","d__Bacteria","NB1-j","NB1-j","NB1-j","NB1-j","NB1-j","uncultured_organism"
"EF367579.1.914","San Pedro River","d__Archaea","Crenarchaeota","Nitrososphaeria","Nitrosopumilales","Nitrosopumilaceae","Candidatus_Nitrosopumilus","uncultured_archaeon"
"JX120434.1.1481","San Pedro River","d__Bacteria","Bacteroidota","Bacteroidia","Bacteroidales","Bacteroidetes_BD2-2","Bacteroidetes_BD2-2",NA
"LN562385.1.1333","San Pedro River","d__Bacteria","Proteobacteria","Alphaproteobacteria","Rhizobiales",NA,NA,NA
"EF687589.1.1343","San Pedro River","d__Archaea","Asgardarchaeota","Odinarchaeia","Odinarchaeia","Odinarchaeia","Odinarchaeia","uncultured_crenarchaeote"
"AB801402.1.1398","San Pedro River","d__Archaea","Thermoplasmatota","Thermoplasmata","Marine_Benthic_Group_D_and_DHVEG-1","Marine_Benthic_Group_D_and_DHVEG-1","Marine_Benthic_Group_D_and_DHVEG-1","uncultured_archaeon"
"AB694421.1.1382","San Pedro River","d__Bacteria","Chloroflexi","JG30-KF-CM66","JG30-KF-CM66","JG30-KF-CM66","JG30-KF-CM66","uncultured_bacterium"
"JF344186.1.1498","San Pedro River","d__Bacteria","Proteobacteria","Gammaproteobacteria","Thiotrichales","Thiotrichaceae","uncultured","uncultured_proteobacterium"
"KX172390.1.1477","San Pedro River","d__Bacteria","Verrucomicrobiota","Verrucomicrobiae","Verrucomicrobiales","DEV007","DEV007","uncultured_bacterium"
"KX422145.1.1501","San Pedro River","d__Bacteria","Proteobacteria","Gammaproteobacteria",NA,NA,NA,NA
"KC442859.1.1491","San Pedro River","d__Bacteria","Chloroflexi","Anaerolineae","SBR1031","A4b","A4b",NA
"FJ203521.1.1390","San Pedro River","d__Bacteria","Proteobacteria","Alphaproteobacteria","Caulobacterales","Parvularculaceae",NA,NA
"AY592110.1.1333","San Pedro River","d__Bacteria","Gemmatimonadota","BD2-11_terrestrial_group","BD2-11_terrestrial_group","BD2-11_terrestrial_group","BD2-11_terrestrial_group","unidentified_bacterium"
"JX227143.1.1532","San Pedro River","d__Bacteria","Myxococcota","Myxococcia","Myxococcales","Myxococcaceae","P3OB-42","uncultured_bacterium"
"KJ817568.1.1520","San Pedro River","d__Bacteria","Gemmatimonadota","PAUC43f_marine_benthic_group","PAUC43f_marine_benthic_group","PAUC43f_marine_benthic_group","PAUC43f_marine_benthic_group","uncultured_bacterium"
"AB468957.1.1487","San Pedro River","d__Bacteria","Proteobacteria","Gammaproteobacteria",NA,NA,NA,NA
"LT548922.1.1362","San Pedro River","d__Bacteria","Proteobacteria","Gammaproteobacteria","Chromatiales","Sedimenticolaceae",NA,NA
"AB177180.1.1421","San Pedro River","d__Bacteria","Sva0485","Sva0485","Sva0485","Sva0485","Sva0485",NA
"AM911370.1.1385","San Pedro River","d__Bacteria","Actinobacteriota","Acidimicrobiia","Microtrichales","Microtrichaceae","uncultured",NA
"JX391170.1.1474","San Pedro River","d__Bacteria","Campilobacterota","Campylobacteria","Campylobacterales","Sulfurimonadaceae","Sulfurimonas",NA
"DQ395035.1.1523","San Pedro River","d__Bacteria","Desulfobacterota","Desulfobulbia","Desulfobulbales","Desulfobulbaceae","uncultured",NA
"AP011791.5515.7014","San Pedro River","d__Bacteria","Chloroflexi","Anaerolineae","Ardenticatenales","uncultured","uncultured","uncultured_organism"
"LN570785.1.1386","San Pedro River","d__Bacteria","Myxococcota","Polyangia","Polyangiales","BIrii41","BIrii41",NA
"JN508929.1.1458","San Pedro River","d__Bacteria","Myxococcota","Myxococcia","Myxococcales","Myxococcaceae","P3OB-42","uncultured_organism"
"AF181991.1.1460","San Pedro River","d__Bacteria","Proteobacteria","Gammaproteobacteria","Thiotrichales","Thiotrichaceae","uncultured","sulfur-oxidizing_bacterium"
"KF463825.1.1203","San Pedro River","d__Bacteria","Proteobacteria","Gammaproteobacteria","B2M28","B2M28","B2M28","uncultured_gamma"
"EU488314.1.1524","San Pedro River","d__Bacteria","Sva0485","Sva0485","Sva0485","Sva0485","Sva0485","uncultured_Desulfobulbaceae"
"JN518843.1.1429","San Pedro River","d__Bacteria","Firmicutes","Bacilli","Thermoactinomycetales","Thermoactinomycetaceae","uncultured",NA
"EF208708.1.1476","San Pedro River","d__Bacteria","Chloroflexi","Dehalococcoidia","GIF9","AB-539-J10","SCGC-AB-539-J10","uncultured_bacterium"
"DQ395065.1.1520","San Pedro River","d__Bacteria","NB1-j","NB1-j","NB1-j","NB1-j","NB1-j",NA
"JN517970.1.1438","San Pedro River","d__Bacteria","Desulfobacterota","Desulfobacteria","Desulfatiglandales","Desulfatiglandaceae","Desulfatiglans","uncultured_organism"
"EU236371.1.1344","San Pedro River","d__Bacteria","Planctomycetota","Phycisphaerae","Phycisphaerales","Phycisphaeraceae","Urania-1B-19_marine_sediment_group","uncultured_bacterium"
"JN977255.1.1526","San Pedro River","d__Bacteria","Planctomycetota","Planctomycetes","Pirellulales","Pirellulaceae",NA,NA
"HQ397364.1.1497","San Pedro River","d__Bacteria","Bacteroidota","Rhodothermia","Rhodothermales","Rhodothermaceae","uncultured","uncultured_bacterium"
"HQ697735.1.1468","San Pedro River","d__Bacteria","Chloroflexi","Anaerolineae","Ardenticatenales","uncultured","uncultured","uncultured_Ardenticatenia"
"LN561524.1.1318","Términos Lagoon","d__Bacteria","Proteobacteria","Alphaproteobacteria","Rhizobiales","Rhizobiaceae",NA,NA
"EU487913.1.1482","Términos Lagoon","d__Bacteria","Chloroflexi","Anaerolineae","Anaerolineales","Anaerolineaceae","uncultured",NA
