sample1,sample2,bMNTD,BC,bNTI,RC,process,grupo
S6A1522,S6A07,0.0060060438297204095,0.41349349515485295,-0.41193807694203904,0.8758758758758758,Undominated,Fossil Lagoon
S6A3040,S6A07,0.026298087427158577,0.6106830344143692,2.223395235596522,1,Heterogeneous.Selection,Fossil Lagoon
S6B07,S6A07,0.0034501685639834437,0.3604209351976221,-0.3794040059966443,-0.997997997997998,Homogenizing.Dispersal,Fossil Lagoon
S6B1522,S6A07,0.002558012545535601,0.31635783022321673,-1.3780049506115217,-0.94994994994995,Undominated,Fossil Lagoon
S6B3040,S6A07,0.00873372601816293,0.4450769963965596,-0.3586351736936659,0.987987987987988,Dispersal.Limitation,Fossil Lagoon
S7A07,S6A07,0.008209033296385806,0.47909491696453654,-3.006274276383036,0.997997997997998,Homogeneous.Selection,Fossil Lagoon
S7A1522,S6A07,0.014403508539481476,0.5590486078275723,-1.4316702786610649,1,Dispersal.Limitation,Fossil Lagoon
S7A3040,S6A07,0.025511525623958177,0.6209970043071921,2.2529716301475315,1,Heterogeneous.Selection,Fossil Lagoon
S7A5060,S6A07,0.05975154411347159,0.7311866903529995,6.365425260177444,1,Heterogeneous.Selection,Fossil Lagoon
S7B07,S6A07,0.010358760858426762,0.463341943531853,-2.7814451147869104,0.7437437437437437,Homogeneous.Selection,Fossil Lagoon
S7B1522,S6A07,0.008394391340213959,0.43826995556029,-1.2897509654417827,0.977977977977978,Dispersal.Limitation,Fossil Lagoon
S7B3040,S6A07,0.011484949596413972,0.5167409040882388,-0.2334201967521268,1,Dispersal.Limitation,Fossil Lagoon
S7B5060,S6A07,0.021998750580489237,0.5866141329733074,3.297154707941275,1,Heterogeneous.Selection,Fossil Lagoon
S6A3040,S6A1522,0.007890092413905272,0.5147105384688994,-1.8587212667615896,1,Dispersal.Limitation,Fossil Lagoon
S6B07,S6A1522,0.01819020368455118,0.5907546329485817,0.811846795959208,0.997997997997998,Dispersal.Limitation,Fossil Lagoon
S6B1522,S6A1522,0.0028198858066982805,0.3479478481165299,-1.3692098939593313,-0.3373373373373373,Undominated,Fossil Lagoon
S6B3040,S6A1522,0.0022359066897594754,0.3389919963726534,-2.6184094551927686,0.8858858858858858,Homogeneous.Selection,Fossil Lagoon
S7A07,S6A1522,0.019174469545094115,0.6208194472877255,-1.756319440320985,1,Dispersal.Limitation,Fossil Lagoon
S7A1522,S6A1522,0.004739620342004433,0.38351459217404793,-2.729045047778716,0.98998998998999,Homogeneous.Selection,Fossil Lagoon
S7A3040,S6A1522,0.008470235734884294,0.4639666242522233,-1.509069939691933,1,Dispersal.Limitation,Fossil Lagoon
S7A5060,S6A1522,0.0332444550648477,0.6405904256836027,2.7129402680628942,1,Heterogeneous.Selection,Fossil Lagoon
S7B07,S6A1522,0.027707359996499474,0.6285417703980856,0.34323831994603965,1,Dispersal.Limitation,Fossil Lagoon
S7B1522,S6A1522,0.010080946634241111,0.43835092772642853,-0.9794801272814666,1,Dispersal.Limitation,Fossil Lagoon
S7B3040,S6A1522,0.006078606352837813,0.4550207496917667,-2.394399676484973,1,Homogeneous.Selection,Fossil Lagoon
S7B5060,S6A1522,0.010790927201893981,0.5297349852484015,-0.6780052280447475,1,Dispersal.Limitation,Fossil Lagoon
S6B07,S6A3040,0.039344426823045314,0.5409577276786693,3.0621176295766706,0.9019019019019019,Heterogeneous.Selection,Fossil Lagoon
S6B1522,S6A3040,0.01813377500816968,0.5084387658168018,-0.015094359998022621,1,Dispersal.Limitation,Fossil Lagoon
S6B3040,S6A3040,0.0061853290132839155,0.38548542205041875,-0.5740951071118442,0.9939939939939939,Dispersal.Limitation,Fossil Lagoon
S7A07,S6A3040,0.036285913346213755,0.6816660658541156,1.213978654023198,1,Dispersal.Limitation,Fossil Lagoon
S7A1522,S6A3040,0.0058325982546453626,0.4672855144737532,-0.7403478816992479,1,Dispersal.Limitation,Fossil Lagoon
S7A3040,S6A3040,0.003312106760324895,0.3614721957568207,-0.26329912747860795,0.957957957957958,Dispersal.Limitation,Fossil Lagoon
S7A5060,S6A3040,0.012905820874029462,0.4831546585044547,2.254386770649279,1,Heterogeneous.Selection,Fossil Lagoon
S7B07,S6A3040,0.04687586503785473,0.6412316972122993,4.1526667633791545,1,Heterogeneous.Selection,Fossil Lagoon
S7B1522,S6A3040,0.018447844986564436,0.5609593156465936,1.6675747608009421,1,Dispersal.Limitation,Fossil Lagoon
S7B3040,S6A3040,0.006257370022214886,0.3120222267245149,-0.231994693275548,0.4554554554554555,Undominated,Fossil Lagoon
S7B5060,S6A3040,0.0048365251732170045,0.2643995529400222,-0.7056046841081424,-0.8258258258258259,Undominated,Fossil Lagoon
S6B1522,S6B07,0.00794261901308935,0.3988696067375501,-0.513226215590783,-0.9379379379379379,Undominated,Fossil Lagoon
S6B3040,S6B07,0.0219409667910289,0.5131370892709853,3.4595887177713744,0.6676676676676676,Heterogeneous.Selection,Fossil Lagoon
S7A07,S6B07,0.013234966940842018,0.501514813959112,-0.416944929970637,0.4974974974974975,Undominated,Fossil Lagoon
S7A1522,S6B07,0.030355442081892742,0.6866303670773871,0.8367097605900476,1,Dispersal.Limitation,Fossil Lagoon
S7A3040,S6B07,0.04411295594491878,0.7037814701080802,4.8190581514970585,1,Heterogeneous.Selection,Fossil Lagoon
S7A5060,S6B07,0.07399878892313176,0.76588109289402,8.519731869468973,1,Heterogeneous.Selection,Fossil Lagoon
S7B07,S6B07,0.011567843039998763,0.44384708519431704,-1.9395556733950226,-0.6056056056056056,Undominated,Fossil Lagoon
S7B1522,S6B07,0.017949747539929832,0.5475619227924556,0.48126549442729744,0.927927927927928,Undominated,Fossil Lagoon
S7B3040,S6B07,0.020177185983751122,0.49619186989729996,0.2727448318662856,0.41141141141141135,Undominated,Fossil Lagoon
S7B5060,S6B07,0.032507449110514425,0.5167972725249149,3.9468291133553297,0.7177177177177176,Heterogeneous.Selection,Fossil Lagoon
S6B3040,S6B1522,0.004690111942884184,0.33278536463928243,-1.8942499034061466,-0.6276276276276276,Undominated,Fossil Lagoon
S7A07,S6B1522,0.01439313804992637,0.5568684710154425,-2.3621304392066795,1,Homogeneous.Selection,Fossil Lagoon
S7A1522,S6B1522,0.009544372611820041,0.5217059992906061,-2.8284951322069087,1,Homogeneous.Selection,Fossil Lagoon
S7A3040,S6B1522,0.018024819055087533,0.5822342985301102,0.05904000224575065,1,Dispersal.Limitation,Fossil Lagoon
S7A5060,S6B1522,0.047016475933354854,0.70150875062912,3.996202696104791,1,Heterogeneous.Selection,Fossil Lagoon
S7B07,S6B1522,0.018041422290280277,0.5121804261829239,-1.7087987743332842,0.97997997997998,Dispersal.Limitation,Fossil Lagoon
S7B1522,S6B1522,0.010366059258309721,0.4509059976994986,-1.1140833102327006,0.987987987987988,Dispersal.Limitation,Fossil Lagoon
S7B3040,S6B1522,0.0092308740529648,0.419983837821689,-1.964925837678961,0.9099099099099099,Undominated,Fossil Lagoon
S7B5060,S6B1522,0.01704596844545635,0.4906564377337991,0.488817823124653,1,Dispersal.Limitation,Fossil Lagoon
S7A07,S6B3040,0.020504984762504015,0.591988580724742,-0.5366111685185107,1,Dispersal.Limitation,Fossil Lagoon
S7A1522,S6B3040,0.004501243354812535,0.41069656864916004,-1.4844404181089093,1,Dispersal.Limitation,Fossil Lagoon
S7A3040,S6B3040,0.006411078632197158,0.4418140012668586,0.4877360340741963,1,Dispersal.Limitation,Fossil Lagoon
S7A5060,S6B3040,0.023181176706213027,0.6030479411635062,2.586880541710214,1,Heterogeneous.Selection,Fossil Lagoon
S7B07,S6B3040,0.030701369848829697,0.564839187301088,2.7104477767508985,1,Heterogeneous.Selection,Fossil Lagoon
S7B1522,S6B3040,0.011063091351435106,0.44797855935382325,0.5358810810500286,1,Dispersal.Limitation,Fossil Lagoon
S7B3040,S6B3040,0.00682561532693308,0.3565010776842901,1.35559153677677,1,Dispersal.Limitation,Fossil Lagoon
S7B5060,S6B3040,0.007410958826628924,0.3990688007575269,1.0394326373047762,1,Dispersal.Limitation,Fossil Lagoon
S7A1522,S7A07,0.01805320165625516,0.6596290145216777,-2.312615093723092,1,Homogeneous.Selection,Fossil Lagoon
S7A3040,S7A07,0.028815295006372338,0.6872396858750287,1.1464161060441167,1,Dispersal.Limitation,Fossil Lagoon
S7A5060,S7A07,0.0531857841629687,0.749220016526168,5.260071444452619,1,Heterogeneous.Selection,Fossil Lagoon
S7B07,S7A07,0.003249304869221883,0.27552992312269103,1.0923651232684544,-1,Homogenizing.Dispersal,Fossil Lagoon
S7B1522,S7A07,0.005833012949028462,0.4143893459188787,-0.45484293320155816,1,Dispersal.Limitation,Fossil Lagoon
S7B3040,S7A07,0.0108422933869996,0.5720565828096073,-1.5684568469064086,1,Dispersal.Limitation,Fossil Lagoon
S7B5060,S7A07,0.021049343717128556,0.6338716535666499,1.3342845149251163,1,Dispersal.Limitation,Fossil Lagoon
S7A3040,S7A1522,0.0025440693172262053,0.3211591769810938,0.45436802667090403,0.9719719719719719,Dispersal.Limitation,Fossil Lagoon
S7A5060,S7A1522,0.022375186367696344,0.5832253258825577,2.634873617361163,1,Heterogeneous.Selection,Fossil Lagoon
S7B07,S7A1522,0.03213510230407189,0.6796593189791135,1.4389454374764128,1,Dispersal.Limitation,Fossil Lagoon
S7B1522,S7A1522,0.007523266387185338,0.42132075452726436,-0.08149349468856967,1,Dispersal.Limitation,Fossil Lagoon
S7B3040,S7A1522,0.0032131191721829124,0.36193029322671477,0.07533149259808379,0.9959959959959961,Dispersal.Limitation,Fossil Lagoon
S7B5060,S7A1522,0.00626167740200083,0.4667262224947842,1.2701463187046813,1,Dispersal.Limitation,Fossil Lagoon
S7A5060,S7A3040,0.010227757519938561,0.40782917943165026,2.8646863337278297,0.991991991991992,Heterogeneous.Selection,Fossil Lagoon
S7B07,S7A3040,0.04699296788059391,0.7063194347667243,5.571405073289595,1,Heterogeneous.Selection,Fossil Lagoon
S7B1522,S7A3040,0.011551143999483015,0.5092287270861815,1.1070005432203542,1,Dispersal.Limitation,Fossil Lagoon
S7B3040,S7A3040,0.004538607377605766,0.3639408898134801,2.838983167533029,1,Heterogeneous.Selection,Fossil Lagoon
S7B5060,S7A3040,0.003735236086348892,0.3654497605235302,2.2315702143793206,1,Heterogeneous.Selection,Fossil Lagoon
S7B07,S7A5060,0.07721074100800757,0.7584700132563814,9.709986062006685,1,Heterogeneous.Selection,Fossil Lagoon
S7B1522,S7A5060,0.035081883099710096,0.6528691993697335,4.984588410131673,1,Heterogeneous.Selection,Fossil Lagoon
S7B3040,S7A5060,0.01753051825288518,0.5576718130062778,3.7555241667625507,1,Heterogeneous.Selection,Fossil Lagoon
S7B5060,S7A5060,0.006434049023172177,0.4069731203631867,2.162327738236206,0.98998998998999,Heterogeneous.Selection,Fossil Lagoon
S7B1522,S7B07,0.010106095851518792,0.3795234137858932,2.149942291623981,-0.6176176176176176,Heterogeneous.Selection,Fossil Lagoon
S7B3040,S7B07,0.01698090343646572,0.5257998724643494,1.3734358090956116,0.997997997997998,Dispersal.Limitation,Fossil Lagoon
S7B5060,S7B07,0.03011836372157864,0.5936741842989539,5.03290710511782,1,Heterogeneous.Selection,Fossil Lagoon
S7B3040,S7B1522,0.0031585986783085013,0.39051782829283566,0.011647287191589927,1,Dispersal.Limitation,Fossil Lagoon
S7B5060,S7B1522,0.010453864705380934,0.5016659412648642,2.2543782758909674,1,Heterogeneous.Selection,Fossil Lagoon
S7B5060,S7B3040,0.004140265284674811,0.2579291245485861,1.6778435107168843,0.9939939939939939,Dispersal.Limitation,Fossil Lagoon
S4B1522,S4B07,0.008228798736361816,0.4346055539018287,3.4301854334667006,0.967967967967968,Heterogeneous.Selection,Reforma Waterfalls
S4B3040,S4B07,0.020652085623020483,0.5887489920266332,5.62714165867676,1,Heterogeneous.Selection,Reforma Waterfalls
S4B5565,S4B07,0.024539800055522667,0.5855277706014238,6.102805638748396,1,Heterogeneous.Selection,Reforma Waterfalls
S5A07,S4B07,0.010578316015828816,0.5562995230310579,4.40773905687206,0.5675675675675675,Heterogeneous.Selection,Reforma Waterfalls
S5A1522,S4B07,0.005349880282611028,0.45802542594737444,0.45743218541178227,0.2072072072072073,Undominated,Reforma Waterfalls
S5A3040,S4B07,0.006894106238517477,0.4512478134341376,1.5618055704970966,0.9939939939939939,Dispersal.Limitation,Reforma Waterfalls
S5A5565,S4B07,0.046985534464082365,0.7015433831641115,6.80033573180084,1,Heterogeneous.Selection,Reforma Waterfalls
S5B07,S4B07,0.0024187726475731084,0.3006769385200905,0.5971781588308791,-0.991991991991992,Homogenizing.Dispersal,Reforma Waterfalls
S5B1522,S4B07,0.00821314112256241,0.41923023477759025,1.2949379894664264,0.967967967967968,Dispersal.Limitation,Reforma Waterfalls
S5B3040,S4B07,0.02151666384416515,0.5825836701523563,4.063784244645703,1,Heterogeneous.Selection,Reforma Waterfalls
S5B5060,S4B07,0.045581446373026996,0.770556897238032,6.019717752266192,1,Heterogeneous.Selection,Reforma Waterfalls
S4B3040,S4B1522,0.004593648467528181,0.37801470626460265,-0.7300829076449018,0.9839839839839839,Dispersal.Limitation,Reforma Waterfalls
S4B5565,S4B1522,0.007392117133281157,0.436372113280898,-0.3937616781609245,1,Dispersal.Limitation,Reforma Waterfalls
S5A07,S4B1522,0.025917655117134467,0.6827010164111732,7.371856550244093,1,Heterogeneous.Selection,Reforma Waterfalls
S5A1522,S4B1522,0.01463252698956538,0.5666413437107967,3.851921189413683,0.9959959959959961,Heterogeneous.Selection,Reforma Waterfalls
S5A3040,S4B1522,0.004620596204015314,0.40806124249313225,0.8312818450971979,0.997997997997998,Dispersal.Limitation,Reforma Waterfalls
S5A5565,S4B1522,0.02372943916413397,0.600611224149715,2.5092842221239624,1,Heterogeneous.Selection,Reforma Waterfalls
S5B07,S4B1522,0.011602715401546943,0.5090518819818807,3.195298561587415,1,Heterogeneous.Selection,Reforma Waterfalls
S5B1522,S4B1522,0.004545317630370851,0.37516563882630255,0.2134377106338778,0.97997997997998,Dispersal.Limitation,Reforma Waterfalls
S5B3040,S4B1522,0.009050629860251718,0.5143291813180193,-0.28608237466780295,1,Dispersal.Limitation,Reforma Waterfalls
S5B5060,S4B1522,0.023505930374428944,0.7135597782972917,0.514358283794324,1,Dispersal.Limitation,Reforma Waterfalls
S4B5565,S4B3040,0.002346237000667822,0.29774273917386146,0.34904138193087736,1,Dispersal.Limitation,Reforma Waterfalls
S5A07,S4B3040,0.03634822947855318,0.6923749581795617,10.412468259500146,1,Heterogeneous.Selection,Reforma Waterfalls
S5A1522,S4B3040,0.026086585571171137,0.6169327297231272,6.908586589080667,1,Heterogeneous.Selection,Reforma Waterfalls
S5A3040,S4B3040,0.008063642849341314,0.4687881432563723,2.5150692549800473,1,Heterogeneous.Selection,Reforma Waterfalls
S5A5565,S4B3040,0.010866436480303068,0.45512283432163964,-0.24267326914786252,0.05305305305305308,Undominated,Reforma Waterfalls
S5B07,S4B3040,0.023878633484866456,0.5898315064880889,6.756700239603394,1,Heterogeneous.Selection,Reforma Waterfalls
S5B1522,S4B3040,0.004929566308122593,0.41558185201449044,0.3765726742348017,1,Dispersal.Limitation,Reforma Waterfalls
S5B3040,S4B3040,0.004063478409457597,0.459460597987053,-1.3100666824742218,1,Dispersal.Limitation,Reforma Waterfalls
S5B5060,S4B3040,0.012401878350686117,0.6148909156367914,-0.1528391108206781,1,Dispersal.Limitation,Reforma Waterfalls
S5A07,S4B5565,0.03904743934891594,0.7012451929092653,10.445187369164646,1,Heterogeneous.Selection,Reforma Waterfalls
S5A1522,S4B5565,0.02807271163637852,0.6280881769701316,6.671928423036982,1,Heterogeneous.Selection,Reforma Waterfalls
S5A3040,S4B5565,0.009968940746161451,0.5008934163150605,1.8202056197196825,1,Dispersal.Limitation,Reforma Waterfalls
S5A5565,S4B5565,0.012673315947093238,0.4883640005878953,1.4934953472428285,0.6476476476476476,Undominated,Reforma Waterfalls
S5B07,S4B5565,0.02783830200489906,0.6004013202007684,7.144457459976926,1,Heterogeneous.Selection,Reforma Waterfalls
S5B1522,S4B5565,0.005797754224541285,0.4208663657933567,1.5964710849579304,1,Dispersal.Limitation,Reforma Waterfalls
S5B3040,S4B5565,0.00276157562465469,0.3867798698788365,-1.0837437606830702,1,Dispersal.Limitation,Reforma Waterfalls
S5B5060,S4B5565,0.007701832698917503,0.5565811309692641,-0.7705540486765033,1,Dispersal.Limitation,Reforma Waterfalls
S5A1522,S5A07,0.005692410286489067,0.32522761420284824,-0.10933171129168313,-1,Homogenizing.Dispersal,Reforma Waterfalls
S5A3040,S5A07,0.014882021657617202,0.4673198151541549,4.652762198249943,-0.8158158158158157,Heterogeneous.Selection,Reforma Waterfalls
S5A5565,S5A07,0.05285429031424414,0.6767362675990969,11.217833796449382,1,Heterogeneous.Selection,Reforma Waterfalls
S5B07,S5A07,0.006933967908282648,0.38349190103502756,3.1569141985551212,-1,Heterogeneous.Selection,Reforma Waterfalls
S5B1522,S5A07,0.019549256328297474,0.5627985648953084,5.778770682786233,0.6736736736736737,Heterogeneous.Selection,Reforma Waterfalls
S5B3040,S5A07,0.03993267145052743,0.7054408319838326,11.6984354528269,1,Heterogeneous.Selection,Reforma Waterfalls
S5B5060,S5A07,0.06233740625740588,0.7840076117824702,12.945345723306371,1,Heterogeneous.Selection,Reforma Waterfalls
S5A3040,S5A1522,0.006005129492196235,0.3259485018381906,1.234206232195175,-1,Homogenizing.Dispersal,Reforma Waterfalls
S5A5565,S5A1522,0.0376751595608389,0.6350401272506473,6.195865542913309,1,Heterogeneous.Selection,Reforma Waterfalls
S5B07,S5A1522,0.0033163782618295815,0.2735850411391871,-0.09791775765204828,-1,Homogenizing.Dispersal,Reforma Waterfalls
S5B1522,S5A1522,0.010119347410084616,0.4218421173061431,2.6334712621939134,-0.5135135135135135,Heterogeneous.Selection,Reforma Waterfalls
S5B3040,S5A1522,0.025680188662420566,0.6166038519485657,5.969862630154769,1,Heterogeneous.Selection,Reforma Waterfalls
S5B5060,S5A1522,0.04724456421491289,0.7655536109036671,7.6984292634283396,1,Heterogeneous.Selection,Reforma Waterfalls
S5A5565,S5A3040,0.014080500156300517,0.5160987839670174,2.3702624218819364,0.9039039039039038,Heterogeneous.Selection,Reforma Waterfalls
S5B07,S5A3040,0.006015137496306418,0.31289132515985774,0.7403066159016056,-0.8838838838838838,Undominated,Reforma Waterfalls
S5B1522,S5A3040,0.0034705518234236414,0.29469067606066507,0.2513448694530824,0.5235235235235236,Undominated,Reforma Waterfalls
S5B3040,S5A3040,0.008992598530432184,0.5250742938417855,1.3586720555056389,1,Dispersal.Limitation,Reforma Waterfalls
S5B5060,S5A3040,0.02053796772325159,0.7113032493637159,1.6847795093271436,1,Dispersal.Limitation,Reforma Waterfalls
S5B07,S5A5565,0.04164749596055384,0.6332576345560222,7.41844075857727,1,Heterogeneous.Selection,Reforma Waterfalls
S5B1522,S5A5565,0.021151140536381122,0.5188278917561088,4.997139973624003,0.917917917917918,Heterogeneous.Selection,Reforma Waterfalls
S5B3040,S5A5565,0.016757392658923686,0.5411834241060676,2.7226783782559747,0.987987987987988,Heterogeneous.Selection,Reforma Waterfalls
S5B5060,S5A5565,0.015141032606513158,0.5486827864669408,3.3221263881583067,0.991991991991992,Heterogeneous.Selection,Reforma Waterfalls
S5B1522,S5B07,0.008163715000974306,0.3630346569271459,2.1279479695299424,-0.06106106106106102,Heterogeneous.Selection,Reforma Waterfalls
S5B3040,S5B07,0.022235613039872693,0.5765230542049139,8.186442766943888,1,Heterogeneous.Selection,Reforma Waterfalls
S5B5060,S5B07,0.044410891133357874,0.7634873269298809,7.573980582003274,1,Heterogeneous.Selection,Reforma Waterfalls
S5B3040,S5B1522,0.0033895377678441925,0.3969200984157291,1.7523188852449634,1,Dispersal.Limitation,Reforma Waterfalls
S5B5060,S5B1522,0.012086214977143156,0.6408002036973398,1.1634721521794802,1,Dispersal.Limitation,Reforma Waterfalls
S5B5060,S5B3040,0.0051374954396115665,0.4678946505489975,1.5751733348057138,1,Dispersal.Limitation,Reforma Waterfalls
S1A1530,S1A015,0.0096081072394655909,0.47963597727404855,1.7894509746044518,0.033033033033033066,Undominated,Miguelito Dike
S1A3050,S1A015,0.013134292997841267,0.5141085565442362,3.1060731056004958,0.6136136136136137,Heterogeneous.Selection,Miguelito Dike
S1A5075,S1A015,0.023119753015788704,0.5771062262768428,5.835576022163461,0.9819819819819819,Heterogeneous.Selection,Miguelito Dike
S1B07,S1A015,0.009825048807330643,0.5780005880532895,-1.1805068094046174,0.987987987987988,Dispersal.Limitation,Miguelito Dike
S1B2230,S1A015,0.06910605801856973,0.7634569530286696,11.143402749747592,1,Heterogeneous.Selection,Miguelito Dike
S1B3040,S1A015,0.12218196057853954,0.767054997581664,17.35798763962365,1,Heterogeneous.Selection,Miguelito Dike
S1B6575,S1A015,0.09180827604339503,0.8183665962898986,13.593824484636226,1,Heterogeneous.Selection,Miguelito Dike
S2A1727,S1A015,0.08767732878423881,0.8127189031539412,15.670413450899275,1,Heterogeneous.Selection,Miguelito Dike
S2A3545,S1A015,0.04281467394926486,0.6578235763227556,9.108311976919005,1,Heterogeneous.Selection,Miguelito Dike
S2A5060,S1A015,0.06235731195195798,0.722758147193285,10.739321893210313,1,Heterogeneous.Selection,Miguelito Dike
S2A515,S1A015,0.07579309915246156,0.7652518270951236,13.085505166661445,1,Heterogeneous.Selection,Miguelito Dike
S2B07,S1A015,0.03214667275646024,0.6068289827520946,4.95292340039585,0.9939939939939939,Heterogeneous.Selection,Miguelito Dike
S2B1522,S1A015,0.07835253443953118,0.7935047436063257,12.232586311413606,1,Heterogeneous.Selection,Miguelito Dike
S2B3040,S1A015,0.07321203964241513,0.7854119296335761,5.006586914672877,1,Heterogeneous.Selection,Miguelito Dike
S2B5565,S1A015,0.11288873628231777,0.7538254330214132,21.38062841902999,1,Heterogeneous.Selection,Miguelito Dike
S3A07,S1A015,0.04725150819418359,0.714922755144243,8.153726342007678,1,Heterogeneous.Selection,Miguelito Dike
S3A1522,S1A015,0.1166296447267488,0.7679427560028457,11.461918596286619,1,Heterogeneous.Selection,Miguelito Dike
S3A3040,S1A015,0.09339606110127831,0.7515864912587241,13.378945909549506,1,Heterogeneous.Selection,Miguelito Dike
S3A6070,S1A015,0.19487251602268146,0.7878897874354993,18.258210312466673,0.8538538538538538,Heterogeneous.Selection,Miguelito Dike
S3B2030,S1A015,0.11855891478961336,0.7636292874319274,18.67862914894449,1,Heterogeneous.Selection,Miguelito Dike
S3B3545,S1A015,0.10449214151567982,0.7610389519300677,14.904790872337607,1,Heterogeneous.Selection,Miguelito Dike
S3B515,S1A015,0.09091695173322965,0.7529855595420779,13.80302493920906,1,Heterogeneous.Selection,Miguelito Dike
S3B6070,S1A015,0.07729540412731434,0.7813472431121017,11.03952065919673,1,Heterogeneous.Selection,Miguelito Dike
S1A3050,S1A1530,0.0023843969377268766,0.3100399100337621,1.8683718410712777,-0.8358358358358359,Undominated,Miguelito Dike
S1A5075,S1A1530,0.004776755998572937,0.37133605130208075,2.160138640055373,0.6076076076076076,Heterogeneous.Selection,Miguelito Dike
S1B07,S1A1530,0.00842175588684702,0.6090195344237525,-2.3205604495953565,1,Homogeneous.Selection,Miguelito Dike
S1B2230,S1A1530,0.032658178446447486,0.6887951126636929,4.945610046246278,1,Heterogeneous.Selection,Miguelito Dike
S1B3040,S1A1530,0.07265968992025322,0.7871327072758866,9.945423362854447,1,Heterogeneous.Selection,Miguelito Dike
S1B6575,S1A1530,0.04849211834952291,0.7645672520646919,5.4724282617212365,1,Heterogeneous.Selection,Miguelito Dike
S2A1727,S1A1530,0.045480015118947746,0.7175324286867379,7.644797266250182,1,Heterogeneous.Selection,Miguelito Dike
S2A3545,S1A1530,0.027639888887563333,0.6822171408381326,3.8948207874300587,1,Heterogeneous.Selection,Miguelito Dike
S2A5060,S1A1530,0.03551502880482975,0.7248926037199906,4.507336817288964,1,Heterogeneous.Selection,Miguelito Dike
S2A515,S1A1530,0.034855093754802134,0.6551532953496425,6.2562636859515015,1,Heterogeneous.Selection,Miguelito Dike
S2B07,S1A1530,0.01475169061453882,0.48714011164436705,3.6488779257769015,0.8718718718718719,Heterogeneous.Selection,Miguelito Dike
S2B1522,S1A1530,0.0371878302245987,0.6847002271824322,7.458544374825674,1,Heterogeneous.Selection,Miguelito Dike
S2B3040,S1A1530,0.04067797049250464,0.7453104732815782,8.552458379280434,1,Heterogeneous.Selection,Miguelito Dike
S2B5565,S1A1530,0.06661702117390464,0.728638848283126,13.625442501484049,1,Heterogeneous.Selection,Miguelito Dike
S3A07,S1A1530,0.021344387659727976,0.6638714734076386,3.4122278577420877,1,Heterogeneous.Selection,Miguelito Dike
S3A1522,S1A1530,0.06604586412771772,0.7887238762011244,7.012612326170073,1,Heterogeneous.Selection,Miguelito Dike
S3A3040,S1A1530,0.05079237785934601,0.7410338068580814,6.421844807694779,1,Heterogeneous.Selection,Miguelito Dike
S3A6070,S1A1530,0.13548744243641297,0.8202516427055124,12.808451483134313,0.9959959959959961,Heterogeneous.Selection,Miguelito Dike
S3B2030,S1A1530,0.06958161970137254,0.7547064918438757,12.860068048365989,1,Heterogeneous.Selection,Miguelito Dike
S3B3545,S1A1530,0.06158309066735525,0.761490128136309,10.007210283741939,1,Heterogeneous.Selection,Miguelito Dike
S3B515,S1A1530,0.04818361542889828,0.7358290609863866,6.515973774207941,1,Heterogeneous.Selection,Miguelito Dike
S3B6070,S1A1530,0.04419325339195541,0.7810912273097055,5.9038885618698105,1,Heterogeneous.Selection,Miguelito Dike
S1A5075,S1A3050,0.0024963456302703364,0.31816307579966274,0.9637885726010361,-0.1911911911911912,Undominated,Miguelito Dike
S1B07,S1A3050,0.008131777773193096,0.5902623306137771,-1.2167498008930577,1,Dispersal.Limitation,Miguelito Dike
S1B2230,S1A3050,0.028911701368805706,0.6817477935897354,5.411540052958459,1,Heterogeneous.Selection,Miguelito Dike
S1B3040,S1A3050,0.06869959207345278,0.7946414302553207,9.056566848458763,1,Heterogeneous.Selection,Miguelito Dike
S1B6575,S1A3050,0.04492904243782886,0.7565152378505132,5.900501381488575,1,Heterogeneous.Selection,Miguelito Dike
S2A1727,S1A3050,0.04144416336577632,0.6985419841351204,7.264656437020131,1,Heterogeneous.Selection,Miguelito Dike
S2A3545,S1A3050,0.02874913656726989,0.6760152430312348,5.858093862758088,1,Heterogeneous.Selection,Miguelito Dike
S2A5060,S1A3050,0.03329758300438185,0.7216662310187777,5.138447297963058,1,Heterogeneous.Selection,Miguelito Dike
S2A515,S1A3050,0.03282513659073523,0.648978660943525,6.18168450558644,1,Heterogeneous.Selection,Miguelito Dike
S2B07,S1A3050,0.015039499418836264,0.5423094401555989,2.7544659306126946,1,Heterogeneous.Selection,Miguelito Dike
S2B1522,S1A3050,0.030337761047763492,0.6491532212667817,7.562709114855043,1,Heterogeneous.Selection,Miguelito Dike
S2B3040,S1A3050,0.03314383193280837,0.7184713930005673,6.464510578565203,1,Heterogeneous.Selection,Miguelito Dike
S2B5565,S1A3050,0.06034480474966443,0.7106108207165318,12.123411694721112,1,Heterogeneous.Selection,Miguelito Dike
S3A07,S1A3050,0.020057537037986586,0.6492447906474771,4.984712966377855,1,Heterogeneous.Selection,Miguelito Dike
S3A1522,S1A3050,0.05845747283172184,0.7785778618069429,4.616621379865176,1,Heterogeneous.Selection,Miguelito Dike
S3A3040,S1A3050,0.04351844203007496,0.7290670477517547,4.912848861754856,1,Heterogeneous.Selection,Miguelito Dike
S3A6070,S1A3050,0.12514759743786508,0.832433172048325,10.35368124314157,1,Heterogeneous.Selection,Miguelito Dike
S3B2030,S1A3050,0.0648878982612057,0.7507320247060407,11.832954900886502,1,Heterogeneous.Selection,Miguelito Dike
S3B3545,S1A3050,0.05564235649358791,0.759851459142828,8.591118842310845,1,Heterogeneous.Selection,Miguelito Dike
S3B515,S1A3050,0.04387962238262472,0.7331464410463421,6.12129257441678,1,Heterogeneous.Selection,Miguelito Dike
S3B6070,S1A3050,0.03975067772250314,0.7777262615211135,4.7371180607767185,1,Heterogeneous.Selection,Miguelito Dike
S1B07,S1A5075,0.01178188966313376,0.5814985646630824,1.5858113282436503,1,Dispersal.Limitation,Miguelito Dike
S1B2230,S1A5075,0.018460915722142257,0.570275711453647,4.237359730805091,1,Heterogeneous.Selection,Miguelito Dike
S1B3040,S1A5075,0.048346185611602865,0.7166901463432367,4.24123791602571,1,Heterogeneous.Selection,Miguelito Dike
S1B6575,S1A5075,0.03060965830604152,0.6920468521101202,3.3045013764106357,1,Heterogeneous.Selection,Miguelito Dike
S2A1727,S1A5075,0.023745434441463282,0.5980461566719737,5.1418965621658,1,Heterogeneous.Selection,Miguelito Dike
S2A3545,S1A5075,0.01959759226181796,0.5776210745570374,5.066987358878435,1,Heterogeneous.Selection,Miguelito Dike
S2A5060,S1A5075,0.021635128194658126,0.6145186873382761,3.620768365726418,1,Heterogeneous.Selection,Miguelito Dike
S2A515,S1A5075,0.020628867050236553,0.5541088208357235,5.534089453483577,1,Heterogeneous.Selection,Miguelito Dike
S2B07,S1A5075,0.013682784023838301,0.48410468852330135,1.5377163454133025,0.8918918918918919,Undominated,Miguelito Dike
S2B1522,S1A5075,0.019501824397020626,0.5570509819586108,5.607699957011665,1,Heterogeneous.Selection,Miguelito Dike
S2B3040,S1A5075,0.023232238365176676,0.6554801115087312,3.067046228103342,1,Heterogeneous.Selection,Miguelito Dike
S2B5565,S1A5075,0.03814985614086695,0.5921836376448318,9.476275065102932,1,Heterogeneous.Selection,Miguelito Dike
S3A07,S1A5075,0.01644969149655821,0.5779523652362589,4.727339167728113,0.96996996996997,Heterogeneous.Selection,Miguelito Dike
S3A1522,S1A5075,0.04109733019416742,0.7099538389605289,1.5618194399322198,1,Dispersal.Limitation,Miguelito Dike
S3A3040,S1A5075,0.029011842951048035,0.6581592754834815,0.6363594057540547,1,Dispersal.Limitation,Miguelito Dike
S3A6070,S1A5075,0.09157226261801371,0.7768014398644283,5.231650840046407,0.7757757757757757,Heterogeneous.Selection,Miguelito Dike
S3B2030,S1A5075,0.04048579389857402,0.6364465319209383,8.547851053904528,1,Heterogeneous.Selection,Miguelito Dike
S3B3545,S1A5075,0.037509928793761665,0.6529500173900351,4.789627863315064,1,Heterogeneous.Selection,Miguelito Dike
S3B515,S1A5075,0.03314971743049018,0.6305564865808473,5.867118391648096,1,Heterogeneous.Selection,Miguelito Dike
S3B6070,S1A5075,0.03042824916980825,0.7006611264368221,4.476081103458687,1,Heterogeneous.Selection,Miguelito Dike
S1B2230,S1B07,0.02886732735461979,0.7147192967254017,3.942428062530678,1,Heterogeneous.Selection,Miguelito Dike
S1B3040,S1B07,0.0561057963967177,0.6726692442209946,9.458866471516426,1,Heterogeneous.Selection,Miguelito Dike
S1B6575,S1B07,0.04292919644054465,0.7898136601866579,6.0325370066269,1,Heterogeneous.Selection,Miguelito Dike
S2A1727,S1B07,0.03971365091192226,0.7810158743661786,6.778817443876008,1,Heterogeneous.Selection,Miguelito Dike
S2A3545,S1B07,0.018917922199950872,0.5197051172230347,3.569571924143743,1,Heterogeneous.Selection,Miguelito Dike
S2A5060,S1B07,0.02886846659813228,0.6316736482696759,4.18101945813707,1,Heterogeneous.Selection,Miguelito Dike
S2A515,S1B07,0.03324999814685425,0.7208156944556653,7.55210916265838,1,Heterogeneous.Selection,Miguelito Dike
S2B07,S1B07,0.012308332503768856,0.5566515910545085,-0.37884901050435776,1,Dispersal.Limitation,Miguelito Dike
S2B1522,S1B07,0.033678595694056186,0.7514493107687958,6.391003087257086,1,Heterogeneous.Selection,Miguelito Dike
S2B3040,S1B07,0.0329578699408212,0.7509038521717321,7.147134576062358,1,Heterogeneous.Selection,Miguelito Dike
S2B5565,S1B07,0.05178310511432524,0.6656499874335201,11.845388350537728,1,Heterogeneous.Selection,Miguelito Dike
S3A07,S1B07,0.019889867452483286,0.39915427127073755,1.7032282906907392,-0.995995995995996,Homogenizing.Dispersal,Miguelito Dike
S3A1522,S1B07,0.05515365040401046,0.6610090409933723,4.800919333382777,0.9959959959959961,Heterogeneous.Selection,Miguelito Dike
S3A3040,S1B07,0.04558574034713511,0.7077140050772015,4.72597830447443,1,Heterogeneous.Selection,Miguelito Dike
S3A6070,S1B07,0.09675061479829644,0.6334458315695345,12.150023584914901,-0.985985985985986,Heterogeneous.Selection,Miguelito Dike
S3B2030,S1B07,0.052473606474524884,0.7148314872765996,10.299693872811188,1,Heterogeneous.Selection,Miguelito Dike
S3B3545,S1B07,0.047959640117874944,0.6498199002677689,9.778235899834403,1,Heterogeneous.Selection,Miguelito Dike
S3B515,S1B07,0.039872703306469734,0.7025307546075601,6.321031016504856,1,Heterogeneous.Selection,Miguelito Dike
S3B6070,S1B07,0.03477024062820405,0.7554144209258888,6.721530118264483,1,Heterogeneous.Selection,Miguelito Dike
S1B3040,S1B2230,0.0078042995820603,0.47660792925632445,-0.21011322040025585,0.9059059059059058,Undominated,Miguelito Dike
S1B6575,S1B2230,0.0046060451545516315,0.38791176352637335,0.9593103690586515,1,Dispersal.Limitation,Miguelito Dike
S2A1727,S1B2230,0.00342907710602949,0.35856726356833457,-0.5748215610424728,0.997997997997998,Dispersal.Limitation,Miguelito Dike
S2A3545,S1B2230,0.007946872324959511,0.4149587424719175,3.3846515994869715,1,Heterogeneous.Selection,Miguelito Dike
S2A5060,S1B2230,0.003220686665398466,0.3097355242827464,0.029559708837774198,1,Dispersal.Limitation,Miguelito Dike
S2A515,S1B2230,0.003972459263106187,0.33199145892917037,-0.41965879614209695,0.9959959959959961,Dispersal.Limitation,Miguelito Dike
S2B07,S1B2230,0.02961062972008236,0.664485734539387,2.26124843205153,1,Heterogeneous.Selection,Miguelito Dike
S2B1522,S1B2230,0.0038277266231790496,0.3703414760625251,-1.3093767918194112,0.9959959959959961,Dispersal.Limitation,Miguelito Dike
S2B3040,S1B2230,0.004362482135743411,0.4404906857507797,-1.2189954650186323,1,Dispersal.Limitation,Miguelito Dike
S2B5565,S1B2230,0.004854760207773902,0.3621684641432639,0.47090505802541394,0.23123123123123124,Undominated,Miguelito Dike
S3A07,S1B2230,0.016889042366730382,0.6160862695102377,-1.1192886512367277,0.997997997997998,Dispersal.Limitation,Miguelito Dike
S3A1522,S1B2230,0.01767170365796771,0.6143272186860583,-2.0030248558427677,0.9639639639639639,Homogeneous.Selection,Miguelito Dike
S3A3040,S1B2230,0.01524010833778699,0.5707720006986501,-1.8035835628516497,1,Dispersal.Limitation,Miguelito Dike
S3A6070,S1B2230,0.04193790243508647,0.7154966457544846,-1.9271366754493013,-0.4314314314314315,Undominated,Miguelito Dike
S3B2030,S1B2230,0.004051239267544646,0.33670201270280853,0.03805621437749342,0.5595595595595595,Undominated,Miguelito Dike
S3B3545,S1B2230,0.005061396657348755,0.37949881893903564,-0.0298236644560885,0.8118118118118118,Undominated,Miguelito Dike
S3B515,S1B2230,0.0037492109279850293,0.32142820714520726,-1.355324559998353,0.49949949949949946,Undominated,Miguelito Dike
S3B6070,S1B2230,0.0036645219947103085,0.47246026271462865,-1.3160894021205014,1,Dispersal.Limitation,Miguelito Dike
S1B6575,S1B3040,0.0028393865587656745,0.32117537221929227,-0.8052817276172372,-1,Homogenizing.Dispersal,Miguelito Dike
S2A1727,S1B3040,0.012837737129130791,0.5424602318191171,1.0563385092821462,1,Dispersal.Limitation,Miguelito Dike
S2A3545,S1B3040,0.024586998582417877,0.4553795046951766,7.428148304739,0.6756756756756757,Heterogeneous.Selection,Miguelito Dike
S2A5060,S1B3040,0.011386686201215853,0.3607888399481151,3.2384661503052157,-0.9419419419419419,Heterogeneous.Selection,Miguelito Dike
S2A515,S1B3040,0.014486099913604781,0.5546970219507156,0.7614367083794886,1,Dispersal.Limitation,Miguelito Dike
S2B07,S1B3040,0.05458979813865482,0.7064631200799818,3.886993289661461,1,Heterogeneous.Selection,Miguelito Dike
S2B1522,S1B3040,0.017727648093924006,0.6107520172170007,0.6232552593624046,1,Dispersal.Limitation,Miguelito Dike
S2B3040,S1B3040,0.015639327255148928,0.5207694510369091,0.06204310263166818,0.9939939939939939,Dispersal.Limitation,Miguelito Dike
S2B5565,S1B3040,0.00797282656699469,0.4027204564890618,-0.850933935235985,-0.4354354354354354,Undominated,Miguelito Dike
S3A07,S1B3040,0.027869167371198725,0.6181683186284989,-0.2829646345536243,0.9959959959959961,Dispersal.Limitation,Miguelito Dike
S3A1522,S1B3040,0.010168908819571665,0.4694459094445487,-3.2913800181811546,-0.8998998998998999,Homogeneous.Selection,Miguelito Dike
S3A3040,S1B3040,0.011857513816322541,0.5236377362020166,-3.072212482290627,0.9319319319319319,Homogeneous.Selection,Miguelito Dike
S3A6070,S1B3040,0.01973313102112938,0.599191656886776,-4.7754226895739675,-1,Homogeneous.Selection,Miguelito Dike
S3B2030,S1B3040,0.0059162086664298116,0.3861166735063124,-0.1374684612992732,-0.6076076076076076,Undominated,Miguelito Dike
S3B3545,S1B3040,0.004948725556042687,0.3403942707925878,-0.5136215880673326,-0.991991991991992,Homogenizing.Dispersal,Miguelito Dike
S3B515,S1B3040,0.012778492161029054,0.4107381316111646,1.845651961187368,-0.22122122122122123,Undominated,Miguelito Dike
S3B6070,S1B3040,0.009341519348191368,0.4644429653576565,1.1765111347952555,0.8058058058058057,Undominated,Miguelito Dike
S2A1727,S1B6575,0.006472891228468255,0.45382668697570655,-0.08949878266426221,1,Dispersal.Limitation,Miguelito Dike
S2A3545,S1B6575,0.010090938024772806,0.5172469389315136,2.3796865468291846,1,Heterogeneous.Selection,Miguelito Dike
S2A5060,S1B6575,0.0044847539320916775,0.39159896597579846,1.2281459017223888,1,Dispersal.Limitation,Miguelito Dike
S2A515,S1B6575,0.008101455342923248,0.4799468278112801,-0.3751361979764569,1,Dispersal.Limitation,Miguelito Dike
S2B07,S1B6575,0.04384776496880157,0.7614371785928162,3.3622299775915274,1,Heterogeneous.Selection,Miguelito Dike
S2B1522,S1B6575,0.010406881012883713,0.5250104717619601,0.5268530485992935,1,Dispersal.Limitation,Miguelito Dike
S2B3040,S1B6575,0.005787457604327433,0.47465667313423726,-0.7383037439975418,1,Dispersal.Limitation,Miguelito Dike
S2B5565,S1B6575,0.00684676122070706,0.4344996206108839,1.398392397546151,0.9819819819819819,Dispersal.Limitation,Miguelito Dike
S3A07,S1B6575,0.025083242389540072,0.7144034083997348,-0.7369736595330024,1,Dispersal.Limitation,Miguelito Dike
S3A1522,S1B6575,0.013005469666868061,0.5850677079607517,-1.7496083670751799,0.7657657657657657,Undominated,Miguelito Dike
S3A3040,S1B6575,0.010131107943086174,0.5318354684423446,-2.5783713938204578,1,Homogeneous.Selection,Miguelito Dike
S3A6070,S1B6575,0.026882744904324796,0.6746576816409282,-3.56049684955983,-0.9179179179179179,Homogeneous.Selection,Miguelito Dike
S3B2030,S1B6575,0.004649298849767281,0.38647801071525134,2.3949203523654643,0.967967967967968,Heterogeneous.Selection,Miguelito Dike
S3B3545,S1B6575,0.0049684173869864396,0.4040297351264285,2.482248994795429,0.937937937937938,Heterogeneous.Selection,Miguelito Dike
S3B515,S1B6575,0.009464419866455206,0.40964751046332987,2.3319837150709475,1,Heterogeneous.Selection,Miguelito Dike
S3B6070,S1B6575,0.007444127502038265,0.4603009728345907,1.9985377265591722,1,Dispersal.Limitation,Miguelito Dike
S2A3545,S2A1727,0.0046813979524265355,0.45633916186407414,2.7260010633098726,1,Heterogeneous.Selection,Miguelito Dike
S2A5060,S2A1727,0.0023370445521002604,0.37249870762665477,-1.2751724597450937,1,Dispersal.Limitation,Miguelito Dike
S2A515,S2A1727,0.0037524445341695902,0.3173600096728605,0.36862734847127976,0.7997997997997999,Undominated,Miguelito Dike
S2B07,S2A1727,0.040481008240336444,0.7283243511046845,5.50107628818577,1,Heterogeneous.Selection,Miguelito Dike
S2B1522,S2A1727,0.006493713470917863,0.4228215283461737,1.5111876184287543,1,Dispersal.Limitation,Miguelito Dike
S2B3040,S2A1727,0.0043092997383733745,0.48434446996360125,-1.8983348638394746,1,Dispersal.Limitation,Miguelito Dike
S2B5565,S2A1727,0.004231824478270771,0.35194207394974153,0.41093277687166485,-0.09709709709709713,Undominated,Miguelito Dike
S3A07,S2A1727,0.02767254423006766,0.7064088943277278,2.092736182278529,1,Heterogeneous.Selection,Miguelito Dike
S3A1522,S2A1727,0.025710481191929972,0.66319917081425,-0.5870336759889925,1,Dispersal.Limitation,Miguelito Dike
S3A3040,S2A1727,0.01913963944828012,0.640788123636184,-1.33575700921368,1,Dispersal.Limitation,Miguelito Dike
S3A6070,S2A1727,0.048734857924299976,0.7671043721847091,-1.0939710381906134,0.6556556556556556,Undominated,Miguelito Dike
S3B2030,S2A1727,0.003953079404414778,0.3466662296157528,0.1507303227729479,0.6336336336336337,Undominated,Miguelito Dike
S3B3545,S2A1727,0.005122721115653681,0.4057783838575743,1.4436835831004393,0.937937937937938,Undominated,Miguelito Dike
S3B515,S2A1727,0.004475233719273435,0.3775321637876318,0.48099856379408534,0.967967967967968,Dispersal.Limitation,Miguelito Dike
S3B6070,S2A1727,0.005408326580048706,0.5481409794252612,0.12641588679116067,1,Dispersal.Limitation,Miguelito Dike
S2A5060,S2A3545,0.001886090540393644,0.2671247656995768,1.7130707727214307,0.9739739739739739,Dispersal.Limitation,Miguelito Dike
S2A515,S2A3545,0.010201125954003945,0.43488303644952675,8.27137066741496,1,Heterogeneous.Selection,Miguelito Dike
S2B07,S2A3545,0.02602545750478349,0.5947560685609756,2.940051391352473,1,Heterogeneous.Selection,Miguelito Dike
S2B1522,S2A3545,0.01230760843776418,0.5128789809430979,4.475789070748585,1,Heterogeneous.Selection,Miguelito Dike
S2B3040,S2A3545,0.012525793476120827,0.5116549250724076,5.0615316559828525,1,Heterogeneous.Selection,Miguelito Dike
S2B5565,S2A3545,0.015409041697477605,0.3773173123029277,9.701785833390238,0.5075075075075075,Heterogeneous.Selection,Miguelito Dike
S3A07,S2A3545,0.025871973143114867,0.5235619487273666,3.831388809711538,0.5755755755755756,Heterogeneous.Selection,Miguelito Dike
S3A1522,S2A3545,0.03835053151907212,0.5434502226148229,4.062821826839379,0.033033033033033066,Heterogeneous.Selection,Miguelito Dike
S3A3040,S2A3545,0.024108889431193284,0.5818843164495654,2.0596699208038336,1,Heterogeneous.Selection,Miguelito Dike
S3A6070,S2A3545,0.06283621390088093,0.6466983197341049,5.928034978233147,-0.993993993993994,Heterogeneous.Selection,Miguelito Dike
S3B2030,S2A3545,0.0146788354514775,0.3989149404275689,11.387835952474827,0.9939939939939939,Heterogeneous.Selection,Miguelito Dike
S3B3545,S2A3545,0.01523341862160691,0.3688158831241549,8.927458461352987,0.6296296296296295,Heterogeneous.Selection,Miguelito Dike
S3B515,S2A3545,0.010221677278546875,0.3816413620573365,7.090957051902011,0.9939939939939939,Heterogeneous.Selection,Miguelito Dike
S3B6070,S2A3545,0.011144841392718702,0.5156056381334424,2.863127373539741,1,Heterogeneous.Selection,Miguelito Dike
S2A515,S2A5060,0.004440643617201778,0.37968139686250074,0.31076043301875494,1,Dispersal.Limitation,Miguelito Dike
S2B07,S2A5060,0.03256835879362638,0.6396637732156453,2.3228874945921856,1,Heterogeneous.Selection,Miguelito Dike
S2B1522,S2A5060,0.007705528984412215,0.4701808670477833,1.7522444567764388,1,Dispersal.Limitation,Miguelito Dike
S2B3040,S2A5060,0.005505136819270494,0.4479706803118044,0.38265208428263137,1,Dispersal.Limitation,Miguelito Dike
S2B5565,S2A5060,0.0062087053601707866,0.2961770408271931,5.914820529800986,-0.9819819819819819,Heterogeneous.Selection,Miguelito Dike
S3A07,S2A5060,0.022189194869528903,0.5833701941475221,0.4710456941269354,0.98998998998999,Dispersal.Limitation,Miguelito Dike
S3A1522,S2A5060,0.023726932788010996,0.5312403442727122,0.6043675306463089,-0.20920920920920916,Undominated,Miguelito Dike
S3A3040,S2A5060,0.015201976829752455,0.5370809646514005,-1.4136368470169811,1,Dispersal.Limitation,Miguelito Dike
S3A6070,S2A5060,0.04003869796558771,0.6522565597274336,-0.4839491107818192,-0.985985985985986,Homogenizing.Dispersal,Miguelito Dike
S3B2030,S2A5060,0.004503897418538369,0.2510773233854616,6.545336124534052,-0.995995995995996,Heterogeneous.Selection,Miguelito Dike
S3B3545,S2A5060,0.005221413359990832,0.23561250830933744,4.926659593208468,-1,Heterogeneous.Selection,Miguelito Dike
S3B515,S2A5060,0.004094912698684745,0.25125490430952524,2.816242190548396,-0.977977977977978,Heterogeneous.Selection,Miguelito Dike
S3B6070,S2A5060,0.0034062864881174437,0.42382496075221104,0.6799979395759245,1,Dispersal.Limitation,Miguelito Dike
S2B07,S2A515,0.029554142686074918,0.648851125191965,5.293900598645844,1,Heterogeneous.Selection,Miguelito Dike
S2B1522,S2A515,0.0073086446647246135,0.4075508041034944,2.0922086314572153,1,Heterogeneous.Selection,Miguelito Dike
S2B3040,S2A515,0.006650891003420115,0.49858423523892087,-0.8936195727194884,1,Dispersal.Limitation,Miguelito Dike
S2B5565,S2A515,0.012130168378046226,0.4377743293149902,4.924661389388854,0.97997997997998,Heterogeneous.Selection,Miguelito Dike
S3A07,S2A515,0.021647681196682058,0.6491172643208052,0.6658040069868789,1,Dispersal.Limitation,Miguelito Dike
S3A1522,S2A515,0.027033036160211018,0.6799216426297146,-1.3786672694254265,1,Dispersal.Limitation,Miguelito Dike
S3A3040,S2A515,0.021666326666569646,0.6395640510627687,-0.8742802527610957,1,Dispersal.Limitation,Miguelito Dike
S3A6070,S2A515,0.05928529487618547,0.769168234029815,0.2995271759681702,0.6596596596596596,Undominated,Miguelito Dike
S3B2030,S2A515,0.006797335402039414,0.38360923091515375,1.9013678240394416,0.9639639639639639,Dispersal.Limitation,Miguelito Dike
S3B3545,S2A515,0.008494928910196924,0.4459437240235509,1.9295903993985872,1,Dispersal.Limitation,Miguelito Dike
S3B515,S2A515,0.005175433890774538,0.3532943592543954,-0.6696421952068984,0.8278278278278279,Undominated,Miguelito Dike
S3B6070,S2A515,0.007252091736532906,0.5784252091798378,-1.2711582194053883,1,Dispersal.Limitation,Miguelito Dike
S2B1522,S2B07,0.023391972260744694,0.6331692948903641,6.189386246148131,1,Heterogeneous.Selection,Miguelito Dike
S2B3040,S2B07,0.023587258488308928,0.6935885423617993,3.3767342724772074,1,Heterogeneous.Selection,Miguelito Dike
S2B5565,S2B07,0.041496072727429556,0.6437224445235489,5.6578752948630475,1,Heterogeneous.Selection,Miguelito Dike
S3A07,S2B07,0.00827713360471746,0.5169611209079483,-1.1591193545675942,0.36536536536536546,Undominated,Miguelito Dike
S3A1522,S2B07,0.04580060217743509,0.6991228535216705,1.0792100840796446,1,Dispersal.Limitation,Miguelito Dike
S3A3040,S2B07,0.03699763676837971,0.6504051648910927,2.325062613589866,1,Heterogeneous.Selection,Miguelito Dike
S3A6070,S2B07,0.10060138977017266,0.7501015074230568,6.225117610762769,0.2952952952952952,Heterogeneous.Selection,Miguelito Dike
S3B2030,S2B07,0.045799408277126655,0.6890179822607982,4.970986901688312,1,Heterogeneous.Selection,Miguelito Dike
S3B3545,S2B07,0.04432203321355653,0.6760095957111151,4.128805273941874,1,Heterogeneous.Selection,Miguelito Dike
S3B515,S2B07,0.034826954594033635,0.6630282150474103,2.737551422056131,1,Heterogeneous.Selection,Miguelito Dike
S3B6070,S2B07,0.031388307898688385,0.7325951508814118,2.0153093192056746,1,Heterogeneous.Selection,Miguelito Dike
S2B3040,S2B1522,0.002771508602540894,0.40283500847897913,0.2116004407353205,0.997997997997998,Dispersal.Limitation,Miguelito Dike
S2B5565,S2B1522,0.005973732745209686,0.427655815832936,0.1334022575763789,0.9619619619619619,Dispersal.Limitation,Miguelito Dike
S3A07,S2B1522,0.011600177118639693,0.5754056496025434,1.5384061230979182,0.9659659659659661,Dispersal.Limitation,Miguelito Dike
S3A1522,S2B1522,0.018403054041643472,0.6480939646575407,-1.5279931070391901,1,Dispersal.Limitation,Miguelito Dike
S3A3040,S2B1522,0.014246896234682917,0.5831825010779481,-0.8910833443705147,1,Dispersal.Limitation,Miguelito Dike
S3A6070,S2B1522,0.04936343815127391,0.7584582446357494,-1.1435410785772775,0.4454454454454455,Undominated,Miguelito Dike
S3B2030,S2B1522,0.008436808996121911,0.46798416763079936,0.1776031471467199,1,Dispersal.Limitation,Miguelito Dike
S3B3545,S2B1522,0.00835250258111888,0.49837157287663925,-0.39417977470758087,1,Dispersal.Limitation,Miguelito Dike
S3B515,S2B1522,0.00592003187603958,0.44312669643620445,-1.2282522257626265,1,Dispersal.Limitation,Miguelito Dike
S3B6070,S2B1522,0.005676147635475268,0.531961722120928,-0.8700630977870202,1,Dispersal.Limitation,Miguelito Dike
S2B5565,S2B3040,0.002740918846243754,0.4174161811990673,-2.1391372079960127,0.91991991991992,Homogeneous.Selection,Miguelito Dike
S3A07,S2B3040,0.012133758984871724,0.6365823900177747,-0.757690175020956,1,Dispersal.Limitation,Miguelito Dike
S3A1522,S2B3040,0.00996635635774919,0.5907418284717427,-1.8206210033409256,0.8198198198198199,Undominated,Miguelito Dike
S3A3040,S2B3040,0.009771502106509074,0.5338259163618092,-1.1145156967184973,1,Dispersal.Limitation,Miguelito Dike
S3A6070,S2B3040,0.028162626614869343,0.6966309250299665,-1.721990480330129,-0.6856856856856857,Undominated,Miguelito Dike
S3B2030,S2B3040,0.005279117893056918,0.44907081272007704,-1.208666154949894,1,Dispersal.Limitation,Miguelito Dike
S3B3545,S2B3040,0.004486265229285579,0.4595476345584867,-1.509503479374318,1,Dispersal.Limitation,Miguelito Dike
S3B515,S2B3040,0.0039956104977667325,0.44038361923937513,-2.269323702928108,1,Homogeneous.Selection,Miguelito Dike
S3B6070,S2B3040,0.002352813259180728,0.40846553361174787,-1.6429339807770806,1,Dispersal.Limitation,Miguelito Dike
S3A07,S2B5565,0.024405049810106844,0.5705491501862803,2.7444625657414727,0.95995995995996,Heterogeneous.Selection,Miguelito Dike
S3A1522,S2B5565,0.014148240572238041,0.5003319963352549,-1.9937819612787908,-0.6576576576576576,Undominated,Miguelito Dike
S3A3040,S2B5565,0.01593111119614008,0.5142543073109644,0.4454353273219027,0.967967967967968,Dispersal.Limitation,Miguelito Dike
S3A6070,S2B5565,0.034328757130706315,0.6414768709735028,-2.015752270277858,-0.9819819819819819,Homogeneous.Selection,Miguelito Dike
S3B2030,S2B5565,0.003650481022530937,0.30476540483085757,0.45642731797715114,-0.9619619619619619,Homogenizing.Dispersal,Miguelito Dike
S3B3545,S2B5565,0.003547463344919455,0.2928553897045857,-0.1908322973192413,-0.997997997997998,Homogenizing.Dispersal,Miguelito Dike
S3B515,S2B5565,0.005540440698000899,0.34540428067012147,0.017737346432496366,-0.45345345345345345,Undominated,Miguelito Dike
S3B6070,S2B5565,0.0041817704828047645,0.4609173312220744,-0.9450136310949157,0.9959959959959961,Dispersal.Limitation,Miguelito Dike
S3A1522,S3A07,0.016356655875688207,0.5592235341174144,-0.7512373334689514,0.25525525525525516,Undominated,Miguelito Dike
S3A3040,S3A07,0.014819358563335095,0.5318458986199087,-0.7780989715957115,0.5915915915915917,Undominated,Miguelito Dike
S3A6070,S3A07,0.045386202298067675,0.5949347853269761,0.4983569402206754,-0.993993993993994,Homogenizing.Dispersal,Miguelito Dike
S3B2030,S3A07,0.026115723450145997,0.6407556776926121,0.9674757599991145,1,Dispersal.Limitation,Miguelito Dike
S3B3545,S3A07,0.02315154358004653,0.5759646693348772,0.3279962036302472,0.9639639639639639,Dispersal.Limitation,Miguelito Dike
S3B515,S3A07,0.02038288690997504,0.6211528905085497,-0.4202242373029615,1,Dispersal.Limitation,Miguelito Dike
S3B6070,S3A07,0.01646662046819042,0.6727406195071675,-0.06273646680947888,1,Dispersal.Limitation,Miguelito Dike
S3A3040,S3A1522,0.003643675788669127,0.3322246070330049,0.5150294964646002,-1,Homogenizing.Dispersal,Miguelito Dike
S3A6070,S3A1522,0.007751905005786222,0.45056257077504636,-2.1624840613869907,-1,Homogeneous.Selection,Miguelito Dike
S3B2030,S3A1522,0.01739743842680267,0.5615948702146899,-1.7310360385967516,0.41141141141141135,Undominated,Miguelito Dike
S3B3545,S3A1522,0.016758980749342532,0.5081602834080068,-1.2130794976656194,-0.5255255255255256,Undominated,Miguelito Dike
S3B515,S3A1522,0.018699124267058928,0.5862060210868987,-2.2324950068761944,0.7817817817817818,Homogeneous.Selection,Miguelito Dike
S3B6070,S3A1522,0.009207472153323185,0.5845744462313232,-1.8973392234098079,0.7917917917917918,Undominated,Miguelito Dike
S3A6070,S3A3040,0.01297289062330114,0.4059407895561788,-0.7003555238226987,-1,Homogenizing.Dispersal,Miguelito Dike
S3B2030,S3A3040,0.01694540775666856,0.5508022575227214,-0.6084364710322178,0.997997997997998,Dispersal.Limitation,Miguelito Dike
S3B3545,S3A3040,0.01504785389713999,0.5403382965490049,-0.7644439843970972,0.997997997997998,Dispersal.Limitation,Miguelito Dike
S3B515,S3A3040,0.01741524403861379,0.5582400073852135,-1.71090283858504,1,Dispersal.Limitation,Miguelito Dike
S3B6070,S3A3040,0.009844885347933211,0.5656582505831151,-0.25971638383143364,1,Dispersal.Limitation,Miguelito Dike
S3B2030,S3A6070,0.03578088790684554,0.6703619849359985,-2.2994922737494936,-0.8878878878878879,Homogeneous.Selection,Miguelito Dike
S3B3545,S3A6070,0.029766289111865095,0.6278975140959651,-2.8965955494486164,-0.995995995995996,Homogeneous.Selection,Miguelito Dike
S3B515,S3A6070,0.04435340381437164,0.6915901879746722,-1.467389805001634,-0.7417417417417418,Undominated,Miguelito Dike
S3B6070,S3A6070,0.025909161818778448,0.6832937816892699,-0.9114811541896164,-0.8198198198198199,Undominated,Miguelito Dike
S3B3545,S3B2030,0.0010328636581921696,0.19570330476863934,-1.0810674901632629,-1,Homogenizing.Dispersal,Miguelito Dike
S3B515,S3B2030,0.002578870105410612,0.2285516361367223,0.8661032679496792,-1,Homogenizing.Dispersal,Miguelito Dike
S3B6070,S3B2030,0.0017283758380221622,0.4157891112905018,-1.6377827365486788,1,Dispersal.Limitation,Miguelito Dike
S3B515,S3B3545,0.0026870045743743005,0.27302551365602723,0.010427553728678533,-1,Homogenizing.Dispersal,Miguelito Dike
S3B6070,S3B3545,0.0017041063045319985,0.3960935821613676,-1.1386991656953422,0.907907907907908,Undominated,Miguelito Dike
S3B6070,S3B515,0.0018040349146546267,0.39786679052118595,-2.1509909357838177,0.997997997997998,Homogeneous.Selection,Miguelito Dike
S1A1530,S1A015,0.0096081072394655909,0.47963597727404855,1.7017064671643563,-0.5855855855855856,Undominated,All interiors (pooled)
S1A3050,S1A015,0.013134292997841267,0.5141085565442362,3.262315314960697,-0.06106106106106102,Heterogeneous.Selection,All interiors (pooled)
S1A5075,S1A015,0.023119753015788704,0.5771062262768428,6.461300377879381,0.8358358358358358,Heterogeneous.Selection,All interiors (pooled)
S1B07,S1A015,0.00982504880733064,0.5780005880532895,-1.159674134879257,0.8078078078078077,Undominated,All interiors (pooled)
S1B2230,S1A015,0.06910605801856971,0.7634569530286696,11.220535778413378,1,Heterogeneous.Selection,All interiors (pooled)
S1B3040,S1A015,0.12218196057853954,0.767054997581664,17.69470121184422,1,Heterogeneous.Selection,All interiors (pooled)
S1B6575,S1A015,0.09180827604339503,0.8183665962898986,13.76845828901175,1,Heterogeneous.Selection,All interiors (pooled)
S2A1727,S1A015,0.08767732878423881,0.8127189031539412,15.634617789962713,1,Heterogeneous.Selection,All interiors (pooled)
S2A3545,S1A015,0.042814673949264845,0.6578235763227556,9.020059642788302,1,Heterogeneous.Selection,All interiors (pooled)
S2A5060,S1A015,0.06235731195195798,0.722758147193285,11.233608002743823,1,Heterogeneous.Selection,All interiors (pooled)
S2A515,S1A015,0.07579309915246156,0.7652518270951236,13.15656067117272,1,Heterogeneous.Selection,All interiors (pooled)
S2B07,S1A015,0.03214667275646024,0.6068289827520946,5.1631041165349,0.91991991991992,Heterogeneous.Selection,All interiors (pooled)
S2B1522,S1A015,0.07835253443953116,0.7935047436063257,12.44314475046758,1,Heterogeneous.Selection,All interiors (pooled)
S2B3040,S1A015,0.0732120396424151,0.7854119296335761,5.470641237486208,1,Heterogeneous.Selection,All interiors (pooled)
S2B5565,S1A015,0.11288873628231777,0.7538254330214132,21.942983928397854,1,Heterogeneous.Selection,All interiors (pooled)
S3A07,S1A015,0.0472515081941836,0.714922755144243,7.756754173368079,1,Heterogeneous.Selection,All interiors (pooled)
S3A1522,S1A015,0.11662964472674883,0.7679427560028457,11.455264143418178,1,Heterogeneous.Selection,All interiors (pooled)
S3A3040,S1A015,0.0933960611012783,0.7515864912587241,12.969234853961503,1,Heterogeneous.Selection,All interiors (pooled)
S3A6070,S1A015,0.1948725160226815,0.7878897874354993,18.71630767601333,0.6036036036036037,Heterogeneous.Selection,All interiors (pooled)
S3B2030,S1A015,0.11855891478961333,0.7636292874319274,18.03978624596233,1,Heterogeneous.Selection,All interiors (pooled)
S3B3545,S1A015,0.10449214151567982,0.7610389519300677,13.704680574317674,1,Heterogeneous.Selection,All interiors (pooled)
S3B515,S1A015,0.09091695173322967,0.7529855595420779,14.045879646282133,1,Heterogeneous.Selection,All interiors (pooled)
S3B6070,S1A015,0.07729540412731432,0.7813472431121017,11.310006393079409,1,Heterogeneous.Selection,All interiors (pooled)
S4B07,S1A015,0.010271200686773728,0.4531662480051941,2.375821292830734,-0.8458458458458459,Heterogeneous.Selection,All interiors (pooled)
S4B1522,S1A015,0.023578520356740004,0.5797038134558706,4.900893826454221,0.8258258258258258,Heterogeneous.Selection,All interiors (pooled)
S4B3040,S1A015,0.04028150603609189,0.6703442351162825,9.295386800039255,1,Heterogeneous.Selection,All interiors (pooled)
S4B5565,S1A015,0.04172280203136206,0.6683208325974178,10.882779311896737,1,Heterogeneous.Selection,All interiors (pooled)
S5A07,S1A015,0.006340448363290637,0.5454098348288141,0.47272876556334037,-0.2172172172172172,Undominated,All interiors (pooled)
S5A1522,S1A015,0.005384714689297871,0.4842359144732361,-1.969955221616003,-0.6356356356356356,Undominated,All interiors (pooled)
S5A3040,S1A015,0.013500202129790254,0.5209849778060519,3.705278997259477,0.067067067067067,Heterogeneous.Selection,All interiors (pooled)
S5A5565,S1A015,0.06363879759877761,0.7106525767647166,9.897973463731706,1,Heterogeneous.Selection,All interiors (pooled)
S5B07,S1A015,0.008326588933394781,0.4864455086814552,-0.1371055835099095,-0.4814814814814815,Undominated,All interiors (pooled)
S5B1522,S1A015,0.01755336929084067,0.5245865069869763,3.9364978291037227,0.03703703703703698,Heterogeneous.Selection,All interiors (pooled)
S5B3040,S1A015,0.03700625612793273,0.6782663716900195,9.31596704893981,1,Heterogeneous.Selection,All interiors (pooled)
S5B5060,S1A015,0.06733675715311761,0.7828420588597572,10.569188168001943,1,Heterogeneous.Selection,All interiors (pooled)
S6A07,S1A015,0.02881179093563966,0.6864186341669294,-3.596479740769131,1,Homogeneous.Selection,All interiors (pooled)
S6A1522,S1A015,0.0434667905543861,0.743379837320869,-1.1337749881536903,1,Dispersal.Limitation,All interiors (pooled)
S6A3040,S1A015,0.05413283880711847,0.7311955883934872,2.0755788989033874,1,Heterogeneous.Selection,All interiors (pooled)
S6B07,S1A015,0.030516507159636032,0.707570504715126,-3.2450169635505928,0.95995995995996,Homogeneous.Selection,All interiors (pooled)
S6B1522,S1A015,0.03581891246411935,0.7079528679130901,-2.5282919875554573,1,Homogeneous.Selection,All interiors (pooled)
S6B3040,S1A015,0.04117827380371544,0.7006059042707808,0.09768434542196715,1,Dispersal.Limitation,All interiors (pooled)
S7A07,S1A015,0.020060585978987074,0.6358201702928987,-3.2129206172717812,0.9939939939939939,Homogeneous.Selection,All interiors (pooled)
S7A1522,S1A015,0.04566134395659846,0.7570094704086662,0.13336623656918728,1,Dispersal.Limitation,All interiors (pooled)
S7A3040,S1A015,0.052453790568999084,0.7505610516748369,1.4933104401616037,1,Dispersal.Limitation,All interiors (pooled)
S7A5060,S1A015,0.07960332710887723,0.7817616467779803,5.357043480587203,1,Heterogeneous.Selection,All interiors (pooled)
S7B07,S1A015,0.020846952745736037,0.6295458022915907,-3.7300195874754203,0.8318318318318318,Homogeneous.Selection,All interiors (pooled)
S7B1522,S1A015,0.026422838072093044,0.6602959117720827,-2.124380036356384,1,Homogeneous.Selection,All interiors (pooled)
S7B3040,S1A015,0.03037330905607908,0.6885839011510217,-1.336168883648022,1,Dispersal.Limitation,All interiors (pooled)
S7B5060,S1A015,0.04198563337755906,0.7105047495370254,1.373837214307186,1,Dispersal.Limitation,All interiors (pooled)
S1A3050,S1A1530,0.002384396937726877,0.3100399100337621,1.9183792091316247,-1,Homogenizing.Dispersal,All interiors (pooled)
S1A5075,S1A1530,0.004776755998572938,0.37133605130208075,2.2372578586568945,-0.4674674674674675,Heterogeneous.Selection,All interiors (pooled)
S1B07,S1A1530,0.008421755886847019,0.6090195344237525,-2.2395026105654443,1,Homogeneous.Selection,All interiors (pooled)
S1B2230,S1A1530,0.032658178446447486,0.6887951126636929,4.970560987701541,1,Heterogeneous.Selection,All interiors (pooled)
S1B3040,S1A1530,0.0726596899202532,0.7871327072758866,9.972148417885888,1,Heterogeneous.Selection,All interiors (pooled)
S1B6575,S1A1530,0.048492118349522904,0.7645672520646919,5.509234076868657,1,Heterogeneous.Selection,All interiors (pooled)
S2A1727,S1A1530,0.04548001511894774,0.7175324286867379,7.496840886503056,1,Heterogeneous.Selection,All interiors (pooled)
S2A3545,S1A1530,0.027639888887563326,0.6822171408381326,3.7623882470098953,1,Heterogeneous.Selection,All interiors (pooled)
S2A5060,S1A1530,0.03551502880482975,0.7248926037199906,4.484816386153022,1,Heterogeneous.Selection,All interiors (pooled)
S2A515,S1A1530,0.03485509375480213,0.6551532953496425,6.100360799999313,1,Heterogeneous.Selection,All interiors (pooled)
S2B07,S1A1530,0.014751690614538817,0.48714011164436705,3.8457853847563257,0.40740740740740744,Heterogeneous.Selection,All interiors (pooled)
S2B1522,S1A1530,0.037187830224598706,0.6847002271824322,7.306388777807125,1,Heterogeneous.Selection,All interiors (pooled)
S2B3040,S1A1530,0.040677970492504635,0.7453104732815782,8.47026009180262,1,Heterogeneous.Selection,All interiors (pooled)
S2B5565,S1A1530,0.06661702117390465,0.728638848283126,14.032951739016625,1,Heterogeneous.Selection,All interiors (pooled)
S3A07,S1A1530,0.021344387659727976,0.6638714734076386,3.2801772099023516,0.997997997997998,Heterogeneous.Selection,All interiors (pooled)
S3A1522,S1A1530,0.06604586412771772,0.7887238762011244,7.02647716998171,1,Heterogeneous.Selection,All interiors (pooled)
S3A3040,S1A1530,0.050792377859346025,0.7410338068580814,6.255297537351919,1,Heterogeneous.Selection,All interiors (pooled)
S3A6070,S1A1530,0.13548744243641297,0.8202516427055124,13.14601826132806,0.9539539539539539,Heterogeneous.Selection,All interiors (pooled)
S3B2030,S1A1530,0.06958161970137253,0.7547064918438757,12.23300766653148,1,Heterogeneous.Selection,All interiors (pooled)
S3B3545,S1A1530,0.061583090667355234,0.761490128136309,9.708800588046795,1,Heterogeneous.Selection,All interiors (pooled)
S3B515,S1A1530,0.04818361542889829,0.7358290609863866,6.203080917807295,1,Heterogeneous.Selection,All interiors (pooled)
S3B6070,S1A1530,0.04419325339195541,0.7810912273097055,5.649371145356958,1,Heterogeneous.Selection,All interiors (pooled)
S4B07,S1A1530,0.008325411131819482,0.4732785770050535,0.9694642653985115,0.8638638638638638,Undominated,All interiors (pooled)
S4B1522,S1A1530,0.00890246431980686,0.4360481708112481,1.4875167502556605,0.6476476476476476,Undominated,All interiors (pooled)
S4B3040,S1A1530,0.014917945641376558,0.5399204677942518,4.30399062107171,1,Heterogeneous.Selection,All interiors (pooled)
S4B5565,S1A1530,0.01798256651617129,0.5593375496880724,4.305533844629672,1,Heterogeneous.Selection,All interiors (pooled)
S5A07,S1A1530,0.017698222227538942,0.6645839180642734,2.9760172648728695,0.9859859859859861,Heterogeneous.Selection,All interiors (pooled)
S5A1522,S1A1530,0.009962324803781945,0.5467697143030523,1.4765494103981596,0.8198198198198199,Undominated,All interiors (pooled)
S5A3040,S1A1530,0.0037002225498837978,0.4380336715404235,-1.30342733015155,0.7657657657657657,Undominated,All interiors (pooled)
S5A5565,S1A1530,0.024847329722963968,0.6103456819572648,3.7839879234189326,0.9939939939939939,Heterogeneous.Selection,All interiors (pooled)
S5B07,S1A1530,0.00795768147712543,0.5273507638980346,-0.6932349119375834,0.9859859859859861,Dispersal.Limitation,All interiors (pooled)
S5B1522,S1A1530,0.00788086040248153,0.4853821997480702,0.2727262177179745,0.991991991991992,Dispersal.Limitation,All interiors (pooled)
S5B3040,S1A1530,0.015385334269111192,0.5787764220219791,3.031500228408706,1,Heterogeneous.Selection,All interiors (pooled)
S5B5060,S1A1530,0.033616112646039864,0.7349627418641177,4.434309178734475,1,Heterogeneous.Selection,All interiors (pooled)
S6A07,S1A1530,0.029167289965553456,0.7235902160095427,-3.046262849858657,1,Homogeneous.Selection,All interiors (pooled)
S6A1522,S1A1530,0.028419441226975536,0.6942163140013398,-2.975974045992217,1,Homogeneous.Selection,All interiors (pooled)
S6A3040,S1A1530,0.03351868461120816,0.7158028454009957,-0.27364288673791887,1,Dispersal.Limitation,All interiors (pooled)
S6B07,S1A1530,0.036615634152133106,0.7593172256722606,-2.3035786840390355,1,Homogeneous.Selection,All interiors (pooled)
S6B1522,S1A1530,0.02901948247295708,0.7243689549823088,-3.3363698095344323,1,Homogeneous.Selection,All interiors (pooled)
S6B3040,S1A1530,0.027281415582550747,0.6852617815114277,-1.256260434192438,1,Dispersal.Limitation,All interiors (pooled)
S7A07,S1A1530,0.01939183948890222,0.6617650405746482,-4.060580384018549,1,Homogeneous.Selection,All interiors (pooled)
S7A1522,S1A1530,0.027461041785327024,0.6699830576736492,-1.657991455107851,1,Dispersal.Limitation,All interiors (pooled)
S7A3040,S1A1530,0.030946283477097013,0.6929993450354028,-0.3377949114899452,1,Dispersal.Limitation,All interiors (pooled)
S7A5060,S1A1530,0.045606279127454075,0.7316935010997346,1.2508422132395418,1,Dispersal.Limitation,All interiors (pooled)
S7B07,S1A1530,0.0279730747743258,0.6931571631223785,-2.8776713283778337,0.997997997997998,Homogeneous.Selection,All interiors (pooled)
S7B1522,S1A1530,0.020978214313416517,0.6493499798137642,-2.858445611707955,1,Homogeneous.Selection,All interiors (pooled)
S7B3040,S1A1530,0.02207651312468423,0.6726271477952362,-2.098260656518178,1,Homogeneous.Selection,All interiors (pooled)
S7B5060,S1A1530,0.02424058947997218,0.6879281503202802,-1.2440255420665776,1,Dispersal.Limitation,All interiors (pooled)
S1A5075,S1A3050,0.0024963456302703364,0.31816307579966274,1.0063488369270046,-0.95995995995996,Homogenizing.Dispersal,All interiors (pooled)
S1B07,S1A3050,0.008131777773193094,0.5902623306137771,-1.169492766261065,1,Dispersal.Limitation,All interiors (pooled)
S1B2230,S1A3050,0.028911701368805706,0.6817477935897354,5.391941215008748,1,Heterogeneous.Selection,All interiors (pooled)
S1B3040,S1A3050,0.06869959207345279,0.7946414302553207,9.151508338699774,1,Heterogeneous.Selection,All interiors (pooled)
S1B6575,S1A3050,0.04492904243782885,0.7565152378505132,5.688667366874209,1,Heterogeneous.Selection,All interiors (pooled)
S2A1727,S1A3050,0.041444163365776325,0.6985419841351204,6.956085499913541,1,Heterogeneous.Selection,All interiors (pooled)
S2A3545,S1A3050,0.028749136567269885,0.6760152430312348,5.740714363858427,1,Heterogeneous.Selection,All interiors (pooled)
S2A5060,S1A3050,0.03329758300438185,0.7216662310187777,5.029380372543402,1,Heterogeneous.Selection,All interiors (pooled)
S2A515,S1A3050,0.03282513659073522,0.648978660943525,6.200311214435955,1,Heterogeneous.Selection,All interiors (pooled)
S2B07,S1A3050,0.015039499418836262,0.5423094401555989,2.884896336650641,0.927927927927928,Heterogeneous.Selection,All interiors (pooled)
S2B1522,S1A3050,0.030337761047763485,0.6491532212667817,7.7299155279351695,1,Heterogeneous.Selection,All interiors (pooled)
S2B3040,S1A3050,0.03314383193280838,0.7184713930005673,6.2157796576748785,1,Heterogeneous.Selection,All interiors (pooled)
S2B5565,S1A3050,0.06034480474966444,0.7106108207165318,12.293487395409237,1,Heterogeneous.Selection,All interiors (pooled)
S3A07,S1A3050,0.02005753703798659,0.6492447906474771,5.0286017726272325,0.9959959959959961,Heterogeneous.Selection,All interiors (pooled)
S3A1522,S1A3050,0.05845747283172183,0.7785778618069429,4.5573932565605375,1,Heterogeneous.Selection,All interiors (pooled)
S3A3040,S1A3050,0.04351844203007496,0.7290670477517547,4.657349987873433,1,Heterogeneous.Selection,All interiors (pooled)
S3A6070,S1A3050,0.12514759743786505,0.832433172048325,10.600514495875373,0.9839839839839839,Heterogeneous.Selection,All interiors (pooled)
S3B2030,S1A3050,0.0648878982612057,0.7507320247060407,11.522073866088762,1,Heterogeneous.Selection,All interiors (pooled)
S3B3545,S1A3050,0.05564235649358792,0.759851459142828,8.426501107687063,1,Heterogeneous.Selection,All interiors (pooled)
S3B515,S1A3050,0.04387962238262472,0.7331464410463421,5.923094009742349,1,Heterogeneous.Selection,All interiors (pooled)
S3B6070,S1A3050,0.039750677722503146,0.7777262615211135,4.519508431377696,1,Heterogeneous.Selection,All interiors (pooled)
S4B07,S1A3050,0.009227718883847871,0.4700669218023588,0.5246127745290013,0.887887887887888,Undominated,All interiors (pooled)
S4B1522,S1A3050,0.008115300502607588,0.4716389111375244,0.05039899555074819,0.9759759759759761,Dispersal.Limitation,All interiors (pooled)
S4B3040,S1A3050,0.010722919675294505,0.540743780100708,1.8471276311636158,1,Dispersal.Limitation,All interiors (pooled)
S4B5565,S1A3050,0.012360436981398899,0.5437358977529437,1.5523273259646746,1,Dispersal.Limitation,All interiors (pooled)
S5A07,S1A3050,0.014533692403254368,0.6420896157581294,2.405853180750678,0.94994994994995,Heterogeneous.Selection,All interiors (pooled)
S5A1522,S1A3050,0.009091601470136185,0.5364732690947137,0.5819587327008632,0.7157157157157157,Undominated,All interiors (pooled)
S5A3040,S1A3050,0.00401379429543855,0.42988999917263515,-0.8452979372778272,0.867867867867868,Undominated,All interiors (pooled)
S5A5565,S1A3050,0.02016124313150371,0.5828670559802702,3.072516006497219,0.967967967967968,Heterogeneous.Selection,All interiors (pooled)
S5B07,S1A3050,0.00866416809047274,0.502654861588119,1.5297796532379386,0.9359359359359358,Undominated,All interiors (pooled)
S5B1522,S1A3050,0.006880168464513863,0.4625520801368117,0.8144571681405685,0.9959959959959961,Dispersal.Limitation,All interiors (pooled)
S5B3040,S1A3050,0.011461346245744465,0.5254815874786136,1.5605099247121161,1,Dispersal.Limitation,All interiors (pooled)
S5B5060,S1A3050,0.027368348213393495,0.7155918032512913,2.2729982890899527,1,Heterogeneous.Selection,All interiors (pooled)
S6A07,S1A3050,0.028125040810838827,0.7230906520170943,-3.0019220917524496,1,Homogeneous.Selection,All interiors (pooled)
S6A1522,S1A3050,0.02804741291911106,0.7018346001606953,-2.8689427060548454,1,Homogeneous.Selection,All interiors (pooled)
S6A3040,S1A3050,0.034114349579354594,0.7174190000978965,0.2246818349906383,1,Dispersal.Limitation,All interiors (pooled)
S6B07,S1A3050,0.03856981834273003,0.7655534536702547,-1.1395968463958703,1,Dispersal.Limitation,All interiors (pooled)
S6B1522,S1A3050,0.03029597758743542,0.7380942382601945,-2.6632651686786275,1,Homogeneous.Selection,All interiors (pooled)
S6B3040,S1A3050,0.027718515275607557,0.693852535904933,-0.8324466296848855,1,Dispersal.Limitation,All interiors (pooled)
S7A07,S1A3050,0.019327430198645558,0.6727074674918724,-3.439203945691177,1,Homogeneous.Selection,All interiors (pooled)
S7A1522,S1A3050,0.027763665923983556,0.667896832931022,-1.675145999150205,1,Dispersal.Limitation,All interiors (pooled)
S7A3040,S1A3050,0.030770881760337015,0.6986431320916641,-0.32597939980260643,1,Dispersal.Limitation,All interiors (pooled)
S7A5060,S1A3050,0.04414260825567063,0.7299010049820472,1.0610560542102772,1,Dispersal.Limitation,All interiors (pooled)
S7B07,S1A3050,0.026466405170791022,0.6905053221365425,-2.640795304936201,1,Homogeneous.Selection,All interiors (pooled)
S7B1522,S1A3050,0.019928634160106373,0.6419044659579852,-3.0391952888180924,1,Homogeneous.Selection,All interiors (pooled)
S7B3040,S1A3050,0.022474611740032152,0.68336298828072,-1.7192685207633125,1,Dispersal.Limitation,All interiors (pooled)
S7B5060,S1A3050,0.02401316285141237,0.6903301159638889,-0.9505106956033049,1,Dispersal.Limitation,All interiors (pooled)
S1B07,S1A5075,0.01178188966313376,0.5814985646630824,1.8217266089125277,1,Dispersal.Limitation,All interiors (pooled)
S1B2230,S1A5075,0.018460915722142257,0.570275711453647,4.311324896611415,1,Heterogeneous.Selection,All interiors (pooled)
S1B3040,S1A5075,0.04834618561160285,0.7166901463432367,3.8752393018321594,1,Heterogeneous.Selection,All interiors (pooled)
S1B6575,S1A5075,0.030609658306041516,0.6920468521101202,3.274756858894322,1,Heterogeneous.Selection,All interiors (pooled)
S2A1727,S1A5075,0.02374543444146328,0.5980461566719737,5.041385051465093,1,Heterogeneous.Selection,All interiors (pooled)
S2A3545,S1A5075,0.019597592261817967,0.5776210745570374,4.902677792819172,1,Heterogeneous.Selection,All interiors (pooled)
S2A5060,S1A5075,0.021635128194658126,0.6145186873382761,3.4785027411938354,1,Heterogeneous.Selection,All interiors (pooled)
S2A515,S1A5075,0.020628867050236557,0.5541088208357235,5.866866188964132,1,Heterogeneous.Selection,All interiors (pooled)
S2B07,S1A5075,0.013682784023838301,0.48410468852330135,1.389924474822484,0.40740740740740744,Undominated,All interiors (pooled)
S2B1522,S1A5075,0.01950182439702062,0.5570509819586108,5.784280494363502,1,Heterogeneous.Selection,All interiors (pooled)
S2B3040,S1A5075,0.023232238365176676,0.6554801115087312,3.080802108543549,1,Heterogeneous.Selection,All interiors (pooled)
S2B5565,S1A5075,0.03814985614086695,0.5921836376448318,9.719227580882912,1,Heterogeneous.Selection,All interiors (pooled)
S3A07,S1A5075,0.016449691496558203,0.5779523652362589,5.350991492261425,0.7497497497497498,Heterogeneous.Selection,All interiors (pooled)
S3A1522,S1A5075,0.04109733019416743,0.7099538389605289,1.3351402121120333,1,Dispersal.Limitation,All interiors (pooled)
S3A3040,S1A5075,0.029011842951048035,0.6581592754834815,0.5494287649576266,1,Dispersal.Limitation,All interiors (pooled)
S3A6070,S1A5075,0.09157226261801374,0.7768014398644283,5.224881458954735,0.45945945945945943,Heterogeneous.Selection,All interiors (pooled)
S3B2030,S1A5075,0.04048579389857401,0.6364465319209383,8.950627451894539,1,Heterogeneous.Selection,All interiors (pooled)
S3B3545,S1A5075,0.03750992879376165,0.6529500173900351,4.001175762667771,1,Heterogeneous.Selection,All interiors (pooled)
S3B515,S1A5075,0.03314971743049018,0.6305564865808473,6.111158378693271,1,Heterogeneous.Selection,All interiors (pooled)
S3B6070,S1A5075,0.03042824916980825,0.7006611264368221,4.216622482314616,1,Heterogeneous.Selection,All interiors (pooled)
S4B07,S1A5075,0.01662271911832768,0.5044429350532221,2.1648661648658205,0.98998998998999,Heterogeneous.Selection,All interiors (pooled)
S4B1522,S1A5075,0.008627146065678238,0.4256549083902882,3.050424930866121,0.8918918918918919,Heterogeneous.Selection,All interiors (pooled)
S4B3040,S1A5075,0.006381361523989287,0.39807339882369375,3.0032967031756628,0.93993993993994,Heterogeneous.Selection,All interiors (pooled)
S4B5565,S1A5075,0.007089041329250249,0.42074271981938566,0.9514764102357185,1,Dispersal.Limitation,All interiors (pooled)
S5A07,S1A5075,0.023781130450987394,0.6525068445181549,6.7310845965814075,0.9759759759759761,Heterogeneous.Selection,All interiors (pooled)
S5A1522,S1A5075,0.016652709619079838,0.5492579924566502,1.486136778938713,0.8418418418418419,Undominated,All interiors (pooled)
S5A3040,S1A5075,0.00509127426819393,0.4095101922480508,-0.2199278998632967,0.8838838838838838,Undominated,All interiors (pooled)
S5A5565,S1A5075,0.011683422793873195,0.4730757044471645,1.0184799742037116,-0.3633633633633634,Undominated,All interiors (pooled)
S5B07,S1A5075,0.01734980686714905,0.5232795101728555,6.934286392882766,0.9939939939939939,Heterogeneous.Selection,All interiors (pooled)
S5B1522,S1A5075,0.008809880974242797,0.41149988454625636,4.201433600736761,0.977977977977978,Heterogeneous.Selection,All interiors (pooled)
S5B3040,S1A5075,0.01130332513947224,0.482215300427636,3.1095431341093343,1,Heterogeneous.Selection,All interiors (pooled)
S5B5060,S1A5075,0.02213446868853379,0.6773270930409617,2.1565012119047484,1,Heterogeneous.Selection,All interiors (pooled)
S6A07,S1A5075,0.036596276619612234,0.7009572319124169,-0.21538667000382475,1,Dispersal.Limitation,All interiors (pooled)
S6A1522,S1A5075,0.03078294128428171,0.666668282083528,-1.1654634924587925,1,Dispersal.Limitation,All interiors (pooled)
S6A3040,S1A5075,0.028713240604082115,0.6373703530668251,0.17615579987794797,1,Dispersal.Limitation,All interiors (pooled)
S6B07,S1A5075,0.04547716310608199,0.7326751249666495,0.8278431527172386,1,Dispersal.Limitation,All interiors (pooled)
S6B1522,S1A5075,0.03330955961994247,0.6888455088836265,-1.0820468670441854,1,Dispersal.Limitation,All interiors (pooled)
S6B3040,S1A5075,0.027117416322512106,0.6383943535586788,0.2928973785503168,1,Dispersal.Limitation,All interiors (pooled)
S7A07,S1A5075,0.02776275380358365,0.6638072587274574,-0.8440303521943501,1,Dispersal.Limitation,All interiors (pooled)
S7A1522,S1A5075,0.02682741105548753,0.6594757884667151,-0.9597882306195548,1,Dispersal.Limitation,All interiors (pooled)
S7A3040,S1A5075,0.025439371694933044,0.6248924393938595,-0.44290198195569647,1,Dispersal.Limitation,All interiors (pooled)
S7A5060,S1A5075,0.03077498630538985,0.6434836174582408,-0.48737871439891606,0.997997997997998,Dispersal.Limitation,All interiors (pooled)
S7B07,S1A5075,0.03781769390221638,0.6852413718102122,0.6050921506579228,0.9959959959959961,Dispersal.Limitation,All interiors (pooled)
S7B1522,S1A5075,0.02425724844681352,0.6249775599894035,-0.9195879960442872,1,Dispersal.Limitation,All interiors (pooled)
S7B3040,S1A5075,0.023483503921290033,0.6264850945542926,-0.393461021718314,1,Dispersal.Limitation,All interiors (pooled)
S7B5060,S1A5075,0.019980642419007946,0.6027180907396835,-0.8348049277257968,1,Dispersal.Limitation,All interiors (pooled)
S1B2230,S1B07,0.028867327354619794,0.7147192967254017,3.85904212875613,1,Heterogeneous.Selection,All interiors (pooled)
S1B3040,S1B07,0.0561057963967177,0.6726692442209946,9.631798604060496,1,Heterogeneous.Selection,All interiors (pooled)
S1B6575,S1B07,0.042929196440544645,0.7898136601866579,5.995849479886819,1,Heterogeneous.Selection,All interiors (pooled)
S2A1727,S1B07,0.03971365091192226,0.7810158743661786,6.822659381157113,1,Heterogeneous.Selection,All interiors (pooled)
S2A3545,S1B07,0.01891792219995087,0.5197051172230347,3.5262238881134653,1,Heterogeneous.Selection,All interiors (pooled)
S2A5060,S1B07,0.02886846659813228,0.6316736482696759,4.249349634085472,1,Heterogeneous.Selection,All interiors (pooled)
S2A515,S1B07,0.033249998146854254,0.7208156944556653,7.100547351363968,1,Heterogeneous.Selection,All interiors (pooled)
S2B07,S1B07,0.012308332503768856,0.5566515910545085,-0.3441645537890022,0.9739739739739739,Dispersal.Limitation,All interiors (pooled)
S2B1522,S1B07,0.03367859569405618,0.7514493107687958,5.900924859845518,1,Heterogeneous.Selection,All interiors (pooled)
S2B3040,S1B07,0.0329578699408212,0.7509038521717321,7.56760922523204,1,Heterogeneous.Selection,All interiors (pooled)
S2B5565,S1B07,0.05178310511432523,0.6656499874335201,11.795696758300652,1,Heterogeneous.Selection,All interiors (pooled)
S3A07,S1B07,0.019889867452483282,0.39915427127073755,1.6244522511699098,-1,Homogenizing.Dispersal,All interiors (pooled)
S3A1522,S1B07,0.055153650404010476,0.6610090409933723,4.511398727461802,0.937937937937938,Heterogeneous.Selection,All interiors (pooled)
S3A3040,S1B07,0.04558574034713512,0.7077140050772015,4.615546096397763,1,Heterogeneous.Selection,All interiors (pooled)
S3A6070,S1B07,0.09675061479829644,0.6334458315695345,12.079262143884693,-0.97997997997998,Heterogeneous.Selection,All interiors (pooled)
S3B2030,S1B07,0.05247360647452488,0.7148314872765996,10.155360672311174,1,Heterogeneous.Selection,All interiors (pooled)
S3B3545,S1B07,0.047959640117874944,0.6498199002677689,9.672191017294317,1,Heterogeneous.Selection,All interiors (pooled)
S3B515,S1B07,0.039872703306469734,0.7025307546075601,6.2837540074928135,1,Heterogeneous.Selection,All interiors (pooled)
S3B6070,S1B07,0.034770240628204045,0.7554144209258888,6.67956922514429,1,Heterogeneous.Selection,All interiors (pooled)
S4B07,S1B07,0.003948613600608894,0.4887223685800718,-1.5112111407645648,0.9259259259259258,Undominated,All interiors (pooled)
S4B1522,S1B07,0.0066421783294923,0.5684846440764335,-1.642713246938174,1,Dispersal.Limitation,All interiors (pooled)
S4B3040,S1B07,0.013307150828496657,0.6034783924557708,1.5884059145388294,1,Dispersal.Limitation,All interiors (pooled)
S4B5565,S1B07,0.015585200070648345,0.6199700417738644,1.3196046174716514,1,Dispersal.Limitation,All interiors (pooled)
S5A07,S1B07,0.01020609502903295,0.29776782273642943,3.026839176795058,-1,Heterogeneous.Selection,All interiors (pooled)
S5A1522,S1B07,0.005661252380327571,0.2992611057915181,-1.1025212195836025,-1,Homogenizing.Dispersal,All interiors (pooled)
S5A3040,S1B07,0.005904068681444438,0.38755361972383734,-2.1857452102316586,-0.2692692692692693,Homogeneous.Selection,All interiors (pooled)
S5A5565,S1B07,0.03154742113513243,0.6433138549288205,4.334623598206498,1,Heterogeneous.Selection,All interiors (pooled)
S5B07,S1B07,0.003523692624275933,0.32240720494638037,-1.253258635502192,-1,Homogenizing.Dispersal,All interiors (pooled)
S5B1522,S1B07,0.005673636987362813,0.44504311436626914,-1.798491899298783,0.7697697697697699,Undominated,All interiors (pooled)
S5B3040,S1B07,0.013319136310310205,0.6117956461252364,0.9406514850455702,1,Dispersal.Limitation,All interiors (pooled)
S5B5060,S1B07,0.029268539594752445,0.7570931293251963,1.5343000801068916,1,Dispersal.Limitation,All interiors (pooled)
S6A07,S1B07,0.014826462449104516,0.6025891459430226,-3.4793544873628717,0.9659659659659661,Homogeneous.Selection,All interiors (pooled)
S6A1522,S1B07,0.01915298034910566,0.6821549579569369,-2.3909816367704937,1,Homogeneous.Selection,All interiors (pooled)
S6A3040,S1B07,0.02251007678954412,0.5188835488682938,0.07851462381218445,0.6936936936936937,Undominated,All interiors (pooled)
S6B07,S1B07,0.01828805907101007,0.45742355921140687,-2.073226853272517,-1,Homogeneous.Selection,All interiors (pooled)
S6B1522,S1B07,0.0167106687842978,0.5588104685299649,-2.956167289820224,0.6356356356356356,Homogeneous.Selection,All interiors (pooled)
S6B3040,S1B07,0.016986128910834272,0.5620853621336812,-1.0315237998833042,0.997997997997998,Dispersal.Limitation,All interiors (pooled)
S7A07,S1B07,0.008521932513022155,0.5680980048354795,-4.141589381414917,0.9619619619619619,Homogeneous.Selection,All interiors (pooled)
S7A1522,S1B07,0.018772953939744368,0.7082586563037205,-1.3530642331031764,1,Dispersal.Limitation,All interiors (pooled)
S7A3040,S1B07,0.022089539271207097,0.6945496737031975,-0.06195284234769719,1,Dispersal.Limitation,All interiors (pooled)
S7A5060,S1B07,0.033958758934260425,0.7417062736784857,0.9330321287612142,1,Dispersal.Limitation,All interiors (pooled)
S7B07,S1B07,0.012139412535821133,0.5277169314019153,-2.7496881725412248,-0.4554554554554554,Homogeneous.Selection,All interiors (pooled)
S7B1522,S1B07,0.010988984247526389,0.5894297106631377,-2.5749617031348406,1,Homogeneous.Selection,All interiors (pooled)
S7B3040,S1B07,0.012824032762261343,0.502065775056316,-2.339176293066306,0.9859859859859861,Homogeneous.Selection,All interiors (pooled)
S7B5060,S1B07,0.01617035325555435,0.4973797622915425,-1.1134374150076238,0.9859859859859861,Dispersal.Limitation,All interiors (pooled)
S1B3040,S1B2230,0.007804299582060299,0.47660792925632445,-0.23271218422143744,0.29329329329329323,Undominated,All interiors (pooled)
S1B6575,S1B2230,0.0046060451545516315,0.38791176352637335,0.9272479000855005,0.9659659659659661,Dispersal.Limitation,All interiors (pooled)
S2A1727,S1B2230,0.00342907710602949,0.35856726356833457,-0.588405135779771,0.7417417417417418,Undominated,All interiors (pooled)
S2A3545,S1B2230,0.007946872324959511,0.4149587424719175,3.2829000563917066,1,Heterogeneous.Selection,All interiors (pooled)
S2A5060,S1B2230,0.003220686665398466,0.3097355242827464,0.012510188282981671,0.6536536536536537,Undominated,All interiors (pooled)
S2A515,S1B2230,0.003972459263106187,0.33199145892917037,-0.40617194937880424,0.4334334334334333,Undominated,All interiors (pooled)
S2B07,S1B2230,0.029610629720082358,0.664485734539387,2.400318125136029,1,Heterogeneous.Selection,All interiors (pooled)
S2B1522,S1B2230,0.003827726623179049,0.3703414760625251,-1.3362276929478218,0.7777777777777777,Undominated,All interiors (pooled)
S2B3040,S1B2230,0.004362482135743412,0.4404906857507797,-1.2591337683827148,1,Dispersal.Limitation,All interiors (pooled)
S2B5565,S1B2230,0.0048547602077739,0.3621684641432639,0.45005948685779495,-0.7697697697697697,Undominated,All interiors (pooled)
S3A07,S1B2230,0.016889042366730382,0.6160862695102377,-1.1102059823023835,0.9659659659659661,Dispersal.Limitation,All interiors (pooled)
S3A1522,S1B2230,0.017671703657967705,0.6143272186860583,-1.529709914450551,0.6096096096096095,Undominated,All interiors (pooled)
S3A3040,S1B2230,0.015240108337786993,0.5707720006986501,-1.759936099925977,0.9859859859859861,Dispersal.Limitation,All interiors (pooled)
S3A6070,S1B2230,0.041937902435086466,0.7154966457544846,-1.9217160579270693,-0.6276276276276276,Undominated,All interiors (pooled)
S3B2030,S1B2230,0.004051239267544646,0.33670201270280853,0.06723953750962344,-0.6716716716716717,Undominated,All interiors (pooled)
S3B3545,S1B2230,0.005061396657348756,0.37949881893903564,-0.03466148680961091,-0.21921921921921927,Undominated,All interiors (pooled)
S3B515,S1B2230,0.003749210927985029,0.32142820714520726,-1.345920770304479,-0.7557557557557557,Undominated,All interiors (pooled)
S3B6070,S1B2230,0.0036645219947103085,0.47246026271462865,-1.364457583932068,1,Dispersal.Limitation,All interiors (pooled)
S4B07,S1B2230,0.0503303642268884,0.7376199275642676,8.754806906868167,1,Heterogeneous.Selection,All interiors (pooled)
S4B1522,S1B2230,0.01872105979931914,0.6175826295509972,0.6840933550997356,1,Dispersal.Limitation,All interiors (pooled)
S4B3040,S1B2230,0.007913803378549904,0.44715364297329757,1.453894020499784,1,Dispersal.Limitation,All interiors (pooled)
S4B5565,S1B2230,0.005951987860688006,0.3622118052073318,1.9623461285387742,1,Dispersal.Limitation,All interiors (pooled)
S5A07,S1B2230,0.06251917064011078,0.7704359367483691,13.098569736621085,1,Heterogeneous.Selection,All interiors (pooled)
S5A1522,S1B2230,0.047896743019805836,0.7355451951254539,8.308899589420855,1,Heterogeneous.Selection,All interiors (pooled)
S5A3040,S1B2230,0.022869684298057774,0.6452802073598923,3.319546675428081,1,Heterogeneous.Selection,All interiors (pooled)
S5A5565,S1B2230,0.017777960152031064,0.5139824591952313,2.7267517033901147,0.3873873873873874,Heterogeneous.Selection,All interiors (pooled)
S5B07,S1B2230,0.05168644913384744,0.7326934855802739,9.514552501999042,1,Heterogeneous.Selection,All interiors (pooled)
S5B1522,S1B2230,0.015768648100427315,0.5773005175346069,4.753120246295697,1,Heterogeneous.Selection,All interiors (pooled)
S5B3040,S1B2230,0.008818762139811972,0.5099174819562174,1.8035891854091255,1,Dispersal.Limitation,All interiors (pooled)
S5B5060,S1B2230,0.006499008656510322,0.4788051472592505,-0.25831981392948417,1,Dispersal.Limitation,All interiors (pooled)
S6A07,S1B2230,0.06934711080211108,0.7634094825874954,8.054787003760328,1,Heterogeneous.Selection,All interiors (pooled)
S6A1522,S1B2230,0.04775943390117918,0.7143404543474521,3.7492472518863065,1,Heterogeneous.Selection,All interiors (pooled)
S6A3040,S1B2230,0.024919928430188046,0.620641662556348,0.12981562793970391,1,Dispersal.Limitation,All interiors (pooled)
S6B07,S1B2230,0.08582936881360524,0.7820976817076366,12.220427618918928,1,Heterogeneous.Selection,All interiors (pooled)
S6B1522,S1B2230,0.05649364667879721,0.7424389611218253,4.9889464176625165,1,Heterogeneous.Selection,All interiors (pooled)
S6B3040,S1B2230,0.029293129626111653,0.6744690091229115,4.212680087211736,1,Heterogeneous.Selection,All interiors (pooled)
S7A07,S1B2230,0.06121420307664411,0.7705386908167243,6.701831551536016,1,Heterogeneous.Selection,All interiors (pooled)
S7A1522,S1B2230,0.0379418675093823,0.7021944786183731,2.8645154908537185,1,Heterogeneous.Selection,All interiors (pooled)
S7A3040,S1B2230,0.023208979329821904,0.6040059206052101,-0.02803428292061404,1,Dispersal.Limitation,All interiors (pooled)
S7A5060,S1B2230,0.013803030110633741,0.5232156686762347,-3.4302569163382164,0.6556556556556556,Homogeneous.Selection,All interiors (pooled)
S7B07,S1B2230,0.08283485217762364,0.7758091104118817,12.647847104417155,1,Heterogeneous.Selection,All interiors (pooled)
S7B1522,S1B2230,0.046789433007100006,0.7131629869261991,5.708638626221226,1,Heterogeneous.Selection,All interiors (pooled)
S7B3040,S1B2230,0.03170240866939248,0.6649410346655792,2.8296460604673483,1,Heterogeneous.Selection,All interiors (pooled)
S7B5060,S1B2230,0.016670359835455686,0.5718591737874256,0.024689465166494052,1,Dispersal.Limitation,All interiors (pooled)
S1B6575,S1B3040,0.0028393865587656745,0.32117537221929227,-0.866889980588639,-1,Homogenizing.Dispersal,All interiors (pooled)
S2A1727,S1B3040,0.012837737129130795,0.5424602318191171,1.2371182645024679,0.937937937937938,Undominated,All interiors (pooled)
S2A3545,S1B3040,0.024586998582417877,0.4553795046951766,7.641243617181735,-0.1551551551551551,Heterogeneous.Selection,All interiors (pooled)
S2A5060,S1B3040,0.011386686201215851,0.3607888399481151,3.2781149884888583,-1,Heterogeneous.Selection,All interiors (pooled)
S2A515,S1B3040,0.014486099913604777,0.5546970219507156,0.8090860917119524,0.97997997997998,Dispersal.Limitation,All interiors (pooled)
S2B07,S1B3040,0.05458979813865483,0.7064631200799818,3.9558530481652987,1,Heterogeneous.Selection,All interiors (pooled)
S2B1522,S1B3040,0.01772764809392401,0.6107520172170007,0.7129837498624911,1,Dispersal.Limitation,All interiors (pooled)
S2B3040,S1B3040,0.015639327255148928,0.5207694510369091,0.1609951152967587,0.8138138138138138,Undominated,All interiors (pooled)
S2B5565,S1B3040,0.00797282656699469,0.4027204564890618,-0.8468262054769008,-0.8938938938938938,Undominated,All interiors (pooled)
S3A07,S1B3040,0.02786916737119872,0.6181683186284989,-0.21125802309397146,0.917917917917918,Undominated,All interiors (pooled)
S3A1522,S1B3040,0.010168908819571665,0.4694459094445487,-3.3738909299287827,-0.95995995995996,Homogeneous.Selection,All interiors (pooled)
S3A3040,S1B3040,0.011857513816322541,0.5236377362020166,-3.1358399149167147,0.6076076076076076,Homogeneous.Selection,All interiors (pooled)
S3A6070,S1B3040,0.019733131021129377,0.599191656886776,-4.944978863362474,-0.993993993993994,Homogeneous.Selection,All interiors (pooled)
S3B2030,S1B3040,0.0059162086664298116,0.3861166735063124,-0.13680816563317108,-0.9519519519519519,Homogenizing.Dispersal,All interiors (pooled)
S3B3545,S1B3040,0.004948725556042687,0.3403942707925878,-0.49872186768347404,-1,Homogenizing.Dispersal,All interiors (pooled)
S3B515,S1B3040,0.01277849216102905,0.4107381316111646,1.7906224269403106,-0.8598598598598599,Undominated,All interiors (pooled)
S3B6070,S1B3040,0.009341519348191364,0.4644429653576565,1.143237376888524,0.14314314314314314,Undominated,All interiors (pooled)
S4B07,S1B3040,0.09505521776602378,0.7887477417829759,13.620991262902194,1,Heterogeneous.Selection,All interiors (pooled)
S4B1522,S1B3040,0.04632651144083358,0.7626120427221729,3.105574199069493,1,Heterogeneous.Selection,All interiors (pooled)
S4B3040,S1B3040,0.026505916185848535,0.6522871090806636,1.217522581178084,1,Dispersal.Limitation,All interiors (pooled)
S4B5565,S1B3040,0.02406394858593923,0.62905991436138,3.148087849478001,1,Heterogeneous.Selection,All interiors (pooled)
S5A07,S1B3040,0.09104779167549987,0.6900895173603927,15.66765818190846,1,Heterogeneous.Selection,All interiors (pooled)
S5A1522,S1B3040,0.07969853858389198,0.6769507715154726,13.098635479407356,1,Heterogeneous.Selection,All interiors (pooled)
S5A3040,S1B3040,0.05048639734458242,0.6496798555253688,6.292268734828779,1,Heterogeneous.Selection,All interiors (pooled)
S5A5565,S1B3040,0.02995370497569444,0.5926144077821631,0.9162432385285844,0.937937937937938,Undominated,All interiors (pooled)
S5B07,S1B3040,0.08440974811997659,0.6830099238078741,14.771920404186483,1,Heterogeneous.Selection,All interiors (pooled)
S5B1522,S1B3040,0.047179712356682814,0.660944641243319,7.529351194286729,1,Heterogeneous.Selection,All interiors (pooled)
S5B3040,S1B3040,0.03903383193859328,0.6972314768554119,6.626005880260785,1,Heterogeneous.Selection,All interiors (pooled)
S5B5060,S1B3040,0.018415313696038944,0.5688461473530249,1.0844744616233266,0.9939939939939939,Dispersal.Limitation,All interiors (pooled)
S6A07,S1B3040,0.11199329310973338,0.7457022323134876,15.111767490949026,1,Heterogeneous.Selection,All interiors (pooled)
S6A1522,S1B3040,0.08173114259449274,0.7743447732269718,10.130174314171214,1,Heterogeneous.Selection,All interiors (pooled)
S6A3040,S1B3040,0.04118653314439483,0.6153388025253375,2.4897782825306183,0.997997997997998,Heterogeneous.Selection,All interiors (pooled)
S6B07,S1B3040,0.1180808242598262,0.6956385769486372,18.506733437747826,0.945945945945946,Heterogeneous.Selection,All interiors (pooled)
S6B1522,S1B3040,0.08957559082522892,0.6855245445358482,10.603140121331508,1,Heterogeneous.Selection,All interiors (pooled)
S6B3040,S1B3040,0.056260588868132455,0.6545190507215723,9.739097502551976,1,Heterogeneous.Selection,All interiors (pooled)
S7A07,S1B3040,0.10330594079057664,0.7571884052755381,15.21759502715754,1,Heterogeneous.Selection,All interiors (pooled)
S7A1522,S1B3040,0.0689792834175899,0.7892297060194108,7.603013996925866,1,Heterogeneous.Selection,All interiors (pooled)
S7A3040,S1B3040,0.044188375210142884,0.7105135654296592,3.1536525932296993,1,Heterogeneous.Selection,All interiors (pooled)
S7A5060,S1B3040,0.024691940593112416,0.6382871056071096,-1.9348370367454553,0.997997997997998,Dispersal.Limitation,All interiors (pooled)
S7B07,S1B3040,0.12427526088530547,0.7209234646700621,20.35310348216023,1,Heterogeneous.Selection,All interiors (pooled)
S7B1522,S1B3040,0.08831108335128407,0.7666128263517467,14.873706249271399,1,Heterogeneous.Selection,All interiors (pooled)
S7B3040,S1B3040,0.05598133958358635,0.6475450369997312,6.796617456214284,1,Heterogeneous.Selection,All interiors (pooled)
S7B5060,S1B3040,0.03348837703704768,0.5844122112896113,3.599372517985697,0.991991991991992,Heterogeneous.Selection,All interiors (pooled)
S2A1727,S1B6575,0.006472891228468256,0.45382668697570655,-0.026196976172442304,1,Dispersal.Limitation,All interiors (pooled)
S2A3545,S1B6575,0.010090938024772804,0.5172469389315136,2.4071304561115547,1,Heterogeneous.Selection,All interiors (pooled)
S2A5060,S1B6575,0.0044847539320916775,0.39159896597579846,1.1215314764011366,0.977977977977978,Dispersal.Limitation,All interiors (pooled)
S2A515,S1B6575,0.008101455342923248,0.4799468278112801,-0.36967586452634194,1,Dispersal.Limitation,All interiors (pooled)
S2B07,S1B6575,0.043847764968801564,0.7614371785928162,3.3364710500104846,1,Heterogeneous.Selection,All interiors (pooled)
S2B1522,S1B6575,0.010406881012883713,0.5250104717619601,0.5035633952991875,1,Dispersal.Limitation,All interiors (pooled)
S2B3040,S1B6575,0.005787457604327435,0.47465667313423726,-0.7258091404127862,1,Dispersal.Limitation,All interiors (pooled)
S2B5565,S1B6575,0.00684676122070706,0.4344996206108839,1.4910819724301276,0.6256256256256256,Undominated,All interiors (pooled)
S3A07,S1B6575,0.025083242389540076,0.7144034083997348,-0.6628446678632502,1,Dispersal.Limitation,All interiors (pooled)
S3A1522,S1B6575,0.013005469666868061,0.5850677079607517,-1.3980465130250694,0.1911911911911912,Undominated,All interiors (pooled)
S3A3040,S1B6575,0.010131107943086175,0.5318354684423446,-2.4407575034063216,0.8538538538538538,Homogeneous.Selection,All interiors (pooled)
S3A6070,S1B6575,0.026882744904324796,0.6746576816409282,-3.65466629244176,-0.9319319319319319,Homogeneous.Selection,All interiors (pooled)
S3B2030,S1B6575,0.004649298849767282,0.38647801071525134,2.3424638370591553,0.39139139139139134,Heterogeneous.Selection,All interiors (pooled)
S3B3545,S1B6575,0.004968417386986438,0.4040297351264285,2.524946116044279,0.31331331331331325,Heterogeneous.Selection,All interiors (pooled)
S3B515,S1B6575,0.009464419866455204,0.40964751046332987,2.3526218251044426,0.8138138138138138,Heterogeneous.Selection,All interiors (pooled)
S3B6070,S1B6575,0.007444127502038262,0.4603009728345907,1.8883244736372022,1,Dispersal.Limitation,All interiors (pooled)
S4B07,S1B6575,0.06744812935343347,0.800800144903749,10.627296208651892,1,Heterogeneous.Selection,All interiors (pooled)
S4B1522,S1B6575,0.03351951493131181,0.7362097174174295,1.7311192457878042,1,Dispersal.Limitation,All interiors (pooled)
S4B3040,S1B6575,0.018829976055772697,0.6263992075722145,1.917516430565548,1,Dispersal.Limitation,All interiors (pooled)
S4B5565,S1B6575,0.014506702280708909,0.5457560996816931,2.8224173141660236,1,Heterogeneous.Selection,All interiors (pooled)
S5A07,S1B6575,0.07879800157786503,0.8215682485011762,14.060589968679533,1,Heterogeneous.Selection,All interiors (pooled)
S5A1522,S1B6575,0.06524075435145849,0.8041278862373435,11.284693747370333,1,Heterogeneous.Selection,All interiors (pooled)
S5A3040,S1B6575,0.03689181296707513,0.7522154512236157,3.776957499728598,1,Heterogeneous.Selection,All interiors (pooled)
S5A5565,S1B6575,0.024141768721444017,0.6345843906696836,1.1009550304129618,1,Dispersal.Limitation,All interiors (pooled)
S5B07,S1B6575,0.06745878866799251,0.8035996090775903,11.448510669957347,1,Heterogeneous.Selection,All interiors (pooled)
S5B1522,S1B6575,0.028446768081033316,0.7082037863980603,4.545703164262877,1,Heterogeneous.Selection,All interiors (pooled)
S5B3040,S1B6575,0.02149953554321864,0.6182814824702186,4.827451968037414,1,Heterogeneous.Selection,All interiors (pooled)
S5B5060,S1B6575,0.013102005333393105,0.496590097305462,1.7380587395511533,1,Dispersal.Limitation,All interiors (pooled)
S6A07,S1B6575,0.08717398389735691,0.8186696629281929,11.001741172620607,1,Heterogeneous.Selection,All interiors (pooled)
S6A1522,S1B6575,0.06192223334584944,0.7826263346748117,5.931955258373949,1,Heterogeneous.Selection,All interiors (pooled)
S6A3040,S1B6575,0.03227011488183189,0.7118983792583521,0.2074031817475833,1,Dispersal.Limitation,All interiors (pooled)
S6B07,S1B6575,0.10430760154639443,0.8311040884525139,15.83438095772337,1,Heterogeneous.Selection,All interiors (pooled)
S6B1522,S1B6575,0.07211517633998964,0.807147198908875,7.255492645452955,1,Heterogeneous.Selection,All interiors (pooled)
S6B3040,S1B6575,0.034772203217815906,0.7543903618048697,4.006074924436078,1,Heterogeneous.Selection,All interiors (pooled)
S7A07,S1B6575,0.078678570950149615,0.8231676403218464,10.526590008722414,1,Heterogeneous.Selection,All interiors (pooled)
S7A1522,S1B6575,0.052103643277333286,0.7701380193214085,4.627916859368714,1,Heterogeneous.Selection,All interiors (pooled)
S7A3040,S1B6575,0.032920863056243116,0.7106974388211555,0.6440679779620259,1,Dispersal.Limitation,All interiors (pooled)
S7A5060,S1B6575,0.019388365185887203,0.6102670010291611,-2.9736486445680126,0.9939939939939939,Homogeneous.Selection,All interiors (pooled)
S7B07,S1B6575,0.10140877950861979,0.8285752356247068,16.29693423088467,1,Heterogeneous.Selection,All interiors (pooled)
S7B1522,S1B6575,0.062384286056721416,0.7889264721442474,9.405821147336017,1,Heterogeneous.Selection,All interiors (pooled)
S7B3040,S1B6575,0.043832676523778424,0.7578698551578997,4.483379226627528,1,Heterogeneous.Selection,All interiors (pooled)
S7B5060,S1B6575,0.022121267999195823,0.6680752280372686,0.14553111986894535,1,Dispersal.Limitation,All interiors (pooled)
S2A3545,S2A1727,0.0046813979524265355,0.45633916186407414,2.8047312572459933,1,Heterogeneous.Selection,All interiors (pooled)
S2A5060,S2A1727,0.0023370445521002604,0.37249870762665477,-1.2620750514127979,0.8918918918918919,Undominated,All interiors (pooled)
S2A515,S2A1727,0.0037524445341695902,0.3173600096728605,0.31899876704273156,-0.4354354354354354,Undominated,All interiors (pooled)
S2B07,S2A1727,0.040481008240336444,0.7283243511046845,5.238116658617347,1,Heterogeneous.Selection,All interiors (pooled)
S2B1522,S2A1727,0.006493713470917864,0.4228215283461737,1.3496802048504146,0.9759759759759761,Dispersal.Limitation,All interiors (pooled)
S2B3040,S2A1727,0.004309299738373374,0.48434446996360125,-1.8919408690569985,1,Dispersal.Limitation,All interiors (pooled)
S2B5565,S2A1727,0.004231824478270772,0.35194207394974153,0.35201422488028716,-0.8838838838838838,Undominated,All interiors (pooled)
S3A07,S2A1727,0.02767254423006766,0.7064088943277278,2.2503684541696938,1,Heterogeneous.Selection,All interiors (pooled)
S3A1522,S2A1727,0.025710481191929976,0.66319917081425,-0.5600731270764315,0.9619619619619619,Dispersal.Limitation,All interiors (pooled)
S3A3040,S2A1727,0.01913963944828012,0.640788123636184,-1.3615365081995043,1,Dispersal.Limitation,All interiors (pooled)
S3A6070,S2A1727,0.048734857924299976,0.7671043721847091,-1.0946588119609904,0.2952952952952952,Undominated,All interiors (pooled)
S3B2030,S2A1727,0.0039530794044147785,0.3466662296157528,0.17076373551593568,-0.5655655655655656,Undominated,All interiors (pooled)
S3B3545,S2A1727,0.005122721115653683,0.4057783838575743,1.5434183524550158,0.31331331331331325,Undominated,All interiors (pooled)
S3B515,S2A1727,0.004475233719273435,0.3775321637876318,0.4495581996268076,0.3313313313313313,Undominated,All interiors (pooled)
S3B6070,S2A1727,0.005408326580048707,0.5481409794252612,0.18623198023238352,1,Dispersal.Limitation,All interiors (pooled)
S4B07,S2A1727,0.06498869507092098,0.7815233328548838,9.722402679868,1,Heterogeneous.Selection,All interiors (pooled)
S4B1522,S2A1727,0.02486038828599299,0.6383298605157115,1.7615593635030373,1,Dispersal.Limitation,All interiors (pooled)
S4B3040,S2A1727,0.011474350545214975,0.5016925878339353,2.921514608791992,1,Heterogeneous.Selection,All interiors (pooled)
S4B5565,S2A1727,0.008491428337415374,0.42611130979262674,2.505377009397294,0.9959959959959961,Heterogeneous.Selection,All interiors (pooled)
S5A07,S2A1727,0.08337551412003104,0.8286356075558153,16.051802101581497,1,Heterogeneous.Selection,All interiors (pooled)
S5A1522,S2A1727,0.06370674983492171,0.7870474750134923,9.863185886421741,1,Heterogeneous.Selection,All interiors (pooled)
S5A3040,S2A1727,0.03138265763935638,0.6887966192249694,5.503421508246421,1,Heterogeneous.Selection,All interiors (pooled)
S5A5565,S2A1727,0.01958174976838281,0.5636593099615319,2.0587582484979534,0.9119119119119119,Heterogeneous.Selection,All interiors (pooled)
S5B07,S2A1727,0.06628395884750542,0.7875027164891568,11.620469557969058,1,Heterogeneous.Selection,All interiors (pooled)
S5B1522,S2A1727,0.019674053029834354,0.622690314783738,3.085928078485672,1,Heterogeneous.Selection,All interiors (pooled)
S5B3040,S2A1727,0.012561417326976434,0.5020411399173074,1.7070807505003835,1,Dispersal.Limitation,All interiors (pooled)
S5B5060,S2A1727,0.011229700520632834,0.5492370093870773,-0.41054969747246794,1,Dispersal.Limitation,All interiors (pooled)
S6A07,S2A1727,0.08731502597189815,0.8163123824009891,12.700189770118168,1,Heterogeneous.Selection,All interiors (pooled)
S6A1522,S2A1727,0.05572751983837363,0.7582085724147356,5.825839241646039,1,Heterogeneous.Selection,All interiors (pooled)
S6A3040,S2A1727,0.02883344596560035,0.6765344231882792,1.6494378891829842,1,Dispersal.Limitation,All interiors (pooled)
S6B07,S2A1727,0.10601877252940457,0.83651842391813,17.353139437689684,1,Heterogeneous.Selection,All interiors (pooled)
S6B1522,S2A1727,0.06798708212223324,0.7929572762228894,7.9552816284451495,1,Heterogeneous.Selection,All interiors (pooled)
S6B3040,S2A1727,0.035896718559005045,0.7334284887943355,5.44792409157176,1,Heterogeneous.Selection,All interiors (pooled)
S7A07,S2A1727,0.07638278567001046,0.8243087413680497,10.51976474131421,1,Heterogeneous.Selection,All interiors (pooled)
S7A1522,S2A1727,0.04280314054676894,0.725147362290904,3.7754393309881933,1,Heterogeneous.Selection,All interiors (pooled)
S7A3040,S2A1727,0.025642712953888376,0.6491145261524618,0.06818352383737623,1,Dispersal.Limitation,All interiors (pooled)
S7A5060,S2A1727,0.015555864961875547,0.558705841603571,-2.9897432990581554,0.9219219219219219,Homogeneous.Selection,All interiors (pooled)
S7B07,S2A1727,0.10536393400434751,0.8315619368022967,18.352860709400595,1,Heterogeneous.Selection,All interiors (pooled)
S7B1522,S2A1727,0.05509055195840848,0.7581713706489493,8.30079965558267,1,Heterogeneous.Selection,All interiors (pooled)
S7B3040,S2A1727,0.037972752760966025,0.722368730602464,4.627016778374409,1,Heterogeneous.Selection,All interiors (pooled)
S7B5060,S2A1727,0.01988207070105894,0.6365181550399057,1.1160193391101962,1,Dispersal.Limitation,All interiors (pooled)
S2A5060,S2A3545,0.0018860905403936439,0.2671247656995768,1.7347275830320033,-0.42142142142142147,Undominated,All interiors (pooled)
S2A515,S2A3545,0.010201125954003947,0.43488303644952675,7.806407392242094,1,Heterogeneous.Selection,All interiors (pooled)
S2B07,S2A3545,0.026025457504783495,0.5947560685609756,2.924113748778335,1,Heterogeneous.Selection,All interiors (pooled)
S2B1522,S2A3545,0.012307608437764178,0.5128789809430979,4.32134077577482,1,Heterogeneous.Selection,All interiors (pooled)
S2B3040,S2A3545,0.012525793476120827,0.5116549250724076,5.11673880440131,1,Heterogeneous.Selection,All interiors (pooled)
S2B5565,S2A3545,0.01540904169747761,0.3773173123029277,9.410237321706227,-0.5795795795795795,Heterogeneous.Selection,All interiors (pooled)
S3A07,S2A3545,0.025871973143114867,0.5235619487273666,4.050606387014118,-0.1711711711711712,Heterogeneous.Selection,All interiors (pooled)
S3A1522,S2A3545,0.03835053151907211,0.5434502226148229,3.685074313540492,-0.5555555555555556,Heterogeneous.Selection,All interiors (pooled)
S3A3040,S2A3545,0.024108889431193287,0.5818843164495654,2.3604324045856937,0.991991991991992,Heterogeneous.Selection,All interiors (pooled)
S3A6070,S2A3545,0.06283621390088093,0.6466983197341049,6.4686143628278066,-0.987987987987988,Heterogeneous.Selection,All interiors (pooled)
S3B2030,S2A3545,0.014678835451477502,0.3989149404275689,10.944508829615472,0.5915915915915917,Heterogeneous.Selection,All interiors (pooled)
S3B3545,S2A3545,0.01523341862160691,0.3688158831241549,8.480933104480187,-0.4934934934934935,Heterogeneous.Selection,All interiors (pooled)
S3B515,S2A3545,0.010221677278546878,0.3816413620573365,6.468446316311186,0.5315315315315314,Heterogeneous.Selection,All interiors (pooled)
S3B6070,S2A3545,0.0111448413927187,0.5156056381334424,3.174821098390658,1,Heterogeneous.Selection,All interiors (pooled)
S4B07,S2A3545,0.03221424075702034,0.6579118194621434,7.212794008387848,1,Heterogeneous.Selection,All interiors (pooled)
S4B1522,S2A3545,0.016634212363609402,0.6009134113313516,0.9091991372196401,1,Dispersal.Limitation,All interiors (pooled)
S4B3040,S2A3545,0.010572640762382353,0.4936376546754746,2.194893754698863,1,Heterogeneous.Selection,All interiors (pooled)
S4B5565,S2A3545,0.007634670979947371,0.4461044257964457,2.3687703212694897,1,Heterogeneous.Selection,All interiors (pooled)
S5A07,S2A3545,0.040835587178024796,0.5859356744150783,10.030756576713392,0.4654654654654655,Heterogeneous.Selection,All interiors (pooled)
S5A1522,S2A3545,0.03101888886271685,0.5524375583077873,5.790145821409385,0.8598598598598599,Heterogeneous.Selection,All interiors (pooled)
S5A3040,S2A3545,0.017445363621770155,0.48468285945825956,1.4004127822939347,1,Dispersal.Limitation,All interiors (pooled)
S5A5565,S2A3545,0.03125867930393071,0.5196351156690451,8.320714602044536,0.4194194194194194,Heterogeneous.Selection,All interiors (pooled)
S5B07,S2A3545,0.03315910562226562,0.5405677187103133,8.49066830573935,0.997997997997998,Heterogeneous.Selection,All interiors (pooled)
S5B1522,S2A3545,0.012076162004867618,0.46683281316177555,2.191140921639909,1,Heterogeneous.Selection,All interiors (pooled)
S5B3040,S2A3545,0.008721469630941135,0.5300649512294188,0.31996994713597265,1,Dispersal.Limitation,All interiors (pooled)
S5B5060,S2A3545,0.010071728912555342,0.5812852192555696,-0.18600823906598432,1,Dispersal.Limitation,All interiors (pooled)
S6A07,S2A3545,0.04467827992317056,0.666846361047915,4.911917324726216,1,Heterogeneous.Selection,All interiors (pooled)
S6A1522,S2A3545,0.034917538402921944,0.6957206983707794,2.2406503319978897,1,Heterogeneous.Selection,All interiors (pooled)
S6A3040,S2A3545,0.022269916519681063,0.49711395033136624,0.7916300876427723,0.48548548548548554,Undominated,All interiors (pooled)
S6B07,S2A3545,0.05494600520215552,0.613771928399915,8.193482614465786,0.0830830830830831,Heterogeneous.Selection,All interiors (pooled)
S6B1522,S2A3545,0.04075471291773271,0.6014569603984287,3.438483201607423,0.945945945945946,Heterogeneous.Selection,All interiors (pooled)
S6B3040,S2A3545,0.022808473189660547,0.5557721347086731,2.1931082983269716,1,Heterogeneous.Selection,All interiors (pooled)
S7A07,S2A3545,0.04001072145657221,0.6779044121852262,5.445054416709677,1,Heterogeneous.Selection,All interiors (pooled)
S7A1522,S2A3545,0.02727481239326588,0.6961814477611963,1.1420294616190834,1,Dispersal.Limitation,All interiors (pooled)
S7A3040,S2A3545,0.01974111523398419,0.6097331203028169,-0.2375273130401999,1,Dispersal.Limitation,All interiors (pooled)
S7A5060,S2A3545,0.016211692866791617,0.5765196381446669,-1.9786987535353244,0.9719719719719719,Dispersal.Limitation,All interiors (pooled)
S7B07,S2A3545,0.051042588329672185,0.632010864664425,8.51822199280274,0.9219219219219219,Heterogeneous.Selection,All interiors (pooled)
S7B1522,S2A3545,0.029680409451489753,0.6498086356673725,3.2682242514007656,1,Heterogeneous.Selection,All interiors (pooled)
S7B3040,S2A3545,0.02324712942822285,0.5214965582838994,1.601193414359047,1,Dispersal.Limitation,All interiors (pooled)
S7B5060,S2A3545,0.014236264663107828,0.45686323945274876,-0.5680195467609175,1,Dispersal.Limitation,All interiors (pooled)
S2A515,S2A5060,0.004440643617201779,0.37968139686250074,0.2635886938000964,0.947947947947948,Undominated,All interiors (pooled)
S2B07,S2A5060,0.03256835879362638,0.6396637732156453,2.4100963277553404,1,Heterogeneous.Selection,All interiors (pooled)
S2B1522,S2A5060,0.007705528984412213,0.4701808670477833,1.6343944233763124,1,Dispersal.Limitation,All interiors (pooled)
S2B3040,S2A5060,0.005505136819270493,0.4479706803118044,0.3886236962143159,1,Dispersal.Limitation,All interiors (pooled)
S2B5565,S2A5060,0.006208705360170787,0.2961770408271931,5.725075173414827,-1,Heterogeneous.Selection,All interiors (pooled)
S3A07,S2A5060,0.0221891948695289,0.5833701941475221,0.510019752533765,0.8118118118118118,Undominated,All interiors (pooled)
S3A1522,S2A5060,0.023726932788010996,0.5312403442727122,0.5066719176291609,-0.6896896896896897,Undominated,All interiors (pooled)
S3A3040,S2A5060,0.015201976829752455,0.5370809646514005,-1.4211960464020192,0.887887887887888,Undominated,All interiors (pooled)
S3A6070,S2A5060,0.04003869796558772,0.6522565597274336,-0.4849932435748729,-0.985985985985986,Homogenizing.Dispersal,All interiors (pooled)
S3B2030,S2A5060,0.004503897418538369,0.2510773233854616,5.997277891330064,-1,Heterogeneous.Selection,All interiors (pooled)
S3B3545,S2A5060,0.005221413359990831,0.23561250830933744,4.560738595456704,-1,Heterogeneous.Selection,All interiors (pooled)
S3B515,S2A5060,0.004094912698684745,0.25125490430952524,2.4605118065833542,-1,Heterogeneous.Selection,All interiors (pooled)
S3B6070,S2A5060,0.003406286488117444,0.42382496075221104,0.6214651604568288,1,Dispersal.Limitation,All interiors (pooled)
S4B07,S2A5060,0.04731955876271536,0.7290952885322864,8.497179255516219,1,Heterogeneous.Selection,All interiors (pooled)
S4B1522,S2A5060,0.021297696884341404,0.6539399434918053,0.45334771971689597,1,Dispersal.Limitation,All interiors (pooled)
S4B3040,S2A5060,0.011697278291366379,0.5043749207067032,1.5986151959189423,1,Dispersal.Limitation,All interiors (pooled)
S4B5565,S2A5060,0.007629676220019799,0.44937682810541657,1.4311322963208877,1,Dispersal.Limitation,All interiors (pooled)
S5A07,S2A5060,0.05515100396801724,0.6776966095592878,10.444085172437518,0.997997997997998,Heterogeneous.Selection,All interiors (pooled)
S5A1522,S2A5060,0.04551226385270961,0.6512819397031075,7.499678684184966,1,Heterogeneous.Selection,All interiors (pooled)
S5A3040,S2A5060,0.02537404576376714,0.5836422106859877,3.366437738781437,1,Heterogeneous.Selection,All interiors (pooled)
S5A5565,S2A5060,0.02047014248426883,0.5142886953128255,2.2164694316666944,0.36936936936936937,Heterogeneous.Selection,All interiors (pooled)
S5B07,S2A5060,0.04829199459430095,0.6492901462359132,9.297881812570013,1,Heterogeneous.Selection,All interiors (pooled)
S5B1522,S2A5060,0.016382801665987462,0.5361138552783696,3.1134469759817374,1,Heterogeneous.Selection,All interiors (pooled)
S5B3040,S2A5060,0.011388762569656255,0.5603656648569214,2.210469301235636,1,Heterogeneous.Selection,All interiors (pooled)
S5B5060,S2A5060,0.008446053819128808,0.5202370248590031,0.337988059037474,1,Dispersal.Limitation,All interiors (pooled)
S6A07,S2A5060,0.059553516663776576,0.7091639425456782,7.280127643679074,1,Heterogeneous.Selection,All interiors (pooled)
S6A1522,S2A5060,0.04172666924032537,0.7232710582047565,2.9389684611890607,1,Heterogeneous.Selection,All interiors (pooled)
S6A3040,S2A5060,0.022603700721602914,0.5632183010853089,-0.5983340946831066,0.987987987987988,Dispersal.Limitation,All interiors (pooled)
S6B07,S2A5060,0.07357243566521168,0.6922132828738121,11.476564636925122,0.9639639639639639,Heterogeneous.Selection,All interiors (pooled)
S6B1522,S2A5060,0.050455778195106674,0.6649380198735113,4.485740926288038,1,Heterogeneous.Selection,All interiors (pooled)
S6B3040,S2A5060,0.024829092438422143,0.6091338484964484,2.810808150465089,1,Heterogeneous.Selection,All interiors (pooled)
S7A07,S2A5060,0.05683593776653232,0.7200257692363737,7.7271458693501796,1,Heterogeneous.Selection,All interiors (pooled)
S7A1522,S2A5060,0.0331494492006061,0.7221487706718558,1.8261341672379976,1,Dispersal.Limitation,All interiors (pooled)
S7A3040,S2A5060,0.021027616000326634,0.6223173477481775,-1.001256118207951,1,Dispersal.Limitation,All interiors (pooled)
S7A5060,S2A5060,0.014337085530083019,0.549223610967575,-2.9555469840483095,0.8738738738738738,Homogeneous.Selection,All interiors (pooled)
S7B07,S2A5060,0.07160942846099734,0.6992393264084534,11.15499852196326,1,Heterogeneous.Selection,All interiors (pooled)
S7B1522,S2A5060,0.040819572911595374,0.7037490787965124,5.20548484620286,1,Heterogeneous.Selection,All interiors (pooled)
S7B3040,S2A5060,0.029225394772377095,0.5975615770240951,2.59099763914448,1,Heterogeneous.Selection,All interiors (pooled)
S7B5060,S2A5060,0.015343431146203597,0.5124400328060773,-0.7089330762356455,1,Dispersal.Limitation,All interiors (pooled)
S2B07,S2A515,0.029554142686074918,0.648851125191965,5.371811962223467,1,Heterogeneous.Selection,All interiors (pooled)
S2B1522,S2A515,0.0073086446647246135,0.4075508041034944,1.931075572755765,0.945945945945946,Undominated,All interiors (pooled)
S2B3040,S2A515,0.006650891003420114,0.49858423523892087,-0.9199061432087867,1,Dispersal.Limitation,All interiors (pooled)
S2B5565,S2A515,0.012130168378046223,0.4377743293149902,5.281044082892857,0.6056056056056056,Heterogeneous.Selection,All interiors (pooled)
S3A07,S2A515,0.021647681196682058,0.6491172643208052,0.7862331317320012,0.997997997997998,Dispersal.Limitation,All interiors (pooled)
S3A1522,S2A515,0.027033036160211018,0.6799216426297146,-1.25974466494816,0.9939939939939939,Dispersal.Limitation,All interiors (pooled)
S3A3040,S2A515,0.02166632666656964,0.6395640510627687,-0.9208286986509483,1,Dispersal.Limitation,All interiors (pooled)
S3A6070,S2A515,0.059285294876185474,0.769168234029815,0.3069432125921994,0.31931931931931934,Undominated,All interiors (pooled)
S3B2030,S2A515,0.006797335402039414,0.38360923091515375,1.8303131939977668,0.26126126126126126,Undominated,All interiors (pooled)
S3B3545,S2A515,0.008494928910196922,0.4459437240235509,2.068896755091041,0.8298298298298299,Heterogeneous.Selection,All interiors (pooled)
S3B515,S2A515,0.005175433890774538,0.3532943592543954,-0.5888677574270028,-0.2492492492492493,Undominated,All interiors (pooled)
S3B6070,S2A515,0.007252091736532907,0.5784252091798378,-1.2631438968108204,1,Dispersal.Limitation,All interiors (pooled)
S4B07,S2A515,0.05285213681491579,0.7064241020096466,11.255294478070862,1,Heterogeneous.Selection,All interiors (pooled)
S4B1522,S2A515,0.019043083663278282,0.5477272902827881,2.311866312554267,1,Heterogeneous.Selection,All interiors (pooled)
S4B3040,S2A515,0.009178887598705124,0.41722496817655913,3.171366519384846,1,Heterogeneous.Selection,All interiors (pooled)
S4B5565,S2A515,0.0071525562491397635,0.3735743745439227,2.952562716183533,0.9539539539539539,Heterogeneous.Selection,All interiors (pooled)
S5A07,S2A515,0.06906439745168595,0.7868052756343498,13.950871963237404,1,Heterogeneous.Selection,All interiors (pooled)
S5A1522,S2A515,0.05140119584108109,0.7344789616571447,10.601722010466553,1,Heterogeneous.Selection,All interiors (pooled)
S5A3040,S2A515,0.024428050323510156,0.6173852618596947,5.359768704543804,1,Heterogeneous.Selection,All interiors (pooled)
S5A5565,S2A515,0.02237405780874203,0.5724615287483519,2.2976199013105805,0.947947947947948,Heterogeneous.Selection,All interiors (pooled)
S5B07,S2A515,0.05131856098226518,0.7176302493254096,11.617040150343906,1,Heterogeneous.Selection,All interiors (pooled)
S5B1522,S2A515,0.018012157900148058,0.5548891315091036,7.431733681943486,1,Heterogeneous.Selection,All interiors (pooled)
S5B3040,S2A515,0.014245762937570343,0.4999977481436046,3.866506803168566,1,Heterogeneous.Selection,All interiors (pooled)
S5B5060,S2A515,0.015156359340827758,0.5928174030140155,-0.11521425294469281,1,Dispersal.Limitation,All interiors (pooled)
S6A07,S2A515,0.07422394002345112,0.772285925810058,9.746778050795337,1,Heterogeneous.Selection,All interiors (pooled)
S6A1522,S2A515,0.049656940631086666,0.6991459506460267,5.779221226556548,1,Heterogeneous.Selection,All interiors (pooled)
S6A3040,S2A515,0.027460952947759437,0.6187927022518935,3.066547911698459,1,Heterogeneous.Selection,All interiors (pooled)
S6B07,S2A515,0.08868703900339117,0.802441114131393,12.44545358080905,1,Heterogeneous.Selection,All interiors (pooled)
S6B1522,S2A515,0.05983612263553336,0.7476781622804805,6.530213741914258,1,Heterogeneous.Selection,All interiors (pooled)
S6B3040,S2A515,0.03313786948627222,0.675241684585942,6.458931239528818,1,Heterogeneous.Selection,All interiors (pooled)
S7A07,S2A515,0.062937359850667,0.7752985784779453,7.660064211776391,1,Heterogeneous.Selection,All interiors (pooled)
S7A1522,S2A515,0.038364160628082476,0.6611420176024836,4.3959151943682535,1,Heterogeneous.Selection,All interiors (pooled)
S7A3040,S2A515,0.02377368954313884,0.5788110717496034,1.188300675663713,1,Dispersal.Limitation,All interiors (pooled)
S7A5060,S2A515,0.01462722707967783,0.5041891076340302,-2.4893870166956145,0.35935935935935936,Homogeneous.Selection,All interiors (pooled)
S7B07,S2A515,0.08863749897244505,0.7863129824607981,13.527083855493432,1,Heterogeneous.Selection,All interiors (pooled)
S7B1522,S2A515,0.04891028701251762,0.6940850042371676,7.690050526872884,1,Heterogeneous.Selection,All interiors (pooled)
S7B3040,S2A515,0.03232269111973544,0.6529640874344299,4.678181787563809,1,Heterogeneous.Selection,All interiors (pooled)
S7B5060,S2A515,0.017583476878986537,0.5682253431253452,0.8914730202413723,1,Dispersal.Limitation,All interiors (pooled)
S2B1522,S2B07,0.023391972260744694,0.6331692948903641,6.307479740129222,1,Heterogeneous.Selection,All interiors (pooled)
S2B3040,S2B07,0.02358725848830893,0.6935885423617993,3.468035060118475,1,Heterogeneous.Selection,All interiors (pooled)
S2B5565,S2B07,0.041496072727429556,0.6437224445235489,5.963441922537681,1,Heterogeneous.Selection,All interiors (pooled)
S3A07,S2B07,0.00827713360471746,0.5169611209079483,-1.2543691766578262,-0.16716716716716717,Undominated,All interiors (pooled)
S3A1522,S2B07,0.0458006021774351,0.6991228535216705,0.9831467139496598,0.98998998998999,Dispersal.Limitation,All interiors (pooled)
S3A3040,S2B07,0.03699763676837972,0.6504051648910927,2.2192238744219805,1,Heterogeneous.Selection,All interiors (pooled)
S3A6070,S2B07,0.10060138977017266,0.7501015074230568,6.573525253612006,0.03703703703703698,Heterogeneous.Selection,All interiors (pooled)
S3B2030,S2B07,0.045799408277126655,0.6890179822607982,4.951909809631439,1,Heterogeneous.Selection,All interiors (pooled)
S3B3545,S2B07,0.04432203321355652,0.6760095957111151,4.1823839152803,1,Heterogeneous.Selection,All interiors (pooled)
S3B515,S2B07,0.03482695459403364,0.6630282150474103,2.9435769889866235,1,Heterogeneous.Selection,All interiors (pooled)
S3B6070,S2B07,0.03138830789868838,0.7325951508814118,2.147567402931607,1,Heterogeneous.Selection,All interiors (pooled)
S4B07,S2B07,0.015995266611981085,0.49112257809831306,3.791020874582871,0.45945945945945943,Heterogeneous.Selection,All interiors (pooled)
S4B1522,S2B07,0.010381893890923026,0.47986586766356876,0.19502572351667755,0.2852852852852852,Undominated,All interiors (pooled)
S4B3040,S2B07,0.013514334319929454,0.5067486433708305,1.645607213531608,0.7357357357357357,Undominated,All interiors (pooled)
S4B5565,S2B07,0.01806519368595183,0.5742233761319634,2.7779581772545705,0.997997997997998,Heterogeneous.Selection,All interiors (pooled)
S5A07,S2B07,0.028509717622767872,0.6340647112535401,4.072406309047534,0.8718718718718719,Heterogeneous.Selection,All interiors (pooled)
S5A1522,S2B07,0.0240245682204283,0.5903907618190818,2.407418269911896,0.9439439439439439,Heterogeneous.Selection,All interiors (pooled)
S5A3040,S2B07,0.011082797195662403,0.463448351977006,2.163719517104293,0.025025025025025016,Heterogeneous.Selection,All interiors (pooled)
S5A5565,S2B07,0.02484833897366704,0.5813350514464302,1.6274517455863184,0.9059059059059058,Undominated,All interiors (pooled)
S5B07,S2B07,0.017373617010945898,0.5014005887712986,2.7083648136419263,0.5335335335335336,Heterogeneous.Selection,All interiors (pooled)
S5B1522,S2B07,0.012926564714720153,0.4834918794363622,0.7579691498088104,0.3773773773773774,Undominated,All interiors (pooled)
S5B3040,S2B07,0.020263979081392523,0.6084768908382172,3.0831116609612748,1,Heterogeneous.Selection,All interiors (pooled)
S5B5060,S2B07,0.03478073391114626,0.7427213005919013,1.2645381010233068,1,Dispersal.Limitation,All interiors (pooled)
S6A07,S2B07,0.043452372856319324,0.6645439799829004,1.148154574405225,1,Dispersal.Limitation,All interiors (pooled)
S6A1522,S2B07,0.04111525426795482,0.6868495212145205,0.865522726448777,1,Dispersal.Limitation,All interiors (pooled)
S6A3040,S2B07,0.035665287118585194,0.6314804810203491,1.3046676466834117,0.997997997997998,Dispersal.Limitation,All interiors (pooled)
S6B07,S2B07,0.04203726112958621,0.6653643557995926,-0.14197734194560377,0.7717717717717718,Undominated,All interiors (pooled)
S6B1522,S2B07,0.038023542328856644,0.6421560982237442,-0.4038497851603212,0.9759759759759761,Dispersal.Limitation,All interiors (pooled)
S6B3040,S2B07,0.03471551066532419,0.6111617200587222,1.4698447455179124,1,Dispersal.Limitation,All interiors (pooled)
S7A07,S2B07,0.02400504204916553,0.5945957225473496,-1.1271589855828468,0.97997997997998,Dispersal.Limitation,All interiors (pooled)
S7A1522,S2B07,0.0345767896950688,0.6947854349538729,0.11621957339364064,1,Dispersal.Limitation,All interiors (pooled)
S7A3040,S2B07,0.033884126588584786,0.6695498482359783,1.0227769668416702,1,Dispersal.Limitation,All interiors (pooled)
S7A5060,S2B07,0.038571028954630035,0.697016257851356,0.165528949419868,1,Dispersal.Limitation,All interiors (pooled)
S7B07,S2B07,0.03983137961885426,0.6222091708725745,1.7360806365307413,0.7837837837837838,Undominated,All interiors (pooled)
S7B1522,S2B07,0.03227522576870101,0.6357072874434403,1.2968052647252764,1,Dispersal.Limitation,All interiors (pooled)
S7B3040,S2B07,0.025990602381464792,0.6052334784192642,-0.7298541401529957,1,Dispersal.Limitation,All interiors (pooled)
S7B5060,S2B07,0.025124657662637905,0.6084134004049383,-0.4187215231862341,1,Dispersal.Limitation,All interiors (pooled)
S2B3040,S2B1522,0.0027715086025408946,0.40283500847897913,0.2877456820375557,0.9019019019019019,Undominated,All interiors (pooled)
S2B5565,S2B1522,0.00597373274520969,0.427655815832936,0.10851009139184183,0.4514514514514514,Undominated,All interiors (pooled)
S3A07,S2B1522,0.011600177118639692,0.5754056496025434,1.585665981980581,0.7097097097097098,Undominated,All interiors (pooled)
S3A1522,S2B1522,0.01840305404164347,0.6480939646575407,-1.3147197122050522,0.9119119119119119,Undominated,All interiors (pooled)
S3A3040,S2B1522,0.014246896234682914,0.5831825010779481,-0.8793690315987704,0.9939939939939939,Dispersal.Limitation,All interiors (pooled)
S3A6070,S2B1522,0.04936343815127391,0.7584582446357494,-1.076556056169703,0.12112112112112117,Undominated,All interiors (pooled)
S3B2030,S2B1522,0.008436808996121911,0.46798416763079936,0.15476084703928547,0.9959959959959961,Dispersal.Limitation,All interiors (pooled)
S3B3545,S2B1522,0.00835250258111888,0.49837157287663925,-0.4106451153907025,0.997997997997998,Dispersal.Limitation,All interiors (pooled)
S3B515,S2B1522,0.0059200318760395795,0.44312669643620445,-1.2107242846587258,0.967967967967968,Dispersal.Limitation,All interiors (pooled)
S3B6070,S2B1522,0.005676147635475268,0.531961722120928,-0.9583161841066952,1,Dispersal.Limitation,All interiors (pooled)
S4B07,S2B1522,0.05596285556009359,0.7521163827402632,10.51153798827534,1,Heterogeneous.Selection,All interiors (pooled)
S4B1522,S2B1522,0.02273555322276611,0.6351657555895557,2.2895722953675532,1,Heterogeneous.Selection,All interiors (pooled)
S4B3040,S2B1522,0.008619448974106688,0.4800339777699337,0.887352659841822,1,Dispersal.Limitation,All interiors (pooled)
S4B5565,S2B1522,0.007633847748704833,0.40391133312626626,2.7699962659201716,0.9859859859859861,Heterogeneous.Selection,All interiors (pooled)
S5A07,S2B1522,0.06768090097095593,0.8046558983856523,13.500976249342212,1,Heterogeneous.Selection,All interiors (pooled)
S5A1522,S2B1522,0.05359605811358922,0.7754900832420601,11.402001620261988,1,Heterogeneous.Selection,All interiors (pooled)
S5A3040,S2B1522,0.02196505912139972,0.6597000144906502,4.7379414018683255,1,Heterogeneous.Selection,All interiors (pooled)
S5A5565,S2B1522,0.012015608030561328,0.47113822983116205,1.641819379607929,-0.3873873873873874,Undominated,All interiors (pooled)
S5B07,S2B1522,0.05429739756096447,0.7603268882465318,10.565355702638286,1,Heterogeneous.Selection,All interiors (pooled)
S5B1522,S2B1522,0.016998839224511536,0.6035651921258243,4.619343423518951,1,Heterogeneous.Selection,All interiors (pooled)
S5B3040,S2B1522,0.011971547436109219,0.446158181860072,5.205668742709767,1,Heterogeneous.Selection,All interiors (pooled)
S5B5060,S2B1522,0.008389077225548991,0.5195085296320536,-0.8506363371714314,1,Dispersal.Limitation,All interiors (pooled)
S6A07,S2B1522,0.08216405829980605,0.8000347851065146,9.91840337453469,1,Heterogeneous.Selection,All interiors (pooled)
S6A1522,S2B1522,0.06050595495089188,0.7490624035522443,5.313259398321207,1,Heterogeneous.Selection,All interiors (pooled)
S6A3040,S2B1522,0.0366412336207682,0.676557003701428,4.250964177388307,1,Heterogeneous.Selection,All interiors (pooled)
S6B07,S2B1522,0.09608236145750618,0.8181843001091728,13.787016509349435,1,Heterogeneous.Selection,All interiors (pooled)
S6B1522,S2B1522,0.0683958778060502,0.7828560334250341,6.2210556288526435,1,Heterogeneous.Selection,All interiors (pooled)
S6B3040,S2B1522,0.042113079617523266,0.7278783262633877,6.591795479658673,1,Heterogeneous.Selection,All interiors (pooled)
S7A07,S2B1522,0.06729079019475284,0.7967232251603289,8.880957891913582,1,Heterogeneous.Selection,All interiors (pooled)
S7A1522,S2B1522,0.04906736349845472,0.7328210542547275,5.044221349019646,1,Heterogeneous.Selection,All interiors (pooled)
S7A3040,S2B1522,0.031970505996615134,0.6636005227540945,2.2483187059303096,1,Heterogeneous.Selection,All interiors (pooled)
S7A5060,S2B1522,0.021484122251452752,0.5789698799933951,-0.6663622843328163,0.9739739739739739,Dispersal.Limitation,All interiors (pooled)
S7B07,S2B1522,0.09360210154442189,0.80793844516089,14.978114973181446,1,Heterogeneous.Selection,All interiors (pooled)
S7B1522,S2B1522,0.05748083783630646,0.7490166718708388,7.0559400173478695,1,Heterogeneous.Selection,All interiors (pooled)
S7B3040,S2B1522,0.04192360074817463,0.7220170589567564,5.074729387799781,1,Heterogeneous.Selection,All interiors (pooled)
S7B5060,S2B1522,0.025970490900690594,0.6389703409764331,3.187792314429618,1,Heterogeneous.Selection,All interiors (pooled)
S2B5565,S2B3040,0.002740918846243755,0.4174161811990673,-2.0992035520380434,0.28728728728728736,Homogeneous.Selection,All interiors (pooled)
S3A07,S2B3040,0.012133758984871722,0.6365823900177747,-0.732677396060861,0.98998998998999,Dispersal.Limitation,All interiors (pooled)
S3A1522,S2B3040,0.009966356357749192,0.5907418284717427,-2.0632827635942546,0.3053053053053052,Homogeneous.Selection,All interiors (pooled)
S3A3040,S2B3040,0.009771502106509074,0.5338259163618092,-1.145770241598561,0.8838838838838838,Undominated,All interiors (pooled)
S3A6070,S2B3040,0.02816262661486934,0.6966309250299665,-1.6901444257238323,-0.7977977977977978,Undominated,All interiors (pooled)
S3B2030,S2B3040,0.0052791178930569164,0.44907081272007704,-1.3417324619921724,0.9639639639639639,Dispersal.Limitation,All interiors (pooled)
S3B3545,S2B3040,0.00448626522928558,0.4595476345584867,-1.6348501851940933,0.91991991991992,Undominated,All interiors (pooled)
S3B515,S2B3040,0.0039956104977667325,0.44038361923937513,-2.358663182088003,0.9719719719719719,Homogeneous.Selection,All interiors (pooled)
S3B6070,S2B3040,0.0023528132591807277,0.40846553361174787,-1.6793957469644234,0.9719719719719719,Dispersal.Limitation,All interiors (pooled)
S4B07,S2B3040,0.06151329562446274,0.7777008926814071,4.47043150077543,1,Heterogeneous.Selection,All interiors (pooled)
S4B1522,S2B3040,0.025519554804581412,0.7164008159540932,1.6852928128366274,1,Dispersal.Limitation,All interiors (pooled)
S4B3040,S2B3040,0.011665723780273793,0.5957622846588781,-0.558261549720434,1,Dispersal.Limitation,All interiors (pooled)
S4B5565,S2B3040,0.01052390541773109,0.5428084276006859,1.8502314500807129,1,Dispersal.Limitation,All interiors (pooled)
S5A07,S2B3040,0.06307325372564646,0.7876205165996792,4.183306000212888,1,Heterogeneous.Selection,All interiors (pooled)
S5A1522,S2B3040,0.05123645035998187,0.77147980754567,7.250862716388359,1,Heterogeneous.Selection,All interiors (pooled)
S5A3040,S2B3040,0.026402413238361965,0.7099591850361271,3.680850650205919,1,Heterogeneous.Selection,All interiors (pooled)
S5A5565,S2B3040,0.013397933085105807,0.5875995138919277,-0.5504338876336015,0.9819819819819819,Dispersal.Limitation,All interiors (pooled)
S5B07,S2B3040,0.05328131429555644,0.7656289413815703,8.292303254877202,1,Heterogeneous.Selection,All interiors (pooled)
S5B1522,S2B3040,0.023207821280150788,0.6605217650043186,5.95951106913358,1,Heterogeneous.Selection,All interiors (pooled)
S5B3040,S2B3040,0.014123480129532632,0.5420910882050217,4.892395351617742,1,Heterogeneous.Selection,All interiors (pooled)
S5B5060,S2B3040,0.007427161210024654,0.5203756036922842,-0.28608855854054205,1,Dispersal.Limitation,All interiors (pooled)
S6A07,S2B3040,0.08234507493667825,0.7899006068225293,10.41715881571599,1,Heterogeneous.Selection,All interiors (pooled)
S6A1522,S2B3040,0.06348297679058877,0.7672661859623121,4.043139508444912,1,Heterogeneous.Selection,All interiors (pooled)
S6A3040,S2B3040,0.03659058116079273,0.6959791829891185,0.8619811166733384,1,Dispersal.Limitation,All interiors (pooled)
S6B07,S2B3040,0.08787225057788327,0.8001389751155813,11.399803006282626,1,Heterogeneous.Selection,All interiors (pooled)
S6B1522,S2B3040,0.06920167042240893,0.7804736198421437,4.296831302696438,1,Heterogeneous.Selection,All interiors (pooled)
S6B3040,S2B3040,0.04166190994944288,0.7359053971333188,5.229457404357281,1,Heterogeneous.Selection,All interiors (pooled)
S7A07,S2B3040,0.06104928533516103,0.7893007755254928,7.356494087283369,1,Heterogeneous.Selection,All interiors (pooled)
S7A1522,S2B3040,0.04935892856279572,0.7686923055073641,5.083163792373994,1,Heterogeneous.Selection,All interiors (pooled)
S7A3040,S2B3040,0.02750890260295548,0.69751282642785,0.8647466543654188,1,Dispersal.Limitation,All interiors (pooled)
S7A5060,S2B3040,0.02118127291626088,0.6300255944903534,-0.7434516768572633,1,Dispersal.Limitation,All interiors (pooled)
S7B07,S2B3040,0.08879565744912621,0.7962601992127686,13.315168863031818,1,Heterogeneous.Selection,All interiors (pooled)
S7B1522,S2B3040,0.06095155397655304,0.7640835933589968,4.940283669717688,1,Heterogeneous.Selection,All interiors (pooled)
S7B3040,S2B3040,0.043641679772939854,0.7321263535102462,5.024234382138155,1,Heterogeneous.Selection,All interiors (pooled)
S7B5060,S2B3040,0.02755681032463682,0.664316792936263,3.039658876734346,1,Heterogeneous.Selection,All interiors (pooled)
S3A07,S2B5565,0.024405049810106844,0.5705491501862803,2.9053620294875295,0.6596596596596596,Heterogeneous.Selection,All interiors (pooled)
S3A1522,S2B5565,0.01414824057223804,0.5003319963352549,-1.7005824499644577,-0.8558558558558559,Undominated,All interiors (pooled)
S3A3040,S2B5565,0.01593111119614008,0.5142543073109644,0.5122671446753873,0.6456456456456456,Undominated,All interiors (pooled)
S3A6070,S2B5565,0.034328757130706315,0.6414768709735028,-1.9720665914149398,-0.9819819819819819,Homogenizing.Dispersal,All interiors (pooled)
S3B2030,S2B5565,0.003650481022530937,0.30476540483085757,0.5049422510040094,-1,Homogenizing.Dispersal,All interiors (pooled)
S3B3545,S2B5565,0.0035474633449194557,0.2928553897045857,-0.14970835360629822,-1,Homogenizing.Dispersal,All interiors (pooled)
S3B515,S2B5565,0.005540440698000901,0.34540428067012147,0.01016302390100991,-0.9619619619619619,Homogenizing.Dispersal,All interiors (pooled)
S3B6070,S2B5565,0.0041817704828047645,0.4609173312220744,-1.0339036295865633,0.867867867867868,Undominated,All interiors (pooled)
S4B07,S2B5565,0.08454899980181385,0.7624616824953225,13.298129943618502,1,Heterogeneous.Selection,All interiors (pooled)
S4B1522,S2B5565,0.04178621404429751,0.6819602742344136,5.456969894511418,1,Heterogeneous.Selection,All interiors (pooled)
S4B3040,S2B5565,0.021000381343192147,0.5090183846544061,6.3854737021503,0.9959959959959961,Heterogeneous.Selection,All interiors (pooled)
S4B5565,S2B5565,0.01990109022632845,0.4694313478787489,9.384098033555581,0.9059059059059058,Heterogeneous.Selection,All interiors (pooled)
S5A07,S2B5565,0.08594109719713315,0.7009067167273686,16.698760784774116,0.997997997997998,Heterogeneous.Selection,All interiors (pooled)
S5A1522,S2B5565,0.07667854423155411,0.6746581346927957,13.17322880472358,1,Heterogeneous.Selection,All interiors (pooled)
S5A3040,S2B5565,0.043822225700617265,0.5924552173015091,9.392221789963013,1,Heterogeneous.Selection,All interiors (pooled)
S5A5565,S2B5565,0.023229020529462123,0.45900862995007025,4.8983360317748,-0.5535535535535536,Heterogeneous.Selection,All interiors (pooled)
S5B07,S2B5565,0.07822429971391259,0.6760830228310782,14.466478235261766,1,Heterogeneous.Selection,All interiors (pooled)
S5B1522,S2B5565,0.03853044651961929,0.5736191612549689,9.187466738649109,1,Heterogeneous.Selection,All interiors (pooled)
S5B3040,S2B5565,0.028131327961188342,0.5558682772993941,7.57471342706074,1,Heterogeneous.Selection,All interiors (pooled)
S5B5060,S2B5565,0.016152249062611215,0.5243342086055098,2.2583417542887947,1,Heterogeneous.Selection,All interiors (pooled)
S6A07,S2B5565,0.10347488471153798,0.7328179559467485,16.032619687532843,1,Heterogeneous.Selection,All interiors (pooled)
S6A1522,S2B5565,0.07753764777854627,0.7439519633014919,12.011770919085382,1,Heterogeneous.Selection,All interiors (pooled)
S6A3040,S2B5565,0.040970277205942165,0.5797726049842606,5.593124317038728,0.987987987987988,Heterogeneous.Selection,All interiors (pooled)
S6B07,S2B5565,0.10942357304689854,0.7071346475905286,19.21163410467371,0.9839839839839839,Heterogeneous.Selection,All interiors (pooled)
S6B1522,S2B5565,0.08471939006771541,0.681757876189191,12.254165579740578,1,Heterogeneous.Selection,All interiors (pooled)
S6B3040,S2B5565,0.05167516103429064,0.6333267769192098,10.723235703882262,1,Heterogeneous.Selection,All interiors (pooled)
S7A07,S2B5565,0.0956310854863974,0.7476036897305766,16.18640769333143,1,Heterogeneous.Selection,All interiors (pooled)
S7A1522,S2B5565,0.06287881748636978,0.7461005575313587,8.997819488106444,1,Heterogeneous.Selection,All interiors (pooled)
S7A3040,S2B5565,0.04101337561543875,0.6498094930061947,4.589104300942759,1,Heterogeneous.Selection,All interiors (pooled)
S7A5060,S2B5565,0.018577482118999164,0.5672860875990378,-2.638370348018873,0.9259259259259258,Homogeneous.Selection,All interiors (pooled)
S7B07,S2B5565,0.12200421125013221,0.7205241191927669,22.882485228810094,1,Heterogeneous.Selection,All interiors (pooled)
S7B1522,S2B5565,0.07861170621352531,0.7358558482934953,15.47468728265443,1,Heterogeneous.Selection,All interiors (pooled)
S7B3040,S2B5565,0.05265293132930027,0.6234690574778935,9.257035176863504,1,Heterogeneous.Selection,All interiors (pooled)
S7B5060,S2B5565,0.030051379000434305,0.5378774494394276,5.722351041276991,1,Heterogeneous.Selection,All interiors (pooled)
S3A1522,S3A07,0.016356655875688207,0.5592235341174144,-0.8207765158227983,-0.23523523523523526,Undominated,All interiors (pooled)
S3A3040,S3A07,0.014819358563335095,0.5318458986199087,-0.7847940488791886,-0.031031031031030998,Undominated,All interiors (pooled)
S3A6070,S3A07,0.04538620229806768,0.5949347853269761,0.5645959867230139,-0.98998998998999,Homogenizing.Dispersal,All interiors (pooled)
S3B2030,S3A07,0.026115723450146,0.6407556776926121,1.0527118548994963,0.987987987987988,Dispersal.Limitation,All interiors (pooled)
S3B3545,S3A07,0.02315154358004653,0.5759646693348772,0.35107005185402984,0.6816816816816818,Undominated,All interiors (pooled)
S3B515,S3A07,0.020382886909975036,0.6211528905085497,-0.3432144947478979,0.9659659659659661,Dispersal.Limitation,All interiors (pooled)
S3B6070,S3A07,0.016466620468190425,0.6727406195071675,-0.06136224310358612,1,Dispersal.Limitation,All interiors (pooled)
S4B07,S3A07,0.03393312701710744,0.7042721460504151,3.536027585797925,1,Heterogeneous.Selection,All interiors (pooled)
S4B1522,S3A07,0.016080510349930854,0.6599425838761178,-2.404716968393529,1,Homogeneous.Selection,All interiors (pooled)
S4B3040,S3A07,0.011431197717938095,0.5588887365844695,-2.1514484824597075,0.4774774774774775,Homogeneous.Selection,All interiors (pooled)
S4B5565,S3A07,0.013616858846193514,0.5974495566233267,-1.2680037195489426,0.8818818818818819,Undominated,All interiors (pooled)
S5A07,S3A07,0.032815893908826554,0.4318914447556021,5.540899603840017,-0.997997997997998,Heterogeneous.Selection,All interiors (pooled)
S5A1522,S3A07,0.02952137392928908,0.47293457309924697,5.020329710689648,-0.8138138138138138,Heterogeneous.Selection,All interiors (pooled)
S5A3040,S3A07,0.014080298590076196,0.47572390787846297,-0.2691092668483282,-0.7957957957957957,Undominated,All interiors (pooled)
S5A5565,S3A07,0.01572729602710569,0.4996275971014698,3.398653674883881,-0.6196196196196196,Heterogeneous.Selection,All interiors (pooled)
S5B07,S3A07,0.029016473306443052,0.5356784415959832,3.4389667424517723,0.12912912912912922,Heterogeneous.Selection,All interiors (pooled)
S5B1522,S3A07,0.018983512269581032,0.5625617903617453,1.6883661878137122,0.5195195195195195,Undominated,All interiors (pooled)
S5B3040,S3A07,0.02108687490341923,0.6364600008626754,2.373398057217417,0.9959959959959961,Heterogeneous.Selection,All interiors (pooled)
S5B5060,S3A07,0.019533562214362872,0.6906987224104452,-1.5049493680653385,1,Dispersal.Limitation,All interiors (pooled)
S6A07,S3A07,0.05289763489526921,0.713141851473098,4.12369365719903,1,Heterogeneous.Selection,All interiors (pooled)
S6A1522,S3A07,0.044620483491901355,0.7427977447250045,1.8948645431921347,1,Dispersal.Limitation,All interiors (pooled)
S6A3040,S3A07,0.03132569597026886,0.5159901749825327,1.9590968281948773,-0.2432432432432432,Undominated,All interiors (pooled)
S6B07,S3A07,0.053381852436662866,0.5429247330682844,5.536625570865814,-0.7577577577577578,Heterogeneous.Selection,All interiors (pooled)
S6B1522,S3A07,0.04311690655305728,0.6357946136676805,1.5158058264365633,0.9359359359359358,Undominated,All interiors (pooled)
S6B3040,S3A07,0.03618693157218017,0.6134188182134264,2.7215072099429727,0.94994994994995,Heterogeneous.Selection,All interiors (pooled)
S7A07,S3A07,0.04070944509749837,0.7032800043870309,3.0004099578144112,1,Heterogeneous.Selection,All interiors (pooled)
S7A1522,S3A07,0.039451121871130805,0.7622279875440263,1.4891837728958108,1,Dispersal.Limitation,All interiors (pooled)
S7A3040,S3A07,0.03227963727398435,0.7018405940807364,0.7620283319584107,1,Dispersal.Limitation,All interiors (pooled)
S7A5060,S3A07,0.02619219151231907,0.696196991898854,-2.304558683458929,1,Homogeneous.Selection,All interiors (pooled)
S7B07,S3A07,0.05614766455086123,0.6738738882309876,7.353600354324173,0.96996996996997,Heterogeneous.Selection,All interiors (pooled)
S7B1522,S3A07,0.04402743809312862,0.7223221969571506,3.27745471929505,1,Heterogeneous.Selection,All interiors (pooled)
S7B3040,S3A07,0.02998862301013832,0.5641353942808602,1.129445352660156,0.5855855855855856,Undominated,All interiors (pooled)
S7B5060,S3A07,0.022072525247568628,0.5022242052199899,-0.38526237263748697,-0.46346346346346345,Undominated,All interiors (pooled)
S3A3040,S3A1522,0.003643675788669126,0.3322246070330049,0.4249026451918653,-1,Homogenizing.Dispersal,All interiors (pooled)
S3A6070,S3A1522,0.00775190500578622,0.45056257077504636,-2.0858048760746772,-1,Homogeneous.Selection,All interiors (pooled)
S3B2030,S3A1522,0.017397438426802667,0.5615948702146899,-1.4191148078743883,-0.1451451451451451,Undominated,All interiors (pooled)
S3B3545,S3A1522,0.016758980749342532,0.5081602834080068,-1.0395700737754117,-0.8018018018018018,Undominated,All interiors (pooled)
S3B515,S3A1522,0.018699124267058925,0.5862060210868987,-1.8612066707029746,0.21321321321321318,Undominated,All interiors (pooled)
S3B6070,S3A1522,0.009207472153323185,0.5845744462313232,-2.0084753666611386,0.17317317317317316,Homogeneous.Selection,All interiors (pooled)
S4B07,S3A1522,0.0888894599586357,0.7912879109417008,6.883827515372294,1,Heterogeneous.Selection,All interiors (pooled)
S4B1522,S3A1522,0.049852195737286525,0.7736698817550736,0.7222103225843864,1,Dispersal.Limitation,All interiors (pooled)
S4B3040,S3A1522,0.03000264886437836,0.673667681056028,-0.7914740631008115,0.991991991991992,Dispersal.Limitation,All interiors (pooled)
S4B5565,S3A1522,0.02945089983191014,0.6676391892215278,-0.21172693579019178,0.97997997997998,Dispersal.Limitation,All interiors (pooled)
S5A07,S3A1522,0.08500291757012146,0.6719304214140445,8.555889738651896,0.9059059059059058,Heterogeneous.Selection,All interiors (pooled)
S5A1522,S3A1522,0.07756458758661217,0.6638218642235325,7.002826300697323,0.9419419419419419,Heterogeneous.Selection,All interiors (pooled)
S5A3040,S3A1522,0.04564791800863648,0.6329412379923448,3.7297822288519056,0.7957957957957957,Heterogeneous.Selection,All interiors (pooled)
S5A5565,S3A1522,0.02046607950971013,0.5415720600520878,-0.8959004542808007,-0.49549549549549554,Undominated,All interiors (pooled)
S5B07,S3A1522,0.07639488488806812,0.6691552030414283,9.041882308621583,0.9619619619619619,Heterogeneous.Selection,All interiors (pooled)
S5B1522,S3A1522,0.050603005027607395,0.6667899594962238,3.552640852693324,0.97997997997998,Heterogeneous.Selection,All interiors (pooled)
S5B3040,S3A1522,0.03699860189426313,0.7228048036927511,4.118189129217581,1,Heterogeneous.Selection,All interiors (pooled)
S5B5060,S3A1522,0.016625695448566027,0.5819818665948383,-0.2453789378539706,0.14714714714714705,Undominated,All interiors (pooled)
S6A07,S3A1522,0.11258331947565518,0.7451796488259662,10.262750153166644,1,Heterogeneous.Selection,All interiors (pooled)
S6A1522,S3A1522,0.08945699408115075,0.7881716384059065,6.675172347572392,1,Heterogeneous.Selection,All interiors (pooled)
S6A3040,S3A1522,0.04962968266613111,0.6212175565069287,1.7112958712591806,0.6696696696696696,Undominated,All interiors (pooled)
S6B07,S3A1522,0.11231037064892849,0.6768982308557445,10.685030280645337,0.7677677677677677,Heterogeneous.Selection,All interiors (pooled)
S6B1522,S3A1522,0.08883868546351868,0.6822691380793752,6.469406592914199,0.9739739739739739,Heterogeneous.Selection,All interiors (pooled)
S6B3040,S3A1522,0.06649369278571418,0.669691811718681,5.5140900761415725,0.9839839839839839,Heterogeneous.Selection,All interiors (pooled)
S7A07,S3A1522,0.09585553004192537,0.7559471858338503,7.927045839943693,1,Heterogeneous.Selection,All interiors (pooled)
S7A1522,S3A1522,0.077731838095146,0.8053111371090537,4.930333171824807,1,Heterogeneous.Selection,All interiors (pooled)
S7A3040,S3A1522,0.051461603719676424,0.7354546062520299,1.8552967981501687,1,Dispersal.Limitation,All interiors (pooled)
S7A5060,S3A1522,0.03555295343640949,0.6995403439421265,-1.5252119445072005,0.991991991991992,Dispersal.Limitation,All interiors (pooled)
S7B07,S3A1522,0.12286257460883028,0.7164692548799894,11.771052116580112,0.997997997997998,Heterogeneous.Selection,All interiors (pooled)
S7B1522,S3A1522,0.09225111174904554,0.7737806539588218,8.416062001645505,1,Heterogeneous.Selection,All interiors (pooled)
S7B3040,S3A1522,0.06141516496763001,0.6512057849192008,3.6827095593814017,0.8998998998998999,Heterogeneous.Selection,All interiors (pooled)
S7B5060,S3A1522,0.04340613200860449,0.6031398431286907,1.918728171004056,0.45345345345345356,Undominated,All interiors (pooled)
S3A6070,S3A3040,0.012972890623301139,0.4059407895561788,-0.6409918261224653,-1,Homogenizing.Dispersal,All interiors (pooled)
S3B2030,S3A3040,0.016945407756668564,0.5508022575227214,-0.604252619443919,0.9559559559559561,Dispersal.Limitation,All interiors (pooled)
S3B3545,S3A3040,0.01504785389713999,0.5403382965490049,-0.7462839465911584,0.8658658658658658,Undominated,All interiors (pooled)
S3B515,S3A3040,0.01741524403861379,0.5582400073852135,-1.7311428667470121,0.9539539539539539,Dispersal.Limitation,All interiors (pooled)
S3B6070,S3A3040,0.009844885347933211,0.5656582505831151,-0.24305102864164949,0.987987987987988,Dispersal.Limitation,All interiors (pooled)
S4B07,S3A3040,0.07270708393339081,0.7614125447565586,7.847267603317294,1,Heterogeneous.Selection,All interiors (pooled)
S4B1522,S3A3040,0.03891370883955998,0.7367515088894375,1.0020849320543643,1,Dispersal.Limitation,All interiors (pooled)
S4B3040,S3A3040,0.024590372961842837,0.6313663186865247,-0.13410990111591642,1,Dispersal.Limitation,All interiors (pooled)
S4B5565,S3A3040,0.02177414106644559,0.6291436054080587,-0.16193061823483643,1,Dispersal.Limitation,All interiors (pooled)
S5A07,S3A3040,0.07358950616237389,0.7305467612224692,9.679804207425306,1,Heterogeneous.Selection,All interiors (pooled)
S5A1522,S3A3040,0.06525782013918349,0.7175117842495147,7.780736116467543,1,Heterogeneous.Selection,All interiors (pooled)
S5A3040,S3A3040,0.036643438085537876,0.6678534430058914,2.8458456202638205,1,Heterogeneous.Selection,All interiors (pooled)
S5A5565,S3A3040,0.016776938923595573,0.5446058711067298,-1.17294305488213,0.5655655655655656,Undominated,All interiors (pooled)
S5B07,S3A3040,0.06672324353072612,0.70845474776218,8.482066798145997,1,Heterogeneous.Selection,All interiors (pooled)
S5B1522,S3A3040,0.03408700938125896,0.6521480065628398,1.960751653271665,1,Dispersal.Limitation,All interiors (pooled)
S5B3040,S3A3040,0.027792297327749002,0.6655371808581787,3.0065333485670993,1,Heterogeneous.Selection,All interiors (pooled)
S5B5060,S3A3040,0.015386921560424122,0.5600254963102181,0.10928070359017841,0.9719719719719719,Dispersal.Limitation,All interiors (pooled)
S6A07,S3A3040,0.08825395387802985,0.7461907703248488,8.940041500049002,1,Heterogeneous.Selection,All interiors (pooled)
S6A1522,S3A3040,0.06776586095060652,0.7714213145643108,4.664610308060375,1,Heterogeneous.Selection,All interiors (pooled)
S6A3040,S3A3040,0.04057746583689298,0.6700310314041391,0.9330420153166066,1,Dispersal.Limitation,All interiors (pooled)
S6B07,S3A3040,0.10011307764685853,0.7422503414074624,12.037065814363501,1,Heterogeneous.Selection,All interiors (pooled)
S6B1522,S3A3040,0.07283694514357589,0.7308008976396219,5.391456639595306,1,Heterogeneous.Selection,All interiors (pooled)
S6B3040,S3A3040,0.04454971485579166,0.698422182589152,2.496147230359227,1,Heterogeneous.Selection,All interiors (pooled)
S7A07,S3A3040,0.07752021965885883,0.7401296421213457,8.445499005570761,1,Heterogeneous.Selection,All interiors (pooled)
S7A1522,S3A3040,0.057561976204589485,0.791316890319469,2.9376277758237976,1,Heterogeneous.Selection,All interiors (pooled)
S7A3040,S3A3040,0.04190793860657222,0.7215189522209632,0.5146195517372815,1,Dispersal.Limitation,All interiors (pooled)
S7A5060,S3A3040,0.029272180227325036,0.6766791571079186,-2.894935744603822,0.997997997997998,Homogeneous.Selection,All interiors (pooled)
S7B07,S3A3040,0.10194465625177102,0.7402077494308426,13.764014361076262,1,Heterogeneous.Selection,All interiors (pooled)
S7B1522,S3A3040,0.06900578645412091,0.7566204439155064,6.419219747340599,1,Heterogeneous.Selection,All interiors (pooled)
S7B3040,S3A3040,0.048245100086567835,0.69880620291261,3.01118610278531,1,Heterogeneous.Selection,All interiors (pooled)
S7B5060,S3A3040,0.02922344227956307,0.6500558491915162,-0.3383425267555829,1,Dispersal.Limitation,All interiors (pooled)
S3B2030,S3A6070,0.03578088790684554,0.6703619849359985,-2.319775217685593,-0.8998998998998999,Homogeneous.Selection,All interiors (pooled)
S3B3545,S3A6070,0.029766289111865095,0.6278975140959651,-3.010222612203602,-0.987987987987988,Homogeneous.Selection,All interiors (pooled)
S3B515,S3A6070,0.04435340381437163,0.6915901879746722,-1.4924676273953648,-0.8178178178178178,Undominated,All interiors (pooled)
S3B6070,S3A6070,0.025909161818778448,0.6832937816892699,-0.8902587749089369,-0.8738738738738738,Undominated,All interiors (pooled)
S4B07,S3A6070,0.1582449646119587,0.803991770650253,14.900661053607786,0.847847847847848,Heterogeneous.Selection,All interiors (pooled)
S4B1522,S3A6070,0.1106584182126284,0.8065812602406771,7.575780492326226,0.8738738738738738,Heterogeneous.Selection,All interiors (pooled)
S4B3040,S3A6070,0.0700426281386872,0.7486430377516826,2.3828745810126164,-0.11711711711711714,Heterogeneous.Selection,All interiors (pooled)
S4B5565,S3A6070,0.06737119439313677,0.7643992918843514,2.7255658559123557,0.1611611611611612,Heterogeneous.Selection,All interiors (pooled)
S5A07,S3A6070,0.13271219978851628,0.6345562268687112,15.935259326218938,-0.9419419419419419,Heterogeneous.Selection,All interiors (pooled)
S5A1522,S3A6070,0.12756295714735427,0.6495049631530031,14.075085620716246,-0.9259259259259259,Heterogeneous.Selection,All interiors (pooled)
S5A3040,S3A6070,0.09702357242130907,0.6895981057173816,9.648885378142179,-0.8418418418418419,Heterogeneous.Selection,All interiors (pooled)
S5A5565,S3A6070,0.049267798050865896,0.6700611594962759,-0.3615270662922276,-0.8498498498498499,Undominated,All interiors (pooled)
S5B07,S3A6070,0.1344062917268235,0.689793601058354,15.210509107292697,-0.7697697697697697,Heterogeneous.Selection,All interiors (pooled)
S5B1522,S3A6070,0.09758211063402701,0.7346298596513877,8.713672068342898,-0.4034034034034034,Heterogeneous.Selection,All interiors (pooled)
S5B3040,S3A6070,0.08126635749882323,0.8032092339659912,5.856358414583277,0.8518518518518519,Heterogeneous.Selection,All interiors (pooled)
S5B5060,S3A6070,0.035989412584104485,0.6990800951005456,-1.2858789718601675,-0.8158158158158157,Undominated,All interiors (pooled)
S6A07,S3A6070,0.17055771362851632,0.7706555264893467,18.469167188115705,0.32932932932932935,Heterogeneous.Selection,All interiors (pooled)
S6A1522,S3A6070,0.1433779583549219,0.8032558405003654,13.99089115132373,0.7557557557557557,Heterogeneous.Selection,All interiors (pooled)
S6A3040,S3A6070,0.07833547336671187,0.6542664088944409,4.761465136741382,-0.9359359359359359,Heterogeneous.Selection,All interiors (pooled)
S6B07,S3A6070,0.15864391968634775,0.6680000538426062,18.148561290925457,-0.7917917917917918,Heterogeneous.Selection,All interiors (pooled)
S6B1522,S3A6070,0.13827898416728926,0.7181573797064542,13.48741123959667,-0.38138138138138133,Heterogeneous.Selection,All interiors (pooled)
S6B3040,S3A6070,0.10176798843301323,0.7187588869381419,10.336876906622845,-0.4874874874874875,Heterogeneous.Selection,All interiors (pooled)
S7A07,S3A6070,0.15940665022178319,0.7743059638632025,16.552200364432732,0.4094094094094094,Heterogeneous.Selection,All interiors (pooled)
S7A1522,S3A6070,0.12417132799574282,0.8295288554040505,9.824732699428194,0.9759759759759761,Heterogeneous.Selection,All interiors (pooled)
S7A3040,S3A6070,0.09480948023728232,0.7779549284506215,6.186206109353429,0.4914914914914914,Heterogeneous.Selection,All interiors (pooled)
S7A5060,S3A6070,0.06189851764517204,0.7583942318106375,-0.46649490198049126,0.11711711711711703,Undominated,All interiors (pooled)
S7B07,S3A6070,0.1836776081623508,0.7554413271401208,21.818908311115152,0.07907907907907918,Heterogeneous.Selection,All interiors (pooled)
S7B1522,S3A6070,0.14659096449233772,0.7906098398865925,16.822419975964355,0.6796796796796796,Heterogeneous.Selection,All interiors (pooled)
S7B3040,S3A6070,0.10015921472567141,0.6937460364125185,8.898096502653077,-0.7677677677677678,Heterogeneous.Selection,All interiors (pooled)
S7B5060,S3A6070,0.0687614000300097,0.6536417463520813,4.4254430316855675,-0.9719719719719719,Heterogeneous.Selection,All interiors (pooled)
S3B3545,S3B2030,0.0010328636581921694,0.19570330476863934,-1.133785923397091,-1,Homogenizing.Dispersal,All interiors (pooled)
S3B515,S3B2030,0.002578870105410612,0.2285516361367223,0.8005755746449658,-1,Homogenizing.Dispersal,All interiors (pooled)
S3B6070,S3B2030,0.0017283758380221617,0.4157891112905018,-1.5886100361331947,0.8638638638638638,Undominated,All interiors (pooled)
S4B07,S3B2030,0.08604577021844774,0.7734140977376394,12.118128718212372,1,Heterogeneous.Selection,All interiors (pooled)
S4B1522,S3B2030,0.03737746716038984,0.6957573718458654,3.2037705947582467,1,Heterogeneous.Selection,All interiors (pooled)
S4B3040,S3B2030,0.01915285136527889,0.5306731741082906,3.3506945834922233,1,Heterogeneous.Selection,All interiors (pooled)
S4B5565,S3B2030,0.014899960862384657,0.479947618230833,5.618031127710294,0.997997997997998,Heterogeneous.Selection,All interiors (pooled)
S5A07,S3B2030,0.09176839807488761,0.7443527974095576,16.650306387907396,1,Heterogeneous.Selection,All interiors (pooled)
S5A1522,S3B2030,0.0801730239700336,0.7233928576920597,12.548372300945875,1,Heterogeneous.Selection,All interiors (pooled)
S5A3040,S3B2030,0.04621664980229378,0.6567472200754583,7.823808495098948,1,Heterogeneous.Selection,All interiors (pooled)
S5A5565,S3B2030,0.026464403121207042,0.5412823214108392,3.420731080190387,0.7597597597597598,Heterogeneous.Selection,All interiors (pooled)
S5B07,S3B2030,0.08094860674187906,0.7258593140063386,13.41320312212913,1,Heterogeneous.Selection,All interiors (pooled)
S5B1522,S3B2030,0.03710598964202537,0.6174834234555641,7.934429361498788,1,Heterogeneous.Selection,All interiors (pooled)
S5B3040,S3B2030,0.025827206378465483,0.5965791264509367,5.771309107249075,1,Heterogeneous.Selection,All interiors (pooled)
S5B5060,S3B2030,0.014067308444833983,0.5399485365088182,0.9759297803215969,1,Dispersal.Limitation,All interiors (pooled)
S6A07,S3B2030,0.10707571539306628,0.7499237978079231,15.577808375332012,1,Heterogeneous.Selection,All interiors (pooled)
S6A1522,S3B2030,0.075445689102952615,0.745896791470441,10.770289656929751,1,Heterogeneous.Selection,All interiors (pooled)
S6A3040,S3B2030,0.037517965919499005,0.6164095410240511,3.693845017875737,1,Heterogeneous.Selection,All interiors (pooled)
S6B07,S3B2030,0.11617785706948132,0.7493542945876782,18.861163287066805,1,Heterogeneous.Selection,All interiors (pooled)
S6B1522,S3B2030,0.08687320176752235,0.7230921453746324,11.93621814563891,1,Heterogeneous.Selection,All interiors (pooled)
S6B3040,S3B2030,0.048237602138520894,0.6690639516248209,11.128251757323579,1,Heterogeneous.Selection,All interiors (pooled)
S7A07,S3B2030,0.09669028302500142,0.7563034099099418,14.774248983862888,1,Heterogeneous.Selection,All interiors (pooled)
S7A1522,S3B2030,0.05836852673940939,0.744813608457503,7.93671382153037,1,Heterogeneous.Selection,All interiors (pooled)
S7A3040,S3B2030,0.036626061617413413,0.640363088139751,3.460945309406027,1,Heterogeneous.Selection,All interiors (pooled)
S7A5060,S3B2030,0.017598356715375497,0.5476022312836163,-1.8229559746345798,0.8538538538538538,Undominated,All interiors (pooled)
S7B07,S3B2030,0.12787457033644423,0.7514382308677685,21.99752653199038,1,Heterogeneous.Selection,All interiors (pooled)
S7B1522,S3B2030,0.07986658759350515,0.7391242414575758,14.65363585755008,1,Heterogeneous.Selection,All interiors (pooled)
S7B3040,S3B2030,0.050590909654935325,0.663498024566738,8.130941881554305,1,Heterogeneous.Selection,All interiors (pooled)
S7B5060,S3B2030,0.027034303024216548,0.5702755658047327,4.529297451573355,1,Heterogeneous.Selection,All interiors (pooled)
S3B515,S3B3545,0.0026870045743743005,0.27302551365602723,-0.04436853122288347,-1,Homogenizing.Dispersal,All interiors (pooled)
S3B6070,S3B3545,0.0017041063045319985,0.3960935821613676,-1.1604853203494474,0.23123123123123124,Undominated,All interiors (pooled)
S4B07,S3B3545,0.07993531119900218,0.7762300894142543,11.682367646539063,1,Heterogeneous.Selection,All interiors (pooled)
S4B1522,S3B3545,0.03766297443010682,0.7116369538889139,3.0454061530559704,1,Heterogeneous.Selection,All interiors (pooled)
S4B3040,S3B3545,0.019967411197969246,0.5583451956704869,2.8935599885539216,1,Heterogeneous.Selection,All interiors (pooled)
S4B5565,S3B3545,0.015315593193570587,0.5192616692472358,3.5076596882694533,1,Heterogeneous.Selection,All interiors (pooled)
S5A07,S3B3545,0.0788434355016964,0.6742205155094821,13.927429987525352,0.997997997997998,Heterogeneous.Selection,All interiors (pooled)
S5A1522,S3B3545,0.07096836310318327,0.6587086993675132,10.56765823503394,1,Heterogeneous.Selection,All interiors (pooled)
S5A3040,S3B3545,0.04069098304782694,0.6082410751410392,5.903736360684057,1,Heterogeneous.Selection,All interiors (pooled)
S5A5565,S3B3545,0.024796400057732045,0.5191310320097632,2.973192392945585,0.5055055055055055,Heterogeneous.Selection,All interiors (pooled)
S5B07,S3B3545,0.07430054128348905,0.6668330734844617,12.755439706782008,1,Heterogeneous.Selection,All interiors (pooled)
S5B1522,S3B3545,0.0357467534483147,0.6031399085084641,6.9727925920261,1,Heterogeneous.Selection,All interiors (pooled)
S5B3040,S3B3545,0.02421185168534163,0.6191149220482425,4.637624957944774,1,Heterogeneous.Selection,All interiors (pooled)
S5B5060,S3B3545,0.01093439685320391,0.5519224168718566,-0.5877514563629215,1,Dispersal.Limitation,All interiors (pooled)
S6A07,S3B3545,0.09909664126003861,0.7385866955201226,14.566489663823512,1,Heterogeneous.Selection,All interiors (pooled)
S6A1522,S3B3545,0.07268840071723218,0.7586087955067569,9.943354103783278,1,Heterogeneous.Selection,All interiors (pooled)
S6A3040,S3B3545,0.03682861308315112,0.5783807196827687,3.3259978930131036,0.991991991991992,Heterogeneous.Selection,All interiors (pooled)
S6B07,S3B3545,0.1031502251266232,0.6825050411363868,17.618681780467796,0.917917917917918,Heterogeneous.Selection,All interiors (pooled)
S6B1522,S3B3545,0.08177032564859013,0.6739084773310001,11.157369276366149,1,Heterogeneous.Selection,All interiors (pooled)
S6B3040,S3B3545,0.048774238324518764,0.6330893850503653,11.630417885543224,1,Heterogeneous.Selection,All interiors (pooled)
S7A07,S3B3545,0.08499627346612451,0.7508712457471958,13.174645394755865,1,Heterogeneous.Selection,All interiors (pooled)
S7A1522,S3B3545,0.05856393731078691,0.762612410565901,7.531178209819851,1,Heterogeneous.Selection,All interiors (pooled)
S7A3040,S3B3545,0.03810183715358585,0.666891792554484,3.6707898318573764,1,Heterogeneous.Selection,All interiors (pooled)
S7A5060,S3B3545,0.01928035603042512,0.5848518496929539,-1.6118530261971855,0.97997997997998,Dispersal.Limitation,All interiors (pooled)
S7B07,S3B3545,0.11038107972523124,0.7207560399544822,19.647369321069412,1,Heterogeneous.Selection,All interiors (pooled)
S7B1522,S3B3545,0.07272738761618043,0.7489619002007584,12.970222007887045,1,Heterogeneous.Selection,All interiors (pooled)
S7B3040,S3B3545,0.04840514402253951,0.6233930606049369,7.7391637909555415,1,Heterogeneous.Selection,All interiors (pooled)
S7B5060,S3B3545,0.02668525070339626,0.5388244855716977,4.119697696539314,1,Heterogeneous.Selection,All interiors (pooled)
S3B6070,S3B515,0.0018040349146546267,0.39786679052118595,-2.203020069023749,0.8118118118118118,Homogeneous.Selection,All interiors (pooled)
S4B07,S3B515,0.06620511411119807,0.75532739653716,9.741395987293691,1,Heterogeneous.Selection,All interiors (pooled)
S4B1522,S3B515,0.027828241508268646,0.6727348497223605,1.0932920560501966,1,Dispersal.Limitation,All interiors (pooled)
S4B3040,S3B515,0.01370818499545737,0.5137345624473058,-0.12783189839770548,1,Dispersal.Limitation,All interiors (pooled)
S4B5565,S3B515,0.01070642070053805,0.4689310844929503,1.3095010659755393,1,Dispersal.Limitation,All interiors (pooled)
S5A07,S3B515,0.07293986111683451,0.7401719937033739,12.66348144596058,1,Heterogeneous.Selection,All interiors (pooled)
S5A1522,S3B515,0.0614581341540518,0.7198826871600601,9.618558479100598,1,Heterogeneous.Selection,All interiors (pooled)
S5A3040,S3B515,0.031635709389609634,0.6446564190900091,3.8767695371213975,1,Heterogeneous.Selection,All interiors (pooled)
S5A5565,S3B515,0.022052246808167336,0.5404083210790595,1.4532852752649412,0.7197197197197198,Undominated,All interiors (pooled)
S5B07,S3B515,0.06237143478122393,0.7146693239722012,10.26703341580677,1,Heterogeneous.Selection,All interiors (pooled)
S5B1522,S3B515,0.02576205596234418,0.5922876934221919,6.383092305317381,1,Heterogeneous.Selection,All interiors (pooled)
S5B3040,S3B515,0.015799005068592924,0.5658593513404635,2.8117222073750683,1,Heterogeneous.Selection,All interiors (pooled)
S5B5060,S3B515,0.008189356745255791,0.5265698834414545,-2.509572324476986,1,Homogeneous.Selection,All interiors (pooled)
S6A07,S3B515,0.08869170828737939,0.7468399189995019,11.465597180389313,1,Heterogeneous.Selection,All interiors (pooled)
S6A1522,S3B515,0.06313431976688055,0.73568312759526,7.304617329365504,1,Heterogeneous.Selection,All interiors (pooled)
S6A3040,S3B515,0.033008917410006354,0.6155545137201818,2.8016669605735376,1,Heterogeneous.Selection,All interiors (pooled)
S6B07,S3B515,0.09923372338599087,0.7504890805917505,14.884102855054673,1,Heterogeneous.Selection,All interiors (pooled)
S6B1522,S3B515,0.07139884593968367,0.7234877038835428,8.223591014236627,1,Heterogeneous.Selection,All interiors (pooled)
S6B3040,S3B515,0.0404107654082059,0.6632492089891785,7.062946878332044,1,Heterogeneous.Selection,All interiors (pooled)
S7A07,S3B515,0.07262528425025037,0.7434174715058953,9.194395645680254,1,Heterogeneous.Selection,All interiors (pooled)
S7A1522,S3B515,0.047889966128660366,0.7306756427865764,5.1310092680237585,1,Heterogeneous.Selection,All interiors (pooled)
S7A3040,S3B515,0.029807336766134132,0.6296959507377494,1.429657119969337,1,Dispersal.Limitation,All interiors (pooled)
S7A5060,S3B515,0.016288623727117348,0.5503746475037686,-2.67073755899312,0.8938938938938938,Homogeneous.Selection,All interiors (pooled)
S7B07,S3B515,0.0999728845015662,0.7477092896743756,15.162730281070406,1,Heterogeneous.Selection,All interiors (pooled)
S7B1522,S3B515,0.05892944286529625,0.7260128004297215,8.694081447704376,1,Heterogeneous.Selection,All interiors (pooled)
S7B3040,S3B515,0.04398601271224305,0.6570501228021289,6.070952358287008,1,Heterogeneous.Selection,All interiors (pooled)
S7B5060,S3B515,0.02274194805525579,0.5719834630074746,1.8403108728981283,1,Dispersal.Limitation,All interiors (pooled)
S4B07,S3B6070,0.058197780461215494,0.789509925744324,7.122759847321532,1,Heterogeneous.Selection,All interiors (pooled)
S4B1522,S3B6070,0.027760961213522947,0.751451371316743,0.286530394797895,1,Dispersal.Limitation,All interiors (pooled)
S4B3040,S3B6070,0.01516020844565259,0.6435894047267199,-0.3576072381966385,1,Dispersal.Limitation,All interiors (pooled)
S4B5565,S3B6070,0.011348791424556463,0.5897599261185613,1.1190002349467207,1,Dispersal.Limitation,All interiors (pooled)
S5A07,S3B6070,0.06209205625071883,0.77781090730615,10.79003318339438,1,Heterogeneous.Selection,All interiors (pooled)
S5A1522,S3B6070,0.05300527176489993,0.7661823706594125,8.899140826517968,1,Heterogeneous.Selection,All interiors (pooled)
S5A3040,S3B6070,0.029974457062789922,0.7240669722232048,3.402762053480797,1,Heterogeneous.Selection,All interiors (pooled)
S5A5565,S3B6070,0.015431294518871791,0.6046247038599663,0.013935264674200754,0.9959959959959961,Dispersal.Limitation,All interiors (pooled)
S5B07,S3B6070,0.054790441745047394,0.7687924865679855,9.988481852203329,1,Heterogeneous.Selection,All interiors (pooled)
S5B1522,S3B6070,0.025990012065128847,0.6766791827063083,5.260135960680515,1,Heterogeneous.Selection,All interiors (pooled)
S5B3040,S3B6070,0.015415304818282405,0.6162842406938469,3.7895924450817877,1,Heterogeneous.Selection,All interiors (pooled)
S5B5060,S3B6070,0.005129751097145174,0.5010312959768477,-0.711084163264948,1,Dispersal.Limitation,All interiors (pooled)
S6A07,S3B6070,0.07458610366923987,0.7819073020001257,10.44286181596876,1,Heterogeneous.Selection,All interiors (pooled)
S6A1522,S3B6070,0.05873366266430758,0.7801809421555788,0.8515435960677594,1,Dispersal.Limitation,All interiors (pooled)
S6A3040,S3B6070,0.032274867437676005,0.709137965963876,1.3356237944190337,1,Dispersal.Limitation,All interiors (pooled)
S6B07,S3B6070,0.08407610527224267,0.7840796726485209,13.382022726464713,1,Heterogeneous.Selection,All interiors (pooled)
S6B1522,S3B6070,0.06391738304673225,0.7710134910072662,1.1024413435375022,1,Dispersal.Limitation,All interiors (pooled)
S6B3040,S3B6070,0.03698658569039994,0.7362147025784646,4.14991780988919,1,Heterogeneous.Selection,All interiors (pooled)
S7A07,S3B6070,0.0628710098971298,0.7823249779649679,10.777700650886251,1,Heterogeneous.Selection,All interiors (pooled)
S7A1522,S3B6070,0.04512775130562888,0.7955628704798886,4.554333642663746,1,Heterogeneous.Selection,All interiors (pooled)
S7A3040,S3B6070,0.02933856737671897,0.7219884292731953,1.4542158793257858,1,Dispersal.Limitation,All interiors (pooled)
S7A5060,S3B6070,0.017424465370596116,0.6732323884362738,-0.9433149430356752,1,Dispersal.Limitation,All interiors (pooled)
S7B07,S3B6070,0.08570686696043744,0.784644384071477,13.554258927488286,1,Heterogeneous.Selection,All interiors (pooled)
S7B1522,S3B6070,0.056145719788090055,0.7698906380294511,1.2037970305423835,1,Dispersal.Limitation,All interiors (pooled)
S7B3040,S3B6070,0.045727872004121164,0.739032159511972,6.311010871111637,1,Heterogeneous.Selection,All interiors (pooled)
S7B5060,S3B6070,0.02294538694581897,0.6827997083161712,1.7062099569481581,1,Dispersal.Limitation,All interiors (pooled)
S4B1522,S4B07,0.008228798736361804,0.4346055539018287,3.061946613255118,0.5095095095095095,Heterogeneous.Selection,All interiors (pooled)
S4B3040,S4B07,0.02065208562302048,0.5887489920266332,5.848317002404713,1,Heterogeneous.Selection,All interiors (pooled)
S4B5565,S4B07,0.024539800055522656,0.5855277706014238,6.155897654067556,1,Heterogeneous.Selection,All interiors (pooled)
S5A07,S4B07,0.01057831601582882,0.5562995230310579,4.546926395412186,0.03103103103103111,Heterogeneous.Selection,All interiors (pooled)
S5A1522,S4B07,0.0053498802826110305,0.45802542594737444,0.4154146561003515,-0.48548548548548554,Undominated,All interiors (pooled)
S5A3040,S4B07,0.006894106238517474,0.4512478134341376,1.5215480319917734,0.7897897897897899,Undominated,All interiors (pooled)
S5A5565,S4B07,0.046985534464082365,0.7015433831641115,7.122167828681753,1,Heterogeneous.Selection,All interiors (pooled)
S5B07,S4B07,0.0024187726475731084,0.3006769385200905,0.5690635078517432,-1,Homogenizing.Dispersal,All interiors (pooled)
S5B1522,S4B07,0.0082131411225624,0.41923023477759025,1.260498619777765,0.3513513513513513,Undominated,All interiors (pooled)
S5B3040,S4B07,0.021516663844165163,0.5825836701523563,4.424365637499689,1,Heterogeneous.Selection,All interiors (pooled)
S5B5060,S4B07,0.045581446373027,0.770556897238032,5.746575210757205,1,Heterogeneous.Selection,All interiors (pooled)
S6A07,S4B07,0.021355185916488932,0.6323099640021161,-3.659239378995987,0.9939939939939939,Homogeneous.Selection,All interiors (pooled)
S6A1522,S4B07,0.02748085507957936,0.672458514451932,-2.9199672515048656,1,Homogeneous.Selection,All interiors (pooled)
S6A3040,S4B07,0.03888122890084042,0.7124521285864743,0.31388447579126555,1,Dispersal.Limitation,All interiors (pooled)
S6B07,S4B07,0.02529091290258198,0.6736971138586608,-2.8389083344220913,0.8378378378378379,Homogeneous.Selection,All interiors (pooled)
S6B1522,S4B07,0.024296026499360062,0.6682681604239681,-2.995701041487902,1,Homogeneous.Selection,All interiors (pooled)
S6B3040,S4B07,0.026154884028795417,0.6615886904818525,-1.312236780775642,1,Dispersal.Limitation,All interiors (pooled)
S7A07,S4B07,0.011221180745602362,0.5550293743216845,-3.762449836818107,0.9219219219219219,Homogeneous.Selection,All interiors (pooled)
S7A1522,S4B07,0.027518338119728564,0.6855896396920251,-1.8561558618419862,1,Dispersal.Limitation,All interiors (pooled)
S7A3040,S4B07,0.03668972367705967,0.6996385895380478,0.5242351409892454,1,Dispersal.Limitation,All interiors (pooled)
S7A5060,S4B07,0.056781154163169645,0.7551333073429141,2.7382408849012223,1,Heterogeneous.Selection,All interiors (pooled)
S7B07,S4B07,0.016052911471468048,0.5741268425893944,-3.3160883655362574,0.3513513513513513,Homogeneous.Selection,All interiors (pooled)
S7B1522,S4B07,0.015016814268251414,0.5576327899213233,-3.335059772653465,1,Homogeneous.Selection,All interiors (pooled)
S7B3040,S4B07,0.01972079513622238,0.6453564188124343,-2.275417266095403,1,Homogeneous.Selection,All interiors (pooled)
S7B5060,S4B07,0.027482488240719825,0.6817732420363015,0.02789364528658938,1,Dispersal.Limitation,All interiors (pooled)
S4B3040,S4B1522,0.004593648467528179,0.37801470626460265,-0.8053895594991339,0.4714714714714714,Undominated,All interiors (pooled)
S4B5565,S4B1522,0.0073921171332811605,0.436372113280898,-0.42357979168082127,0.9619619619619619,Dispersal.Limitation,All interiors (pooled)
S5A07,S4B1522,0.025917655117134397,0.6827010164111732,7.074372109985316,0.9959959959959961,Heterogeneous.Selection,All interiors (pooled)
S5A1522,S4B1522,0.014632526989565372,0.5666413437107967,3.9713253734546656,0.9259259259259258,Heterogeneous.Selection,All interiors (pooled)
S5A3040,S4B1522,0.004620596204015318,0.40806124249313225,0.7183353977759158,0.7177177177177176,Undominated,All interiors (pooled)
S5A5565,S4B1522,0.023729439164133975,0.600611224149715,2.609868267142337,0.98998998998999,Heterogeneous.Selection,All interiors (pooled)
S5B07,S4B1522,0.011602715401546941,0.5090518819818807,3.2690900096213493,0.9759759759759761,Heterogeneous.Selection,All interiors (pooled)
S5B1522,S4B1522,0.00454531763037085,0.37516563882630255,0.10543220135901382,0.36936936936936937,Undominated,All interiors (pooled)
S5B3040,S4B1522,0.009050629860251727,0.5143291813180193,-0.3748016512113612,1,Dispersal.Limitation,All interiors (pooled)
S5B5060,S4B1522,0.023505930374428927,0.7135597782972917,0.31964365973946773,1,Dispersal.Limitation,All interiors (pooled)
S6A07,S4B1522,0.03008408895470477,0.6823688103571162,-1.4898111342305593,1,Dispersal.Limitation,All interiors (pooled)
S6A1522,S4B1522,0.023882580041167386,0.6343089195767047,-2.7984209512122553,1,Homogeneous.Selection,All interiors (pooled)
S6A3040,S4B1522,0.021457645556901682,0.6417471250038855,-2.340700086448968,1,Homogeneous.Selection,All interiors (pooled)
S6B07,S4B1522,0.04026164082517368,0.7281177432465287,-0.43219281610033045,0.9959959959959961,Dispersal.Limitation,All interiors (pooled)
S6B1522,S4B1522,0.025851322290801455,0.6736622685717498,-2.540615629974637,1,Homogeneous.Selection,All interiors (pooled)
S6B3040,S4B1522,0.019568278607177553,0.6240436178888976,-1.9965779032005355,1,Dispersal.Limitation,All interiors (pooled)
S7A07,S4B1522,0.022985734952851788,0.6633674394267082,-2.240620173709329,1,Homogeneous.Selection,All interiors (pooled)
S7A1522,S4B1522,0.018333242340040988,0.6043754501040035,-3.152943223726629,1,Homogeneous.Selection,All interiors (pooled)
S7A3040,S4B1522,0.017451263866684146,0.5953138623775648,-3.277705450272969,1,Homogeneous.Selection,All interiors (pooled)
S7A5060,S4B1522,0.02602246167687889,0.6581771346014774,-2.5308113930995524,1,Homogeneous.Selection,All interiors (pooled)
S7B07,S4B1522,0.03486417440988653,0.6833757893842644,-0.1450579405016493,0.997997997997998,Dispersal.Limitation,All interiors (pooled)
S7B1522,S4B1522,0.017677185711453484,0.5829678064141628,-2.772607811251924,1,Homogeneous.Selection,All interiors (pooled)
S7B3040,S4B1522,0.01550010487343565,0.5890984437955432,-2.571320345766278,1,Homogeneous.Selection,All interiors (pooled)
S7B5060,S4B1522,0.01541231439959265,0.6078654666788756,-2.9459852323203295,1,Homogeneous.Selection,All interiors (pooled)
S4B5565,S4B3040,0.0023462370006678205,0.29774273917386146,0.31214060591816783,0.7697697697697699,Undominated,All interiors (pooled)
S5A07,S4B3040,0.0363482294785532,0.6923749581795617,10.326512611689935,1,Heterogeneous.Selection,All interiors (pooled)
S5A1522,S4B3040,0.02608658557117115,0.6169327297231272,7.098741405045729,1,Heterogeneous.Selection,All interiors (pooled)
S5A3040,S4B3040,0.008063642849341317,0.4687881432563723,2.3460916013758495,1,Heterogeneous.Selection,All interiors (pooled)
S5A5565,S4B3040,0.010866436480303072,0.45512283432163964,-0.29333802854900265,-0.7017017017017018,Undominated,All interiors (pooled)
S5B07,S4B3040,0.023878633484866445,0.5898315064880889,6.904009340124617,1,Heterogeneous.Selection,All interiors (pooled)
S5B1522,S4B3040,0.004929566308122589,0.41558185201449044,0.413921127579986,1,Dispersal.Limitation,All interiors (pooled)
S5B3040,S4B3040,0.00406347840945759,0.459460597987053,-1.361863252345399,1,Dispersal.Limitation,All interiors (pooled)
S5B5060,S4B3040,0.01240187835068612,0.6148909156367914,-0.24887649982576823,1,Dispersal.Limitation,All interiors (pooled)
S6A07,S4B3040,0.04022768927897148,0.679985530049628,2.532313450933438,1,Heterogeneous.Selection,All interiors (pooled)
S6A1522,S4B3040,0.027083220462225832,0.6282909042301724,-0.559406450491486,1,Dispersal.Limitation,All interiors (pooled)
S6A3040,S4B3040,0.019332965373502438,0.5580012813125522,-0.537783519315363,0.9739739739739739,Dispersal.Limitation,All interiors (pooled)
S6B07,S4B3040,0.053476164913825355,0.7157054079659281,4.89897031072164,0.997997997997998,Heterogeneous.Selection,All interiors (pooled)
S6B1522,S4B3040,0.032173782403025125,0.6513495208636113,0.3108357316737817,1,Dispersal.Limitation,All interiors (pooled)
S6B3040,S4B3040,0.01949154227865996,0.5815007273416822,-0.37691918790058127,1,Dispersal.Limitation,All interiors (pooled)
S7A07,S4B3040,0.034039503476685336,0.6824715210995429,1.3713327849942842,1,Dispersal.Limitation,All interiors (pooled)
S7A1522,S4B3040,0.020695959992376032,0.6085248885023169,-0.9931250296420772,1,Dispersal.Limitation,All interiors (pooled)
S7A3040,S4B3040,0.015716550960422074,0.5252698852715264,-1.8142790899339356,1,Dispersal.Limitation,All interiors (pooled)
S7A5060,S4B3040,0.01645695938143911,0.5410307590902467,-2.8280651586468277,0.8298298298298299,Homogeneous.Selection,All interiors (pooled)
S7B07,S4B3040,0.04974683414767197,0.6931366695136686,5.640918526956601,1,Heterogeneous.Selection,All interiors (pooled)
S7B1522,S4B3040,0.023715391983460985,0.6133672555781013,0.8146005762908735,1,Dispersal.Limitation,All interiors (pooled)
S7B3040,S4B3040,0.01783365027554444,0.5509736150639537,-0.20646391977850834,1,Dispersal.Limitation,All interiors (pooled)
S7B5060,S4B3040,0.011808294957478316,0.5062968153167474,-2.1709536516955765,1,Homogeneous.Selection,All interiors (pooled)
S5A07,S4B5565,0.0390474393489159,0.7012451929092653,10.240994719831205,1,Heterogeneous.Selection,All interiors (pooled)
S5A1522,S4B5565,0.028072711636378436,0.6280881769701316,6.774198875363552,1,Heterogeneous.Selection,All interiors (pooled)
S5A3040,S4B5565,0.009968940746161458,0.5008934163150605,1.685611601390394,1,Dispersal.Limitation,All interiors (pooled)
S5A5565,S4B5565,0.01267331594709326,0.4883640005878953,1.562694835046166,-0.17717717717717718,Undominated,All interiors (pooled)
S5B07,S4B5565,0.027838302004899056,0.6004013202007684,7.228185896500625,1,Heterogeneous.Selection,All interiors (pooled)
S5B1522,S4B5565,0.005797754224541288,0.4208663657933567,1.5853564706682632,1,Dispersal.Limitation,All interiors (pooled)
S5B3040,S4B5565,0.0027615756246546826,0.3867798698788365,-1.1798112186790413,1,Dispersal.Limitation,All interiors (pooled)
S5B5060,S4B5565,0.007701832698917499,0.5565811309692641,-0.8033676750402312,1,Dispersal.Limitation,All interiors (pooled)
S6A07,S4B5565,0.04445559880918693,0.7270740389889667,3.184469175603147,1,Heterogeneous.Selection,All interiors (pooled)
S6A1522,S4B5565,0.0316189782274042,0.6802310528913877,-0.5541216487267999,1,Dispersal.Limitation,All interiors (pooled)
S6A3040,S4B5565,0.021660230930509713,0.623902363086126,-1.2587489700102317,1,Dispersal.Limitation,All interiors (pooled)
S6B07,S4B5565,0.058703121741097083,0.7634141651548957,6.549110902475182,1,Heterogeneous.Selection,All interiors (pooled)
S6B1522,S4B5565,0.03776397020510549,0.7176863570179192,0.7153646386232824,1,Dispersal.Limitation,All interiors (pooled)
S6B3040,S4B5565,0.021814735163498876,0.6537873180421013,-0.13005830722539669,1,Dispersal.Limitation,All interiors (pooled)
S7A07,S4B5565,0.03821971306712472,0.7164936903940435,2.9309665851759004,1,Heterogeneous.Selection,All interiors (pooled)
S7A1522,S4B5565,0.024551096385687712,0.6632248605219345,-1.4277355200257122,1,Dispersal.Limitation,All interiors (pooled)
S7A3040,S4B5565,0.018175956391088065,0.5957186245439393,-2.3736789142950703,1,Homogeneous.Selection,All interiors (pooled)
S7A5060,S4B5565,0.016223913676250118,0.5458430487254354,-3.0922818015465263,0.8558558558558558,Homogeneous.Selection,All interiors (pooled)
S7B07,S4B5565,0.05307558695647316,0.7272803436053418,7.193964159256658,1,Heterogeneous.Selection,All interiors (pooled)
S7B1522,S4B5565,0.02719735665709177,0.6445320199113387,1.2998826260275584,1,Dispersal.Limitation,All interiors (pooled)
S7B3040,S4B5565,0.02106501948354559,0.6329251285599949,-0.4752848634435022,1,Dispersal.Limitation,All interiors (pooled)
S7B5060,S4B5565,0.012646858953805129,0.5579879264126577,-2.3002460132396143,1,Homogeneous.Selection,All interiors (pooled)
S5A1522,S5A07,0.005692410286489065,0.32522761420284824,-0.15542117534935088,-1,Homogenizing.Dispersal,All interiors (pooled)
S5A3040,S5A07,0.014882021657617204,0.4673198151541549,4.882956346015414,-0.967967967967968,Heterogeneous.Selection,All interiors (pooled)
S5A5565,S5A07,0.05285429031424412,0.6767362675990969,11.57514822724129,0.9839839839839839,Heterogeneous.Selection,All interiors (pooled)
S5B07,S5A07,0.006933967908282665,0.38349190103502756,3.1956301032034014,-1,Heterogeneous.Selection,All interiors (pooled)
S5B1522,S5A07,0.019549256328297442,0.5627985648953084,5.618668873337675,0.04304304304304307,Heterogeneous.Selection,All interiors (pooled)
S5B3040,S5A07,0.039932671450527424,0.7054408319838326,11.679263297466619,1,Heterogeneous.Selection,All interiors (pooled)
S5B5060,S5A07,0.06233740625740597,0.7840076117824702,11.98336871773182,1,Heterogeneous.Selection,All interiors (pooled)
S6A07,S5A07,0.025319887117450826,0.6811064445981392,-2.7141781541860617,0.98998998998999,Homogeneous.Selection,All interiors (pooled)
S6A1522,S5A07,0.04176193292946846,0.7693684078741043,1.045913842281778,1,Dispersal.Limitation,All interiors (pooled)
S6A3040,S5A07,0.050057310619932446,0.5831211732337385,5.388680551427328,0.4254254254254255,Heterogeneous.Selection,All interiors (pooled)
S6B07,S5A07,0.02035867980786621,0.4946011647641886,-2.939087576813315,-0.967967967967968,Homogeneous.Selection,All interiors (pooled)
S6B1522,S5A07,0.034527536675683604,0.6338905034171396,-0.3999085597090781,0.8598598598598599,Undominated,All interiors (pooled)
S6B3040,S5A07,0.04384030411181139,0.6520138393521318,5.367025101179385,0.967967967967968,Heterogeneous.Selection,All interiors (pooled)
S7A07,S5A07,0.015168073049873252,0.6355683874984518,-2.602311840735178,0.9139139139139139,Homogeneous.Selection,All interiors (pooled)
S7A1522,S5A07,0.04675230194297038,0.7964577873538592,3.9893260705837394,1,Heterogeneous.Selection,All interiors (pooled)
S7A3040,S5A07,0.05562719710750644,0.7705294066568078,6.400332193662319,1,Heterogeneous.Selection,All interiors (pooled)
S7A5060,S5A07,0.07148936196321605,0.7869401580287073,7.662696952432872,1,Heterogeneous.Selection,All interiors (pooled)
S7B07,S5A07,0.012486840043542956,0.5636100717260221,-4.340232181900394,-0.14314314314314314,Homogeneous.Selection,All interiors (pooled)
S7B1522,S5A07,0.024393695964629272,0.6763460291162101,0.05435721539110628,0.9959959959959961,Dispersal.Limitation,All interiors (pooled)
S7B3040,S5A07,0.025689520290342556,0.573667688966175,0.030174763020066227,0.30930930930930933,Undominated,All interiors (pooled)
S7B5060,S5A07,0.033949339954486596,0.5632621717204234,3.7534154058034717,0.13313313313313313,Heterogeneous.Selection,All interiors (pooled)
S5A3040,S5A1522,0.006005129492196234,0.3259485018381906,1.1942586706883602,-1,Homogenizing.Dispersal,All interiors (pooled)
S5A5565,S5A1522,0.037675159560838944,0.6350401272506473,6.7248591062727945,0.9959959959959961,Heterogeneous.Selection,All interiors (pooled)
S5B07,S5A1522,0.0033163782618295785,0.2735850411391871,-0.15872835524525228,-1,Homogenizing.Dispersal,All interiors (pooled)
S5B1522,S5A1522,0.010119347410084625,0.4218421173061431,2.656194057338271,-0.965965965965966,Heterogeneous.Selection,All interiors (pooled)
S5B3040,S5A1522,0.02568018866242057,0.6166038519485657,6.198548187374333,1,Heterogeneous.Selection,All interiors (pooled)
S5B5060,S5A1522,0.04724456421491292,0.7655536109036671,6.749828932507028,1,Heterogeneous.Selection,All interiors (pooled)
S6A07,S5A1522,0.02045468071014018,0.6452165961357997,-3.6840948110337806,0.9939939939939939,Homogeneous.Selection,All interiors (pooled)
S6A1522,S5A1522,0.02828056991798315,0.7174836790528372,-2.131901577510067,1,Homogeneous.Selection,All interiors (pooled)
S6A3040,S5A1522,0.03468352547026535,0.546686487620911,0.8558718479000041,0.6516516516516517,Undominated,All interiors (pooled)
S6B07,S5A1522,0.021219128475638886,0.503007044602679,-3.103804970265221,-0.963963963963964,Homogeneous.Selection,All interiors (pooled)
S6B1522,S5A1522,0.02368661774368597,0.5913761052761672,-2.505936977507198,0.8078078078078077,Homogeneous.Selection,All interiors (pooled)
S6B3040,S5A1522,0.02679279446973559,0.6003513838538673,-0.15464841279703645,0.9939939939939939,Dispersal.Limitation,All interiors (pooled)
S7A07,S5A1522,0.014628216346139896,0.6188749031133839,-4.060990423517211,0.991991991991992,Homogeneous.Selection,All interiors (pooled)
S7A1522,S5A1522,0.02912274359474893,0.7342676631469508,-0.46911904617169886,1,Dispersal.Limitation,All interiors (pooled)
S7A3040,S5A1522,0.03671883863841691,0.7210071412198048,1.8446350047809026,1,Dispersal.Limitation,All interiors (pooled)
S7A5060,S5A1522,0.056879238953213916,0.7586976797643955,3.8578382117744057,1,Heterogeneous.Selection,All interiors (pooled)
S7B07,S5A1522,0.014837793657239804,0.564874366530678,-4.614170073600429,0.10110110110110115,Homogeneous.Selection,All interiors (pooled)
S7B1522,S5A1522,0.01837142821979668,0.6337195362789533,-2.083463812395281,1,Homogeneous.Selection,All interiors (pooled)
S7B3040,S5A1522,0.021240952765773202,0.5338539335875216,-1.045580252511753,0.6736736736736737,Undominated,All interiors (pooled)
S7B5060,S5A1522,0.0274538337339734,0.5242580001011837,0.970318265603292,0.5615615615615615,Undominated,All interiors (pooled)
S5A5565,S5A3040,0.014080500156300507,0.5160987839670174,2.4420932586133732,0.4294294294294294,Heterogeneous.Selection,All interiors (pooled)
S5B07,S5A3040,0.006015137496306416,0.31289132515985774,0.720083791431308,-1,Homogenizing.Dispersal,All interiors (pooled)
S5B1522,S5A3040,0.00347055182342364,0.29469067606066507,0.22361174525749894,-0.9319319319319319,Undominated,All interiors (pooled)
S5B3040,S5A3040,0.008992598530432177,0.5250742938417855,1.3299601525629665,1,Dispersal.Limitation,All interiors (pooled)
S5B5060,S5A3040,0.020537967723251567,0.7113032493637159,1.3820674101529233,1,Dispersal.Limitation,All interiors (pooled)
S6A07,S5A3040,0.02356085987927977,0.6433753868728184,-2.553806569983615,1,Homogeneous.Selection,All interiors (pooled)
S6A1522,S5A3040,0.02204249741702561,0.6733652752295934,-2.9114463308472502,1,Homogeneous.Selection,All interiors (pooled)
S6A3040,S5A3040,0.02247629152566416,0.5125430117952061,-1.1688004301090227,0.7337337337337337,Undominated,All interiors (pooled)
S6B07,S5A3040,0.02879301612243093,0.5593679378367704,-1.9707377862664968,-0.6936936936936937,Undominated,All interiors (pooled)
S6B1522,S5A3040,0.02242887120257772,0.5742487133356554,-3.0814304400808656,0.8038038038038038,Homogeneous.Selection,All interiors (pooled)
S6B3040,S5A3040,0.01961124694235834,0.560556341141566,-1.8845264571627638,1,Dispersal.Limitation,All interiors (pooled)
S7A07,S5A3040,0.019241375979030167,0.6220476700809819,-2.287736416350856,1,Homogeneous.Selection,All interiors (pooled)
S7A1522,S5A3040,0.01953824091361957,0.673885155660874,-2.343431280124377,1,Homogeneous.Selection,All interiors (pooled)
S7A3040,S5A3040,0.01996640633077266,0.6507787472249107,-2.0368404806636535,1,Homogeneous.Selection,All interiors (pooled)
S7A5060,S5A3040,0.031102270288225035,0.6895804554405962,0.013916165147734387,1,Dispersal.Limitation,All interiors (pooled)
S7B07,S5A3040,0.02538955933608914,0.5863559835146371,-1.1001992924148067,0.46946946946946944,Undominated,All interiors (pooled)
S7B1522,S5A3040,0.01618539753885717,0.6076607941189032,-2.6562973506732925,1,Homogeneous.Selection,All interiors (pooled)
S7B3040,S5A3040,0.01650417169457838,0.4924436336333466,-1.9616880133425327,0.9939939939939939,Dispersal.Limitation,All interiors (pooled)
S7B5060,S5A3040,0.016747590711413365,0.4768378739217712,-1.9561089620631116,0.997997997997998,Dispersal.Limitation,All interiors (pooled)
S5B07,S5A5565,0.04164749596055381,0.6332576345560222,8.148913249438694,1,Heterogeneous.Selection,All interiors (pooled)
S5B1522,S5A5565,0.021151140536381126,0.5188278917561088,5.439907866525833,0.4154154154154155,Heterogeneous.Selection,All interiors (pooled)
S5B3040,S5A5565,0.01675739265892368,0.5411834241060676,2.777914344481045,0.6756756756756757,Heterogeneous.Selection,All interiors (pooled)
S5B5060,S5A5565,0.015141032606513154,0.5486827864669408,3.5127064971128523,0.8298298298298299,Heterogeneous.Selection,All interiors (pooled)
S6A07,S5A5565,0.0700022475555154,0.7186090567316511,6.218803742952412,1,Heterogeneous.Selection,All interiors (pooled)
S6A1522,S5A5565,0.05656093105487653,0.7203796955705275,3.5460648235129235,1,Heterogeneous.Selection,All interiors (pooled)
S6A3040,S5A5565,0.03899032778422244,0.5895178266738026,2.717142238819645,0.93993993993994,Heterogeneous.Selection,All interiors (pooled)
S6B07,S5A5565,0.08249582378021213,0.6963022144711415,9.166951295484564,0.9519519519519519,Heterogeneous.Selection,All interiors (pooled)
S6B1522,S5A5565,0.060046713973976026,0.6693145407679809,4.041369494760146,1,Heterogeneous.Selection,All interiors (pooled)
S6B3040,S5A5565,0.04758918747268394,0.6335431098866692,4.917174913258739,1,Heterogeneous.Selection,All interiors (pooled)
S7A07,S5A5565,0.06092550426880941,0.7190953120301318,5.0939939034662824,1,Heterogeneous.Selection,All interiors (pooled)
S7A1522,S5A5565,0.04954018912805526,0.7322451318341441,3.278190550171352,1,Heterogeneous.Selection,All interiors (pooled)
S7A3040,S5A5565,0.038202754915701735,0.6489174782743532,1.8770509533676625,1,Dispersal.Limitation,All interiors (pooled)
S7A5060,S5A5565,0.03258221711569978,0.631276181093872,-0.21216923636685772,0.9939939939939939,Dispersal.Limitation,All interiors (pooled)
S7B07,S5A5565,0.0778721181830472,0.7098682638524245,8.214338608285114,1,Heterogeneous.Selection,All interiors (pooled)
S7B1522,S5A5565,0.05459199080490176,0.7097732242944471,4.941192642239772,1,Heterogeneous.Selection,All interiors (pooled)
S7B3040,S5A5565,0.041494955180394234,0.6135531346187016,3.4623100964000826,1,Heterogeneous.Selection,All interiors (pooled)
S7B5060,S5A5565,0.031235797801853784,0.5706216644786473,2.3320421207625817,0.945945945945946,Heterogeneous.Selection,All interiors (pooled)
S5B1522,S5B07,0.008163715000974308,0.3630346569271459,2.15912795973773,-0.9219219219219219,Heterogeneous.Selection,All interiors (pooled)
S5B3040,S5B07,0.02223561303987269,0.5765230542049139,8.365962693186558,1,Heterogeneous.Selection,All interiors (pooled)
S5B5060,S5B07,0.04441089113335788,0.7634873269298809,7.076822889412592,1,Heterogeneous.Selection,All interiors (pooled)
S6A07,S5B07,0.018013698986069596,0.599430686786011,-3.966109548609924,0.9539539539539539,Homogeneous.Selection,All interiors (pooled)
S6A1522,S5B07,0.024567777326013115,0.6897422284885817,-3.1615187568050938,1,Homogeneous.Selection,All interiors (pooled)
S6A3040,S5B07,0.03404637086100051,0.5595768325873183,0.43554612461041925,0.95995995995996,Dispersal.Limitation,All interiors (pooled)
S6B07,S5B07,0.021446779370503294,0.514963879662549,-2.855010215866843,-0.955955955955956,Homogeneous.Selection,All interiors (pooled)
S6B1522,S5B07,0.02050058184406353,0.5645413548667451,-3.4420697863593492,0.6816816816816818,Homogeneous.Selection,All interiors (pooled)
S6B3040,S5B07,0.02420102620496914,0.5800467273613783,-1.0689993784093497,1,Dispersal.Limitation,All interiors (pooled)
S7A07,S5B07,0.009509514290405838,0.541984189623929,-4.129629019020832,0.8278278278278279,Homogeneous.Selection,All interiors (pooled)
S7A1522,S5B07,0.024299548834762152,0.709988178914192,-2.1339902331605902,1,Homogeneous.Selection,All interiors (pooled)
S7A3040,S5B07,0.0332800044115375,0.7069792570722869,0.616429733878981,1,Dispersal.Limitation,All interiors (pooled)
S7A5060,S5B07,0.05612189756214549,0.7491497018751552,3.977999667130281,1,Heterogeneous.Selection,All interiors (pooled)
S7B07,S5B07,0.01243603552882087,0.5007988312979141,-4.020770611345312,-0.7677677677677678,Homogeneous.Selection,All interiors (pooled)
S7B1522,S5B07,0.01272356553236222,0.5734732619469104,-3.743728924439546,1,Homogeneous.Selection,All interiors (pooled)
S7B3040,S5B07,0.01752510058684872,0.5134534500899115,-2.6524083336470485,0.9739739739739739,Homogeneous.Selection,All interiors (pooled)
S7B5060,S5B07,0.025889357756572695,0.5312960659551705,0.48823770437033176,0.9939939939939939,Dispersal.Limitation,All interiors (pooled)
S5B3040,S5B1522,0.0033895377678441934,0.3969200984157291,1.7983228661119322,1,Dispersal.Limitation,All interiors (pooled)
S5B5060,S5B1522,0.012086214977143156,0.6408002036973398,1.1355627845633296,1,Dispersal.Limitation,All interiors (pooled)
S6A07,S5B1522,0.023574065596205108,0.6196815545372968,-2.217954684713754,0.9959959959959961,Homogeneous.Selection,All interiors (pooled)
S6A1522,S5B1522,0.020539054219034132,0.6490097996765518,-3.254081983856124,1,Homogeneous.Selection,All interiors (pooled)
S6A3040,S5B1522,0.019930727838986147,0.576142501706454,-2.136867285240614,0.997997997997998,Homogeneous.Selection,All interiors (pooled)
S6B07,S5B1522,0.03273030931529128,0.6426730685184388,-0.8927351909543134,0.5715715715715717,Undominated,All interiors (pooled)
S6B1522,S5B1522,0.022613076563720098,0.6050569879161981,-2.9132437759196894,0.957957957957958,Homogeneous.Selection,All interiors (pooled)
S6B3040,S5B1522,0.017899744585716727,0.561503199084881,-1.8197161797329062,1,Dispersal.Limitation,All interiors (pooled)
S7A07,S5B1522,0.019137677667589358,0.6047331254438384,-2.525657873480651,1,Homogeneous.Selection,All interiors (pooled)
S7A1522,S5B1522,0.016714971934610606,0.6436152669014834,-3.176866445299966,1,Homogeneous.Selection,All interiors (pooled)
S7A3040,S5B1522,0.016363539576451744,0.6090744153735808,-2.5871006876811435,1,Homogeneous.Selection,All interiors (pooled)
S7A5060,S5B1522,0.024806053963576047,0.6524430768716786,-1.5090152330187834,1,Dispersal.Limitation,All interiors (pooled)
S7B07,S5B1522,0.02569361232592311,0.5931831585400701,-1.0004896678701025,0.5535535535535536,Undominated,All interiors (pooled)
S7B1522,S5B1522,0.014096411615575108,0.5674532177583245,-3.0511926944288477,1,Homogeneous.Selection,All interiors (pooled)
S7B3040,S5B1522,0.014280720717524256,0.5427910051382623,-2.618623568550388,1,Homogeneous.Selection,All interiors (pooled)
S7B5060,S5B1522,0.013851176792504263,0.5355936401046061,-2.587192382298488,1,Homogeneous.Selection,All interiors (pooled)
S5B5060,S5B3040,0.0051374954396115665,0.4678946505489975,1.554238393058522,1,Dispersal.Limitation,All interiors (pooled)
S6A07,S5B3040,0.04124731103262175,0.7429291206711596,3.4835159494995516,1,Heterogeneous.Selection,All interiors (pooled)
S6A1522,S5B3040,0.030632193520892147,0.7191061760053806,-0.48162437753793974,1,Dispersal.Limitation,All interiors (pooled)
S6A3040,S5B3040,0.027605403434003997,0.6907856106773195,0.5982140339052534,1,Dispersal.Limitation,All interiors (pooled)
S6B07,S5B3040,0.05657867576916589,0.7813529567507096,6.4721623920620575,1,Heterogeneous.Selection,All interiors (pooled)
S6B1522,S5B3040,0.03645253589792189,0.7497250751777436,0.4947881575841106,1,Dispersal.Limitation,All interiors (pooled)
S6B3040,S5B3040,0.024186126486795332,0.6972538975612493,0.31671213974126755,1,Dispersal.Limitation,All interiors (pooled)
S7A07,S5B3040,0.03393333422841596,0.7189146911677904,3.2354686503312196,1,Heterogeneous.Selection,All interiors (pooled)
S7A1522,S5B3040,0.026729917664131516,0.6944807928583184,0.05788471487541707,1,Dispersal.Limitation,All interiors (pooled)
S7A3040,S5B3040,0.018517576422342648,0.664238365289179,-1.911079245572123,1,Dispersal.Limitation,All interiors (pooled)
S7A5060,S5B3040,0.024150618377860252,0.6476239257278162,-0.507784060841702,1,Dispersal.Limitation,All interiors (pooled)
S7B07,S5B3040,0.0485946547382606,0.7301819908842133,6.701382616328056,1,Heterogeneous.Selection,All interiors (pooled)
S7B1522,S5B3040,0.025299640899373203,0.6607411891283848,1.3211338208783159,1,Dispersal.Limitation,All interiors (pooled)
S7B3040,S5B3040,0.025759056159409262,0.6845024401179314,1.6676364404297594,1,Dispersal.Limitation,All interiors (pooled)
S7B5060,S5B3040,0.018429998005161735,0.6374128824813323,0.09791437702785562,1,Dispersal.Limitation,All interiors (pooled)
S6A07,S5B5060,0.06662412379608086,0.8034587345884481,5.829042279850343,1,Heterogeneous.Selection,All interiors (pooled)
S6A1522,S5B5060,0.046832724728339464,0.78391304404554,0.6797619131577743,1,Dispersal.Limitation,All interiors (pooled)
S6A3040,S5B5060,0.0345558156811,0.7336737745439663,-0.012066501220490673,1,Dispersal.Limitation,All interiors (pooled)
S6B07,S5B5060,0.08657975653967073,0.8150216886504751,10.397959072368598,1,Heterogeneous.Selection,All interiors (pooled)
S6B1522,S5B5060,0.05437694251155128,0.8017491764716708,2.2846224756948366,1,Heterogeneous.Selection,All interiors (pooled)
S6B3040,S5B5060,0.03146299528328332,0.7624190100568753,-0.18929867513406223,1,Dispersal.Limitation,All interiors (pooled)
S7A07,S5B5060,0.06050889111742258,0.8001385308388628,6.206353969069486,1,Heterogeneous.Selection,All interiors (pooled)
S7A1522,S5B5060,0.041523327490428426,0.7741637983026992,0.8460231993678909,1,Dispersal.Limitation,All interiors (pooled)
S7A3040,S5B5060,0.0289152790386457,0.7273095935891071,-1.284069640939116,1,Dispersal.Limitation,All interiors (pooled)
S7A5060,S5B5060,0.025018138783761912,0.6814342158272928,-1.8807200906761905,1,Dispersal.Limitation,All interiors (pooled)
S7B07,S5B5060,0.0797018042861479,0.8040728693103949,9.783266034302564,1,Heterogeneous.Selection,All interiors (pooled)
S7B1522,S5B5060,0.044219184229270264,0.7695568449749697,2.6588439015264944,1,Heterogeneous.Selection,All interiors (pooled)
S7B3040,S5B5060,0.039383251061251186,0.7592007650708931,1.9555268514505584,1,Dispersal.Limitation,All interiors (pooled)
S7B5060,S5B5060,0.024607229579522244,0.699074489978038,-0.3072018293655218,1,Dispersal.Limitation,All interiors (pooled)
S6A1522,S6A07,0.006006043829720409,0.41349349515485295,-0.41669833291541103,-0.975975975975976,Homogenizing.Dispersal,All interiors (pooled)
S6A3040,S6A07,0.026298087427158567,0.6106830344143692,1.929290510051325,0.97997997997998,Dispersal.Limitation,All interiors (pooled)
S6B07,S6A07,0.0034501685639834424,0.3604209351976221,-0.4051998307370934,-1,Homogenizing.Dispersal,All interiors (pooled)
S6B1522,S6A07,0.002558012545535602,0.31635783022321673,-1.420220201584663,-1,Homogenizing.Dispersal,All interiors (pooled)
S6B3040,S6A07,0.00873372601816293,0.4450769963965596,-0.3803574999354993,-0.8398398398398399,Undominated,All interiors (pooled)
S7A07,S6A07,0.008209033296385808,0.47909491696453654,-3.131189192450545,-0.5035035035035035,Homogeneous.Selection,All interiors (pooled)
S7A1522,S6A07,0.014403508539481476,0.5590486078275723,-1.4189677576137685,0.7097097097097098,Undominated,All interiors (pooled)
S7A3040,S6A07,0.025511525623958177,0.6209970043071921,1.988885835744138,0.98998998998999,Dispersal.Limitation,All interiors (pooled)
S7A5060,S6A07,0.05975154411347158,0.7311866903529995,5.769156105685277,1,Heterogeneous.Selection,All interiors (pooled)
S7B07,S6A07,0.01035876085842676,0.463341943531853,-2.7899398859843925,-0.953953953953954,Homogeneous.Selection,All interiors (pooled)
S7B1522,S6A07,0.008394391340213957,0.43826995556029,-1.2906847557200902,-0.8538538538538538,Undominated,All interiors (pooled)
S7B3040,S6A07,0.011484949596413972,0.5167409040882388,-0.3349066588434545,0.19319319319319317,Undominated,All interiors (pooled)
S7B5060,S6A07,0.021998750580489244,0.5866141329733074,2.9273599795732514,0.91991991991992,Heterogeneous.Selection,All interiors (pooled)
S6A3040,S6A1522,0.007890092413905272,0.5147105384688994,-1.7211090828736373,0.5335335335335336,Undominated,All interiors (pooled)
S6B07,S6A1522,0.01819020368455118,0.5907546329485817,0.7394133542356198,-0.16916916916916913,Undominated,All interiors (pooled)
S6B1522,S6A1522,0.00281988580669828,0.3479478481165299,-1.4196663197011483,-1,Homogenizing.Dispersal,All interiors (pooled)
S6B3040,S6A1522,0.0022359066897594754,0.3389919963726534,-2.5836104562826363,-1,Homogeneous.Selection,All interiors (pooled)
S7A07,S6A1522,0.01917446954509411,0.6208194472877255,-1.7479443588783061,0.9959959959959961,Dispersal.Limitation,All interiors (pooled)
S7A1522,S6A1522,0.004739620342004434,0.38351459217404793,-2.668799396409604,-0.9619619619619619,Homogeneous.Selection,All interiors (pooled)
S7A3040,S6A1522,0.008470235734884295,0.4639666242522233,-1.3996528658122647,0.1511511511511512,Undominated,All interiors (pooled)
S7A5060,S6A1522,0.03324445506484771,0.6405904256836027,2.6339046462124305,1,Heterogeneous.Selection,All interiors (pooled)
S7B07,S6A1522,0.02770735999649948,0.6285417703980856,0.23611896505319552,0.857857857857858,Undominated,All interiors (pooled)
S7B1522,S6A1522,0.010080946634241111,0.43835092772642853,-0.9355923688825101,-0.3113113113113113,Undominated,All interiors (pooled)
S7B3040,S6A1522,0.006078606352837813,0.4550207496917667,-2.2406399832373847,-0.01501501501501501,Homogeneous.Selection,All interiors (pooled)
S7B5060,S6A1522,0.010790927201893981,0.5297349852484015,-0.6530899037292046,0.907907907907908,Undominated,All interiors (pooled)
S6B07,S6A3040,0.03934442682304531,0.5409577276786693,2.8977981745059522,-0.7597597597597597,Heterogeneous.Selection,All interiors (pooled)
S6B1522,S6A3040,0.018133775008169685,0.5084387658168018,-0.12456367980623098,-0.17917917917917914,Undominated,All interiors (pooled)
S6B3040,S6A3040,0.0061853290132839155,0.38548542205041875,-0.5424368964368407,-0.97997997997998,Homogenizing.Dispersal,All interiors (pooled)
S7A07,S6A3040,0.03628591334621377,0.6816660658541156,1.1471944080726315,1,Dispersal.Limitation,All interiors (pooled)
S7A1522,S6A3040,0.005832598254645362,0.4672855144737532,-0.7779871511906652,-0.19319319319319317,Undominated,All interiors (pooled)
S7A3040,S6A3040,0.0033121067603248946,0.3614721957568207,-0.29582476872017655,-0.997997997997998,Homogenizing.Dispersal,All interiors (pooled)
S7A5060,S6A3040,0.012905820874029464,0.4831546585044547,2.3047658809478344,-0.3253253253253253,Heterogeneous.Selection,All interiors (pooled)
S7B07,S6A3040,0.04687586503785472,0.6412316972122993,3.942071669702703,0.92992992992993,Heterogeneous.Selection,All interiors (pooled)
S7B1522,S6A3040,0.01844784498656444,0.5609593156465936,1.7090038022241838,0.9739739739739739,Dispersal.Limitation,All interiors (pooled)
S7B3040,S6A3040,0.006257370022214885,0.3120222267245149,-0.23124661325524418,-1,Homogenizing.Dispersal,All interiors (pooled)
S7B5060,S6A3040,0.0048365251732170045,0.2643995529400222,-0.6405056877819383,-1,Homogenizing.Dispersal,All interiors (pooled)
S6B1522,S6B07,0.00794261901308935,0.3988696067375501,-0.47643378792633284,-1,Homogenizing.Dispersal,All interiors (pooled)
S6B3040,S6B07,0.021940966791028898,0.5131370892709853,3.169199302643345,-0.965965965965966,Heterogeneous.Selection,All interiors (pooled)
S7A07,S6B07,0.013234966940842018,0.501514813959112,-0.4565902865482946,-0.9479479479479479,Undominated,All interiors (pooled)
S7A1522,S6B07,0.030355442081892742,0.6866303670773871,0.7549833892093164,0.9159159159159158,Undominated,All interiors (pooled)
S7A3040,S6B07,0.04411295594491878,0.7037814701080802,4.601815106865632,0.96996996996997,Heterogeneous.Selection,All interiors (pooled)
S7A5060,S6B07,0.07399878892313175,0.76588109289402,7.679802803075012,1,Heterogeneous.Selection,All interiors (pooled)
S7B07,S6B07,0.011567843039998763,0.44384708519431704,-1.9079861060648473,-1,Homogenizing.Dispersal,All interiors (pooled)
S7B1522,S6B07,0.017949747539929835,0.5475619227924556,0.4209416574359754,-0.7857857857857857,Undominated,All interiors (pooled)
S7B3040,S6B07,0.020177185983751122,0.49619186989729996,0.18488018560921987,-0.9819819819819819,Homogenizing.Dispersal,All interiors (pooled)
S7B5060,S6B07,0.03250744911051443,0.5167972725249149,3.6240288218231234,-0.963963963963964,Heterogeneous.Selection,All interiors (pooled)
S6B3040,S6B1522,0.004690111942884183,0.33278536463928243,-1.916242798084665,-1,Homogenizing.Dispersal,All interiors (pooled)
S7A07,S6B1522,0.014393138049926368,0.5568684710154425,-2.4698293812785925,0.5315315315315314,Homogeneous.Selection,All interiors (pooled)
S7A1522,S6B1522,0.009544372611820041,0.5217059992906061,-2.849491305759609,0.11911911911911921,Homogeneous.Selection,All interiors (pooled)
S7A3040,S6B1522,0.018024819055087536,0.5822342985301102,-0.022454606331991655,0.8538538538538538,Undominated,All interiors (pooled)
S7A5060,S6B1522,0.04701647593335486,0.70150875062912,3.6322375437849277,1,Heterogeneous.Selection,All interiors (pooled)
S7B07,S6B1522,0.018041422290280277,0.5121804261829239,-1.9558813277405234,-0.6716716716716717,Undominated,All interiors (pooled)
S7B1522,S6B1522,0.010366059258309721,0.4509059976994986,-1.107397943999326,-0.9019019019019019,Undominated,All interiors (pooled)
S7B3040,S6B1522,0.0092308740529648,0.419983837821689,-1.9517385305331885,-0.987987987987988,Homogenizing.Dispersal,All interiors (pooled)
S7B5060,S6B1522,0.01704596844545635,0.4906564377337991,0.37194269288352083,-0.47347347347347346,Undominated,All interiors (pooled)
S7A07,S6B3040,0.020504984762504015,0.591988580724742,-0.5572454486689777,0.991991991991992,Dispersal.Limitation,All interiors (pooled)
S7A1522,S6B3040,0.004501243354812535,0.41069656864916004,-1.4725681244616269,-0.49549549549549554,Undominated,All interiors (pooled)
S7A3040,S6B3040,0.006411078632197158,0.4418140012668586,0.5000013351157797,0.5955955955955956,Undominated,All interiors (pooled)
S7A5060,S6B3040,0.02318117670621303,0.6030479411635062,2.6807055368011135,0.991991991991992,Heterogeneous.Selection,All interiors (pooled)
S7B07,S6B3040,0.0307013698488297,0.564839187301088,2.6461996336354856,0.1611611611611612,Heterogeneous.Selection,All interiors (pooled)
S7B1522,S6B3040,0.011063091351435104,0.44797855935382325,0.5025452440628634,0.7257257257257257,Undominated,All interiors (pooled)
S7B3040,S6B3040,0.006825615326933081,0.3565010776842901,1.1360081533130841,-0.8598598598598599,Undominated,All interiors (pooled)
S7B5060,S6B3040,0.007410958826628922,0.3990688007575269,1.0396887792932799,-0.033033033033033066,Undominated,All interiors (pooled)
S7A1522,S7A07,0.018053201656255163,0.6596290145216777,-2.1603450265890527,1,Homogeneous.Selection,All interiors (pooled)
S7A3040,S7A07,0.028815295006372345,0.6872396858750287,1.1764660813415762,1,Dispersal.Limitation,All interiors (pooled)
S7A5060,S7A07,0.05318578416296871,0.749220016526168,5.142977258416942,1,Heterogeneous.Selection,All interiors (pooled)
S7B07,S7A07,0.0032493048692218834,0.27552992312269103,1.0202240304706063,-1,Homogenizing.Dispersal,All interiors (pooled)
S7B1522,S7A07,0.005833012949028463,0.4143893459188787,-0.46982782438614934,-0.8778778778778779,Undominated,All interiors (pooled)
S7B3040,S7A07,0.010842293386999597,0.5720565828096073,-1.4885391393495184,0.9759759759759761,Dispersal.Limitation,All interiors (pooled)
S7B5060,S7A07,0.021049343717128553,0.6338716535666499,1.3588610335988143,1,Dispersal.Limitation,All interiors (pooled)
S7A3040,S7A1522,0.002544069317226205,0.3211591769810938,0.567851464967203,-1,Homogenizing.Dispersal,All interiors (pooled)
S7A5060,S7A1522,0.022375186367696347,0.5832253258825577,2.8009521906932915,0.94994994994995,Heterogeneous.Selection,All interiors (pooled)
S7B07,S7A1522,0.032135102304071884,0.6796593189791135,1.342092222272926,0.9939939939939939,Dispersal.Limitation,All interiors (pooled)
S7B1522,S7A1522,0.007523266387185338,0.42132075452726436,-0.09710928479651981,-0.25125125125125125,Undominated,All interiors (pooled)
S7B3040,S7A1522,0.003213119172182913,0.36193029322671477,0.09384081144595512,-0.95995995995996,Homogenizing.Dispersal,All interiors (pooled)
S7B5060,S7A1522,0.00626167740200083,0.4667262224947842,1.3266522970721748,0.5575575575575575,Undominated,All interiors (pooled)
S7A5060,S7A3040,0.010227757519938558,0.40782917943165026,2.766305461597412,-0.9479479479479479,Heterogeneous.Selection,All interiors (pooled)
S7B07,S7A3040,0.0469929678805939,0.7063194347667243,5.557666089524639,1,Heterogeneous.Selection,All interiors (pooled)
S7B1522,S7A3040,0.011551143999483014,0.5092287270861815,1.193492383381482,1,Dispersal.Limitation,All interiors (pooled)
S7B3040,S7A3040,0.004538607377605766,0.3639408898134801,2.9257507799834115,-0.6276276276276276,Heterogeneous.Selection,All interiors (pooled)
S7B5060,S7A3040,0.003735236086348891,0.3654497605235302,2.080470749071478,-0.42742742742742745,Heterogeneous.Selection,All interiors (pooled)
S7B07,S7A5060,0.07721074100800757,0.7584700132563814,9.177083163384214,1,Heterogeneous.Selection,All interiors (pooled)
S7B1522,S7A5060,0.035081883099710096,0.6528691993697335,5.185699698818061,1,Heterogeneous.Selection,All interiors (pooled)
S7B3040,S7A5060,0.01753051825288518,0.5576718130062778,3.4288518165706643,0.9059059059059058,Heterogeneous.Selection,All interiors (pooled)
S7B5060,S7A5060,0.006434049023172177,0.4069731203631867,2.2704627052750452,-0.97997997997998,Heterogeneous.Selection,All interiors (pooled)
S7B1522,S7B07,0.010106095851518792,0.3795234137858932,2.057931499377339,-1,Heterogeneous.Selection,All interiors (pooled)
S7B3040,S7B07,0.01698090343646572,0.5257998724643494,1.1901375371599707,-0.5155155155155156,Undominated,All interiors (pooled)
S7B5060,S7B07,0.03011836372157865,0.5936741842989539,4.811650995392885,0.5815815815815817,Heterogeneous.Selection,All interiors (pooled)
S7B3040,S7B1522,0.0031585986783085017,0.39051782829283566,0.0024441607149335975,-0.07507507507507505,Undominated,All interiors (pooled)
S7B5060,S7B1522,0.010453864705380934,0.5016659412648642,2.2560751712060982,1,Heterogeneous.Selection,All interiors (pooled)
S7B5060,S7B3040,0.004140265284674812,0.2579291245485861,1.567522383533608,-1,Homogenizing.Dispersal,All interiors (pooled)
