dataset	dataset_label	metric	metric_label	network_group	network_group_label	bootstrap_id	value
interior_depth	Interior relict
depth profile	largest_component_prop	Largest
component	Depth_0_15	0-15 cm	1	0.605
interior_depth	Interior relict
depth profile	robustness_auc_random	Robustness AUC
random removal	Depth_0_15	0-15 cm	1	0.241125
interior_depth	Interior relict
depth profile	robustness_auc_targeted	Robustness AUC
targeted removal	Depth_0_15	0-15 cm	1	0.102875
interior_depth	Interior relict
depth profile	modularity_louvain	Modularity	Depth_0_15	0-15 cm	1	0.530258074291053
interior_depth	Interior relict
depth profile	largest_component_prop	Largest
component	Depth_0_15	0-15 cm	2	0.51
interior_depth	Interior relict
depth profile	robustness_auc_random	Robustness AUC
random removal	Depth_0_15	0-15 cm	2	0.2255
interior_depth	Interior relict
depth profile	robustness_auc_targeted	Robustness AUC
targeted removal	Depth_0_15	0-15 cm	2	0.07625
interior_depth	Interior relict
depth profile	modularity_louvain	Modularity	Depth_0_15	0-15 cm	2	0.446443902931744
interior_depth	Interior relict
depth profile	largest_component_prop	Largest
component	Depth_0_15	0-15 cm	3	0.595
interior_depth	Interior relict
depth profile	robustness_auc_random	Robustness AUC
random removal	Depth_0_15	0-15 cm	3	0.252625
interior_depth	Interior relict
depth profile	robustness_auc_targeted	Robustness AUC
targeted removal	Depth_0_15	0-15 cm	3	0.109125
interior_depth	Interior relict
depth profile	modularity_louvain	Modularity	Depth_0_15	0-15 cm	3	0.542647281634302
interior_depth	Interior relict
depth profile	largest_component_prop	Largest
component	Depth_0_15	0-15 cm	4	0.63
interior_depth	Interior relict
depth profile	robustness_auc_random	Robustness AUC
random removal	Depth_0_15	0-15 cm	4	0.2715
interior_depth	Interior relict
depth profile	robustness_auc_targeted	Robustness AUC
targeted removal	Depth_0_15	0-15 cm	4	0.11225
interior_depth	Interior relict
depth profile	modularity_louvain	Modularity	Depth_0_15	0-15 cm	4	0.542057018762152
interior_depth	Interior relict
depth profile	largest_component_prop	Largest
component	Depth_0_15	0-15 cm	5	0.525
interior_depth	Interior relict
depth profile	robustness_auc_random	Robustness AUC
random removal	Depth_0_15	0-15 cm	5	0.240125
interior_depth	Interior relict
depth profile	robustness_auc_targeted	Robustness AUC
targeted removal	Depth_0_15	0-15 cm	5	0.077875
interior_depth	Interior relict
depth profile	modularity_louvain	Modularity	Depth_0_15	0-15 cm	5	0.495173732986541
interior_depth	Interior relict
depth profile	largest_component_prop	Largest
component	Depth_0_15	0-15 cm	6	0.57
interior_depth	Interior relict
depth profile	robustness_auc_random	Robustness AUC
random removal	Depth_0_15	0-15 cm	6	0.2605
interior_depth	Interior relict
depth profile	robustness_auc_targeted	Robustness AUC
targeted removal	Depth_0_15	0-15 cm	6	0.084
interior_depth	Interior relict
depth profile	modularity_louvain	Modularity	Depth_0_15	0-15 cm	6	0.459537006641246
interior_depth	Interior relict
depth profile	largest_component_prop	Largest
component	Depth_0_15	0-15 cm	7	0.525
interior_depth	Interior relict
depth profile	robustness_auc_random	Robustness AUC
random removal	Depth_0_15	0-15 cm	7	0.247625
interior_depth	Interior relict
depth profile	robustness_auc_targeted	Robustness AUC
targeted removal	Depth_0_15	0-15 cm	7	0.084125
interior_depth	Interior relict
depth profile	modularity_louvain	Modularity	Depth_0_15	0-15 cm	7	0.487228857857125
interior_depth	Interior relict
depth profile	largest_component_prop	Largest
component	Depth_0_15	0-15 cm	8	0.71
interior_depth	Interior relict
depth profile	robustness_auc_random	Robustness AUC
random removal	Depth_0_15	0-15 cm	8	0.297
interior_depth	Interior relict
depth profile	robustness_auc_targeted	Robustness AUC
targeted removal	Depth_0_15	0-15 cm	8	0.121
interior_depth	Interior relict
depth profile	modularity_louvain	Modularity	Depth_0_15	0-15 cm	8	0.500037877831368
interior_depth	Interior relict
depth profile	largest_component_prop	Largest
component	Depth_0_15	0-15 cm	9	0.645
interior_depth	Interior relict
depth profile	robustness_auc_random	Robustness AUC
random removal	Depth_0_15	0-15 cm	9	0.273875
interior_depth	Interior relict
depth profile	robustness_auc_targeted	Robustness AUC
targeted removal	Depth_0_15	0-15 cm	9	0.116625
interior_depth	Interior relict
depth profile	modularity_louvain	Modularity	Depth_0_15	0-15 cm	9	0.517505871063862
interior_depth	Interior relict
depth profile	largest_component_prop	Largest
component	Depth_0_15	0-15 cm	10	0.61
interior_depth	Interior relict
depth profile	robustness_auc_random	Robustness AUC
random removal	Depth_0_15	0-15 cm	10	0.273
interior_depth	Interior relict
depth profile	robustness_auc_targeted	Robustness AUC
targeted removal	Depth_0_15	0-15 cm	10	0.09475
interior_depth	Interior relict
depth profile	modularity_louvain	Modularity	Depth_0_15	0-15 cm	10	0.528326304891291
interior_depth	Interior relict
depth profile	largest_component_prop	Largest
component	Depth_0_15	0-15 cm	11	0.585
interior_depth	Interior relict
depth profile	robustness_auc_random	Robustness AUC
random removal	Depth_0_15	0-15 cm	11	0.259375
interior_depth	Interior relict
depth profile	robustness_auc_targeted	Robustness AUC
targeted removal	Depth_0_15	0-15 cm	11	0.099875
interior_depth	Interior relict
depth profile	modularity_louvain	Modularity	Depth_0_15	0-15 cm	11	0.522783515567789
interior_depth	Interior relict
depth profile	largest_component_prop	Largest
component	Depth_0_15	0-15 cm	12	0.6
interior_depth	Interior relict
depth profile	robustness_auc_random	Robustness AUC
random removal	Depth_0_15	0-15 cm	12	0.27175
interior_depth	Interior relict
depth profile	robustness_auc_targeted	Robustness AUC
targeted removal	Depth_0_15	0-15 cm	12	0.09225
interior_depth	Interior relict
depth profile	modularity_louvain	Modularity	Depth_0_15	0-15 cm	12	0.470916138481351
interior_depth	Interior relict
depth profile	largest_component_prop	Largest
component	Depth_0_15	0-15 cm	13	0.56
interior_depth	Interior relict
depth profile	robustness_auc_random	Robustness AUC
random removal	Depth_0_15	0-15 cm	13	0.253
interior_depth	Interior relict
depth profile	robustness_auc_targeted	Robustness AUC
targeted removal	Depth_0_15	0-15 cm	13	0.08975
interior_depth	Interior relict
depth profile	modularity_louvain	Modularity	Depth_0_15	0-15 cm	13	0.468479331330017
interior_depth	Interior relict
depth profile	largest_component_prop	Largest
component	Depth_0_15	0-15 cm	14	0.51
interior_depth	Interior relict
depth profile	robustness_auc_random	Robustness AUC
random removal	Depth_0_15	0-15 cm	14	0.2145
interior_depth	Interior relict
depth profile	robustness_auc_targeted	Robustness AUC
targeted removal	Depth_0_15	0-15 cm	14	0.06825
interior_depth	Interior relict
depth profile	modularity_louvain	Modularity	Depth_0_15	0-15 cm	14	0.470578394484988
interior_depth	Interior relict
depth profile	largest_component_prop	Largest
component	Depth_0_15	0-15 cm	15	0.53
interior_depth	Interior relict
depth profile	robustness_auc_random	Robustness AUC
random removal	Depth_0_15	0-15 cm	15	0.2395
interior_depth	Interior relict
depth profile	robustness_auc_targeted	Robustness AUC
targeted removal	Depth_0_15	0-15 cm	15	0.0845
interior_depth	Interior relict
depth profile	modularity_louvain	Modularity	Depth_0_15	0-15 cm	15	0.522322668619479
interior_depth	Interior relict
depth profile	largest_component_prop	Largest
component	Depth_0_15	0-15 cm	16	0.72
interior_depth	Interior relict
depth profile	robustness_auc_random	Robustness AUC
random removal	Depth_0_15	0-15 cm	16	0.32225
interior_depth	Interior relict
depth profile	robustness_auc_targeted	Robustness AUC
targeted removal	Depth_0_15	0-15 cm	16	0.13325
interior_depth	Interior relict
depth profile	modularity_louvain	Modularity	Depth_0_15	0-15 cm	16	0.516596803111033
interior_depth	Interior relict
depth profile	largest_component_prop	Largest
component	Depth_0_15	0-15 cm	17	0.66
interior_depth	Interior relict
depth profile	robustness_auc_random	Robustness AUC
random removal	Depth_0_15	0-15 cm	17	0.28875
interior_depth	Interior relict
depth profile	robustness_auc_targeted	Robustness AUC
targeted removal	Depth_0_15	0-15 cm	17	0.10375
interior_depth	Interior relict
depth profile	modularity_louvain	Modularity	Depth_0_15	0-15 cm	17	0.497957753592081
interior_depth	Interior relict
depth profile	largest_component_prop	Largest
component	Depth_0_15	0-15 cm	18	0.675
interior_depth	Interior relict
depth profile	robustness_auc_random	Robustness AUC
random removal	Depth_0_15	0-15 cm	18	0.298375
interior_depth	Interior relict
depth profile	robustness_auc_targeted	Robustness AUC
targeted removal	Depth_0_15	0-15 cm	18	0.120875
interior_depth	Interior relict
depth profile	modularity_louvain	Modularity	Depth_0_15	0-15 cm	18	0.529528926037221
interior_depth	Interior relict
depth profile	largest_component_prop	Largest
component	Depth_0_15	0-15 cm	19	0.575
interior_depth	Interior relict
depth profile	robustness_auc_random	Robustness AUC
random removal	Depth_0_15	0-15 cm	19	0.256875
interior_depth	Interior relict
depth profile	robustness_auc_targeted	Robustness AUC
targeted removal	Depth_0_15	0-15 cm	19	0.085125
interior_depth	Interior relict
depth profile	modularity_louvain	Modularity	Depth_0_15	0-15 cm	19	0.512158783869094
interior_depth	Interior relict
depth profile	largest_component_prop	Largest
component	Depth_0_15	0-15 cm	20	0.61
interior_depth	Interior relict
depth profile	robustness_auc_random	Robustness AUC
random removal	Depth_0_15	0-15 cm	20	0.25075
interior_depth	Interior relict
depth profile	robustness_auc_targeted	Robustness AUC
targeted removal	Depth_0_15	0-15 cm	20	0.099
interior_depth	Interior relict
depth profile	modularity_louvain	Modularity	Depth_0_15	0-15 cm	20	0.542757758642458
interior_depth	Interior relict
depth profile	largest_component_prop	Largest
component	Depth_0_15	0-15 cm	21	0.655
interior_depth	Interior relict
depth profile	robustness_auc_random	Robustness AUC
random removal	Depth_0_15	0-15 cm	21	0.244375
interior_depth	Interior relict
depth profile	robustness_auc_targeted	Robustness AUC
targeted removal	Depth_0_15	0-15 cm	21	0.121875
interior_depth	Interior relict
depth profile	modularity_louvain	Modularity	Depth_0_15	0-15 cm	21	0.478930456301609
interior_depth	Interior relict
depth profile	largest_component_prop	Largest
component	Depth_0_15	0-15 cm	22	0.61
interior_depth	Interior relict
depth profile	robustness_auc_random	Robustness AUC
random removal	Depth_0_15	0-15 cm	22	0.2675
interior_depth	Interior relict
depth profile	robustness_auc_targeted	Robustness AUC
targeted removal	Depth_0_15	0-15 cm	22	0.08725
interior_depth	Interior relict
depth profile	modularity_louvain	Modularity	Depth_0_15	0-15 cm	22	0.500798590944673
interior_depth	Interior relict
depth profile	largest_component_prop	Largest
component	Depth_0_15	0-15 cm	23	0.63
interior_depth	Interior relict
depth profile	robustness_auc_random	Robustness AUC
random removal	Depth_0_15	0-15 cm	23	0.24475
interior_depth	Interior relict
depth profile	robustness_auc_targeted	Robustness AUC
targeted removal	Depth_0_15	0-15 cm	23	0.09475
interior_depth	Interior relict
depth profile	modularity_louvain	Modularity	Depth_0_15	0-15 cm	23	0.455581929749249
interior_depth	Interior relict
depth profile	largest_component_prop	Largest
component	Depth_0_15	0-15 cm	24	0.67
interior_depth	Interior relict
depth profile	robustness_auc_random	Robustness AUC
random removal	Depth_0_15	0-15 cm	24	0.29425
interior_depth	Interior relict
depth profile	robustness_auc_targeted	Robustness AUC
targeted removal	Depth_0_15	0-15 cm	24	0.11675
interior_depth	Interior relict
depth profile	modularity_louvain	Modularity	Depth_0_15	0-15 cm	24	0.570979899497488
interior_depth	Interior relict
depth profile	largest_component_prop	Largest
component	Depth_0_15	0-15 cm	25	0.57
interior_depth	Interior relict
depth profile	robustness_auc_random	Robustness AUC
random removal	Depth_0_15	0-15 cm	25	0.265
interior_depth	Interior relict
depth profile	robustness_auc_targeted	Robustness AUC
targeted removal	Depth_0_15	0-15 cm	25	0.09975
interior_depth	Interior relict
depth profile	modularity_louvain	Modularity	Depth_0_15	0-15 cm	25	0.461415115779905
interior_depth	Interior relict
depth profile	largest_component_prop	Largest
component	Depth_0_15	0-15 cm	26	0.52
interior_depth	Interior relict
depth profile	robustness_auc_random	Robustness AUC
random removal	Depth_0_15	0-15 cm	26	0.238
interior_depth	Interior relict
depth profile	robustness_auc_targeted	Robustness AUC
targeted removal	Depth_0_15	0-15 cm	26	0.07375
interior_depth	Interior relict
depth profile	modularity_louvain	Modularity	Depth_0_15	0-15 cm	26	0.480619176283427
interior_depth	Interior relict
depth profile	largest_component_prop	Largest
component	Depth_0_15	0-15 cm	27	0.59
interior_depth	Interior relict
depth profile	robustness_auc_random	Robustness AUC
random removal	Depth_0_15	0-15 cm	27	0.243
interior_depth	Interior relict
depth profile	robustness_auc_targeted	Robustness AUC
targeted removal	Depth_0_15	0-15 cm	27	0.091
interior_depth	Interior relict
depth profile	modularity_louvain	Modularity	Depth_0_15	0-15 cm	27	0.501518269740663
interior_depth	Interior relict
depth profile	largest_component_prop	Largest
component	Depth_0_15	0-15 cm	28	0.54
interior_depth	Interior relict
depth profile	robustness_auc_random	Robustness AUC
random removal	Depth_0_15	0-15 cm	28	0.25375
interior_depth	Interior relict
depth profile	robustness_auc_targeted	Robustness AUC
targeted removal	Depth_0_15	0-15 cm	28	0.0845
interior_depth	Interior relict
depth profile	modularity_louvain	Modularity	Depth_0_15	0-15 cm	28	0.482131133052196
interior_depth	Interior relict
depth profile	largest_component_prop	Largest
component	Depth_0_15	0-15 cm	29	0.63
interior_depth	Interior relict
depth profile	robustness_auc_random	Robustness AUC
random removal	Depth_0_15	0-15 cm	29	0.2825
interior_depth	Interior relict
depth profile	robustness_auc_targeted	Robustness AUC
targeted removal	Depth_0_15	0-15 cm	29	0.10425
interior_depth	Interior relict
depth profile	modularity_louvain	Modularity	Depth_0_15	0-15 cm	29	0.513036286962451
interior_depth	Interior relict
depth profile	largest_component_prop	Largest
component	Depth_0_15	0-15 cm	30	0.67
interior_depth	Interior relict
depth profile	robustness_auc_random	Robustness AUC
random removal	Depth_0_15	0-15 cm	30	0.31125
interior_depth	Interior relict
depth profile	robustness_auc_targeted	Robustness AUC
targeted removal	Depth_0_15	0-15 cm	30	0.119
interior_depth	Interior relict
depth profile	modularity_louvain	Modularity	Depth_0_15	0-15 cm	30	0.525482311052751
interior_depth	Interior relict
depth profile	largest_component_prop	Largest
component	Depth_0_15	0-15 cm	31	0.585
interior_depth	Interior relict
depth profile	robustness_auc_random	Robustness AUC
random removal	Depth_0_15	0-15 cm	31	0.275375
interior_depth	Interior relict
depth profile	robustness_auc_targeted	Robustness AUC
targeted removal	Depth_0_15	0-15 cm	31	0.082375
interior_depth	Interior relict
depth profile	modularity_louvain	Modularity	Depth_0_15	0-15 cm	31	0.484198631347693
interior_depth	Interior relict
depth profile	largest_component_prop	Largest
component	Depth_0_15	0-15 cm	32	0.6
interior_depth	Interior relict
depth profile	robustness_auc_random	Robustness AUC
random removal	Depth_0_15	0-15 cm	32	0.269
interior_depth	Interior relict
depth profile	robustness_auc_targeted	Robustness AUC
targeted removal	Depth_0_15	0-15 cm	32	0.08975
interior_depth	Interior relict
depth profile	modularity_louvain	Modularity	Depth_0_15	0-15 cm	32	0.510605792783011
interior_depth	Interior relict
depth profile	largest_component_prop	Largest
component	Depth_0_15	0-15 cm	33	0.46
interior_depth	Interior relict
depth profile	robustness_auc_random	Robustness AUC
random removal	Depth_0_15	0-15 cm	33	0.22325
interior_depth	Interior relict
depth profile	robustness_auc_targeted	Robustness AUC
targeted removal	Depth_0_15	0-15 cm	33	0.0635
interior_depth	Interior relict
depth profile	modularity_louvain	Modularity	Depth_0_15	0-15 cm	33	0.510997197040479
interior_depth	Interior relict
depth profile	largest_component_prop	Largest
component	Depth_0_15	0-15 cm	34	0.54
interior_depth	Interior relict
depth profile	robustness_auc_random	Robustness AUC
random removal	Depth_0_15	0-15 cm	34	0.24325
interior_depth	Interior relict
depth profile	robustness_auc_targeted	Robustness AUC
targeted removal	Depth_0_15	0-15 cm	34	0.08875
interior_depth	Interior relict
depth profile	modularity_louvain	Modularity	Depth_0_15	0-15 cm	34	0.437321658543976
interior_depth	Interior relict
depth profile	largest_component_prop	Largest
component	Depth_0_15	0-15 cm	35	0.545
interior_depth	Interior relict
depth profile	robustness_auc_random	Robustness AUC
random removal	Depth_0_15	0-15 cm	35	0.245625
interior_depth	Interior relict
depth profile	robustness_auc_targeted	Robustness AUC
targeted removal	Depth_0_15	0-15 cm	35	0.089125
interior_depth	Interior relict
depth profile	modularity_louvain	Modularity	Depth_0_15	0-15 cm	35	0.555652003737279
interior_depth	Interior relict
depth profile	largest_component_prop	Largest
component	Depth_0_15	0-15 cm	36	0.545
interior_depth	Interior relict
depth profile	robustness_auc_random	Robustness AUC
random removal	Depth_0_15	0-15 cm	36	0.228625
interior_depth	Interior relict
depth profile	robustness_auc_targeted	Robustness AUC
targeted removal	Depth_0_15	0-15 cm	36	0.076625
interior_depth	Interior relict
depth profile	modularity_louvain	Modularity	Depth_0_15	0-15 cm	36	0.496407918991945
interior_depth	Interior relict
depth profile	largest_component_prop	Largest
component	Depth_0_15	0-15 cm	37	0.485
interior_depth	Interior relict
depth profile	robustness_auc_random	Robustness AUC
random removal	Depth_0_15	0-15 cm	37	0.240125
interior_depth	Interior relict
depth profile	robustness_auc_targeted	Robustness AUC
targeted removal	Depth_0_15	0-15 cm	37	0.072875
interior_depth	Interior relict
depth profile	modularity_louvain	Modularity	Depth_0_15	0-15 cm	37	0.471831519406076
interior_depth	Interior relict
depth profile	largest_component_prop	Largest
component	Depth_0_15	0-15 cm	38	0.68
interior_depth	Interior relict
depth profile	robustness_auc_random	Robustness AUC
random removal	Depth_0_15	0-15 cm	38	0.2585
interior_depth	Interior relict
depth profile	robustness_auc_targeted	Robustness AUC
targeted removal	Depth_0_15	0-15 cm	38	0.123
interior_depth	Interior relict
depth profile	modularity_louvain	Modularity	Depth_0_15	0-15 cm	38	0.514867048811899
interior_depth	Interior relict
depth profile	largest_component_prop	Largest
component	Depth_0_15	0-15 cm	39	0.495
interior_depth	Interior relict
depth profile	robustness_auc_random	Robustness AUC
random removal	Depth_0_15	0-15 cm	39	0.226875
interior_depth	Interior relict
depth profile	robustness_auc_targeted	Robustness AUC
targeted removal	Depth_0_15	0-15 cm	39	0.073125
interior_depth	Interior relict
depth profile	modularity_louvain	Modularity	Depth_0_15	0-15 cm	39	0.474119971717886
interior_depth	Interior relict
depth profile	largest_component_prop	Largest
component	Depth_0_15	0-15 cm	40	0.525
interior_depth	Interior relict
depth profile	robustness_auc_random	Robustness AUC
random removal	Depth_0_15	0-15 cm	40	0.218625
interior_depth	Interior relict
depth profile	robustness_auc_targeted	Robustness AUC
targeted removal	Depth_0_15	0-15 cm	40	0.091125
interior_depth	Interior relict
depth profile	modularity_louvain	Modularity	Depth_0_15	0-15 cm	40	0.562665715512234
interior_depth	Interior relict
depth profile	largest_component_prop	Largest
component	Depth_0_15	0-15 cm	41	0.5
interior_depth	Interior relict
depth profile	robustness_auc_random	Robustness AUC
random removal	Depth_0_15	0-15 cm	41	0.21675
interior_depth	Interior relict
depth profile	robustness_auc_targeted	Robustness AUC
targeted removal	Depth_0_15	0-15 cm	41	0.075
interior_depth	Interior relict
depth profile	modularity_louvain	Modularity	Depth_0_15	0-15 cm	41	0.48191333552183
interior_depth	Interior relict
depth profile	largest_component_prop	Largest
component	Depth_0_15	0-15 cm	42	0.555
interior_depth	Interior relict
depth profile	robustness_auc_random	Robustness AUC
random removal	Depth_0_15	0-15 cm	42	0.261625
interior_depth	Interior relict
depth profile	robustness_auc_targeted	Robustness AUC
targeted removal	Depth_0_15	0-15 cm	42	0.085125
interior_depth	Interior relict
depth profile	modularity_louvain	Modularity	Depth_0_15	0-15 cm	42	0.478501174212772
interior_depth	Interior relict
depth profile	largest_component_prop	Largest
component	Depth_0_15	0-15 cm	43	0.56
interior_depth	Interior relict
depth profile	robustness_auc_random	Robustness AUC
random removal	Depth_0_15	0-15 cm	43	0.25675
interior_depth	Interior relict
depth profile	robustness_auc_targeted	Robustness AUC
targeted removal	Depth_0_15	0-15 cm	43	0.0985
interior_depth	Interior relict
depth profile	modularity_louvain	Modularity	Depth_0_15	0-15 cm	43	0.491098709628545
interior_depth	Interior relict
depth profile	largest_component_prop	Largest
component	Depth_0_15	0-15 cm	44	0.725
interior_depth	Interior relict
depth profile	robustness_auc_random	Robustness AUC
random removal	Depth_0_15	0-15 cm	44	0.306875
interior_depth	Interior relict
depth profile	robustness_auc_targeted	Robustness AUC
targeted removal	Depth_0_15	0-15 cm	44	0.152875
interior_depth	Interior relict
depth profile	modularity_louvain	Modularity	Depth_0_15	0-15 cm	44	0.542044392818363
interior_depth	Interior relict
depth profile	largest_component_prop	Largest
component	Depth_0_15	0-15 cm	45	0.495
interior_depth	Interior relict
depth profile	robustness_auc_random	Robustness AUC
random removal	Depth_0_15	0-15 cm	45	0.226875
interior_depth	Interior relict
depth profile	robustness_auc_targeted	Robustness AUC
targeted removal	Depth_0_15	0-15 cm	45	0.074125
interior_depth	Interior relict
depth profile	modularity_louvain	Modularity	Depth_0_15	0-15 cm	45	0.472197671775965
interior_depth	Interior relict
depth profile	largest_component_prop	Largest
component	Depth_0_15	0-15 cm	46	0.61
interior_depth	Interior relict
depth profile	robustness_auc_random	Robustness AUC
random removal	Depth_0_15	0-15 cm	46	0.26225
interior_depth	Interior relict
depth profile	robustness_auc_targeted	Robustness AUC
targeted removal	Depth_0_15	0-15 cm	46	0.11325
interior_depth	Interior relict
depth profile	modularity_louvain	Modularity	Depth_0_15	0-15 cm	46	0.499690664377162
interior_depth	Interior relict
depth profile	largest_component_prop	Largest
component	Depth_0_15	0-15 cm	47	0.615
interior_depth	Interior relict
depth profile	robustness_auc_random	Robustness AUC
random removal	Depth_0_15	0-15 cm	47	0.260875
interior_depth	Interior relict
depth profile	robustness_auc_targeted	Robustness AUC
targeted removal	Depth_0_15	0-15 cm	47	0.094625
interior_depth	Interior relict
depth profile	modularity_louvain	Modularity	Depth_0_15	0-15 cm	47	0.486673316330396
interior_depth	Interior relict
depth profile	largest_component_prop	Largest
component	Depth_0_15	0-15 cm	48	0.645
interior_depth	Interior relict
depth profile	robustness_auc_random	Robustness AUC
random removal	Depth_0_15	0-15 cm	48	0.267875
interior_depth	Interior relict
depth profile	robustness_auc_targeted	Robustness AUC
targeted removal	Depth_0_15	0-15 cm	48	0.109125
interior_depth	Interior relict
depth profile	modularity_louvain	Modularity	Depth_0_15	0-15 cm	48	0.493421883285776
interior_depth	Interior relict
depth profile	largest_component_prop	Largest
component	Depth_0_15	0-15 cm	49	0.56
interior_depth	Interior relict
depth profile	robustness_auc_random	Robustness AUC
random removal	Depth_0_15	0-15 cm	49	0.265
interior_depth	Interior relict
depth profile	robustness_auc_targeted	Robustness AUC
targeted removal	Depth_0_15	0-15 cm	49	0.08975
interior_depth	Interior relict
depth profile	modularity_louvain	Modularity	Depth_0_15	0-15 cm	49	0.494163657483397
interior_depth	Interior relict
depth profile	largest_component_prop	Largest
component	Depth_0_15	0-15 cm	50	0.625
interior_depth	Interior relict
depth profile	robustness_auc_random	Robustness AUC
random removal	Depth_0_15	0-15 cm	50	0.258375
interior_depth	Interior relict
depth profile	robustness_auc_targeted	Robustness AUC
targeted removal	Depth_0_15	0-15 cm	50	0.112375
interior_depth	Interior relict
depth profile	modularity_louvain	Modularity	Depth_0_15	0-15 cm	50	0.56405141284311
interior_depth	Interior relict
depth profile	largest_component_prop	Largest
component	Depth_0_15	0-15 cm	51	0.575
interior_depth	Interior relict
depth profile	robustness_auc_random	Robustness AUC
random removal	Depth_0_15	0-15 cm	51	0.256875
interior_depth	Interior relict
depth profile	robustness_auc_targeted	Robustness AUC
targeted removal	Depth_0_15	0-15 cm	51	0.097625
interior_depth	Interior relict
depth profile	modularity_louvain	Modularity	Depth_0_15	0-15 cm	51	0.484738390444686
interior_depth	Interior relict
depth profile	largest_component_prop	Largest
component	Depth_0_15	0-15 cm	52	0.615
interior_depth	Interior relict
depth profile	robustness_auc_random	Robustness AUC
random removal	Depth_0_15	0-15 cm	52	0.261875
interior_depth	Interior relict
depth profile	robustness_auc_targeted	Robustness AUC
targeted removal	Depth_0_15	0-15 cm	52	0.110625
interior_depth	Interior relict
depth profile	modularity_louvain	Modularity	Depth_0_15	0-15 cm	52	0.495249488649276
interior_depth	Interior relict
depth profile	largest_component_prop	Largest
component	Depth_0_15	0-15 cm	53	0.57
interior_depth	Interior relict
depth profile	robustness_auc_random	Robustness AUC
random removal	Depth_0_15	0-15 cm	53	0.252
interior_depth	Interior relict
depth profile	robustness_auc_targeted	Robustness AUC
targeted removal	Depth_0_15	0-15 cm	53	0.09175
interior_depth	Interior relict
depth profile	modularity_louvain	Modularity	Depth_0_15	0-15 cm	53	0.450869296229893
interior_depth	Interior relict
depth profile	largest_component_prop	Largest
component	Depth_0_15	0-15 cm	54	0.495
interior_depth	Interior relict
depth profile	robustness_auc_random	Robustness AUC
random removal	Depth_0_15	0-15 cm	54	0.201875
interior_depth	Interior relict
depth profile	robustness_auc_targeted	Robustness AUC
targeted removal	Depth_0_15	0-15 cm	54	0.076125
interior_depth	Interior relict
depth profile	modularity_louvain	Modularity	Depth_0_15	0-15 cm	54	0.542798792959774
interior_depth	Interior relict
depth profile	largest_component_prop	Largest
component	Depth_0_15	0-15 cm	55	0.65
interior_depth	Interior relict
depth profile	robustness_auc_random	Robustness AUC
random removal	Depth_0_15	0-15 cm	55	0.30725
interior_depth	Interior relict
depth profile	robustness_auc_targeted	Robustness AUC
targeted removal	Depth_0_15	0-15 cm	55	0.11075
interior_depth	Interior relict
depth profile	modularity_louvain	Modularity	Depth_0_15	0-15 cm	55	0.488920734324891
interior_depth	Interior relict
depth profile	largest_component_prop	Largest
component	Depth_0_15	0-15 cm	56	0.56
interior_depth	Interior relict
depth profile	robustness_auc_random	Robustness AUC
random removal	Depth_0_15	0-15 cm	56	0.245
interior_depth	Interior relict
depth profile	robustness_auc_targeted	Robustness AUC
targeted removal	Depth_0_15	0-15 cm	56	0.0915
interior_depth	Interior relict
depth profile	modularity_louvain	Modularity	Depth_0_15	0-15 cm	56	0.478093987525568
interior_depth	Interior relict
depth profile	largest_component_prop	Largest
component	Depth_0_15	0-15 cm	57	0.625
interior_depth	Interior relict
depth profile	robustness_auc_random	Robustness AUC
random removal	Depth_0_15	0-15 cm	57	0.288375
interior_depth	Interior relict
depth profile	robustness_auc_targeted	Robustness AUC
targeted removal	Depth_0_15	0-15 cm	57	0.100125
interior_depth	Interior relict
depth profile	modularity_louvain	Modularity	Depth_0_15	0-15 cm	57	0.505205045327138
interior_depth	Interior relict
depth profile	largest_component_prop	Largest
component	Depth_0_15	0-15 cm	58	0.64
interior_depth	Interior relict
depth profile	robustness_auc_random	Robustness AUC
random removal	Depth_0_15	0-15 cm	58	0.2745
interior_depth	Interior relict
depth profile	robustness_auc_targeted	Robustness AUC
targeted removal	Depth_0_15	0-15 cm	58	0.10875
interior_depth	Interior relict
depth profile	modularity_louvain	Modularity	Depth_0_15	0-15 cm	58	0.558574909724502
interior_depth	Interior relict
depth profile	largest_component_prop	Largest
component	Depth_0_15	0-15 cm	59	0.555
interior_depth	Interior relict
depth profile	robustness_auc_random	Robustness AUC
random removal	Depth_0_15	0-15 cm	59	0.236875
interior_depth	Interior relict
depth profile	robustness_auc_targeted	Robustness AUC
targeted removal	Depth_0_15	0-15 cm	59	0.089125
interior_depth	Interior relict
depth profile	modularity_louvain	Modularity	Depth_0_15	0-15 cm	59	0.550159718188935
interior_depth	Interior relict
depth profile	largest_component_prop	Largest
component	Depth_0_15	0-15 cm	60	0.585
interior_depth	Interior relict
depth profile	robustness_auc_random	Robustness AUC
random removal	Depth_0_15	0-15 cm	60	0.273125
interior_depth	Interior relict
depth profile	robustness_auc_targeted	Robustness AUC
targeted removal	Depth_0_15	0-15 cm	60	0.095375
interior_depth	Interior relict
depth profile	modularity_louvain	Modularity	Depth_0_15	0-15 cm	60	0.450711471932527
interior_depth	Interior relict
depth profile	largest_component_prop	Largest
component	Depth_0_15	0-15 cm	61	0.58
interior_depth	Interior relict
depth profile	robustness_auc_random	Robustness AUC
random removal	Depth_0_15	0-15 cm	61	0.2695
interior_depth	Interior relict
depth profile	robustness_auc_targeted	Robustness AUC
targeted removal	Depth_0_15	0-15 cm	61	0.092
interior_depth	Interior relict
depth profile	modularity_louvain	Modularity	Depth_0_15	0-15 cm	61	0.470619428802303
interior_depth	Interior relict
depth profile	largest_component_prop	Largest
component	Depth_0_15	0-15 cm	62	0.68
interior_depth	Interior relict
depth profile	robustness_auc_random	Robustness AUC
random removal	Depth_0_15	0-15 cm	62	0.29225
interior_depth	Interior relict
depth profile	robustness_auc_targeted	Robustness AUC
targeted removal	Depth_0_15	0-15 cm	62	0.11975
interior_depth	Interior relict
depth profile	modularity_louvain	Modularity	Depth_0_15	0-15 cm	62	0.476383172142118
interior_depth	Interior relict
depth profile	largest_component_prop	Largest
component	Depth_0_15	0-15 cm	63	0.495
interior_depth	Interior relict
depth profile	robustness_auc_random	Robustness AUC
random removal	Depth_0_15	0-15 cm	63	0.235375
interior_depth	Interior relict
depth profile	robustness_auc_targeted	Robustness AUC
targeted removal	Depth_0_15	0-15 cm	63	0.063125
interior_depth	Interior relict
depth profile	modularity_louvain	Modularity	Depth_0_15	0-15 cm	63	0.481755511224464
interior_depth	Interior relict
depth profile	largest_component_prop	Largest
component	Depth_0_15	0-15 cm	64	0.7
interior_depth	Interior relict
depth profile	robustness_auc_random	Robustness AUC
random removal	Depth_0_15	0-15 cm	64	0.27875
interior_depth	Interior relict
depth profile	robustness_auc_targeted	Robustness AUC
targeted removal	Depth_0_15	0-15 cm	64	0.11825
interior_depth	Interior relict
depth profile	modularity_louvain	Modularity	Depth_0_15	0-15 cm	64	0.580051640110098
interior_depth	Interior relict
depth profile	largest_component_prop	Largest
component	Depth_0_15	0-15 cm	65	0.62
interior_depth	Interior relict
depth profile	robustness_auc_random	Robustness AUC
random removal	Depth_0_15	0-15 cm	65	0.25575
interior_depth	Interior relict
depth profile	robustness_auc_targeted	Robustness AUC
targeted removal	Depth_0_15	0-15 cm	65	0.10525
interior_depth	Interior relict
depth profile	modularity_louvain	Modularity	Depth_0_15	0-15 cm	65	0.530662104492311
interior_depth	Interior relict
depth profile	largest_component_prop	Largest
component	Depth_0_15	0-15 cm	66	0.53
interior_depth	Interior relict
depth profile	robustness_auc_random	Robustness AUC
random removal	Depth_0_15	0-15 cm	66	0.235
interior_depth	Interior relict
depth profile	robustness_auc_targeted	Robustness AUC
targeted removal	Depth_0_15	0-15 cm	66	0.0895
interior_depth	Interior relict
depth profile	modularity_louvain	Modularity	Depth_0_15	0-15 cm	66	0.439903664048888
interior_depth	Interior relict
depth profile	largest_component_prop	Largest
component	Depth_0_15	0-15 cm	67	0.555
interior_depth	Interior relict
depth profile	robustness_auc_random	Robustness AUC
random removal	Depth_0_15	0-15 cm	67	0.249875
interior_depth	Interior relict
depth profile	robustness_auc_targeted	Robustness AUC
targeted removal	Depth_0_15	0-15 cm	67	0.080375
interior_depth	Interior relict
depth profile	modularity_louvain	Modularity	Depth_0_15	0-15 cm	67	0.518149794197116
interior_depth	Interior relict
depth profile	largest_component_prop	Largest
component	Depth_0_15	0-15 cm	68	0.6
interior_depth	Interior relict
depth profile	robustness_auc_random	Robustness AUC
random removal	Depth_0_15	0-15 cm	68	0.26425
interior_depth	Interior relict
depth profile	robustness_auc_targeted	Robustness AUC
targeted removal	Depth_0_15	0-15 cm	68	0.08925
interior_depth	Interior relict
depth profile	modularity_louvain	Modularity	Depth_0_15	0-15 cm	68	0.468479331330017
interior_depth	Interior relict
depth profile	largest_component_prop	Largest
component	Depth_0_15	0-15 cm	69	0.485
interior_depth	Interior relict
depth profile	robustness_auc_random	Robustness AUC
random removal	Depth_0_15	0-15 cm	69	0.225625
interior_depth	Interior relict
depth profile	robustness_auc_targeted	Robustness AUC
targeted removal	Depth_0_15	0-15 cm	69	0.074125
interior_depth	Interior relict
depth profile	modularity_louvain	Modularity	Depth_0_15	0-15 cm	69	0.433170879523244
interior_depth	Interior relict
depth profile	largest_component_prop	Largest
component	Depth_0_15	0-15 cm	70	0.37
interior_depth	Interior relict
depth profile	robustness_auc_random	Robustness AUC
random removal	Depth_0_15	0-15 cm	70	0.15625
interior_depth	Interior relict
depth profile	robustness_auc_targeted	Robustness AUC
targeted removal	Depth_0_15	0-15 cm	70	0.05
interior_depth	Interior relict
depth profile	modularity_louvain	Modularity	Depth_0_15	0-15 cm	70	0.427564960480796
interior_depth	Interior relict
depth profile	largest_component_prop	Largest
component	Depth_0_15	0-15 cm	71	0.65
interior_depth	Interior relict
depth profile	robustness_auc_random	Robustness AUC
random removal	Depth_0_15	0-15 cm	71	0.30975
interior_depth	Interior relict
depth profile	robustness_auc_targeted	Robustness AUC
targeted removal	Depth_0_15	0-15 cm	71	0.11475
interior_depth	Interior relict
depth profile	modularity_louvain	Modularity	Depth_0_15	0-15 cm	71	0.484874119340421
interior_depth	Interior relict
depth profile	largest_component_prop	Largest
component	Depth_0_15	0-15 cm	72	0.62
interior_depth	Interior relict
depth profile	robustness_auc_random	Robustness AUC
random removal	Depth_0_15	0-15 cm	72	0.2545
interior_depth	Interior relict
depth profile	robustness_auc_targeted	Robustness AUC
targeted removal	Depth_0_15	0-15 cm	72	0.10225
interior_depth	Interior relict
depth profile	modularity_louvain	Modularity	Depth_0_15	0-15 cm	72	0.470240650488624
interior_depth	Interior relict
depth profile	largest_component_prop	Largest
component	Depth_0_15	0-15 cm	73	0.59
interior_depth	Interior relict
depth profile	robustness_auc_random	Robustness AUC
random removal	Depth_0_15	0-15 cm	73	0.281
interior_depth	Interior relict
depth profile	robustness_auc_targeted	Robustness AUC
targeted removal	Depth_0_15	0-15 cm	73	0.09425
interior_depth	Interior relict
depth profile	modularity_louvain	Modularity	Depth_0_15	0-15 cm	73	0.480139390419434
interior_depth	Interior relict
depth profile	largest_component_prop	Largest
component	Depth_0_15	0-15 cm	74	0.55
interior_depth	Interior relict
depth profile	robustness_auc_random	Robustness AUC
random removal	Depth_0_15	0-15 cm	74	0.263
interior_depth	Interior relict
depth profile	robustness_auc_targeted	Robustness AUC
targeted removal	Depth_0_15	0-15 cm	74	0.09525
interior_depth	Interior relict
depth profile	modularity_louvain	Modularity	Depth_0_15	0-15 cm	74	0.48069808843211
interior_depth	Interior relict
depth profile	largest_component_prop	Largest
component	Depth_0_15	0-15 cm	75	0.705
interior_depth	Interior relict
depth profile	robustness_auc_random	Robustness AUC
random removal	Depth_0_15	0-15 cm	75	0.324375
interior_depth	Interior relict
depth profile	robustness_auc_targeted	Robustness AUC
targeted removal	Depth_0_15	0-15 cm	75	0.126125
interior_depth	Interior relict
depth profile	modularity_louvain	Modularity	Depth_0_15	0-15 cm	75	0.590458574278427
interior_depth	Interior relict
depth profile	largest_component_prop	Largest
component	Depth_0_15	0-15 cm	76	0.59
interior_depth	Interior relict
depth profile	robustness_auc_random	Robustness AUC
random removal	Depth_0_15	0-15 cm	76	0.26125
interior_depth	Interior relict
depth profile	robustness_auc_targeted	Robustness AUC
targeted removal	Depth_0_15	0-15 cm	76	0.09825
interior_depth	Interior relict
depth profile	modularity_louvain	Modularity	Depth_0_15	0-15 cm	76	0.477813060276256
interior_depth	Interior relict
depth profile	largest_component_prop	Largest
component	Depth_0_15	0-15 cm	77	0.62
interior_depth	Interior relict
depth profile	robustness_auc_random	Robustness AUC
random removal	Depth_0_15	0-15 cm	77	0.23825
interior_depth	Interior relict
depth profile	robustness_auc_targeted	Robustness AUC
targeted removal	Depth_0_15	0-15 cm	77	0.10075
interior_depth	Interior relict
depth profile	modularity_louvain	Modularity	Depth_0_15	0-15 cm	77	0.488302063079215
interior_depth	Interior relict
depth profile	largest_component_prop	Largest
component	Depth_0_15	0-15 cm	78	0.645
interior_depth	Interior relict
depth profile	robustness_auc_random	Robustness AUC
random removal	Depth_0_15	0-15 cm	78	0.288875
interior_depth	Interior relict
depth profile	robustness_auc_targeted	Robustness AUC
targeted removal	Depth_0_15	0-15 cm	78	0.110125
interior_depth	Interior relict
depth profile	modularity_louvain	Modularity	Depth_0_15	0-15 cm	78	0.499081462589329
interior_depth	Interior relict
depth profile	largest_component_prop	Largest
component	Depth_0_15	0-15 cm	79	0.62
interior_depth	Interior relict
depth profile	robustness_auc_random	Robustness AUC
random removal	Depth_0_15	0-15 cm	79	0.2715
interior_depth	Interior relict
depth profile	robustness_auc_targeted	Robustness AUC
targeted removal	Depth_0_15	0-15 cm	79	0.0995
interior_depth	Interior relict
depth profile	modularity_louvain	Modularity	Depth_0_15	0-15 cm	79	0.48690373980455
interior_depth	Interior relict
depth profile	largest_component_prop	Largest
component	Depth_0_15	0-15 cm	80	0.68
interior_depth	Interior relict
depth profile	robustness_auc_random	Robustness AUC
random removal	Depth_0_15	0-15 cm	80	0.304
interior_depth	Interior relict
depth profile	robustness_auc_targeted	Robustness AUC
targeted removal	Depth_0_15	0-15 cm	80	0.12925
interior_depth	Interior relict
depth profile	modularity_louvain	Modularity	Depth_0_15	0-15 cm	80	0.551930506805384
interior_depth	Interior relict
depth profile	largest_component_prop	Largest
component	Depth_0_15	0-15 cm	81	0.61
interior_depth	Interior relict
depth profile	robustness_auc_random	Robustness AUC
random removal	Depth_0_15	0-15 cm	81	0.27575
interior_depth	Interior relict
depth profile	robustness_auc_targeted	Robustness AUC
targeted removal	Depth_0_15	0-15 cm	81	0.10775
interior_depth	Interior relict
depth profile	modularity_louvain	Modularity	Depth_0_15	0-15 cm	81	0.487124693820863
interior_depth	Interior relict
depth profile	largest_component_prop	Largest
component	Depth_0_15	0-15 cm	82	0.685
interior_depth	Interior relict
depth profile	robustness_auc_random	Robustness AUC
random removal	Depth_0_15	0-15 cm	82	0.305875
interior_depth	Interior relict
depth profile	robustness_auc_targeted	Robustness AUC
targeted removal	Depth_0_15	0-15 cm	82	0.111125
interior_depth	Interior relict
depth profile	modularity_louvain	Modularity	Depth_0_15	0-15 cm	82	0.496783540819676
interior_depth	Interior relict
depth profile	largest_component_prop	Largest
component	Depth_0_15	0-15 cm	83	0.435
interior_depth	Interior relict
depth profile	robustness_auc_random	Robustness AUC
random removal	Depth_0_15	0-15 cm	83	0.221625
interior_depth	Interior relict
depth profile	robustness_auc_targeted	Robustness AUC
targeted removal	Depth_0_15	0-15 cm	83	0.055625
interior_depth	Interior relict
depth profile	modularity_louvain	Modularity	Depth_0_15	0-15 cm	83	0.478564303931719
interior_depth	Interior relict
depth profile	largest_component_prop	Largest
component	Depth_0_15	0-15 cm	84	0.685
interior_depth	Interior relict
depth profile	robustness_auc_random	Robustness AUC
random removal	Depth_0_15	0-15 cm	84	0.286875
interior_depth	Interior relict
depth profile	robustness_auc_targeted	Robustness AUC
targeted removal	Depth_0_15	0-15 cm	84	0.127125
interior_depth	Interior relict
depth profile	modularity_louvain	Modularity	Depth_0_15	0-15 cm	84	0.514349385116537
interior_depth	Interior relict
depth profile	largest_component_prop	Largest
component	Depth_0_15	0-15 cm	85	0.565
interior_depth	Interior relict
depth profile	robustness_auc_random	Robustness AUC
random removal	Depth_0_15	0-15 cm	85	0.263125
interior_depth	Interior relict
depth profile	robustness_auc_targeted	Robustness AUC
targeted removal	Depth_0_15	0-15 cm	85	0.108125
interior_depth	Interior relict
depth profile	modularity_louvain	Modularity	Depth_0_15	0-15 cm	85	0.476850332062322
interior_depth	Interior relict
depth profile	largest_component_prop	Largest
component	Depth_0_15	0-15 cm	86	0.68
interior_depth	Interior relict
depth profile	robustness_auc_random	Robustness AUC
random removal	Depth_0_15	0-15 cm	86	0.3165
interior_depth	Interior relict
depth profile	robustness_auc_targeted	Robustness AUC
targeted removal	Depth_0_15	0-15 cm	86	0.12775
interior_depth	Interior relict
depth profile	modularity_louvain	Modularity	Depth_0_15	0-15 cm	86	0.527584530693669
interior_depth	Interior relict
depth profile	largest_component_prop	Largest
component	Depth_0_15	0-15 cm	87	0.5
interior_depth	Interior relict
depth profile	robustness_auc_random	Robustness AUC
random removal	Depth_0_15	0-15 cm	87	0.212
interior_depth	Interior relict
depth profile	robustness_auc_targeted	Robustness AUC
targeted removal	Depth_0_15	0-15 cm	87	0.079
interior_depth	Interior relict
depth profile	modularity_louvain	Modularity	Depth_0_15	0-15 cm	87	0.459537006641246
interior_depth	Interior relict
depth profile	largest_component_prop	Largest
component	Depth_0_15	0-15 cm	88	0.625
interior_depth	Interior relict
depth profile	robustness_auc_random	Robustness AUC
random removal	Depth_0_15	0-15 cm	88	0.286375
interior_depth	Interior relict
depth profile	robustness_auc_targeted	Robustness AUC
targeted removal	Depth_0_15	0-15 cm	88	0.108875
interior_depth	Interior relict
depth profile	modularity_louvain	Modularity	Depth_0_15	0-15 cm	88	0.553085780662105
interior_depth	Interior relict
depth profile	largest_component_prop	Largest
component	Depth_0_15	0-15 cm	89	0.59
interior_depth	Interior relict
depth profile	robustness_auc_random	Robustness AUC
random removal	Depth_0_15	0-15 cm	89	0.259
interior_depth	Interior relict
depth profile	robustness_auc_targeted	Robustness AUC
targeted removal	Depth_0_15	0-15 cm	89	0.107
interior_depth	Interior relict
depth profile	modularity_louvain	Modularity	Depth_0_15	0-15 cm	89	0.497534784475139
interior_depth	Interior relict
depth profile	largest_component_prop	Largest
component	Depth_0_15	0-15 cm	90	0.605
interior_depth	Interior relict
depth profile	robustness_auc_random	Robustness AUC
random removal	Depth_0_15	0-15 cm	90	0.262875
interior_depth	Interior relict
depth profile	robustness_auc_targeted	Robustness AUC
targeted removal	Depth_0_15	0-15 cm	90	0.101375
interior_depth	Interior relict
depth profile	modularity_louvain	Modularity	Depth_0_15	0-15 cm	90	0.492474937501578
interior_depth	Interior relict
depth profile	largest_component_prop	Largest
component	Depth_0_15	0-15 cm	91	0.56
interior_depth	Interior relict
depth profile	robustness_auc_random	Robustness AUC
random removal	Depth_0_15	0-15 cm	91	0.22225
interior_depth	Interior relict
depth profile	robustness_auc_targeted	Robustness AUC
targeted removal	Depth_0_15	0-15 cm	91	0.086
interior_depth	Interior relict
depth profile	modularity_louvain	Modularity	Depth_0_15	0-15 cm	91	0.477459533850155
interior_depth	Interior relict
depth profile	largest_component_prop	Largest
component	Depth_0_15	0-15 cm	92	0.49
interior_depth	Interior relict
depth profile	robustness_auc_random	Robustness AUC
random removal	Depth_0_15	0-15 cm	92	0.21125
interior_depth	Interior relict
depth profile	robustness_auc_targeted	Robustness AUC
targeted removal	Depth_0_15	0-15 cm	92	0.06675
interior_depth	Interior relict
depth profile	modularity_louvain	Modularity	Depth_0_15	0-15 cm	92	0.438442211055276
interior_depth	Interior relict
depth profile	largest_component_prop	Largest
component	Depth_0_15	0-15 cm	93	0.57
interior_depth	Interior relict
depth profile	robustness_auc_random	Robustness AUC
random removal	Depth_0_15	0-15 cm	93	0.24425
interior_depth	Interior relict
depth profile	robustness_auc_targeted	Robustness AUC
targeted removal	Depth_0_15	0-15 cm	93	0.105
interior_depth	Interior relict
depth profile	modularity_louvain	Modularity	Depth_0_15	0-15 cm	93	0.545784828665943
interior_depth	Interior relict
depth profile	largest_component_prop	Largest
component	Depth_0_15	0-15 cm	94	0.59
interior_depth	Interior relict
depth profile	robustness_auc_random	Robustness AUC
random removal	Depth_0_15	0-15 cm	94	0.2185
interior_depth	Interior relict
depth profile	robustness_auc_targeted	Robustness AUC
targeted removal	Depth_0_15	0-15 cm	94	0.0815
interior_depth	Interior relict
depth profile	modularity_louvain	Modularity	Depth_0_15	0-15 cm	94	0.486446049342188
interior_depth	Interior relict
depth profile	largest_component_prop	Largest
component	Depth_0_15	0-15 cm	95	0.535
interior_depth	Interior relict
depth profile	robustness_auc_random	Robustness AUC
random removal	Depth_0_15	0-15 cm	95	0.248625
interior_depth	Interior relict
depth profile	robustness_auc_targeted	Robustness AUC
targeted removal	Depth_0_15	0-15 cm	95	0.080875
interior_depth	Interior relict
depth profile	modularity_louvain	Modularity	Depth_0_15	0-15 cm	95	0.460483952425444
interior_depth	Interior relict
depth profile	largest_component_prop	Largest
component	Depth_0_15	0-15 cm	96	0.615
interior_depth	Interior relict
depth profile	robustness_auc_random	Robustness AUC
random removal	Depth_0_15	0-15 cm	96	0.273125
interior_depth	Interior relict
depth profile	robustness_auc_targeted	Robustness AUC
targeted removal	Depth_0_15	0-15 cm	96	0.097875
interior_depth	Interior relict
depth profile	modularity_louvain	Modularity	Depth_0_15	0-15 cm	96	0.50828261912578
interior_depth	Interior relict
depth profile	largest_component_prop	Largest
component	Depth_0_15	0-15 cm	97	0.63
interior_depth	Interior relict
depth profile	robustness_auc_random	Robustness AUC
random removal	Depth_0_15	0-15 cm	97	0.271
interior_depth	Interior relict
depth profile	robustness_auc_targeted	Robustness AUC
targeted removal	Depth_0_15	0-15 cm	97	0.10125
interior_depth	Interior relict
depth profile	modularity_louvain	Modularity	Depth_0_15	0-15 cm	97	0.542057018762153
interior_depth	Interior relict
depth profile	largest_component_prop	Largest
component	Depth_0_15	0-15 cm	98	0.53
interior_depth	Interior relict
depth profile	robustness_auc_random	Robustness AUC
random removal	Depth_0_15	0-15 cm	98	0.216
interior_depth	Interior relict
depth profile	robustness_auc_targeted	Robustness AUC
targeted removal	Depth_0_15	0-15 cm	98	0.0825
interior_depth	Interior relict
depth profile	modularity_louvain	Modularity	Depth_0_15	0-15 cm	98	0.474205196838464
interior_depth	Interior relict
depth profile	largest_component_prop	Largest
component	Depth_0_15	0-15 cm	99	0.54
interior_depth	Interior relict
depth profile	robustness_auc_random	Robustness AUC
random removal	Depth_0_15	0-15 cm	99	0.2545
interior_depth	Interior relict
depth profile	robustness_auc_targeted	Robustness AUC
targeted removal	Depth_0_15	0-15 cm	99	0.08325
interior_depth	Interior relict
depth profile	modularity_louvain	Modularity	Depth_0_15	0-15 cm	99	0.490274866796293
interior_depth	Interior relict
depth profile	largest_component_prop	Largest
component	Depth_0_15	0-15 cm	100	0.575
interior_depth	Interior relict
depth profile	robustness_auc_random	Robustness AUC
random removal	Depth_0_15	0-15 cm	100	0.251375
interior_depth	Interior relict
depth profile	robustness_auc_targeted	Robustness AUC
targeted removal	Depth_0_15	0-15 cm	100	0.097875
interior_depth	Interior relict
depth profile	modularity_louvain	Modularity	Depth_0_15	0-15 cm	100	0.442735031943638
interior_depth	Interior relict
depth profile	largest_component_prop	Largest
component	Depth_0_15	0-15 cm	101	0.555
interior_depth	Interior relict
depth profile	robustness_auc_random	Robustness AUC
random removal	Depth_0_15	0-15 cm	101	0.267625
interior_depth	Interior relict
depth profile	robustness_auc_targeted	Robustness AUC
targeted removal	Depth_0_15	0-15 cm	101	0.090625
interior_depth	Interior relict
depth profile	modularity_louvain	Modularity	Depth_0_15	0-15 cm	101	0.553076311204262
interior_depth	Interior relict
depth profile	largest_component_prop	Largest
component	Depth_0_15	0-15 cm	102	0.585
interior_depth	Interior relict
depth profile	robustness_auc_random	Robustness AUC
random removal	Depth_0_15	0-15 cm	102	0.272875
interior_depth	Interior relict
depth profile	robustness_auc_targeted	Robustness AUC
targeted removal	Depth_0_15	0-15 cm	102	0.097625
interior_depth	Interior relict
depth profile	modularity_louvain	Modularity	Depth_0_15	0-15 cm	102	0.45939180828767
interior_depth	Interior relict
depth profile	largest_component_prop	Largest
component	Depth_0_15	0-15 cm	103	0.675
interior_depth	Interior relict
depth profile	robustness_auc_random	Robustness AUC
random removal	Depth_0_15	0-15 cm	103	0.319125
interior_depth	Interior relict
depth profile	robustness_auc_targeted	Robustness AUC
targeted removal	Depth_0_15	0-15 cm	103	0.124375
interior_depth	Interior relict
depth profile	modularity_louvain	Modularity	Depth_0_15	0-15 cm	103	0.530879902022676
interior_depth	Interior relict
depth profile	largest_component_prop	Largest
component	Depth_0_15	0-15 cm	104	0.505
interior_depth	Interior relict
depth profile	robustness_auc_random	Robustness AUC
random removal	Depth_0_15	0-15 cm	104	0.245375
interior_depth	Interior relict
depth profile	robustness_auc_targeted	Robustness AUC
targeted removal	Depth_0_15	0-15 cm	104	0.078125
interior_depth	Interior relict
depth profile	modularity_louvain	Modularity	Depth_0_15	0-15 cm	104	0.469341051993637
interior_depth	Interior relict
depth profile	largest_component_prop	Largest
component	Depth_0_15	0-15 cm	105	0.585
interior_depth	Interior relict
depth profile	robustness_auc_random	Robustness AUC
random removal	Depth_0_15	0-15 cm	105	0.260625
interior_depth	Interior relict
depth profile	robustness_auc_targeted	Robustness AUC
targeted removal	Depth_0_15	0-15 cm	105	0.106375
interior_depth	Interior relict
depth profile	modularity_louvain	Modularity	Depth_0_15	0-15 cm	105	0.561756647559405
interior_depth	Interior relict
depth profile	largest_component_prop	Largest
component	Depth_0_15	0-15 cm	106	0.52
interior_depth	Interior relict
depth profile	robustness_auc_random	Robustness AUC
random removal	Depth_0_15	0-15 cm	106	0.24625
interior_depth	Interior relict
depth profile	robustness_auc_targeted	Robustness AUC
targeted removal	Depth_0_15	0-15 cm	106	0.0765
interior_depth	Interior relict
depth profile	modularity_louvain	Modularity	Depth_0_15	0-15 cm	106	0.472955228403323
interior_depth	Interior relict
depth profile	largest_component_prop	Largest
component	Depth_0_15	0-15 cm	107	0.595
interior_depth	Interior relict
depth profile	robustness_auc_random	Robustness AUC
random removal	Depth_0_15	0-15 cm	107	0.245875
interior_depth	Interior relict
depth profile	robustness_auc_targeted	Robustness AUC
targeted removal	Depth_0_15	0-15 cm	107	0.087125
interior_depth	Interior relict
depth profile	modularity_louvain	Modularity	Depth_0_15	0-15 cm	107	0.457033913285018
interior_depth	Interior relict
depth profile	largest_component_prop	Largest
component	Depth_0_15	0-15 cm	108	0.57
interior_depth	Interior relict
depth profile	robustness_auc_random	Robustness AUC
random removal	Depth_0_15	0-15 cm	108	0.24825
interior_depth	Interior relict
depth profile	robustness_auc_targeted	Robustness AUC
targeted removal	Depth_0_15	0-15 cm	108	0.08475
interior_depth	Interior relict
depth profile	modularity_louvain	Modularity	Depth_0_15	0-15 cm	108	0.53998320749476
interior_depth	Interior relict
depth profile	largest_component_prop	Largest
component	Depth_0_15	0-15 cm	109	0.615
interior_depth	Interior relict
depth profile	robustness_auc_random	Robustness AUC
random removal	Depth_0_15	0-15 cm	109	0.300625
interior_depth	Interior relict
depth profile	robustness_auc_targeted	Robustness AUC
targeted removal	Depth_0_15	0-15 cm	109	0.105625
interior_depth	Interior relict
depth profile	modularity_louvain	Modularity	Depth_0_15	0-15 cm	109	0.463580465139769
interior_depth	Interior relict
depth profile	largest_component_prop	Largest
component	Depth_0_15	0-15 cm	110	0.55
interior_depth	Interior relict
depth profile	robustness_auc_random	Robustness AUC
random removal	Depth_0_15	0-15 cm	110	0.2405
interior_depth	Interior relict
depth profile	robustness_auc_targeted	Robustness AUC
targeted removal	Depth_0_15	0-15 cm	110	0.1015
interior_depth	Interior relict
depth profile	modularity_louvain	Modularity	Depth_0_15	0-15 cm	110	0.5048957097043
interior_depth	Interior relict
depth profile	largest_component_prop	Largest
component	Depth_0_15	0-15 cm	111	0.57
interior_depth	Interior relict
depth profile	robustness_auc_random	Robustness AUC
random removal	Depth_0_15	0-15 cm	111	0.232
interior_depth	Interior relict
depth profile	robustness_auc_targeted	Robustness AUC
targeted removal	Depth_0_15	0-15 cm	111	0.082
interior_depth	Interior relict
depth profile	modularity_louvain	Modularity	Depth_0_15	0-15 cm	111	0.445796823312543
interior_depth	Interior relict
depth profile	largest_component_prop	Largest
component	Depth_0_15	0-15 cm	112	0.575
interior_depth	Interior relict
depth profile	robustness_auc_random	Robustness AUC
random removal	Depth_0_15	0-15 cm	112	0.250375
interior_depth	Interior relict
depth profile	robustness_auc_targeted	Robustness AUC
targeted removal	Depth_0_15	0-15 cm	112	0.085875
interior_depth	Interior relict
depth profile	modularity_louvain	Modularity	Depth_0_15	0-15 cm	112	0.469972349183101
interior_depth	Interior relict
depth profile	largest_component_prop	Largest
component	Depth_0_15	0-15 cm	113	0.57
interior_depth	Interior relict
depth profile	robustness_auc_random	Robustness AUC
random removal	Depth_0_15	0-15 cm	113	0.25825
interior_depth	Interior relict
depth profile	robustness_auc_targeted	Robustness AUC
targeted removal	Depth_0_15	0-15 cm	113	0.0975
interior_depth	Interior relict
depth profile	modularity_louvain	Modularity	Depth_0_15	0-15 cm	113	0.528313678947501
interior_depth	Interior relict
depth profile	largest_component_prop	Largest
component	Depth_0_15	0-15 cm	114	0.62
interior_depth	Interior relict
depth profile	robustness_auc_random	Robustness AUC
random removal	Depth_0_15	0-15 cm	114	0.28475
interior_depth	Interior relict
depth profile	robustness_auc_targeted	Robustness AUC
targeted removal	Depth_0_15	0-15 cm	114	0.11575
interior_depth	Interior relict
depth profile	modularity_louvain	Modularity	Depth_0_15	0-15 cm	114	0.506833792075958
interior_depth	Interior relict
depth profile	largest_component_prop	Largest
component	Depth_0_15	0-15 cm	115	0.625
interior_depth	Interior relict
depth profile	robustness_auc_random	Robustness AUC
random removal	Depth_0_15	0-15 cm	115	0.236875
interior_depth	Interior relict
depth profile	robustness_auc_targeted	Robustness AUC
targeted removal	Depth_0_15	0-15 cm	115	0.111625
interior_depth	Interior relict
depth profile	modularity_louvain	Modularity	Depth_0_15	0-15 cm	115	0.471092901694402
interior_depth	Interior relict
depth profile	largest_component_prop	Largest
component	Depth_0_15	0-15 cm	116	0.515
interior_depth	Interior relict
depth profile	robustness_auc_random	Robustness AUC
random removal	Depth_0_15	0-15 cm	116	0.247375
interior_depth	Interior relict
depth profile	robustness_auc_targeted	Robustness AUC
targeted removal	Depth_0_15	0-15 cm	116	0.072875
interior_depth	Interior relict
depth profile	modularity_louvain	Modularity	Depth_0_15	0-15 cm	116	0.449275270826494
interior_depth	Interior relict
depth profile	largest_component_prop	Largest
component	Depth_0_15	0-15 cm	117	0.38
interior_depth	Interior relict
depth profile	robustness_auc_random	Robustness AUC
random removal	Depth_0_15	0-15 cm	117	0.17025
interior_depth	Interior relict
depth profile	robustness_auc_targeted	Robustness AUC
targeted removal	Depth_0_15	0-15 cm	117	0.0495
interior_depth	Interior relict
depth profile	modularity_louvain	Modularity	Depth_0_15	0-15 cm	117	0.476499962122169
interior_depth	Interior relict
depth profile	largest_component_prop	Largest
component	Depth_0_15	0-15 cm	118	0.63
interior_depth	Interior relict
depth profile	robustness_auc_random	Robustness AUC
random removal	Depth_0_15	0-15 cm	118	0.27425
interior_depth	Interior relict
depth profile	robustness_auc_targeted	Robustness AUC
targeted removal	Depth_0_15	0-15 cm	118	0.11625
interior_depth	Interior relict
depth profile	modularity_louvain	Modularity	Depth_0_15	0-15 cm	118	0.534554051665362
interior_depth	Interior relict
depth profile	largest_component_prop	Largest
component	Depth_0_15	0-15 cm	119	0.57
interior_depth	Interior relict
depth profile	robustness_auc_random	Robustness AUC
random removal	Depth_0_15	0-15 cm	119	0.234
interior_depth	Interior relict
depth profile	robustness_auc_targeted	Robustness AUC
targeted removal	Depth_0_15	0-15 cm	119	0.10325
interior_depth	Interior relict
depth profile	modularity_louvain	Modularity	Depth_0_15	0-15 cm	119	0.513332996641499
interior_depth	Interior relict
depth profile	largest_component_prop	Largest
component	Depth_0_15	0-15 cm	120	0.65
interior_depth	Interior relict
depth profile	robustness_auc_random	Robustness AUC
random removal	Depth_0_15	0-15 cm	120	0.29325
interior_depth	Interior relict
depth profile	robustness_auc_targeted	Robustness AUC
targeted removal	Depth_0_15	0-15 cm	120	0.11325
interior_depth	Interior relict
depth profile	modularity_louvain	Modularity	Depth_0_15	0-15 cm	120	0.511199212141108
interior_depth	Interior relict
depth profile	largest_component_prop	Largest
component	Depth_0_15	0-15 cm	121	0.515
interior_depth	Interior relict
depth profile	robustness_auc_random	Robustness AUC
random removal	Depth_0_15	0-15 cm	121	0.197125
interior_depth	Interior relict
depth profile	robustness_auc_targeted	Robustness AUC
targeted removal	Depth_0_15	0-15 cm	121	0.074125
interior_depth	Interior relict
depth profile	modularity_louvain	Modularity	Depth_0_15	0-15 cm	121	0.522710916391
interior_depth	Interior relict
depth profile	largest_component_prop	Largest
component	Depth_0_15	0-15 cm	122	0.6
interior_depth	Interior relict
depth profile	robustness_auc_random	Robustness AUC
random removal	Depth_0_15	0-15 cm	122	0.248
interior_depth	Interior relict
depth profile	robustness_auc_targeted	Robustness AUC
targeted removal	Depth_0_15	0-15 cm	122	0.09225
interior_depth	Interior relict
depth profile	modularity_louvain	Modularity	Depth_0_15	0-15 cm	122	0.493282997904093
interior_depth	Interior relict
depth profile	largest_component_prop	Largest
component	Depth_0_15	0-15 cm	123	0.625
interior_depth	Interior relict
depth profile	robustness_auc_random	Robustness AUC
random removal	Depth_0_15	0-15 cm	123	0.269875
interior_depth	Interior relict
depth profile	robustness_auc_targeted	Robustness AUC
targeted removal	Depth_0_15	0-15 cm	123	0.108125
interior_depth	Interior relict
depth profile	modularity_louvain	Modularity	Depth_0_15	0-15 cm	123	0.442630867907376
interior_depth	Interior relict
depth profile	largest_component_prop	Largest
component	Depth_0_15	0-15 cm	124	0.58
interior_depth	Interior relict
depth profile	robustness_auc_random	Robustness AUC
random removal	Depth_0_15	0-15 cm	124	0.276
interior_depth	Interior relict
depth profile	robustness_auc_targeted	Robustness AUC
targeted removal	Depth_0_15	0-15 cm	124	0.103
interior_depth	Interior relict
depth profile	modularity_louvain	Modularity	Depth_0_15	0-15 cm	124	0.544197116234439
interior_depth	Interior relict
depth profile	largest_component_prop	Largest
component	Depth_0_15	0-15 cm	125	0.63
interior_depth	Interior relict
depth profile	robustness_auc_random	Robustness AUC
random removal	Depth_0_15	0-15 cm	125	0.2465
interior_depth	Interior relict
depth profile	robustness_auc_targeted	Robustness AUC
targeted removal	Depth_0_15	0-15 cm	125	0.104
interior_depth	Interior relict
depth profile	modularity_louvain	Modularity	Depth_0_15	0-15 cm	125	0.530920936339991
interior_depth	Interior relict
depth profile	largest_component_prop	Largest
component	Depth_0_15	0-15 cm	126	0.545
interior_depth	Interior relict
depth profile	robustness_auc_random	Robustness AUC
random removal	Depth_0_15	0-15 cm	126	0.231125
interior_depth	Interior relict
depth profile	robustness_auc_targeted	Robustness AUC
targeted removal	Depth_0_15	0-15 cm	126	0.079125
interior_depth	Interior relict
depth profile	modularity_louvain	Modularity	Depth_0_15	0-15 cm	126	0.44810105805409
interior_depth	Interior relict
depth profile	largest_component_prop	Largest
component	Depth_0_15	0-15 cm	127	0.63
interior_depth	Interior relict
depth profile	robustness_auc_random	Robustness AUC
random removal	Depth_0_15	0-15 cm	127	0.2675
interior_depth	Interior relict
depth profile	robustness_auc_targeted	Robustness AUC
targeted removal	Depth_0_15	0-15 cm	127	0.10925
interior_depth	Interior relict
depth profile	modularity_louvain	Modularity	Depth_0_15	0-15 cm	127	0.505530163379713
interior_depth	Interior relict
depth profile	largest_component_prop	Largest
component	Depth_0_15	0-15 cm	128	0.5
interior_depth	Interior relict
depth profile	robustness_auc_random	Robustness AUC
random removal	Depth_0_15	0-15 cm	128	0.23275
interior_depth	Interior relict
depth profile	robustness_auc_targeted	Robustness AUC
targeted removal	Depth_0_15	0-15 cm	128	0.08025
interior_depth	Interior relict
depth profile	modularity_louvain	Modularity	Depth_0_15	0-15 cm	128	0.481705007449307
interior_depth	Interior relict
depth profile	largest_component_prop	Largest
component	Depth_0_15	0-15 cm	129	0.615
interior_depth	Interior relict
depth profile	robustness_auc_random	Robustness AUC
random removal	Depth_0_15	0-15 cm	129	0.251875
interior_depth	Interior relict
depth profile	robustness_auc_targeted	Robustness AUC
targeted removal	Depth_0_15	0-15 cm	129	0.107875
interior_depth	Interior relict
depth profile	modularity_louvain	Modularity	Depth_0_15	0-15 cm	129	0.550188126562461
interior_depth	Interior relict
depth profile	largest_component_prop	Largest
component	Depth_0_15	0-15 cm	130	0.6
interior_depth	Interior relict
depth profile	robustness_auc_random	Robustness AUC
random removal	Depth_0_15	0-15 cm	130	0.27825
interior_depth	Interior relict
depth profile	robustness_auc_targeted	Robustness AUC
targeted removal	Depth_0_15	0-15 cm	130	0.09675
interior_depth	Interior relict
depth profile	modularity_louvain	Modularity	Depth_0_15	0-15 cm	130	0.484066058937906
interior_depth	Interior relict
depth profile	largest_component_prop	Largest
component	Depth_0_15	0-15 cm	131	0.555
interior_depth	Interior relict
depth profile	robustness_auc_random	Robustness AUC
random removal	Depth_0_15	0-15 cm	131	0.242625
interior_depth	Interior relict
depth profile	robustness_auc_targeted	Robustness AUC
targeted removal	Depth_0_15	0-15 cm	131	0.078125
interior_depth	Interior relict
depth profile	modularity_louvain	Modularity	Depth_0_15	0-15 cm	131	0.453855331936062
interior_depth	Interior relict
depth profile	largest_component_prop	Largest
component	Depth_0_15	0-15 cm	132	0.585
interior_depth	Interior relict
depth profile	robustness_auc_random	Robustness AUC
random removal	Depth_0_15	0-15 cm	132	0.248125
interior_depth	Interior relict
depth profile	robustness_auc_targeted	Robustness AUC
targeted removal	Depth_0_15	0-15 cm	132	0.092125
interior_depth	Interior relict
depth profile	modularity_louvain	Modularity	Depth_0_15	0-15 cm	132	0.503386909421479
interior_depth	Interior relict
depth profile	largest_component_prop	Largest
component	Depth_0_15	0-15 cm	133	0.57
interior_depth	Interior relict
depth profile	robustness_auc_random	Robustness AUC
random removal	Depth_0_15	0-15 cm	133	0.24175
interior_depth	Interior relict
depth profile	robustness_auc_targeted	Robustness AUC
targeted removal	Depth_0_15	0-15 cm	133	0.0855
interior_depth	Interior relict
depth profile	modularity_louvain	Modularity	Depth_0_15	0-15 cm	133	0.47930607812934
interior_depth	Interior relict
depth profile	largest_component_prop	Largest
component	Depth_0_15	0-15 cm	134	0.565
interior_depth	Interior relict
depth profile	robustness_auc_random	Robustness AUC
random removal	Depth_0_15	0-15 cm	134	0.240625
interior_depth	Interior relict
depth profile	robustness_auc_targeted	Robustness AUC
targeted removal	Depth_0_15	0-15 cm	134	0.095625
interior_depth	Interior relict
depth profile	modularity_louvain	Modularity	Depth_0_15	0-15 cm	134	0.522603595868791
interior_depth	Interior relict
depth profile	largest_component_prop	Largest
component	Depth_0_15	0-15 cm	135	0.655
interior_depth	Interior relict
depth profile	robustness_auc_random	Robustness AUC
random removal	Depth_0_15	0-15 cm	135	0.282875
interior_depth	Interior relict
depth profile	robustness_auc_targeted	Robustness AUC
targeted removal	Depth_0_15	0-15 cm	135	0.112375
interior_depth	Interior relict
depth profile	modularity_louvain	Modularity	Depth_0_15	0-15 cm	135	0.488128456352112
interior_depth	Interior relict
depth profile	largest_component_prop	Largest
component	Depth_0_15	0-15 cm	136	0.55
interior_depth	Interior relict
depth profile	robustness_auc_random	Robustness AUC
random removal	Depth_0_15	0-15 cm	136	0.24975
interior_depth	Interior relict
depth profile	robustness_auc_targeted	Robustness AUC
targeted removal	Depth_0_15	0-15 cm	136	0.102
interior_depth	Interior relict
depth profile	modularity_louvain	Modularity	Depth_0_15	0-15 cm	136	0.477532133026944
interior_depth	Interior relict
depth profile	largest_component_prop	Largest
component	Depth_0_15	0-15 cm	137	0.545
interior_depth	Interior relict
depth profile	robustness_auc_random	Robustness AUC
random removal	Depth_0_15	0-15 cm	137	0.234875
interior_depth	Interior relict
depth profile	robustness_auc_targeted	Robustness AUC
targeted removal	Depth_0_15	0-15 cm	137	0.077125
interior_depth	Interior relict
depth profile	modularity_louvain	Modularity	Depth_0_15	0-15 cm	137	0.429559859599505
interior_depth	Interior relict
depth profile	largest_component_prop	Largest
component	Depth_0_15	0-15 cm	138	0.645
interior_depth	Interior relict
depth profile	robustness_auc_random	Robustness AUC
random removal	Depth_0_15	0-15 cm	138	0.275625
interior_depth	Interior relict
depth profile	robustness_auc_targeted	Robustness AUC
targeted removal	Depth_0_15	0-15 cm	138	0.104625
interior_depth	Interior relict
depth profile	modularity_louvain	Modularity	Depth_0_15	0-15 cm	138	0.497544253932981
interior_depth	Interior relict
depth profile	largest_component_prop	Largest
component	Depth_0_15	0-15 cm	139	0.525
interior_depth	Interior relict
depth profile	robustness_auc_random	Robustness AUC
random removal	Depth_0_15	0-15 cm	139	0.245625
interior_depth	Interior relict
depth profile	robustness_auc_targeted	Robustness AUC
targeted removal	Depth_0_15	0-15 cm	139	0.069875
interior_depth	Interior relict
depth profile	modularity_louvain	Modularity	Depth_0_15	0-15 cm	139	0.383396252619883
interior_depth	Interior relict
depth profile	largest_component_prop	Largest
component	Depth_0_15	0-15 cm	140	0.62
interior_depth	Interior relict
depth profile	robustness_auc_random	Robustness AUC
random removal	Depth_0_15	0-15 cm	140	0.259
interior_depth	Interior relict
depth profile	robustness_auc_targeted	Robustness AUC
targeted removal	Depth_0_15	0-15 cm	140	0.102
interior_depth	Interior relict
depth profile	modularity_louvain	Modularity	Depth_0_15	0-15 cm	140	0.527672912300195
interior_depth	Interior relict
depth profile	largest_component_prop	Largest
component	Depth_0_15	0-15 cm	141	0.695
interior_depth	Interior relict
depth profile	robustness_auc_random	Robustness AUC
random removal	Depth_0_15	0-15 cm	141	0.299375
interior_depth	Interior relict
depth profile	robustness_auc_targeted	Robustness AUC
targeted removal	Depth_0_15	0-15 cm	141	0.104125
interior_depth	Interior relict
depth profile	modularity_louvain	Modularity	Depth_0_15	0-15 cm	141	0.571453372389586
interior_depth	Interior relict
depth profile	largest_component_prop	Largest
component	Depth_0_15	0-15 cm	142	0.585
interior_depth	Interior relict
depth profile	robustness_auc_random	Robustness AUC
random removal	Depth_0_15	0-15 cm	142	0.250875
interior_depth	Interior relict
depth profile	robustness_auc_targeted	Robustness AUC
targeted removal	Depth_0_15	0-15 cm	142	0.081875
interior_depth	Interior relict
depth profile	modularity_louvain	Modularity	Depth_0_15	0-15 cm	142	0.472232393121386
interior_depth	Interior relict
depth profile	largest_component_prop	Largest
component	Depth_0_15	0-15 cm	143	0.67
interior_depth	Interior relict
depth profile	robustness_auc_random	Robustness AUC
random removal	Depth_0_15	0-15 cm	143	0.281
interior_depth	Interior relict
depth profile	robustness_auc_targeted	Robustness AUC
targeted removal	Depth_0_15	0-15 cm	143	0.1065
interior_depth	Interior relict
depth profile	modularity_louvain	Modularity	Depth_0_15	0-15 cm	143	0.516947173051186
interior_depth	Interior relict
depth profile	largest_component_prop	Largest
component	Depth_0_15	0-15 cm	144	0.58
interior_depth	Interior relict
depth profile	robustness_auc_random	Robustness AUC
random removal	Depth_0_15	0-15 cm	144	0.264
interior_depth	Interior relict
depth profile	robustness_auc_targeted	Robustness AUC
targeted removal	Depth_0_15	0-15 cm	144	0.1
interior_depth	Interior relict
depth profile	modularity_louvain	Modularity	Depth_0_15	0-15 cm	144	0.42569632079998
interior_depth	Interior relict
depth profile	largest_component_prop	Largest
component	Depth_0_15	0-15 cm	145	0.64
interior_depth	Interior relict
depth profile	robustness_auc_random	Robustness AUC
random removal	Depth_0_15	0-15 cm	145	0.2925
interior_depth	Interior relict
depth profile	robustness_auc_targeted	Robustness AUC
targeted removal	Depth_0_15	0-15 cm	145	0.127
interior_depth	Interior relict
depth profile	modularity_louvain	Modularity	Depth_0_15	0-15 cm	145	0.467292492613823
interior_depth	Interior relict
depth profile	largest_component_prop	Largest
component	Depth_0_15	0-15 cm	146	0.585
interior_depth	Interior relict
depth profile	robustness_auc_random	Robustness AUC
random removal	Depth_0_15	0-15 cm	146	0.270125
interior_depth	Interior relict
depth profile	robustness_auc_targeted	Robustness AUC
targeted removal	Depth_0_15	0-15 cm	146	0.098375
interior_depth	Interior relict
depth profile	modularity_louvain	Modularity	Depth_0_15	0-15 cm	146	0.445582182268125
interior_depth	Interior relict
depth profile	largest_component_prop	Largest
component	Depth_0_15	0-15 cm	147	0.61
interior_depth	Interior relict
depth profile	robustness_auc_random	Robustness AUC
random removal	Depth_0_15	0-15 cm	147	0.24125
interior_depth	Interior relict
depth profile	robustness_auc_targeted	Robustness AUC
targeted removal	Depth_0_15	0-15 cm	147	0.0965
interior_depth	Interior relict
depth profile	modularity_louvain	Modularity	Depth_0_15	0-15 cm	147	0.547138961137345
interior_depth	Interior relict
depth profile	largest_component_prop	Largest
component	Depth_0_15	0-15 cm	148	0.545
interior_depth	Interior relict
depth profile	robustness_auc_random	Robustness AUC
random removal	Depth_0_15	0-15 cm	148	0.241875
interior_depth	Interior relict
depth profile	robustness_auc_targeted	Robustness AUC
targeted removal	Depth_0_15	0-15 cm	148	0.088375
interior_depth	Interior relict
depth profile	modularity_louvain	Modularity	Depth_0_15	0-15 cm	148	0.434985858942956
interior_depth	Interior relict
depth profile	largest_component_prop	Largest
component	Depth_0_15	0-15 cm	149	0.575
interior_depth	Interior relict
depth profile	robustness_auc_random	Robustness AUC
random removal	Depth_0_15	0-15 cm	149	0.260625
interior_depth	Interior relict
depth profile	robustness_auc_targeted	Robustness AUC
targeted removal	Depth_0_15	0-15 cm	149	0.095375
interior_depth	Interior relict
depth profile	modularity_louvain	Modularity	Depth_0_15	0-15 cm	149	0.487834903159011
interior_depth	Interior relict
depth profile	largest_component_prop	Largest
component	Depth_0_15	0-15 cm	150	0.62
interior_depth	Interior relict
depth profile	robustness_auc_random	Robustness AUC
random removal	Depth_0_15	0-15 cm	150	0.291
interior_depth	Interior relict
depth profile	robustness_auc_targeted	Robustness AUC
targeted removal	Depth_0_15	0-15 cm	150	0.12775
interior_depth	Interior relict
depth profile	modularity_louvain	Modularity	Depth_0_15	0-15 cm	150	0.546368778566198
interior_depth	Interior relict
depth profile	largest_component_prop	Largest
component	Depth_0_15	0-15 cm	151	0.65
interior_depth	Interior relict
depth profile	robustness_auc_random	Robustness AUC
random removal	Depth_0_15	0-15 cm	151	0.2925
interior_depth	Interior relict
depth profile	robustness_auc_targeted	Robustness AUC
targeted removal	Depth_0_15	0-15 cm	151	0.1035
interior_depth	Interior relict
depth profile	modularity_louvain	Modularity	Depth_0_15	0-15 cm	151	0.511072952703215
interior_depth	Interior relict
depth profile	largest_component_prop	Largest
component	Depth_0_15	0-15 cm	152	0.59
interior_depth	Interior relict
depth profile	robustness_auc_random	Robustness AUC
random removal	Depth_0_15	0-15 cm	152	0.26
interior_depth	Interior relict
depth profile	robustness_auc_targeted	Robustness AUC
targeted removal	Depth_0_15	0-15 cm	152	0.0935
interior_depth	Interior relict
depth profile	modularity_louvain	Modularity	Depth_0_15	0-15 cm	152	0.477020782303477
interior_depth	Interior relict
depth profile	largest_component_prop	Largest
component	Depth_0_15	0-15 cm	153	0.545
interior_depth	Interior relict
depth profile	robustness_auc_random	Robustness AUC
random removal	Depth_0_15	0-15 cm	153	0.232125
interior_depth	Interior relict
depth profile	robustness_auc_targeted	Robustness AUC
targeted removal	Depth_0_15	0-15 cm	153	0.073625
interior_depth	Interior relict
depth profile	modularity_louvain	Modularity	Depth_0_15	0-15 cm	153	0.462147420519684
interior_depth	Interior relict
depth profile	largest_component_prop	Largest
component	Depth_0_15	0-15 cm	154	0.545
interior_depth	Interior relict
depth profile	robustness_auc_random	Robustness AUC
random removal	Depth_0_15	0-15 cm	154	0.236625
interior_depth	Interior relict
depth profile	robustness_auc_targeted	Robustness AUC
targeted removal	Depth_0_15	0-15 cm	154	0.082375
interior_depth	Interior relict
depth profile	modularity_louvain	Modularity	Depth_0_15	0-15 cm	154	0.509608343223656
interior_depth	Interior relict
depth profile	largest_component_prop	Largest
component	Depth_0_15	0-15 cm	155	0.53
interior_depth	Interior relict
depth profile	robustness_auc_random	Robustness AUC
random removal	Depth_0_15	0-15 cm	155	0.25875
interior_depth	Interior relict
depth profile	robustness_auc_targeted	Robustness AUC
targeted removal	Depth_0_15	0-15 cm	155	0.077
interior_depth	Interior relict
depth profile	modularity_louvain	Modularity	Depth_0_15	0-15 cm	155	0.535781924698871
interior_depth	Interior relict
depth profile	largest_component_prop	Largest
component	Depth_0_15	0-15 cm	156	0.545
interior_depth	Interior relict
depth profile	robustness_auc_random	Robustness AUC
random removal	Depth_0_15	0-15 cm	156	0.216875
interior_depth	Interior relict
depth profile	robustness_auc_targeted	Robustness AUC
targeted removal	Depth_0_15	0-15 cm	156	0.082875
interior_depth	Interior relict
depth profile	modularity_louvain	Modularity	Depth_0_15	0-15 cm	156	0.492405494810737
interior_depth	Interior relict
depth profile	largest_component_prop	Largest
component	Depth_0_15	0-15 cm	157	0.485
interior_depth	Interior relict
depth profile	robustness_auc_random	Robustness AUC
random removal	Depth_0_15	0-15 cm	157	0.194625
interior_depth	Interior relict
depth profile	robustness_auc_targeted	Robustness AUC
targeted removal	Depth_0_15	0-15 cm	157	0.074625
interior_depth	Interior relict
depth profile	modularity_louvain	Modularity	Depth_0_15	0-15 cm	157	0.475988611398702
interior_depth	Interior relict
depth profile	largest_component_prop	Largest
component	Depth_0_15	0-15 cm	158	0.66
interior_depth	Interior relict
depth profile	robustness_auc_random	Robustness AUC
random removal	Depth_0_15	0-15 cm	158	0.266
interior_depth	Interior relict
depth profile	robustness_auc_targeted	Robustness AUC
targeted removal	Depth_0_15	0-15 cm	158	0.1005
interior_depth	Interior relict
depth profile	modularity_louvain	Modularity	Depth_0_15	0-15 cm	158	0.497152849675513
interior_depth	Interior relict
depth profile	largest_component_prop	Largest
component	Depth_0_15	0-15 cm	159	0.54
interior_depth	Interior relict
depth profile	robustness_auc_random	Robustness AUC
random removal	Depth_0_15	0-15 cm	159	0.2285
interior_depth	Interior relict
depth profile	robustness_auc_targeted	Robustness AUC
targeted removal	Depth_0_15	0-15 cm	159	0.0845
interior_depth	Interior relict
depth profile	modularity_louvain	Modularity	Depth_0_15	0-15 cm	159	0.484290169440166
interior_depth	Interior relict
depth profile	largest_component_prop	Largest
component	Depth_0_15	0-15 cm	160	0.485
interior_depth	Interior relict
depth profile	robustness_auc_random	Robustness AUC
random removal	Depth_0_15	0-15 cm	160	0.205875
interior_depth	Interior relict
depth profile	robustness_auc_targeted	Robustness AUC
targeted removal	Depth_0_15	0-15 cm	160	0.070375
interior_depth	Interior relict
depth profile	modularity_louvain	Modularity	Depth_0_15	0-15 cm	160	0.48098217216737
interior_depth	Interior relict
depth profile	largest_component_prop	Largest
component	Depth_0_15	0-15 cm	161	0.555
interior_depth	Interior relict
depth profile	robustness_auc_random	Robustness AUC
random removal	Depth_0_15	0-15 cm	161	0.238625
interior_depth	Interior relict
depth profile	robustness_auc_targeted	Robustness AUC
targeted removal	Depth_0_15	0-15 cm	161	0.084125
interior_depth	Interior relict
depth profile	modularity_louvain	Modularity	Depth_0_15	0-15 cm	161	0.476881896921795
interior_depth	Interior relict
depth profile	largest_component_prop	Largest
component	Depth_0_15	0-15 cm	162	0.575
interior_depth	Interior relict
depth profile	robustness_auc_random	Robustness AUC
random removal	Depth_0_15	0-15 cm	162	0.218625
interior_depth	Interior relict
depth profile	robustness_auc_targeted	Robustness AUC
targeted removal	Depth_0_15	0-15 cm	162	0.097125
interior_depth	Interior relict
depth profile	modularity_louvain	Modularity	Depth_0_15	0-15 cm	162	0.497455872326456
interior_depth	Interior relict
depth profile	largest_component_prop	Largest
component	Depth_0_15	0-15 cm	163	0.52
interior_depth	Interior relict
depth profile	robustness_auc_random	Robustness AUC
random removal	Depth_0_15	0-15 cm	163	0.2425
interior_depth	Interior relict
depth profile	robustness_auc_targeted	Robustness AUC
targeted removal	Depth_0_15	0-15 cm	163	0.08125
interior_depth	Interior relict
depth profile	modularity_louvain	Modularity	Depth_0_15	0-15 cm	163	0.491991995151638
interior_depth	Interior relict
depth profile	largest_component_prop	Largest
component	Depth_0_15	0-15 cm	164	0.56
interior_depth	Interior relict
depth profile	robustness_auc_random	Robustness AUC
random removal	Depth_0_15	0-15 cm	164	0.24225
interior_depth	Interior relict
depth profile	robustness_auc_targeted	Robustness AUC
targeted removal	Depth_0_15	0-15 cm	164	0.08975
interior_depth	Interior relict
depth profile	modularity_louvain	Modularity	Depth_0_15	0-15 cm	164	0.4943372642105
interior_depth	Interior relict
depth profile	largest_component_prop	Largest
component	Depth_0_15	0-15 cm	165	0.6
interior_depth	Interior relict
depth profile	robustness_auc_random	Robustness AUC
random removal	Depth_0_15	0-15 cm	165	0.25675
interior_depth	Interior relict
depth profile	robustness_auc_targeted	Robustness AUC
targeted removal	Depth_0_15	0-15 cm	165	0.097
interior_depth	Interior relict
depth profile	modularity_louvain	Modularity	Depth_0_15	0-15 cm	165	0.476588343728694
interior_depth	Interior relict
depth profile	largest_component_prop	Largest
component	Depth_0_15	0-15 cm	166	0.51
interior_depth	Interior relict
depth profile	robustness_auc_random	Robustness AUC
random removal	Depth_0_15	0-15 cm	166	0.22625
interior_depth	Interior relict
depth profile	robustness_auc_targeted	Robustness AUC
targeted removal	Depth_0_15	0-15 cm	166	0.07425
interior_depth	Interior relict
depth profile	modularity_louvain	Modularity	Depth_0_15	0-15 cm	166	0.42659276280902
interior_depth	Interior relict
depth profile	largest_component_prop	Largest
component	Depth_0_15	0-15 cm	167	0.615
interior_depth	Interior relict
depth profile	robustness_auc_random	Robustness AUC
random removal	Depth_0_15	0-15 cm	167	0.282625
interior_depth	Interior relict
depth profile	robustness_auc_targeted	Robustness AUC
targeted removal	Depth_0_15	0-15 cm	167	0.101625
interior_depth	Interior relict
depth profile	modularity_louvain	Modularity	Depth_0_15	0-15 cm	167	0.474113658745991
interior_depth	Interior relict
depth profile	largest_component_prop	Largest
component	Depth_0_15	0-15 cm	168	0.65
interior_depth	Interior relict
depth profile	robustness_auc_random	Robustness AUC
random removal	Depth_0_15	0-15 cm	168	0.2745
interior_depth	Interior relict
depth profile	robustness_auc_targeted	Robustness AUC
targeted removal	Depth_0_15	0-15 cm	168	0.0895
interior_depth	Interior relict
depth profile	modularity_louvain	Modularity	Depth_0_15	0-15 cm	168	0.520539254059241
interior_depth	Interior relict
depth profile	largest_component_prop	Largest
component	Depth_0_15	0-15 cm	169	0.66
interior_depth	Interior relict
depth profile	robustness_auc_random	Robustness AUC
random removal	Depth_0_15	0-15 cm	169	0.29975
interior_depth	Interior relict
depth profile	robustness_auc_targeted	Robustness AUC
targeted removal	Depth_0_15	0-15 cm	169	0.12275
interior_depth	Interior relict
depth profile	modularity_louvain	Modularity	Depth_0_15	0-15 cm	169	0.515662483270624
interior_depth	Interior relict
depth profile	largest_component_prop	Largest
component	Depth_0_15	0-15 cm	170	0.67
interior_depth	Interior relict
depth profile	robustness_auc_random	Robustness AUC
random removal	Depth_0_15	0-15 cm	170	0.28725
interior_depth	Interior relict
depth profile	robustness_auc_targeted	Robustness AUC
targeted removal	Depth_0_15	0-15 cm	170	0.12925
interior_depth	Interior relict
depth profile	modularity_louvain	Modularity	Depth_0_15	0-15 cm	170	0.504693694603672
interior_depth	Interior relict
depth profile	largest_component_prop	Largest
component	Depth_0_15	0-15 cm	171	0.585
interior_depth	Interior relict
depth profile	robustness_auc_random	Robustness AUC
random removal	Depth_0_15	0-15 cm	171	0.250125
interior_depth	Interior relict
depth profile	robustness_auc_targeted	Robustness AUC
targeted removal	Depth_0_15	0-15 cm	171	0.093375
interior_depth	Interior relict
depth profile	modularity_louvain	Modularity	Depth_0_15	0-15 cm	171	0.501183682230247
interior_depth	Interior relict
depth profile	largest_component_prop	Largest
component	Depth_0_15	0-15 cm	172	0.43
interior_depth	Interior relict
depth profile	robustness_auc_random	Robustness AUC
random removal	Depth_0_15	0-15 cm	172	0.19975
interior_depth	Interior relict
depth profile	robustness_auc_targeted	Robustness AUC
targeted removal	Depth_0_15	0-15 cm	172	0.07225
interior_depth	Interior relict
depth profile	modularity_louvain	Modularity	Depth_0_15	0-15 cm	172	0.516909295219818
interior_depth	Interior relict
depth profile	largest_component_prop	Largest
component	Depth_0_15	0-15 cm	173	0.555
interior_depth	Interior relict
depth profile	robustness_auc_random	Robustness AUC
random removal	Depth_0_15	0-15 cm	173	0.249625
interior_depth	Interior relict
depth profile	robustness_auc_targeted	Robustness AUC
targeted removal	Depth_0_15	0-15 cm	173	0.072625
interior_depth	Interior relict
depth profile	modularity_louvain	Modularity	Depth_0_15	0-15 cm	173	0.458558495997576
interior_depth	Interior relict
depth profile	largest_component_prop	Largest
component	Depth_0_15	0-15 cm	174	0.48
interior_depth	Interior relict
depth profile	robustness_auc_random	Robustness AUC
random removal	Depth_0_15	0-15 cm	174	0.18575
interior_depth	Interior relict
depth profile	robustness_auc_targeted	Robustness AUC
targeted removal	Depth_0_15	0-15 cm	174	0.06975
interior_depth	Interior relict
depth profile	modularity_louvain	Modularity	Depth_0_15	0-15 cm	174	0.461342516603116
interior_depth	Interior relict
depth profile	largest_component_prop	Largest
component	Depth_0_15	0-15 cm	175	0.655
interior_depth	Interior relict
depth profile	robustness_auc_random	Robustness AUC
random removal	Depth_0_15	0-15 cm	175	0.275375
interior_depth	Interior relict
depth profile	robustness_auc_targeted	Robustness AUC
targeted removal	Depth_0_15	0-15 cm	175	0.107875
interior_depth	Interior relict
depth profile	modularity_louvain	Modularity	Depth_0_15	0-15 cm	175	0.530157066740739
interior_depth	Interior relict
depth profile	largest_component_prop	Largest
component	Depth_0_15	0-15 cm	176	0.5
interior_depth	Interior relict
depth profile	robustness_auc_random	Robustness AUC
random removal	Depth_0_15	0-15 cm	176	0.239
interior_depth	Interior relict
depth profile	robustness_auc_targeted	Robustness AUC
targeted removal	Depth_0_15	0-15 cm	176	0.06125
interior_depth	Interior relict
depth profile	modularity_louvain	Modularity	Depth_0_15	0-15 cm	176	0.450714628418474
interior_depth	Interior relict
depth profile	largest_component_prop	Largest
component	Depth_0_15	0-15 cm	177	0.65
interior_depth	Interior relict
depth profile	robustness_auc_random	Robustness AUC
random removal	Depth_0_15	0-15 cm	177	0.244
interior_depth	Interior relict
depth profile	robustness_auc_targeted	Robustness AUC
targeted removal	Depth_0_15	0-15 cm	177	0.11375
interior_depth	Interior relict
depth profile	modularity_louvain	Modularity	Depth_0_15	0-15 cm	177	0.621594151662837
interior_depth	Interior relict
depth profile	largest_component_prop	Largest
component	Depth_0_15	0-15 cm	178	0.425
interior_depth	Interior relict
depth profile	robustness_auc_random	Robustness AUC
random removal	Depth_0_15	0-15 cm	178	0.174625
interior_depth	Interior relict
depth profile	robustness_auc_targeted	Robustness AUC
targeted removal	Depth_0_15	0-15 cm	178	0.054625
interior_depth	Interior relict
depth profile	modularity_louvain	Modularity	Depth_0_15	0-15 cm	178	0.442940203530214
interior_depth	Interior relict
depth profile	largest_component_prop	Largest
component	Depth_0_15	0-15 cm	179	0.57
interior_depth	Interior relict
depth profile	robustness_auc_random	Robustness AUC
random removal	Depth_0_15	0-15 cm	179	0.26575
interior_depth	Interior relict
depth profile	robustness_auc_targeted	Robustness AUC
targeted removal	Depth_0_15	0-15 cm	179	0.0915
interior_depth	Interior relict
depth profile	modularity_louvain	Modularity	Depth_0_15	0-15 cm	179	0.466310825484205
interior_depth	Interior relict
depth profile	largest_component_prop	Largest
component	Depth_0_15	0-15 cm	180	0.655
interior_depth	Interior relict
depth profile	robustness_auc_random	Robustness AUC
random removal	Depth_0_15	0-15 cm	180	0.289125
interior_depth	Interior relict
depth profile	robustness_auc_targeted	Robustness AUC
targeted removal	Depth_0_15	0-15 cm	180	0.108625
interior_depth	Interior relict
depth profile	modularity_louvain	Modularity	Depth_0_15	0-15 cm	180	0.487973788540693
interior_depth	Interior relict
depth profile	largest_component_prop	Largest
component	Depth_0_15	0-15 cm	181	0.49
interior_depth	Interior relict
depth profile	robustness_auc_random	Robustness AUC
random removal	Depth_0_15	0-15 cm	181	0.2395
interior_depth	Interior relict
depth profile	robustness_auc_targeted	Robustness AUC
targeted removal	Depth_0_15	0-15 cm	181	0.064
interior_depth	Interior relict
depth profile	modularity_louvain	Modularity	Depth_0_15	0-15 cm	181	0.427956364738264
interior_depth	Interior relict
depth profile	largest_component_prop	Largest
component	Depth_0_15	0-15 cm	182	0.605
interior_depth	Interior relict
depth profile	robustness_auc_random	Robustness AUC
random removal	Depth_0_15	0-15 cm	182	0.274625
interior_depth	Interior relict
depth profile	robustness_auc_targeted	Robustness AUC
targeted removal	Depth_0_15	0-15 cm	182	0.107625
interior_depth	Interior relict
depth profile	modularity_louvain	Modularity	Depth_0_15	0-15 cm	182	0.547432514330446
interior_depth	Interior relict
depth profile	largest_component_prop	Largest
component	Depth_0_15	0-15 cm	183	0.645
interior_depth	Interior relict
depth profile	robustness_auc_random	Robustness AUC
random removal	Depth_0_15	0-15 cm	183	0.273375
interior_depth	Interior relict
depth profile	robustness_auc_targeted	Robustness AUC
targeted removal	Depth_0_15	0-15 cm	183	0.102375
interior_depth	Interior relict
depth profile	modularity_louvain	Modularity	Depth_0_15	0-15 cm	183	0.496344789272998
interior_depth	Interior relict
depth profile	largest_component_prop	Largest
component	Depth_0_15	0-15 cm	184	0.67
interior_depth	Interior relict
depth profile	robustness_auc_random	Robustness AUC
random removal	Depth_0_15	0-15 cm	184	0.29925
interior_depth	Interior relict
depth profile	robustness_auc_targeted	Robustness AUC
targeted removal	Depth_0_15	0-15 cm	184	0.118
interior_depth	Interior relict
depth profile	modularity_louvain	Modularity	Depth_0_15	0-15 cm	184	0.55779841418146
interior_depth	Interior relict
depth profile	largest_component_prop	Largest
component	Depth_0_15	0-15 cm	185	0.655
interior_depth	Interior relict
depth profile	robustness_auc_random	Robustness AUC
random removal	Depth_0_15	0-15 cm	185	0.291875
interior_depth	Interior relict
depth profile	robustness_auc_targeted	Robustness AUC
targeted removal	Depth_0_15	0-15 cm	185	0.105875
interior_depth	Interior relict
depth profile	modularity_louvain	Modularity	Depth_0_15	0-15 cm	185	0.492206636196056
interior_depth	Interior relict
depth profile	largest_component_prop	Largest
component	Depth_0_15	0-15 cm	186	0.645
interior_depth	Interior relict
depth profile	robustness_auc_random	Robustness AUC
random removal	Depth_0_15	0-15 cm	186	0.304625
interior_depth	Interior relict
depth profile	robustness_auc_targeted	Robustness AUC
targeted removal	Depth_0_15	0-15 cm	186	0.110625
interior_depth	Interior relict
depth profile	modularity_louvain	Modularity	Depth_0_15	0-15 cm	186	0.485697962172672
interior_depth	Interior relict
depth profile	largest_component_prop	Largest
component	Depth_0_15	0-15 cm	187	0.495
interior_depth	Interior relict
depth profile	robustness_auc_random	Robustness AUC
random removal	Depth_0_15	0-15 cm	187	0.245875
interior_depth	Interior relict
depth profile	robustness_auc_targeted	Robustness AUC
targeted removal	Depth_0_15	0-15 cm	187	0.069375
interior_depth	Interior relict
depth profile	modularity_louvain	Modularity	Depth_0_15	0-15 cm	187	0.531287088709881
interior_depth	Interior relict
depth profile	largest_component_prop	Largest
component	Depth_0_15	0-15 cm	188	0.465
interior_depth	Interior relict
depth profile	robustness_auc_random	Robustness AUC
random removal	Depth_0_15	0-15 cm	188	0.199375
interior_depth	Interior relict
depth profile	robustness_auc_targeted	Robustness AUC
targeted removal	Depth_0_15	0-15 cm	188	0.071125
interior_depth	Interior relict
depth profile	modularity_louvain	Modularity	Depth_0_15	0-15 cm	188	0.607434155703139
interior_depth	Interior relict
depth profile	largest_component_prop	Largest
component	Depth_0_15	0-15 cm	189	0.73
interior_depth	Interior relict
depth profile	robustness_auc_random	Robustness AUC
random removal	Depth_0_15	0-15 cm	189	0.29325
interior_depth	Interior relict
depth profile	robustness_auc_targeted	Robustness AUC
targeted removal	Depth_0_15	0-15 cm	189	0.12925
interior_depth	Interior relict
depth profile	modularity_louvain	Modularity	Depth_0_15	0-15 cm	189	0.567832883008005
interior_depth	Interior relict
depth profile	largest_component_prop	Largest
component	Depth_0_15	0-15 cm	190	0.605
interior_depth	Interior relict
depth profile	robustness_auc_random	Robustness AUC
random removal	Depth_0_15	0-15 cm	190	0.251375
interior_depth	Interior relict
depth profile	robustness_auc_targeted	Robustness AUC
targeted removal	Depth_0_15	0-15 cm	190	0.094625
interior_depth	Interior relict
depth profile	modularity_louvain	Modularity	Depth_0_15	0-15 cm	190	0.487143632736547
interior_depth	Interior relict
depth profile	largest_component_prop	Largest
component	Depth_0_15	0-15 cm	191	0.585
interior_depth	Interior relict
depth profile	robustness_auc_random	Robustness AUC
random removal	Depth_0_15	0-15 cm	191	0.237625
interior_depth	Interior relict
depth profile	robustness_auc_targeted	Robustness AUC
targeted removal	Depth_0_15	0-15 cm	191	0.094875
interior_depth	Interior relict
depth profile	modularity_louvain	Modularity	Depth_0_15	0-15 cm	191	0.557476452614833
interior_depth	Interior relict
depth profile	largest_component_prop	Largest
component	Depth_0_15	0-15 cm	192	0.535
interior_depth	Interior relict
depth profile	robustness_auc_random	Robustness AUC
random removal	Depth_0_15	0-15 cm	192	0.272875
interior_depth	Interior relict
depth profile	robustness_auc_targeted	Robustness AUC
targeted removal	Depth_0_15	0-15 cm	192	0.088625
interior_depth	Interior relict
depth profile	modularity_louvain	Modularity	Depth_0_15	0-15 cm	192	0.489413146132673
interior_depth	Interior relict
depth profile	largest_component_prop	Largest
component	Depth_0_15	0-15 cm	193	0.585
interior_depth	Interior relict
depth profile	robustness_auc_random	Robustness AUC
random removal	Depth_0_15	0-15 cm	193	0.260375
interior_depth	Interior relict
depth profile	robustness_auc_targeted	Robustness AUC
targeted removal	Depth_0_15	0-15 cm	193	0.094625
interior_depth	Interior relict
depth profile	modularity_louvain	Modularity	Depth_0_15	0-15 cm	193	0.43863791318401
interior_depth	Interior relict
depth profile	largest_component_prop	Largest
component	Depth_0_15	0-15 cm	194	0.66
interior_depth	Interior relict
depth profile	robustness_auc_random	Robustness AUC
random removal	Depth_0_15	0-15 cm	194	0.2685
interior_depth	Interior relict
depth profile	robustness_auc_targeted	Robustness AUC
targeted removal	Depth_0_15	0-15 cm	194	0.101
interior_depth	Interior relict
depth profile	modularity_louvain	Modularity	Depth_0_15	0-15 cm	194	0.491480644428171
interior_depth	Interior relict
depth profile	largest_component_prop	Largest
component	Depth_0_15	0-15 cm	195	0.64
interior_depth	Interior relict
depth profile	robustness_auc_random	Robustness AUC
random removal	Depth_0_15	0-15 cm	195	0.2935
interior_depth	Interior relict
depth profile	robustness_auc_targeted	Robustness AUC
targeted removal	Depth_0_15	0-15 cm	195	0.1015
interior_depth	Interior relict
depth profile	modularity_louvain	Modularity	Depth_0_15	0-15 cm	195	0.482519380823717
interior_depth	Interior relict
depth profile	largest_component_prop	Largest
component	Depth_0_15	0-15 cm	196	0.445
interior_depth	Interior relict
depth profile	robustness_auc_random	Robustness AUC
random removal	Depth_0_15	0-15 cm	196	0.217125
interior_depth	Interior relict
depth profile	robustness_auc_targeted	Robustness AUC
targeted removal	Depth_0_15	0-15 cm	196	0.060875
interior_depth	Interior relict
depth profile	modularity_louvain	Modularity	Depth_0_15	0-15 cm	196	0.472737430872958
interior_depth	Interior relict
depth profile	largest_component_prop	Largest
component	Depth_0_15	0-15 cm	197	0.58
interior_depth	Interior relict
depth profile	robustness_auc_random	Robustness AUC
random removal	Depth_0_15	0-15 cm	197	0.25925
interior_depth	Interior relict
depth profile	robustness_auc_targeted	Robustness AUC
targeted removal	Depth_0_15	0-15 cm	197	0.104
interior_depth	Interior relict
depth profile	modularity_louvain	Modularity	Depth_0_15	0-15 cm	197	0.498036665740764
interior_depth	Interior relict
depth profile	largest_component_prop	Largest
component	Depth_0_15	0-15 cm	198	0.52
interior_depth	Interior relict
depth profile	robustness_auc_random	Robustness AUC
random removal	Depth_0_15	0-15 cm	198	0.24925
interior_depth	Interior relict
depth profile	robustness_auc_targeted	Robustness AUC
targeted removal	Depth_0_15	0-15 cm	198	0.07825
interior_depth	Interior relict
depth profile	modularity_louvain	Modularity	Depth_0_15	0-15 cm	198	0.440190904270094
interior_depth	Interior relict
depth profile	largest_component_prop	Largest
component	Depth_0_15	0-15 cm	199	0.58
interior_depth	Interior relict
depth profile	robustness_auc_random	Robustness AUC
random removal	Depth_0_15	0-15 cm	199	0.2695
interior_depth	Interior relict
depth profile	robustness_auc_targeted	Robustness AUC
targeted removal	Depth_0_15	0-15 cm	199	0.08525
interior_depth	Interior relict
depth profile	modularity_louvain	Modularity	Depth_0_15	0-15 cm	199	0.49617749551779
interior_depth	Interior relict
depth profile	largest_component_prop	Largest
component	Depth_0_15	0-15 cm	200	0.645
interior_depth	Interior relict
depth profile	robustness_auc_random	Robustness AUC
random removal	Depth_0_15	0-15 cm	200	0.264125
interior_depth	Interior relict
depth profile	robustness_auc_targeted	Robustness AUC
targeted removal	Depth_0_15	0-15 cm	200	0.102375
interior_depth	Interior relict
depth profile	modularity_louvain	Modularity	Depth_0_15	0-15 cm	200	0.520482437312189
interior_depth	Interior relict
depth profile	largest_component_prop	Largest
component	Depth_16_30	16-30 cm	1	0.61
interior_depth	Interior relict
depth profile	robustness_auc_random	Robustness AUC
random removal	Depth_16_30	16-30 cm	1	0.2595
interior_depth	Interior relict
depth profile	robustness_auc_targeted	Robustness AUC
targeted removal	Depth_16_30	16-30 cm	1	0.1085
interior_depth	Interior relict
depth profile	modularity_louvain	Modularity	Depth_16_30	16-30 cm	1	0.537142370142168
interior_depth	Interior relict
depth profile	largest_component_prop	Largest
component	Depth_16_30	16-30 cm	2	0.545
interior_depth	Interior relict
depth profile	robustness_auc_random	Robustness AUC
random removal	Depth_16_30	16-30 cm	2	0.260375
interior_depth	Interior relict
depth profile	robustness_auc_targeted	Robustness AUC
targeted removal	Depth_16_30	16-30 cm	2	0.084125
interior_depth	Interior relict
depth profile	modularity_louvain	Modularity	Depth_16_30	16-30 cm	2	0.475783439812126
interior_depth	Interior relict
depth profile	largest_component_prop	Largest
component	Depth_16_30	16-30 cm	3	0.575
interior_depth	Interior relict
depth profile	robustness_auc_random	Robustness AUC
random removal	Depth_16_30	16-30 cm	3	0.252125
interior_depth	Interior relict
depth profile	robustness_auc_targeted	Robustness AUC
targeted removal	Depth_16_30	16-30 cm	3	0.097625
interior_depth	Interior relict
depth profile	modularity_louvain	Modularity	Depth_16_30	16-30 cm	3	0.492547536678367
interior_depth	Interior relict
depth profile	largest_component_prop	Largest
component	Depth_16_30	16-30 cm	4	0.535
interior_depth	Interior relict
depth profile	robustness_auc_random	Robustness AUC
random removal	Depth_16_30	16-30 cm	4	0.256875
interior_depth	Interior relict
depth profile	robustness_auc_targeted	Robustness AUC
targeted removal	Depth_16_30	16-30 cm	4	0.078375
interior_depth	Interior relict
depth profile	modularity_louvain	Modularity	Depth_16_30	16-30 cm	4	0.464981944900381
interior_depth	Interior relict
depth profile	largest_component_prop	Largest
component	Depth_16_30	16-30 cm	5	0.61
interior_depth	Interior relict
depth profile	robustness_auc_random	Robustness AUC
random removal	Depth_16_30	16-30 cm	5	0.277
interior_depth	Interior relict
depth profile	robustness_auc_targeted	Robustness AUC
targeted removal	Depth_16_30	16-30 cm	5	0.1025
interior_depth	Interior relict
depth profile	modularity_louvain	Modularity	Depth_16_30	16-30 cm	5	0.527508775030934
interior_depth	Interior relict
depth profile	largest_component_prop	Largest
component	Depth_16_30	16-30 cm	6	0.615
interior_depth	Interior relict
depth profile	robustness_auc_random	Robustness AUC
random removal	Depth_16_30	16-30 cm	6	0.257375
interior_depth	Interior relict
depth profile	robustness_auc_targeted	Robustness AUC
targeted removal	Depth_16_30	16-30 cm	6	0.112375
interior_depth	Interior relict
depth profile	modularity_louvain	Modularity	Depth_16_30	16-30 cm	6	0.532565465518547
interior_depth	Interior relict
depth profile	largest_component_prop	Largest
component	Depth_16_30	16-30 cm	7	0.6
interior_depth	Interior relict
depth profile	robustness_auc_random	Robustness AUC
random removal	Depth_16_30	16-30 cm	7	0.22675
interior_depth	Interior relict
depth profile	robustness_auc_targeted	Robustness AUC
targeted removal	Depth_16_30	16-30 cm	7	0.094
interior_depth	Interior relict
depth profile	modularity_louvain	Modularity	Depth_16_30	16-30 cm	7	0.503402691851216
interior_depth	Interior relict
depth profile	largest_component_prop	Largest
component	Depth_16_30	16-30 cm	8	0.62
interior_depth	Interior relict
depth profile	robustness_auc_random	Robustness AUC
random removal	Depth_16_30	16-30 cm	8	0.26825
interior_depth	Interior relict
depth profile	robustness_auc_targeted	Robustness AUC
targeted removal	Depth_16_30	16-30 cm	8	0.1005
interior_depth	Interior relict
depth profile	modularity_louvain	Modularity	Depth_16_30	16-30 cm	8	0.538843716067776
interior_depth	Interior relict
depth profile	largest_component_prop	Largest
component	Depth_16_30	16-30 cm	9	0.62
interior_depth	Interior relict
depth profile	robustness_auc_random	Robustness AUC
random removal	Depth_16_30	16-30 cm	9	0.267
interior_depth	Interior relict
depth profile	robustness_auc_targeted	Robustness AUC
targeted removal	Depth_16_30	16-30 cm	9	0.10525
interior_depth	Interior relict
depth profile	modularity_louvain	Modularity	Depth_16_30	16-30 cm	9	0.492989444710992
interior_depth	Interior relict
depth profile	largest_component_prop	Largest
component	Depth_16_30	16-30 cm	10	0.695
interior_depth	Interior relict
depth profile	robustness_auc_random	Robustness AUC
random removal	Depth_16_30	16-30 cm	10	0.292625
interior_depth	Interior relict
depth profile	robustness_auc_targeted	Robustness AUC
targeted removal	Depth_16_30	16-30 cm	10	0.135875
interior_depth	Interior relict
depth profile	modularity_louvain	Modularity	Depth_16_30	16-30 cm	10	0.534266811444155
interior_depth	Interior relict
depth profile	largest_component_prop	Largest
component	Depth_16_30	16-30 cm	11	0.63
interior_depth	Interior relict
depth profile	robustness_auc_random	Robustness AUC
random removal	Depth_16_30	16-30 cm	11	0.254
interior_depth	Interior relict
depth profile	robustness_auc_targeted	Robustness AUC
targeted removal	Depth_16_30	16-30 cm	11	0.0965
interior_depth	Interior relict
depth profile	modularity_louvain	Modularity	Depth_16_30	16-30 cm	11	0.462115855660211
interior_depth	Interior relict
depth profile	largest_component_prop	Largest
component	Depth_16_30	16-30 cm	12	0.545
interior_depth	Interior relict
depth profile	robustness_auc_random	Robustness AUC
random removal	Depth_16_30	16-30 cm	12	0.249875
interior_depth	Interior relict
depth profile	robustness_auc_targeted	Robustness AUC
targeted removal	Depth_16_30	16-30 cm	12	0.092375
interior_depth	Interior relict
depth profile	modularity_louvain	Modularity	Depth_16_30	16-30 cm	12	0.466888462412565
interior_depth	Interior relict
depth profile	largest_component_prop	Largest
component	Depth_16_30	16-30 cm	13	0.535
interior_depth	Interior relict
depth profile	robustness_auc_random	Robustness AUC
random removal	Depth_16_30	16-30 cm	13	0.223375
interior_depth	Interior relict
depth profile	robustness_auc_targeted	Robustness AUC
targeted removal	Depth_16_30	16-30 cm	13	0.067875
interior_depth	Interior relict
depth profile	modularity_louvain	Modularity	Depth_16_30	16-30 cm	13	0.495883942324689
interior_depth	Interior relict
depth profile	largest_component_prop	Largest
component	Depth_16_30	16-30 cm	14	0.6
interior_depth	Interior relict
depth profile	robustness_auc_random	Robustness AUC
random removal	Depth_16_30	16-30 cm	14	0.24725
interior_depth	Interior relict
depth profile	robustness_auc_targeted	Robustness AUC
targeted removal	Depth_16_30	16-30 cm	14	0.0965
interior_depth	Interior relict
depth profile	modularity_louvain	Modularity	Depth_16_30	16-30 cm	14	0.507294639024267
interior_depth	Interior relict
depth profile	largest_component_prop	Largest
component	Depth_16_30	16-30 cm	15	0.575
interior_depth	Interior relict
depth profile	robustness_auc_random	Robustness AUC
random removal	Depth_16_30	16-30 cm	15	0.246625
interior_depth	Interior relict
depth profile	robustness_auc_targeted	Robustness AUC
targeted removal	Depth_16_30	16-30 cm	15	0.081875
interior_depth	Interior relict
depth profile	modularity_louvain	Modularity	Depth_16_30	16-30 cm	15	0.461134188530593
interior_depth	Interior relict
depth profile	largest_component_prop	Largest
component	Depth_16_30	16-30 cm	16	0.59
interior_depth	Interior relict
depth profile	robustness_auc_random	Robustness AUC
random removal	Depth_16_30	16-30 cm	16	0.2675
interior_depth	Interior relict
depth profile	robustness_auc_targeted	Robustness AUC
targeted removal	Depth_16_30	16-30 cm	16	0.086
interior_depth	Interior relict
depth profile	modularity_louvain	Modularity	Depth_16_30	16-30 cm	16	0.448179970202773
interior_depth	Interior relict
depth profile	largest_component_prop	Largest
component	Depth_16_30	16-30 cm	17	0.605
interior_depth	Interior relict
depth profile	robustness_auc_random	Robustness AUC
random removal	Depth_16_30	16-30 cm	17	0.263625
interior_depth	Interior relict
depth profile	robustness_auc_targeted	Robustness AUC
targeted removal	Depth_16_30	16-30 cm	17	0.095125
interior_depth	Interior relict
depth profile	modularity_louvain	Modularity	Depth_16_30	16-30 cm	17	0.468981212595642
interior_depth	Interior relict
depth profile	largest_component_prop	Largest
component	Depth_16_30	16-30 cm	18	0.52
interior_depth	Interior relict
depth profile	robustness_auc_random	Robustness AUC
random removal	Depth_16_30	16-30 cm	18	0.2405
interior_depth	Interior relict
depth profile	robustness_auc_targeted	Robustness AUC
targeted removal	Depth_16_30	16-30 cm	18	0.082
interior_depth	Interior relict
depth profile	modularity_louvain	Modularity	Depth_16_30	16-30 cm	18	0.483538925784702
interior_depth	Interior relict
depth profile	largest_component_prop	Largest
component	Depth_16_30	16-30 cm	19	0.615
interior_depth	Interior relict
depth profile	robustness_auc_random	Robustness AUC
random removal	Depth_16_30	16-30 cm	19	0.270375
interior_depth	Interior relict
depth profile	robustness_auc_targeted	Robustness AUC
targeted removal	Depth_16_30	16-30 cm	19	0.102625
interior_depth	Interior relict
depth profile	modularity_louvain	Modularity	Depth_16_30	16-30 cm	19	0.491019797479862
interior_depth	Interior relict
depth profile	largest_component_prop	Largest
component	Depth_16_30	16-30 cm	20	0.575
interior_depth	Interior relict
depth profile	robustness_auc_random	Robustness AUC
random removal	Depth_16_30	16-30 cm	20	0.250125
interior_depth	Interior relict
depth profile	robustness_auc_targeted	Robustness AUC
targeted removal	Depth_16_30	16-30 cm	20	0.100875
interior_depth	Interior relict
depth profile	modularity_louvain	Modularity	Depth_16_30	16-30 cm	20	0.527635034468827
interior_depth	Interior relict
depth profile	largest_component_prop	Largest
component	Depth_16_30	16-30 cm	21	0.595
interior_depth	Interior relict
depth profile	robustness_auc_random	Robustness AUC
random removal	Depth_16_30	16-30 cm	21	0.279875
interior_depth	Interior relict
depth profile	robustness_auc_targeted	Robustness AUC
targeted removal	Depth_16_30	16-30 cm	21	0.110375
interior_depth	Interior relict
depth profile	modularity_louvain	Modularity	Depth_16_30	16-30 cm	21	0.485795813237039
interior_depth	Interior relict
depth profile	largest_component_prop	Largest
component	Depth_16_30	16-30 cm	22	0.61
interior_depth	Interior relict
depth profile	robustness_auc_random	Robustness AUC
random removal	Depth_16_30	16-30 cm	22	0.26575
interior_depth	Interior relict
depth profile	robustness_auc_targeted	Robustness AUC
targeted removal	Depth_16_30	16-30 cm	22	0.11125
interior_depth	Interior relict
depth profile	modularity_louvain	Modularity	Depth_16_30	16-30 cm	22	0.540734451150223
interior_depth	Interior relict
depth profile	largest_component_prop	Largest
component	Depth_16_30	16-30 cm	23	0.565
interior_depth	Interior relict
depth profile	robustness_auc_random	Robustness AUC
random removal	Depth_16_30	16-30 cm	23	0.269875
interior_depth	Interior relict
depth profile	robustness_auc_targeted	Robustness AUC
targeted removal	Depth_16_30	16-30 cm	23	0.082625
interior_depth	Interior relict
depth profile	modularity_louvain	Modularity	Depth_16_30	16-30 cm	23	0.471124466553875
interior_depth	Interior relict
depth profile	largest_component_prop	Largest
component	Depth_16_30	16-30 cm	24	0.655
interior_depth	Interior relict
depth profile	robustness_auc_random	Robustness AUC
random removal	Depth_16_30	16-30 cm	24	0.238625
interior_depth	Interior relict
depth profile	robustness_auc_targeted	Robustness AUC
targeted removal	Depth_16_30	16-30 cm	24	0.106375
interior_depth	Interior relict
depth profile	modularity_louvain	Modularity	Depth_16_30	16-30 cm	24	0.55836658165197794
interior_depth	Interior relict
depth profile	largest_component_prop	Largest
component	Depth_16_30	16-30 cm	25	0.655
interior_depth	Interior relict
depth profile	robustness_auc_random	Robustness AUC
random removal	Depth_16_30	16-30 cm	25	0.282875
interior_depth	Interior relict
depth profile	robustness_auc_targeted	Robustness AUC
targeted removal	Depth_16_30	16-30 cm	25	0.115875
interior_depth	Interior relict
depth profile	modularity_louvain	Modularity	Depth_16_30	16-30 cm	25	0.550850988611399
interior_depth	Interior relict
depth profile	largest_component_prop	Largest
component	Depth_16_30	16-30 cm	26	0.625
interior_depth	Interior relict
depth profile	robustness_auc_random	Robustness AUC
random removal	Depth_16_30	16-30 cm	26	0.277375
interior_depth	Interior relict
depth profile	robustness_auc_targeted	Robustness AUC
targeted removal	Depth_16_30	16-30 cm	26	0.103875
interior_depth	Interior relict
depth profile	modularity_louvain	Modularity	Depth_16_30	16-30 cm	26	0.509248503825661
interior_depth	Interior relict
depth profile	largest_component_prop	Largest
component	Depth_16_30	16-30 cm	27	0.505
interior_depth	Interior relict
depth profile	robustness_auc_random	Robustness AUC
random removal	Depth_16_30	16-30 cm	27	0.231125
interior_depth	Interior relict
depth profile	robustness_auc_targeted	Robustness AUC
targeted removal	Depth_16_30	16-30 cm	27	0.071875
interior_depth	Interior relict
depth profile	modularity_louvain	Modularity	Depth_16_30	16-30 cm	27	0.484429054821848
interior_depth	Interior relict
depth profile	largest_component_prop	Largest
component	Depth_16_30	16-30 cm	28	0.71
interior_depth	Interior relict
depth profile	robustness_auc_random	Robustness AUC
random removal	Depth_16_30	16-30 cm	28	0.31225
interior_depth	Interior relict
depth profile	robustness_auc_targeted	Robustness AUC
targeted removal	Depth_16_30	16-30 cm	28	0.1245
interior_depth	Interior relict
depth profile	modularity_louvain	Modularity	Depth_16_30	16-30 cm	28	0.574530946188228
interior_depth	Interior relict
depth profile	largest_component_prop	Largest
component	Depth_16_30	16-30 cm	29	0.58
interior_depth	Interior relict
depth profile	robustness_auc_random	Robustness AUC
random removal	Depth_16_30	16-30 cm	29	0.273
interior_depth	Interior relict
depth profile	robustness_auc_targeted	Robustness AUC
targeted removal	Depth_16_30	16-30 cm	29	0.0935
interior_depth	Interior relict
depth profile	modularity_louvain	Modularity	Depth_16_30	16-30 cm	29	0.511798944471099
interior_depth	Interior relict
depth profile	largest_component_prop	Largest
component	Depth_16_30	16-30 cm	30	0.6
interior_depth	Interior relict
depth profile	robustness_auc_random	Robustness AUC
random removal	Depth_16_30	16-30 cm	30	0.26875
interior_depth	Interior relict
depth profile	robustness_auc_targeted	Robustness AUC
targeted removal	Depth_16_30	16-30 cm	30	0.10925
interior_depth	Interior relict
depth profile	modularity_louvain	Modularity	Depth_16_30	16-30 cm	30	0.55154541551981
interior_depth	Interior relict
depth profile	largest_component_prop	Largest
component	Depth_16_30	16-30 cm	31	0.635
interior_depth	Interior relict
depth profile	robustness_auc_random	Robustness AUC
random removal	Depth_16_30	16-30 cm	31	0.283125
interior_depth	Interior relict
depth profile	robustness_auc_targeted	Robustness AUC
targeted removal	Depth_16_30	16-30 cm	31	0.107375
interior_depth	Interior relict
depth profile	modularity_louvain	Modularity	Depth_16_30	16-30 cm	31	0.500552385040782
interior_depth	Interior relict
depth profile	largest_component_prop	Largest
component	Depth_16_30	16-30 cm	32	0.61
interior_depth	Interior relict
depth profile	robustness_auc_random	Robustness AUC
random removal	Depth_16_30	16-30 cm	32	0.2835
interior_depth	Interior relict
depth profile	robustness_auc_targeted	Robustness AUC
targeted removal	Depth_16_30	16-30 cm	32	0.10375
interior_depth	Interior relict
depth profile	modularity_louvain	Modularity	Depth_16_30	16-30 cm	32	0.507430367920002
interior_depth	Interior relict
depth profile	largest_component_prop	Largest
component	Depth_16_30	16-30 cm	33	0.49
interior_depth	Interior relict
depth profile	robustness_auc_random	Robustness AUC
random removal	Depth_16_30	16-30 cm	33	0.20075
interior_depth	Interior relict
depth profile	robustness_auc_targeted	Robustness AUC
targeted removal	Depth_16_30	16-30 cm	33	0.06225
interior_depth	Interior relict
depth profile	modularity_louvain	Modularity	Depth_16_30	16-30 cm	33	0.450490517916214
interior_depth	Interior relict
depth profile	largest_component_prop	Largest
component	Depth_16_30	16-30 cm	34	0.625
interior_depth	Interior relict
depth profile	robustness_auc_random	Robustness AUC
random removal	Depth_16_30	16-30 cm	34	0.251125
interior_depth	Interior relict
depth profile	robustness_auc_targeted	Robustness AUC
targeted removal	Depth_16_30	16-30 cm	34	0.095625
interior_depth	Interior relict
depth profile	modularity_louvain	Modularity	Depth_16_30	16-30 cm	34	0.540529279563647
interior_depth	Interior relict
depth profile	largest_component_prop	Largest
component	Depth_16_30	16-30 cm	35	0.565
interior_depth	Interior relict
depth profile	robustness_auc_random	Robustness AUC
random removal	Depth_16_30	16-30 cm	35	0.237375
interior_depth	Interior relict
depth profile	robustness_auc_targeted	Robustness AUC
targeted removal	Depth_16_30	16-30 cm	35	0.085125
interior_depth	Interior relict
depth profile	modularity_louvain	Modularity	Depth_16_30	16-30 cm	35	0.546539228807353
interior_depth	Interior relict
depth profile	largest_component_prop	Largest
component	Depth_16_30	16-30 cm	36	0.65
interior_depth	Interior relict
depth profile	robustness_auc_random	Robustness AUC
random removal	Depth_16_30	16-30 cm	36	0.2785
interior_depth	Interior relict
depth profile	robustness_auc_targeted	Robustness AUC
targeted removal	Depth_16_30	16-30 cm	36	0.11575
interior_depth	Interior relict
depth profile	modularity_louvain	Modularity	Depth_16_30	16-30 cm	36	0.496811949193202
interior_depth	Interior relict
depth profile	largest_component_prop	Largest
component	Depth_16_30	16-30 cm	37	0.63
interior_depth	Interior relict
depth profile	robustness_auc_random	Robustness AUC
random removal	Depth_16_30	16-30 cm	37	0.28725
interior_depth	Interior relict
depth profile	robustness_auc_targeted	Robustness AUC
targeted removal	Depth_16_30	16-30 cm	37	0.11125
interior_depth	Interior relict
depth profile	modularity_louvain	Modularity	Depth_16_30	16-30 cm	37	0.514418827807379
interior_depth	Interior relict
depth profile	largest_component_prop	Largest
component	Depth_16_30	16-30 cm	38	0.595
interior_depth	Interior relict
depth profile	robustness_auc_random	Robustness AUC
random removal	Depth_16_30	16-30 cm	38	0.262625
interior_depth	Interior relict
depth profile	robustness_auc_targeted	Robustness AUC
targeted removal	Depth_16_30	16-30 cm	38	0.086375
interior_depth	Interior relict
depth profile	modularity_louvain	Modularity	Depth_16_30	16-30 cm	38	0.481509305320573
interior_depth	Interior relict
depth profile	largest_component_prop	Largest
component	Depth_16_30	16-30 cm	39	0.62
interior_depth	Interior relict
depth profile	robustness_auc_random	Robustness AUC
random removal	Depth_16_30	16-30 cm	39	0.267
interior_depth	Interior relict
depth profile	robustness_auc_targeted	Robustness AUC
targeted removal	Depth_16_30	16-30 cm	39	0.0895
interior_depth	Interior relict
depth profile	modularity_louvain	Modularity	Depth_16_30	16-30 cm	39	0.543969849246231
interior_depth	Interior relict
depth profile	largest_component_prop	Largest
component	Depth_16_30	16-30 cm	40	0.715
interior_depth	Interior relict
depth profile	robustness_auc_random	Robustness AUC
random removal	Depth_16_30	16-30 cm	40	0.295875
interior_depth	Interior relict
depth profile	robustness_auc_targeted	Robustness AUC
targeted removal	Depth_16_30	16-30 cm	40	0.143625
interior_depth	Interior relict
depth profile	modularity_louvain	Modularity	Depth_16_30	16-30 cm	40	0.545061993384006
interior_depth	Interior relict
depth profile	largest_component_prop	Largest
component	Depth_16_30	16-30 cm	41	0.655
interior_depth	Interior relict
depth profile	robustness_auc_random	Robustness AUC
random removal	Depth_16_30	16-30 cm	41	0.277625
interior_depth	Interior relict
depth profile	robustness_auc_targeted	Robustness AUC
targeted removal	Depth_16_30	16-30 cm	41	0.107875
interior_depth	Interior relict
depth profile	modularity_louvain	Modularity	Depth_16_30	16-30 cm	41	0.581964470594177
interior_depth	Interior relict
depth profile	largest_component_prop	Largest
component	Depth_16_30	16-30 cm	42	0.675
interior_depth	Interior relict
depth profile	robustness_auc_random	Robustness AUC
random removal	Depth_16_30	16-30 cm	42	0.305875
interior_depth	Interior relict
depth profile	robustness_auc_targeted	Robustness AUC
targeted removal	Depth_16_30	16-30 cm	42	0.113125
interior_depth	Interior relict
depth profile	modularity_louvain	Modularity	Depth_16_30	16-30 cm	42	0.522445771571425
interior_depth	Interior relict
depth profile	largest_component_prop	Largest
component	Depth_16_30	16-30 cm	43	0.685
interior_depth	Interior relict
depth profile	robustness_auc_random	Robustness AUC
random removal	Depth_16_30	16-30 cm	43	0.295375
interior_depth	Interior relict
depth profile	robustness_auc_targeted	Robustness AUC
targeted removal	Depth_16_30	16-30 cm	43	0.131375
interior_depth	Interior relict
depth profile	modularity_louvain	Modularity	Depth_16_30	16-30 cm	43	0.582823034771849
interior_depth	Interior relict
depth profile	largest_component_prop	Largest
component	Depth_16_30	16-30 cm	44	0.71
interior_depth	Interior relict
depth profile	robustness_auc_random	Robustness AUC
random removal	Depth_16_30	16-30 cm	44	0.30375
interior_depth	Interior relict
depth profile	robustness_auc_targeted	Robustness AUC
targeted removal	Depth_16_30	16-30 cm	44	0.12825
interior_depth	Interior relict
depth profile	modularity_louvain	Modularity	Depth_16_30	16-30 cm	44	0.579543445872579
interior_depth	Interior relict
depth profile	largest_component_prop	Largest
component	Depth_16_30	16-30 cm	45	0.525
interior_depth	Interior relict
depth profile	robustness_auc_random	Robustness AUC
random removal	Depth_16_30	16-30 cm	45	0.231375
interior_depth	Interior relict
depth profile	robustness_auc_targeted	Robustness AUC
targeted removal	Depth_16_30	16-30 cm	45	0.074875
interior_depth	Interior relict
depth profile	modularity_louvain	Modularity	Depth_16_30	16-30 cm	45	0.490366404888765
interior_depth	Interior relict
depth profile	largest_component_prop	Largest
component	Depth_16_30	16-30 cm	46	0.52
interior_depth	Interior relict
depth profile	robustness_auc_random	Robustness AUC
random removal	Depth_16_30	16-30 cm	46	0.20775
interior_depth	Interior relict
depth profile	robustness_auc_targeted	Robustness AUC
targeted removal	Depth_16_30	16-30 cm	46	0.073
interior_depth	Interior relict
depth profile	modularity_louvain	Modularity	Depth_16_30	16-30 cm	46	0.471178126814979
interior_depth	Interior relict
depth profile	largest_component_prop	Largest
component	Depth_16_30	16-30 cm	47	0.61
interior_depth	Interior relict
depth profile	robustness_auc_random	Robustness AUC
random removal	Depth_16_30	16-30 cm	47	0.26075
interior_depth	Interior relict
depth profile	robustness_auc_targeted	Robustness AUC
targeted removal	Depth_16_30	16-30 cm	47	0.093
interior_depth	Interior relict
depth profile	modularity_louvain	Modularity	Depth_16_30	16-30 cm	47	0.46761445418045
interior_depth	Interior relict
depth profile	largest_component_prop	Largest
component	Depth_16_30	16-30 cm	48	0.485
interior_depth	Interior relict
depth profile	robustness_auc_random	Robustness AUC
random removal	Depth_16_30	16-30 cm	48	0.226125
interior_depth	Interior relict
depth profile	robustness_auc_targeted	Robustness AUC
targeted removal	Depth_16_30	16-30 cm	48	0.067125
interior_depth	Interior relict
depth profile	modularity_louvain	Modularity	Depth_16_30	16-30 cm	48	0.509977652079493
interior_depth	Interior relict
depth profile	largest_component_prop	Largest
component	Depth_16_30	16-30 cm	49	0.56
interior_depth	Interior relict
depth profile	robustness_auc_random	Robustness AUC
random removal	Depth_16_30	16-30 cm	49	0.23875
interior_depth	Interior relict
depth profile	robustness_auc_targeted	Robustness AUC
targeted removal	Depth_16_30	16-30 cm	49	0.06775
interior_depth	Interior relict
depth profile	modularity_louvain	Modularity	Depth_16_30	16-30 cm	49	0.495899724754425
interior_depth	Interior relict
depth profile	largest_component_prop	Largest
component	Depth_16_30	16-30 cm	50	0.625
interior_depth	Interior relict
depth profile	robustness_auc_random	Robustness AUC
random removal	Depth_16_30	16-30 cm	50	0.255375
interior_depth	Interior relict
depth profile	robustness_auc_targeted	Robustness AUC
targeted removal	Depth_16_30	16-30 cm	50	0.100875
interior_depth	Interior relict
depth profile	modularity_louvain	Modularity	Depth_16_30	16-30 cm	50	0.549711497184415
interior_depth	Interior relict
depth profile	largest_component_prop	Largest
component	Depth_16_30	16-30 cm	51	0.58
interior_depth	Interior relict
depth profile	robustness_auc_random	Robustness AUC
random removal	Depth_16_30	16-30 cm	51	0.25425
interior_depth	Interior relict
depth profile	robustness_auc_targeted	Robustness AUC
targeted removal	Depth_16_30	16-30 cm	51	0.09875
interior_depth	Interior relict
depth profile	modularity_louvain	Modularity	Depth_16_30	16-30 cm	51	0.564843690815888
interior_depth	Interior relict
depth profile	largest_component_prop	Largest
component	Depth_16_30	16-30 cm	52	0.62
interior_depth	Interior relict
depth profile	robustness_auc_random	Robustness AUC
random removal	Depth_16_30	16-30 cm	52	0.27075
interior_depth	Interior relict
depth profile	robustness_auc_targeted	Robustness AUC
targeted removal	Depth_16_30	16-30 cm	52	0.10475
interior_depth	Interior relict
depth profile	modularity_louvain	Modularity	Depth_16_30	16-30 cm	52	0.509775636978864
interior_depth	Interior relict
depth profile	largest_component_prop	Largest
component	Depth_16_30	16-30 cm	53	0.555
interior_depth	Interior relict
depth profile	robustness_auc_random	Robustness AUC
random removal	Depth_16_30	16-30 cm	53	0.241875
interior_depth	Interior relict
depth profile	robustness_auc_targeted	Robustness AUC
targeted removal	Depth_16_30	16-30 cm	53	0.075625
interior_depth	Interior relict
depth profile	modularity_louvain	Modularity	Depth_16_30	16-30 cm	53	0.489409989646726
interior_depth	Interior relict
depth profile	largest_component_prop	Largest
component	Depth_16_30	16-30 cm	54	0.615
interior_depth	Interior relict
depth profile	robustness_auc_random	Robustness AUC
random removal	Depth_16_30	16-30 cm	54	0.273875
interior_depth	Interior relict
depth profile	robustness_auc_targeted	Robustness AUC
targeted removal	Depth_16_30	16-30 cm	54	0.085375
interior_depth	Interior relict
depth profile	modularity_louvain	Modularity	Depth_16_30	16-30 cm	54	0.533588166965481
interior_depth	Interior relict
depth profile	largest_component_prop	Largest
component	Depth_16_30	16-30 cm	55	0.535
interior_depth	Interior relict
depth profile	robustness_auc_random	Robustness AUC
random removal	Depth_16_30	16-30 cm	55	0.234125
interior_depth	Interior relict
depth profile	robustness_auc_targeted	Robustness AUC
targeted removal	Depth_16_30	16-30 cm	55	0.075125
interior_depth	Interior relict
depth profile	modularity_louvain	Modularity	Depth_16_30	16-30 cm	55	0.459091942122674
interior_depth	Interior relict
depth profile	largest_component_prop	Largest
component	Depth_16_30	16-30 cm	56	0.575
interior_depth	Interior relict
depth profile	robustness_auc_random	Robustness AUC
random removal	Depth_16_30	16-30 cm	56	0.255875
interior_depth	Interior relict
depth profile	robustness_auc_targeted	Robustness AUC
targeted removal	Depth_16_30	16-30 cm	56	0.087625
interior_depth	Interior relict
depth profile	modularity_louvain	Modularity	Depth_16_30	16-30 cm	56	0.480868538673266
interior_depth	Interior relict
depth profile	largest_component_prop	Largest
component	Depth_16_30	16-30 cm	57	0.665
interior_depth	Interior relict
depth profile	robustness_auc_random	Robustness AUC
random removal	Depth_16_30	16-30 cm	57	0.292375
interior_depth	Interior relict
depth profile	robustness_auc_targeted	Robustness AUC
targeted removal	Depth_16_30	16-30 cm	57	0.131375
interior_depth	Interior relict
depth profile	modularity_louvain	Modularity	Depth_16_30	16-30 cm	57	0.55312681497942
interior_depth	Interior relict
depth profile	largest_component_prop	Largest
component	Depth_16_30	16-30 cm	58	0.64
interior_depth	Interior relict
depth profile	robustness_auc_random	Robustness AUC
random removal	Depth_16_30	16-30 cm	58	0.293
interior_depth	Interior relict
depth profile	robustness_auc_targeted	Robustness AUC
targeted removal	Depth_16_30	16-30 cm	58	0.11475
interior_depth	Interior relict
depth profile	modularity_louvain	Modularity	Depth_16_30	16-30 cm	58	0.511663215575364
interior_depth	Interior relict
depth profile	largest_component_prop	Largest
component	Depth_16_30	16-30 cm	59	0.57
interior_depth	Interior relict
depth profile	robustness_auc_random	Robustness AUC
random removal	Depth_16_30	16-30 cm	59	0.281
interior_depth	Interior relict
depth profile	robustness_auc_targeted	Robustness AUC
targeted removal	Depth_16_30	16-30 cm	59	0.08975
interior_depth	Interior relict
depth profile	modularity_louvain	Modularity	Depth_16_30	16-30 cm	59	0.514945960960582
interior_depth	Interior relict
depth profile	largest_component_prop	Largest
component	Depth_16_30	16-30 cm	60	0.55
interior_depth	Interior relict
depth profile	robustness_auc_random	Robustness AUC
random removal	Depth_16_30	16-30 cm	60	0.23325
interior_depth	Interior relict
depth profile	robustness_auc_targeted	Robustness AUC
targeted removal	Depth_16_30	16-30 cm	60	0.07725
interior_depth	Interior relict
depth profile	modularity_louvain	Modularity	Depth_16_30	16-30 cm	60	0.501546678114189
interior_depth	Interior relict
depth profile	largest_component_prop	Largest
component	Depth_16_30	16-30 cm	61	0.545
interior_depth	Interior relict
depth profile	robustness_auc_random	Robustness AUC
random removal	Depth_16_30	16-30 cm	61	0.234625
interior_depth	Interior relict
depth profile	robustness_auc_targeted	Robustness AUC
targeted removal	Depth_16_30	16-30 cm	61	0.087875
interior_depth	Interior relict
depth profile	modularity_louvain	Modularity	Depth_16_30	16-30 cm	61	0.49748743718593
interior_depth	Interior relict
depth profile	largest_component_prop	Largest
component	Depth_16_30	16-30 cm	62	0.52
interior_depth	Interior relict
depth profile	robustness_auc_random	Robustness AUC
random removal	Depth_16_30	16-30 cm	62	0.22025
interior_depth	Interior relict
depth profile	robustness_auc_targeted	Robustness AUC
targeted removal	Depth_16_30	16-30 cm	62	0.07275
interior_depth	Interior relict
depth profile	modularity_louvain	Modularity	Depth_16_30	16-30 cm	62	0.478649529052297
interior_depth	Interior relict
depth profile	largest_component_prop	Largest
component	Depth_16_30	16-30 cm	63	0.51
interior_depth	Interior relict
depth profile	robustness_auc_random	Robustness AUC
random removal	Depth_16_30	16-30 cm	63	0.22275
interior_depth	Interior relict
depth profile	robustness_auc_targeted	Robustness AUC
targeted removal	Depth_16_30	16-30 cm	63	0.0785
interior_depth	Interior relict
depth profile	modularity_louvain	Modularity	Depth_16_30	16-30 cm	63	0.471866240751496
interior_depth	Interior relict
depth profile	largest_component_prop	Largest
component	Depth_16_30	16-30 cm	64	0.595
interior_depth	Interior relict
depth profile	robustness_auc_random	Robustness AUC
random removal	Depth_16_30	16-30 cm	64	0.280375
interior_depth	Interior relict
depth profile	robustness_auc_targeted	Robustness AUC
targeted removal	Depth_16_30	16-30 cm	64	0.095625
interior_depth	Interior relict
depth profile	modularity_louvain	Modularity	Depth_16_30	16-30 cm	64	0.48453321885811
interior_depth	Interior relict
depth profile	largest_component_prop	Largest
component	Depth_16_30	16-30 cm	65	0.575
interior_depth	Interior relict
depth profile	robustness_auc_random	Robustness AUC
random removal	Depth_16_30	16-30 cm	65	0.250625
interior_depth	Interior relict
depth profile	robustness_auc_targeted	Robustness AUC
targeted removal	Depth_16_30	16-30 cm	65	0.087125
interior_depth	Interior relict
depth profile	modularity_louvain	Modularity	Depth_16_30	16-30 cm	65	0.525100376253125
interior_depth	Interior relict
depth profile	largest_component_prop	Largest
component	Depth_16_30	16-30 cm	66	0.625
interior_depth	Interior relict
depth profile	robustness_auc_random	Robustness AUC
random removal	Depth_16_30	16-30 cm	66	0.255375
interior_depth	Interior relict
depth profile	robustness_auc_targeted	Robustness AUC
targeted removal	Depth_16_30	16-30 cm	66	0.106625
interior_depth	Interior relict
depth profile	modularity_louvain	Modularity	Depth_16_30	16-30 cm	66	0.507405116032423
interior_depth	Interior relict
depth profile	largest_component_prop	Largest
component	Depth_16_30	16-30 cm	67	0.555
interior_depth	Interior relict
depth profile	robustness_auc_random	Robustness AUC
random removal	Depth_16_30	16-30 cm	67	0.256125
interior_depth	Interior relict
depth profile	robustness_auc_targeted	Robustness AUC
targeted removal	Depth_16_30	16-30 cm	67	0.094375
interior_depth	Interior relict
depth profile	modularity_louvain	Modularity	Depth_16_30	16-30 cm	67	0.513787530617914
interior_depth	Interior relict
depth profile	largest_component_prop	Largest
component	Depth_16_30	16-30 cm	68	0.54
interior_depth	Interior relict
depth profile	robustness_auc_random	Robustness AUC
random removal	Depth_16_30	16-30 cm	68	0.23675
interior_depth	Interior relict
depth profile	robustness_auc_targeted	Robustness AUC
targeted removal	Depth_16_30	16-30 cm	68	0.0925
interior_depth	Interior relict
depth profile	modularity_louvain	Modularity	Depth_16_30	16-30 cm	68	0.587096916744527
interior_depth	Interior relict
depth profile	largest_component_prop	Largest
component	Depth_16_30	16-30 cm	69	0.54
interior_depth	Interior relict
depth profile	robustness_auc_random	Robustness AUC
random removal	Depth_16_30	16-30 cm	69	0.25925
interior_depth	Interior relict
depth profile	robustness_auc_targeted	Robustness AUC
targeted removal	Depth_16_30	16-30 cm	69	0.07125
interior_depth	Interior relict
depth profile	modularity_louvain	Modularity	Depth_16_30	16-30 cm	69	0.45385848842201
interior_depth	Interior relict
depth profile	largest_component_prop	Largest
component	Depth_16_30	16-30 cm	70	0.535
interior_depth	Interior relict
depth profile	robustness_auc_random	Robustness AUC
random removal	Depth_16_30	16-30 cm	70	0.244375
interior_depth	Interior relict
depth profile	robustness_auc_targeted	Robustness AUC
targeted removal	Depth_16_30	16-30 cm	70	0.092125
interior_depth	Interior relict
depth profile	modularity_louvain	Modularity	Depth_16_30	16-30 cm	70	0.517041867629605
interior_depth	Interior relict
depth profile	largest_component_prop	Largest
component	Depth_16_30	16-30 cm	71	0.64
interior_depth	Interior relict
depth profile	robustness_auc_random	Robustness AUC
random removal	Depth_16_30	16-30 cm	71	0.285
interior_depth	Interior relict
depth profile	robustness_auc_targeted	Robustness AUC
targeted removal	Depth_16_30	16-30 cm	71	0.1075
interior_depth	Interior relict
depth profile	modularity_louvain	Modularity	Depth_16_30	16-30 cm	71	0.523806217014722
interior_depth	Interior relict
depth profile	largest_component_prop	Largest
component	Depth_16_30	16-30 cm	72	0.62
interior_depth	Interior relict
depth profile	robustness_auc_random	Robustness AUC
random removal	Depth_16_30	16-30 cm	72	0.274
interior_depth	Interior relict
depth profile	robustness_auc_targeted	Robustness AUC
targeted removal	Depth_16_30	16-30 cm	72	0.11025
interior_depth	Interior relict
depth profile	modularity_louvain	Modularity	Depth_16_30	16-30 cm	72	0.509712507259918
interior_depth	Interior relict
depth profile	largest_component_prop	Largest
component	Depth_16_30	16-30 cm	73	0.64
interior_depth	Interior relict
depth profile	robustness_auc_random	Robustness AUC
random removal	Depth_16_30	16-30 cm	73	0.27875
interior_depth	Interior relict
depth profile	robustness_auc_targeted	Robustness AUC
targeted removal	Depth_16_30	16-30 cm	73	0.111
interior_depth	Interior relict
depth profile	modularity_louvain	Modularity	Depth_16_30	16-30 cm	73	0.518370748213429
interior_depth	Interior relict
depth profile	largest_component_prop	Largest
component	Depth_16_30	16-30 cm	74	0.595
interior_depth	Interior relict
depth profile	robustness_auc_random	Robustness AUC
random removal	Depth_16_30	16-30 cm	74	0.243125
interior_depth	Interior relict
depth profile	robustness_auc_targeted	Robustness AUC
targeted removal	Depth_16_30	16-30 cm	74	0.104125
interior_depth	Interior relict
depth profile	modularity_louvain	Modularity	Depth_16_30	16-30 cm	74	0.551652736042019
interior_depth	Interior relict
depth profile	largest_component_prop	Largest
component	Depth_16_30	16-30 cm	75	0.6
interior_depth	Interior relict
depth profile	robustness_auc_random	Robustness AUC
random removal	Depth_16_30	16-30 cm	75	0.285
interior_depth	Interior relict
depth profile	robustness_auc_targeted	Robustness AUC
targeted removal	Depth_16_30	16-30 cm	75	0.09425
interior_depth	Interior relict
depth profile	modularity_louvain	Modularity	Depth_16_30	16-30 cm	75	0.477279614151158
interior_depth	Interior relict
depth profile	largest_component_prop	Largest
component	Depth_16_30	16-30 cm	76	0.6
interior_depth	Interior relict
depth profile	robustness_auc_random	Robustness AUC
random removal	Depth_16_30	16-30 cm	76	0.27375
interior_depth	Interior relict
depth profile	robustness_auc_targeted	Robustness AUC
targeted removal	Depth_16_30	16-30 cm	76	0.0855
interior_depth	Interior relict
depth profile	modularity_louvain	Modularity	Depth_16_30	16-30 cm	76	0.51637584909472
interior_depth	Interior relict
depth profile	largest_component_prop	Largest
component	Depth_16_30	16-30 cm	77	0.525
interior_depth	Interior relict
depth profile	robustness_auc_random	Robustness AUC
random removal	Depth_16_30	16-30 cm	77	0.216875
interior_depth	Interior relict
depth profile	robustness_auc_targeted	Robustness AUC
targeted removal	Depth_16_30	16-30 cm	77	0.080625
interior_depth	Interior relict
depth profile	modularity_louvain	Modularity	Depth_16_30	16-30 cm	77	0.447655993535517
interior_depth	Interior relict
depth profile	largest_component_prop	Largest
component	Depth_16_30	16-30 cm	78	0.66
interior_depth	Interior relict
depth profile	robustness_auc_random	Robustness AUC
random removal	Depth_16_30	16-30 cm	78	0.31275
interior_depth	Interior relict
depth profile	robustness_auc_targeted	Robustness AUC
targeted removal	Depth_16_30	16-30 cm	78	0.1005
interior_depth	Interior relict
depth profile	modularity_louvain	Modularity	Depth_16_30	16-30 cm	78	0.498857352087068
interior_depth	Interior relict
depth profile	largest_component_prop	Largest
component	Depth_16_30	16-30 cm	79	0.54
interior_depth	Interior relict
depth profile	robustness_auc_random	Robustness AUC
random removal	Depth_16_30	16-30 cm	79	0.27725
interior_depth	Interior relict
depth profile	robustness_auc_targeted	Robustness AUC
targeted removal	Depth_16_30	16-30 cm	79	0.09175
interior_depth	Interior relict
depth profile	modularity_louvain	Modularity	Depth_16_30	16-30 cm	79	0.455316784929674
interior_depth	Interior relict
depth profile	largest_component_prop	Largest
component	Depth_16_30	16-30 cm	80	0.64
interior_depth	Interior relict
depth profile	robustness_auc_random	Robustness AUC
random removal	Depth_16_30	16-30 cm	80	0.2585
interior_depth	Interior relict
depth profile	robustness_auc_targeted	Robustness AUC
targeted removal	Depth_16_30	16-30 cm	80	0.1115
interior_depth	Interior relict
depth profile	modularity_louvain	Modularity	Depth_16_30	16-30 cm	80	0.544897856114745
interior_depth	Interior relict
depth profile	largest_component_prop	Largest
component	Depth_16_30	16-30 cm	81	0.45
interior_depth	Interior relict
depth profile	robustness_auc_random	Robustness AUC
random removal	Depth_16_30	16-30 cm	81	0.19675
interior_depth	Interior relict
depth profile	robustness_auc_targeted	Robustness AUC
targeted removal	Depth_16_30	16-30 cm	81	0.06
interior_depth	Interior relict
depth profile	modularity_louvain	Modularity	Depth_16_30	16-30 cm	81	0.45992209792682
interior_depth	Interior relict
depth profile	largest_component_prop	Largest
component	Depth_16_30	16-30 cm	82	0.655
interior_depth	Interior relict
depth profile	robustness_auc_random	Robustness AUC
random removal	Depth_16_30	16-30 cm	82	0.276625
interior_depth	Interior relict
depth profile	robustness_auc_targeted	Robustness AUC
targeted removal	Depth_16_30	16-30 cm	82	0.106625
interior_depth	Interior relict
depth profile	modularity_louvain	Modularity	Depth_16_30	16-30 cm	82	0.55600553016338
interior_depth	Interior relict
depth profile	largest_component_prop	Largest
component	Depth_16_30	16-30 cm	83	0.605
interior_depth	Interior relict
depth profile	robustness_auc_random	Robustness AUC
random removal	Depth_16_30	16-30 cm	83	0.278125
interior_depth	Interior relict
depth profile	robustness_auc_targeted	Robustness AUC
targeted removal	Depth_16_30	16-30 cm	83	0.084875
interior_depth	Interior relict
depth profile	modularity_louvain	Modularity	Depth_16_30	16-30 cm	83	0.506442387818489
interior_depth	Interior relict
depth profile	largest_component_prop	Largest
component	Depth_16_30	16-30 cm	84	0.545
interior_depth	Interior relict
depth profile	robustness_auc_random	Robustness AUC
random removal	Depth_16_30	16-30 cm	84	0.248625
interior_depth	Interior relict
depth profile	robustness_auc_targeted	Robustness AUC
targeted removal	Depth_16_30	16-30 cm	84	0.064125
interior_depth	Interior relict
depth profile	modularity_louvain	Modularity	Depth_16_30	16-30 cm	84	0.44036135451125
interior_depth	Interior relict
depth profile	largest_component_prop	Largest
component	Depth_16_30	16-30 cm	85	0.515
interior_depth	Interior relict
depth profile	robustness_auc_random	Robustness AUC
random removal	Depth_16_30	16-30 cm	85	0.253375
interior_depth	Interior relict
depth profile	robustness_auc_targeted	Robustness AUC
targeted removal	Depth_16_30	16-30 cm	85	0.076625
interior_depth	Interior relict
depth profile	modularity_louvain	Modularity	Depth_16_30	16-30 cm	85	0.504652660286356
interior_depth	Interior relict
depth profile	largest_component_prop	Largest
component	Depth_16_30	16-30 cm	86	0.45
interior_depth	Interior relict
depth profile	robustness_auc_random	Robustness AUC
random removal	Depth_16_30	16-30 cm	86	0.2205
interior_depth	Interior relict
depth profile	robustness_auc_targeted	Robustness AUC
targeted removal	Depth_16_30	16-30 cm	86	0.0525
interior_depth	Interior relict
depth profile	modularity_louvain	Modularity	Depth_16_30	16-30 cm	86	0.467529229059872
interior_depth	Interior relict
depth profile	largest_component_prop	Largest
component	Depth_16_30	16-30 cm	87	0.6
interior_depth	Interior relict
depth profile	robustness_auc_random	Robustness AUC
random removal	Depth_16_30	16-30 cm	87	0.23475
interior_depth	Interior relict
depth profile	robustness_auc_targeted	Robustness AUC
targeted removal	Depth_16_30	16-30 cm	87	0.10225
interior_depth	Interior relict
depth profile	modularity_louvain	Modularity	Depth_16_30	16-30 cm	87	0.508617206636196
interior_depth	Interior relict
depth profile	largest_component_prop	Largest
component	Depth_16_30	16-30 cm	88	0.53
interior_depth	Interior relict
depth profile	robustness_auc_random	Robustness AUC
random removal	Depth_16_30	16-30 cm	88	0.19875
interior_depth	Interior relict
depth profile	robustness_auc_targeted	Robustness AUC
targeted removal	Depth_16_30	16-30 cm	88	0.0635
interior_depth	Interior relict
depth profile	modularity_louvain	Modularity	Depth_16_30	16-30 cm	88	0.425573217848034
interior_depth	Interior relict
depth profile	largest_component_prop	Largest
component	Depth_16_30	16-30 cm	89	0.565
interior_depth	Interior relict
depth profile	robustness_auc_random	Robustness AUC
random removal	Depth_16_30	16-30 cm	89	0.251375
interior_depth	Interior relict
depth profile	robustness_auc_targeted	Robustness AUC
targeted removal	Depth_16_30	16-30 cm	89	0.084375
interior_depth	Interior relict
depth profile	modularity_louvain	Modularity	Depth_16_30	16-30 cm	89	0.49042006514987
interior_depth	Interior relict
depth profile	largest_component_prop	Largest
component	Depth_16_30	16-30 cm	90	0.68
interior_depth	Interior relict
depth profile	robustness_auc_random	Robustness AUC
random removal	Depth_16_30	16-30 cm	90	0.29375
interior_depth	Interior relict
depth profile	robustness_auc_targeted	Robustness AUC
targeted removal	Depth_16_30	16-30 cm	90	0.119
interior_depth	Interior relict
depth profile	modularity_louvain	Modularity	Depth_16_30	16-30 cm	90	0.564606954369839
interior_depth	Interior relict
depth profile	largest_component_prop	Largest
component	Depth_16_30	16-30 cm	91	0.59
interior_depth	Interior relict
depth profile	robustness_auc_random	Robustness AUC
random removal	Depth_16_30	16-30 cm	91	0.2815
interior_depth	Interior relict
depth profile	robustness_auc_targeted	Robustness AUC
targeted removal	Depth_16_30	16-30 cm	91	0.09925
interior_depth	Interior relict
depth profile	modularity_louvain	Modularity	Depth_16_30	16-30 cm	91	0.574483598899018
interior_depth	Interior relict
depth profile	largest_component_prop	Largest
component	Depth_16_30	16-30 cm	92	0.68
interior_depth	Interior relict
depth profile	robustness_auc_random	Robustness AUC
random removal	Depth_16_30	16-30 cm	92	0.28825
interior_depth	Interior relict
depth profile	robustness_auc_targeted	Robustness AUC
targeted removal	Depth_16_30	16-30 cm	92	0.1185
interior_depth	Interior relict
depth profile	modularity_louvain	Modularity	Depth_16_30	16-30 cm	92	0.540358829322492
interior_depth	Interior relict
depth profile	largest_component_prop	Largest
component	Depth_16_30	16-30 cm	93	0.62
interior_depth	Interior relict
depth profile	robustness_auc_random	Robustness AUC
random removal	Depth_16_30	16-30 cm	93	0.26775
interior_depth	Interior relict
depth profile	robustness_auc_targeted	Robustness AUC
targeted removal	Depth_16_30	16-30 cm	93	0.10275
interior_depth	Interior relict
depth profile	modularity_louvain	Modularity	Depth_16_30	16-30 cm	93	0.489832958763668
interior_depth	Interior relict
depth profile	largest_component_prop	Largest
component	Depth_16_30	16-30 cm	94	0.505
interior_depth	Interior relict
depth profile	robustness_auc_random	Robustness AUC
random removal	Depth_16_30	16-30 cm	94	0.221125
interior_depth	Interior relict
depth profile	robustness_auc_targeted	Robustness AUC
targeted removal	Depth_16_30	16-30 cm	94	0.061875
interior_depth	Interior relict
depth profile	modularity_louvain	Modularity	Depth_16_30	16-30 cm	94	0.406893134011767
interior_depth	Interior relict
depth profile	largest_component_prop	Largest
component	Depth_16_30	16-30 cm	95	0.65
interior_depth	Interior relict
depth profile	robustness_auc_random	Robustness AUC
random removal	Depth_16_30	16-30 cm	95	0.2735
interior_depth	Interior relict
depth profile	robustness_auc_targeted	Robustness AUC
targeted removal	Depth_16_30	16-30 cm	95	0.11525
interior_depth	Interior relict
depth profile	modularity_louvain	Modularity	Depth_16_30	16-30 cm	95	0.508238428322517
interior_depth	Interior relict
depth profile	largest_component_prop	Largest
component	Depth_16_30	16-30 cm	96	0.585
interior_depth	Interior relict
depth profile	robustness_auc_random	Robustness AUC
random removal	Depth_16_30	16-30 cm	96	0.252125
interior_depth	Interior relict
depth profile	robustness_auc_targeted	Robustness AUC
targeted removal	Depth_16_30	16-30 cm	96	0.096125
interior_depth	Interior relict
depth profile	modularity_louvain	Modularity	Depth_16_30	16-30 cm	96	0.491720537360168
interior_depth	Interior relict
depth profile	largest_component_prop	Largest
component	Depth_16_30	16-30 cm	97	0.685
interior_depth	Interior relict
depth profile	robustness_auc_random	Robustness AUC
random removal	Depth_16_30	16-30 cm	97	0.328625
interior_depth	Interior relict
depth profile	robustness_auc_targeted	Robustness AUC
targeted removal	Depth_16_30	16-30 cm	97	0.130125
interior_depth	Interior relict
depth profile	modularity_louvain	Modularity	Depth_16_30	16-30 cm	97	0.549670462867099
interior_depth	Interior relict
depth profile	largest_component_prop	Largest
component	Depth_16_30	16-30 cm	98	0.53
interior_depth	Interior relict
depth profile	robustness_auc_random	Robustness AUC
random removal	Depth_16_30	16-30 cm	98	0.2465
interior_depth	Interior relict
depth profile	robustness_auc_targeted	Robustness AUC
targeted removal	Depth_16_30	16-30 cm	98	0.07625
interior_depth	Interior relict
depth profile	modularity_louvain	Modularity	Depth_16_30	16-30 cm	98	0.445998838413171
interior_depth	Interior relict
depth profile	largest_component_prop	Largest
component	Depth_16_30	16-30 cm	99	0.63
interior_depth	Interior relict
depth profile	robustness_auc_random	Robustness AUC
random removal	Depth_16_30	16-30 cm	99	0.27475
interior_depth	Interior relict
depth profile	robustness_auc_targeted	Robustness AUC
targeted removal	Depth_16_30	16-30 cm	99	0.09375
interior_depth	Interior relict
depth profile	modularity_louvain	Modularity	Depth_16_30	16-30 cm	99	0.49990530542158
interior_depth	Interior relict
depth profile	largest_component_prop	Largest
component	Depth_16_30	16-30 cm	100	0.695
interior_depth	Interior relict
depth profile	robustness_auc_random	Robustness AUC
random removal	Depth_16_30	16-30 cm	100	0.271875
interior_depth	Interior relict
depth profile	robustness_auc_targeted	Robustness AUC
targeted removal	Depth_16_30	16-30 cm	100	0.132375
interior_depth	Interior relict
depth profile	modularity_louvain	Modularity	Depth_16_30	16-30 cm	100	0.539295093558243
interior_depth	Interior relict
depth profile	largest_component_prop	Largest
component	Depth_16_30	16-30 cm	101	0.495
interior_depth	Interior relict
depth profile	robustness_auc_random	Robustness AUC
random removal	Depth_16_30	16-30 cm	101	0.231375
interior_depth	Interior relict
depth profile	robustness_auc_targeted	Robustness AUC
targeted removal	Depth_16_30	16-30 cm	101	0.081125
interior_depth	Interior relict
depth profile	modularity_louvain	Modularity	Depth_16_30	16-30 cm	101	0.424853539052044
interior_depth	Interior relict
depth profile	largest_component_prop	Largest
component	Depth_16_30	16-30 cm	102	0.58
interior_depth	Interior relict
depth profile	robustness_auc_random	Robustness AUC
random removal	Depth_16_30	16-30 cm	102	0.23225
interior_depth	Interior relict
depth profile	robustness_auc_targeted	Robustness AUC
targeted removal	Depth_16_30	16-30 cm	102	0.09375
interior_depth	Interior relict
depth profile	modularity_louvain	Modularity	Depth_16_30	16-30 cm	102	0.470505795308199
interior_depth	Interior relict
depth profile	largest_component_prop	Largest
component	Depth_16_30	16-30 cm	103	0.66
interior_depth	Interior relict
depth profile	robustness_auc_random	Robustness AUC
random removal	Depth_16_30	16-30 cm	103	0.287
interior_depth	Interior relict
depth profile	robustness_auc_targeted	Robustness AUC
targeted removal	Depth_16_30	16-30 cm	103	0.12925
interior_depth	Interior relict
depth profile	modularity_louvain	Modularity	Depth_16_30	16-30 cm	103	0.501960177773288
interior_depth	Interior relict
depth profile	largest_component_prop	Largest
component	Depth_16_30	16-30 cm	104	0.6
interior_depth	Interior relict
depth profile	robustness_auc_random	Robustness AUC
random removal	Depth_16_30	16-30 cm	104	0.2585
interior_depth	Interior relict
depth profile	robustness_auc_targeted	Robustness AUC
targeted removal	Depth_16_30	16-30 cm	104	0.10225
interior_depth	Interior relict
depth profile	modularity_louvain	Modularity	Depth_16_30	16-30 cm	104	0.459956819272241
interior_depth	Interior relict
depth profile	largest_component_prop	Largest
component	Depth_16_30	16-30 cm	105	0.64
interior_depth	Interior relict
depth profile	robustness_auc_random	Robustness AUC
random removal	Depth_16_30	16-30 cm	105	0.266
interior_depth	Interior relict
depth profile	robustness_auc_targeted	Robustness AUC
targeted removal	Depth_16_30	16-30 cm	105	0.11275
interior_depth	Interior relict
depth profile	modularity_louvain	Modularity	Depth_16_30	16-30 cm	105	0.539288780586349
interior_depth	Interior relict
depth profile	largest_component_prop	Largest
component	Depth_16_30	16-30 cm	106	0.725
interior_depth	Interior relict
depth profile	robustness_auc_random	Robustness AUC
random removal	Depth_16_30	16-30 cm	106	0.315625
interior_depth	Interior relict
depth profile	robustness_auc_targeted	Robustness AUC
targeted removal	Depth_16_30	16-30 cm	106	0.135125
interior_depth	Interior relict
depth profile	modularity_louvain	Modularity	Depth_16_30	16-30 cm	106	0.605385596323325
interior_depth	Interior relict
depth profile	largest_component_prop	Largest
component	Depth_16_30	16-30 cm	107	0.62
interior_depth	Interior relict
depth profile	robustness_auc_random	Robustness AUC
random removal	Depth_16_30	16-30 cm	107	0.2515
interior_depth	Interior relict
depth profile	robustness_auc_targeted	Robustness AUC
targeted removal	Depth_16_30	16-30 cm	107	0.09575
interior_depth	Interior relict
depth profile	modularity_louvain	Modularity	Depth_16_30	16-30 cm	107	0.509324259488397
interior_depth	Interior relict
depth profile	largest_component_prop	Largest
component	Depth_16_30	16-30 cm	108	0.485
interior_depth	Interior relict
depth profile	robustness_auc_random	Robustness AUC
random removal	Depth_16_30	16-30 cm	108	0.211125
interior_depth	Interior relict
depth profile	robustness_auc_targeted	Robustness AUC
targeted removal	Depth_16_30	16-30 cm	108	0.064625
interior_depth	Interior relict
depth profile	modularity_louvain	Modularity	Depth_16_30	16-30 cm	108	0.452056134946087
interior_depth	Interior relict
depth profile	largest_component_prop	Largest
component	Depth_16_30	16-30 cm	109	0.625
interior_depth	Interior relict
depth profile	robustness_auc_random	Robustness AUC
random removal	Depth_16_30	16-30 cm	109	0.250125
interior_depth	Interior relict
depth profile	robustness_auc_targeted	Robustness AUC
targeted removal	Depth_16_30	16-30 cm	109	0.101625
interior_depth	Interior relict
depth profile	modularity_louvain	Modularity	Depth_16_30	16-30 cm	109	0.522969748238681
interior_depth	Interior relict
depth profile	largest_component_prop	Largest
component	Depth_16_30	16-30 cm	110	0.67
interior_depth	Interior relict
depth profile	robustness_auc_random	Robustness AUC
random removal	Depth_16_30	16-30 cm	110	0.299
interior_depth	Interior relict
depth profile	robustness_auc_targeted	Robustness AUC
targeted removal	Depth_16_30	16-30 cm	110	0.1185
interior_depth	Interior relict
depth profile	modularity_louvain	Modularity	Depth_16_30	16-30 cm	110	0.502765081689856
interior_depth	Interior relict
depth profile	largest_component_prop	Largest
component	Depth_16_30	16-30 cm	111	0.61
interior_depth	Interior relict
depth profile	robustness_auc_random	Robustness AUC
random removal	Depth_16_30	16-30 cm	111	0.24775
interior_depth	Interior relict
depth profile	robustness_auc_targeted	Robustness AUC
targeted removal	Depth_16_30	16-30 cm	111	0.09375
interior_depth	Interior relict
depth profile	modularity_louvain	Modularity	Depth_16_30	16-30 cm	111	0.505830029544708
interior_depth	Interior relict
depth profile	largest_component_prop	Largest
component	Depth_16_30	16-30 cm	112	0.61
interior_depth	Interior relict
depth profile	robustness_auc_random	Robustness AUC
random removal	Depth_16_30	16-30 cm	112	0.2825
interior_depth	Interior relict
depth profile	robustness_auc_targeted	Robustness AUC
targeted removal	Depth_16_30	16-30 cm	112	0.096
interior_depth	Interior relict
depth profile	modularity_louvain	Modularity	Depth_16_30	16-30 cm	112	0.546927476578874
interior_depth	Interior relict
depth profile	largest_component_prop	Largest
component	Depth_16_30	16-30 cm	113	0.625
interior_depth	Interior relict
depth profile	robustness_auc_random	Robustness AUC
random removal	Depth_16_30	16-30 cm	113	0.266625
interior_depth	Interior relict
depth profile	robustness_auc_targeted	Robustness AUC
targeted removal	Depth_16_30	16-30 cm	113	0.106125
interior_depth	Interior relict
depth profile	modularity_louvain	Modularity	Depth_16_30	16-30 cm	113	0.504886240246458
interior_depth	Interior relict
depth profile	largest_component_prop	Largest
component	Depth_16_30	16-30 cm	114	0.675
interior_depth	Interior relict
depth profile	robustness_auc_random	Robustness AUC
random removal	Depth_16_30	16-30 cm	114	0.294875
interior_depth	Interior relict
depth profile	robustness_auc_targeted	Robustness AUC
targeted removal	Depth_16_30	16-30 cm	114	0.118625
interior_depth	Interior relict
depth profile	modularity_louvain	Modularity	Depth_16_30	16-30 cm	114	0.50369308855837
interior_depth	Interior relict
depth profile	largest_component_prop	Largest
component	Depth_16_30	16-30 cm	115	0.5
interior_depth	Interior relict
depth profile	robustness_auc_random	Robustness AUC
random removal	Depth_16_30	16-30 cm	115	0.21775
interior_depth	Interior relict
depth profile	robustness_auc_targeted	Robustness AUC
targeted removal	Depth_16_30	16-30 cm	115	0.08125
interior_depth	Interior relict
depth profile	modularity_louvain	Modularity	Depth_16_30	16-30 cm	115	0.535895558192975
interior_depth	Interior relict
depth profile	largest_component_prop	Largest
component	Depth_16_30	16-30 cm	116	0.58
interior_depth	Interior relict
depth profile	robustness_auc_random	Robustness AUC
random removal	Depth_16_30	16-30 cm	116	0.249
interior_depth	Interior relict
depth profile	robustness_auc_targeted	Robustness AUC
targeted removal	Depth_16_30	16-30 cm	116	0.091
interior_depth	Interior relict
depth profile	modularity_louvain	Modularity	Depth_16_30	16-30 cm	116	0.530949344713517
interior_depth	Interior relict
depth profile	largest_component_prop	Largest
component	Depth_16_30	16-30 cm	117	0.5
interior_depth	Interior relict
depth profile	robustness_auc_random	Robustness AUC
random removal	Depth_16_30	16-30 cm	117	0.2065
interior_depth	Interior relict
depth profile	robustness_auc_targeted	Robustness AUC
targeted removal	Depth_16_30	16-30 cm	117	0.08725
interior_depth	Interior relict
depth profile	modularity_louvain	Modularity	Depth_16_30	16-30 cm	117	0.499962122168632
interior_depth	Interior relict
depth profile	largest_component_prop	Largest
component	Depth_16_30	16-30 cm	118	0.725
interior_depth	Interior relict
depth profile	robustness_auc_random	Robustness AUC
random removal	Depth_16_30	16-30 cm	118	0.312125
interior_depth	Interior relict
depth profile	robustness_auc_targeted	Robustness AUC
targeted removal	Depth_16_30	16-30 cm	118	0.147875
interior_depth	Interior relict
depth profile	modularity_louvain	Modularity	Depth_16_30	16-30 cm	118	0.561046438221257
interior_depth	Interior relict
depth profile	largest_component_prop	Largest
component	Depth_16_30	16-30 cm	119	0.675
interior_depth	Interior relict
depth profile	robustness_auc_random	Robustness AUC
random removal	Depth_16_30	16-30 cm	119	0.283875
interior_depth	Interior relict
depth profile	robustness_auc_targeted	Robustness AUC
targeted removal	Depth_16_30	16-30 cm	119	0.127125
interior_depth	Interior relict
depth profile	modularity_louvain	Modularity	Depth_16_30	16-30 cm	119	0.536956137471276
interior_depth	Interior relict
depth profile	largest_component_prop	Largest
component	Depth_16_30	16-30 cm	120	0.55
interior_depth	Interior relict
depth profile	robustness_auc_random	Robustness AUC
random removal	Depth_16_30	16-30 cm	120	0.24775
interior_depth	Interior relict
depth profile	robustness_auc_targeted	Robustness AUC
targeted removal	Depth_16_30	16-30 cm	120	0.0905
interior_depth	Interior relict
depth profile	modularity_louvain	Modularity	Depth_16_30	16-30 cm	120	0.503882477715209
interior_depth	Interior relict
depth profile	largest_component_prop	Largest
component	Depth_16_30	16-30 cm	121	0.62
interior_depth	Interior relict
depth profile	robustness_auc_random	Robustness AUC
random removal	Depth_16_30	16-30 cm	121	0.289
interior_depth	Interior relict
depth profile	robustness_auc_targeted	Robustness AUC
targeted removal	Depth_16_30	16-30 cm	121	0.09475
interior_depth	Interior relict
depth profile	modularity_louvain	Modularity	Depth_16_30	16-30 cm	121	0.527461427741724
interior_depth	Interior relict
depth profile	largest_component_prop	Largest
component	Depth_16_30	16-30 cm	122	0.575
interior_depth	Interior relict
depth profile	robustness_auc_random	Robustness AUC
random removal	Depth_16_30	16-30 cm	122	0.249375
interior_depth	Interior relict
depth profile	robustness_auc_targeted	Robustness AUC
targeted removal	Depth_16_30	16-30 cm	122	0.081375
interior_depth	Interior relict
depth profile	modularity_louvain	Modularity	Depth_16_30	16-30 cm	122	0.476600969672483
interior_depth	Interior relict
depth profile	largest_component_prop	Largest
component	Depth_16_30	16-30 cm	123	0.53
interior_depth	Interior relict
depth profile	robustness_auc_random	Robustness AUC
random removal	Depth_16_30	16-30 cm	123	0.261
interior_depth	Interior relict
depth profile	robustness_auc_targeted	Robustness AUC
targeted removal	Depth_16_30	16-30 cm	123	0.08425
interior_depth	Interior relict
depth profile	modularity_louvain	Modularity	Depth_16_30	16-30 cm	123	0.465022979217697
interior_depth	Interior relict
depth profile	largest_component_prop	Largest
component	Depth_16_30	16-30 cm	124	0.625
interior_depth	Interior relict
depth profile	robustness_auc_random	Robustness AUC
random removal	Depth_16_30	16-30 cm	124	0.249875
interior_depth	Interior relict
depth profile	robustness_auc_targeted	Robustness AUC
targeted removal	Depth_16_30	16-30 cm	124	0.101625
interior_depth	Interior relict
depth profile	modularity_louvain	Modularity	Depth_16_30	16-30 cm	124	0.552321911062852
interior_depth	Interior relict
depth profile	largest_component_prop	Largest
component	Depth_16_30	16-30 cm	125	0.62
interior_depth	Interior relict
depth profile	robustness_auc_random	Robustness AUC
random removal	Depth_16_30	16-30 cm	125	0.283
interior_depth	Interior relict
depth profile	robustness_auc_targeted	Robustness AUC
targeted removal	Depth_16_30	16-30 cm	125	0.103
interior_depth	Interior relict
depth profile	modularity_louvain	Modularity	Depth_16_30	16-30 cm	125	0.536735183454963
interior_depth	Interior relict
depth profile	largest_component_prop	Largest
component	Depth_16_30	16-30 cm	126	0.58
interior_depth	Interior relict
depth profile	robustness_auc_random	Robustness AUC
random removal	Depth_16_30	16-30 cm	126	0.2645
interior_depth	Interior relict
depth profile	robustness_auc_targeted	Robustness AUC
targeted removal	Depth_16_30	16-30 cm	126	0.0915
interior_depth	Interior relict
depth profile	modularity_louvain	Modularity	Depth_16_30	16-30 cm	126	0.483592586045807
interior_depth	Interior relict
depth profile	largest_component_prop	Largest
component	Depth_16_30	16-30 cm	127	0.515
interior_depth	Interior relict
depth profile	robustness_auc_random	Robustness AUC
random removal	Depth_16_30	16-30 cm	127	0.220875
interior_depth	Interior relict
depth profile	robustness_auc_targeted	Robustness AUC
targeted removal	Depth_16_30	16-30 cm	127	0.083625
interior_depth	Interior relict
depth profile	modularity_louvain	Modularity	Depth_16_30	16-30 cm	127	0.56179768187672
interior_depth	Interior relict
depth profile	largest_component_prop	Largest
component	Depth_16_30	16-30 cm	128	0.58
interior_depth	Interior relict
depth profile	robustness_auc_random	Robustness AUC
random removal	Depth_16_30	16-30 cm	128	0.25675
interior_depth	Interior relict
depth profile	robustness_auc_targeted	Robustness AUC
targeted removal	Depth_16_30	16-30 cm	128	0.08425
interior_depth	Interior relict
depth profile	modularity_louvain	Modularity	Depth_16_30	16-30 cm	128	0.455859700512613
interior_depth	Interior relict
depth profile	largest_component_prop	Largest
component	Depth_16_30	16-30 cm	129	0.54
interior_depth	Interior relict
depth profile	robustness_auc_random	Robustness AUC
random removal	Depth_16_30	16-30 cm	129	0.24475
interior_depth	Interior relict
depth profile	robustness_auc_targeted	Robustness AUC
targeted removal	Depth_16_30	16-30 cm	129	0.07
interior_depth	Interior relict
depth profile	modularity_louvain	Modularity	Depth_16_30	16-30 cm	129	0.465199742430747
interior_depth	Interior relict
depth profile	largest_component_prop	Largest
component	Depth_16_30	16-30 cm	130	0.605
interior_depth	Interior relict
depth profile	robustness_auc_random	Robustness AUC
random removal	Depth_16_30	16-30 cm	130	0.260875
interior_depth	Interior relict
depth profile	robustness_auc_targeted	Robustness AUC
targeted removal	Depth_16_30	16-30 cm	130	0.102125
interior_depth	Interior relict
depth profile	modularity_louvain	Modularity	Depth_16_30	16-30 cm	130	0.480208833110275
interior_depth	Interior relict
depth profile	largest_component_prop	Largest
component	Depth_16_30	16-30 cm	131	0.63
interior_depth	Interior relict
depth profile	robustness_auc_random	Robustness AUC
random removal	Depth_16_30	16-30 cm	131	0.26775
interior_depth	Interior relict
depth profile	robustness_auc_targeted	Robustness AUC
targeted removal	Depth_16_30	16-30 cm	131	0.114
interior_depth	Interior relict
depth profile	modularity_louvain	Modularity	Depth_16_30	16-30 cm	131	0.560976995530416
interior_depth	Interior relict
depth profile	largest_component_prop	Largest
component	Depth_16_30	16-30 cm	132	0.65
interior_depth	Interior relict
depth profile	robustness_auc_random	Robustness AUC
random removal	Depth_16_30	16-30 cm	132	0.28125
interior_depth	Interior relict
depth profile	robustness_auc_targeted	Robustness AUC
targeted removal	Depth_16_30	16-30 cm	132	0.102
interior_depth	Interior relict
depth profile	modularity_louvain	Modularity	Depth_16_30	16-30 cm	132	0.582740966137219
interior_depth	Interior relict
depth profile	largest_component_prop	Largest
component	Depth_16_30	16-30 cm	133	0.61
interior_depth	Interior relict
depth profile	robustness_auc_random	Robustness AUC
random removal	Depth_16_30	16-30 cm	133	0.25775
interior_depth	Interior relict
depth profile	robustness_auc_targeted	Robustness AUC
targeted removal	Depth_16_30	16-30 cm	133	0.113
interior_depth	Interior relict
depth profile	modularity_louvain	Modularity	Depth_16_30	16-30 cm	133	0.532211939092447
interior_depth	Interior relict
depth profile	largest_component_prop	Largest
component	Depth_16_30	16-30 cm	134	0.525
interior_depth	Interior relict
depth profile	robustness_auc_random	Robustness AUC
random removal	Depth_16_30	16-30 cm	134	0.228625
interior_depth	Interior relict
depth profile	robustness_auc_targeted	Robustness AUC
targeted removal	Depth_16_30	16-30 cm	134	0.079625
interior_depth	Interior relict
depth profile	modularity_louvain	Modularity	Depth_16_30	16-30 cm	134	0.441106285194818
interior_depth	Interior relict
depth profile	largest_component_prop	Largest
component	Depth_16_30	16-30 cm	135	0.49
interior_depth	Interior relict
depth profile	robustness_auc_random	Robustness AUC
random removal	Depth_16_30	16-30 cm	135	0.21475
interior_depth	Interior relict
depth profile	robustness_auc_targeted	Robustness AUC
targeted removal	Depth_16_30	16-30 cm	135	0.073
interior_depth	Interior relict
depth profile	modularity_louvain	Modularity	Depth_16_30	16-30 cm	135	0.51682407009924
interior_depth	Interior relict
depth profile	largest_component_prop	Largest
component	Depth_16_30	16-30 cm	136	0.46
interior_depth	Interior relict
depth profile	robustness_auc_random	Robustness AUC
random removal	Depth_16_30	16-30 cm	136	0.22475
interior_depth	Interior relict
depth profile	robustness_auc_targeted	Robustness AUC
targeted removal	Depth_16_30	16-30 cm	136	0.069
interior_depth	Interior relict
depth profile	modularity_louvain	Modularity	Depth_16_30	16-30 cm	136	0.465045074619328
interior_depth	Interior relict
depth profile	largest_component_prop	Largest
component	Depth_16_30	16-30 cm	137	0.435
interior_depth	Interior relict
depth profile	robustness_auc_random	Robustness AUC
random removal	Depth_16_30	16-30 cm	137	0.171875
interior_depth	Interior relict
depth profile	robustness_auc_targeted	Robustness AUC
targeted removal	Depth_16_30	16-30 cm	137	0.058125
interior_depth	Interior relict
depth profile	modularity_louvain	Modularity	Depth_16_30	16-30 cm	137	0.468526678619227
interior_depth	Interior relict
depth profile	largest_component_prop	Largest
component	Depth_16_30	16-30 cm	138	0.555
interior_depth	Interior relict
depth profile	robustness_auc_random	Robustness AUC
random removal	Depth_16_30	16-30 cm	138	0.260375
interior_depth	Interior relict
depth profile	robustness_auc_targeted	Robustness AUC
targeted removal	Depth_16_30	16-30 cm	138	0.097875
interior_depth	Interior relict
depth profile	modularity_louvain	Modularity	Depth_16_30	16-30 cm	138	0.505552258781344
interior_depth	Interior relict
depth profile	largest_component_prop	Largest
component	Depth_16_30	16-30 cm	139	0.58
interior_depth	Interior relict
depth profile	robustness_auc_random	Robustness AUC
random removal	Depth_16_30	16-30 cm	139	0.284
interior_depth	Interior relict
depth profile	robustness_auc_targeted	Robustness AUC
targeted removal	Depth_16_30	16-30 cm	139	0.0935
interior_depth	Interior relict
depth profile	modularity_louvain	Modularity	Depth_16_30	16-30 cm	139	0.455929143203454
interior_depth	Interior relict
depth profile	largest_component_prop	Largest
component	Depth_16_30	16-30 cm	140	0.57
interior_depth	Interior relict
depth profile	robustness_auc_random	Robustness AUC
random removal	Depth_16_30	16-30 cm	140	0.278
interior_depth	Interior relict
depth profile	robustness_auc_targeted	Robustness AUC
targeted removal	Depth_16_30	16-30 cm	140	0.07625
interior_depth	Interior relict
depth profile	modularity_louvain	Modularity	Depth_16_30	16-30 cm	140	0.549702027726573
interior_depth	Interior relict
depth profile	largest_component_prop	Largest
component	Depth_16_30	16-30 cm	141	0.585
interior_depth	Interior relict
depth profile	robustness_auc_random	Robustness AUC
random removal	Depth_16_30	16-30 cm	141	0.247125
interior_depth	Interior relict
depth profile	robustness_auc_targeted	Robustness AUC
targeted removal	Depth_16_30	16-30 cm	141	0.095875
interior_depth	Interior relict
depth profile	modularity_louvain	Modularity	Depth_16_30	16-30 cm	141	0.493472387060933
interior_depth	Interior relict
depth profile	largest_component_prop	Largest
component	Depth_16_30	16-30 cm	142	0.655
interior_depth	Interior relict
depth profile	robustness_auc_random	Robustness AUC
random removal	Depth_16_30	16-30 cm	142	0.293125
interior_depth	Interior relict
depth profile	robustness_auc_targeted	Robustness AUC
targeted removal	Depth_16_30	16-30 cm	142	0.103875
interior_depth	Interior relict
depth profile	modularity_louvain	Modularity	Depth_16_30	16-30 cm	142	0.541962324183733
interior_depth	Interior relict
depth profile	largest_component_prop	Largest
component	Depth_16_30	16-30 cm	143	0.67
interior_depth	Interior relict
depth profile	robustness_auc_random	Robustness AUC
random removal	Depth_16_30	16-30 cm	143	0.30275
interior_depth	Interior relict
depth profile	robustness_auc_targeted	Robustness AUC
targeted removal	Depth_16_30	16-30 cm	143	0.11175
interior_depth	Interior relict
depth profile	modularity_louvain	Modularity	Depth_16_30	16-30 cm	143	0.511603242342365
interior_depth	Interior relict
depth profile	largest_component_prop	Largest
component	Depth_16_30	16-30 cm	144	0.535
interior_depth	Interior relict
depth profile	robustness_auc_random	Robustness AUC
random removal	Depth_16_30	16-30 cm	144	0.230625
interior_depth	Interior relict
depth profile	robustness_auc_targeted	Robustness AUC
targeted removal	Depth_16_30	16-30 cm	144	0.097375
interior_depth	Interior relict
depth profile	modularity_louvain	Modularity	Depth_16_30	16-30 cm	144	0.505785838741446
interior_depth	Interior relict
depth profile	largest_component_prop	Largest
component	Depth_16_30	16-30 cm	145	0.48
interior_depth	Interior relict
depth profile	robustness_auc_random	Robustness AUC
random removal	Depth_16_30	16-30 cm	145	0.23175
interior_depth	Interior relict
depth profile	robustness_auc_targeted	Robustness AUC
targeted removal	Depth_16_30	16-30 cm	145	0.06475
interior_depth	Interior relict
depth profile	modularity_louvain	Modularity	Depth_16_30	16-30 cm	145	0.513446630135603
interior_depth	Interior relict
depth profile	largest_component_prop	Largest
component	Depth_16_30	16-30 cm	146	0.61
interior_depth	Interior relict
depth profile	robustness_auc_random	Robustness AUC
random removal	Depth_16_30	16-30 cm	146	0.26425
interior_depth	Interior relict
depth profile	robustness_auc_targeted	Robustness AUC
targeted removal	Depth_16_30	16-30 cm	146	0.1035
interior_depth	Interior relict
depth profile	modularity_louvain	Modularity	Depth_16_30	16-30 cm	146	0.469413651170425
interior_depth	Interior relict
depth profile	largest_component_prop	Largest
component	Depth_16_30	16-30 cm	147	0.57
interior_depth	Interior relict
depth profile	robustness_auc_random	Robustness AUC
random removal	Depth_16_30	16-30 cm	147	0.241
interior_depth	Interior relict
depth profile	robustness_auc_targeted	Robustness AUC
targeted removal	Depth_16_30	16-30 cm	147	0.0835
interior_depth	Interior relict
depth profile	modularity_louvain	Modularity	Depth_16_30	16-30 cm	147	0.484179692432009
interior_depth	Interior relict
depth profile	largest_component_prop	Largest
component	Depth_16_30	16-30 cm	148	0.61
interior_depth	Interior relict
depth profile	robustness_auc_random	Robustness AUC
random removal	Depth_16_30	16-30 cm	148	0.2655
interior_depth	Interior relict
depth profile	robustness_auc_targeted	Robustness AUC
targeted removal	Depth_16_30	16-30 cm	148	0.11225
interior_depth	Interior relict
depth profile	modularity_louvain	Modularity	Depth_16_30	16-30 cm	148	0.489754046614984
interior_depth	Interior relict
depth profile	largest_component_prop	Largest
component	Depth_16_30	16-30 cm	149	0.63
interior_depth	Interior relict
depth profile	robustness_auc_random	Robustness AUC
random removal	Depth_16_30	16-30 cm	149	0.23725
interior_depth	Interior relict
depth profile	robustness_auc_targeted	Robustness AUC
targeted removal	Depth_16_30	16-30 cm	149	0.09775
interior_depth	Interior relict
depth profile	modularity_louvain	Modularity	Depth_16_30	16-30 cm	149	0.550535340016666
interior_depth	Interior relict
depth profile	largest_component_prop	Largest
component	Depth_16_30	16-30 cm	150	0.55
interior_depth	Interior relict
depth profile	robustness_auc_random	Robustness AUC
random removal	Depth_16_30	16-30 cm	150	0.2295
interior_depth	Interior relict
depth profile	robustness_auc_targeted	Robustness AUC
targeted removal	Depth_16_30	16-30 cm	150	0.09375
interior_depth	Interior relict
depth profile	modularity_louvain	Modularity	Depth_16_30	16-30 cm	150	0.510211232039595
interior_depth	Interior relict
depth profile	largest_component_prop	Largest
component	Depth_16_30	16-30 cm	151	0.495
interior_depth	Interior relict
depth profile	robustness_auc_random	Robustness AUC
random removal	Depth_16_30	16-30 cm	151	0.213625
interior_depth	Interior relict
depth profile	robustness_auc_targeted	Robustness AUC
targeted removal	Depth_16_30	16-30 cm	151	0.062375
interior_depth	Interior relict
depth profile	modularity_louvain	Modularity	Depth_16_30	16-30 cm	151	0.496515239514154
interior_depth	Interior relict
depth profile	largest_component_prop	Largest
component	Depth_16_30	16-30 cm	152	0.57
interior_depth	Interior relict
depth profile	robustness_auc_random	Robustness AUC
random removal	Depth_16_30	16-30 cm	152	0.25525
interior_depth	Interior relict
depth profile	robustness_auc_targeted	Robustness AUC
targeted removal	Depth_16_30	16-30 cm	152	0.08625
interior_depth	Interior relict
depth profile	modularity_louvain	Modularity	Depth_16_30	16-30 cm	152	0.474432463826671
interior_depth	Interior relict
depth profile	largest_component_prop	Largest
component	Depth_16_30	16-30 cm	153	0.635
interior_depth	Interior relict
depth profile	robustness_auc_random	Robustness AUC
random removal	Depth_16_30	16-30 cm	153	0.272875
interior_depth	Interior relict
depth profile	robustness_auc_targeted	Robustness AUC
targeted removal	Depth_16_30	16-30 cm	153	0.121875
interior_depth	Interior relict
depth profile	modularity_louvain	Modularity	Depth_16_30	16-30 cm	153	0.570831544657963
interior_depth	Interior relict
depth profile	largest_component_prop	Largest
component	Depth_16_30	16-30 cm	154	0.59
interior_depth	Interior relict
depth profile	robustness_auc_random	Robustness AUC
random removal	Depth_16_30	16-30 cm	154	0.27675
interior_depth	Interior relict
depth profile	robustness_auc_targeted	Robustness AUC
targeted removal	Depth_16_30	16-30 cm	154	0.107
interior_depth	Interior relict
depth profile	modularity_louvain	Modularity	Depth_16_30	16-30 cm	154	0.531927855357188
interior_depth	Interior relict
depth profile	largest_component_prop	Largest
component	Depth_16_30	16-30 cm	155	0.65
interior_depth	Interior relict
depth profile	robustness_auc_random	Robustness AUC
random removal	Depth_16_30	16-30 cm	155	0.278
interior_depth	Interior relict
depth profile	robustness_auc_targeted	Robustness AUC
targeted removal	Depth_16_30	16-30 cm	155	0.099
interior_depth	Interior relict
depth profile	modularity_louvain	Modularity	Depth_16_30	16-30 cm	155	0.517483775662231
interior_depth	Interior relict
depth profile	largest_component_prop	Largest
component	Depth_16_30	16-30 cm	156	0.46
interior_depth	Interior relict
depth profile	robustness_auc_random	Robustness AUC
random removal	Depth_16_30	16-30 cm	156	0.20275
interior_depth	Interior relict
depth profile	robustness_auc_targeted	Robustness AUC
targeted removal	Depth_16_30	16-30 cm	156	0.0645
interior_depth	Interior relict
depth profile	modularity_louvain	Modularity	Depth_16_30	16-30 cm	156	0.503017600565642
interior_depth	Interior relict
depth profile	largest_component_prop	Largest
component	Depth_16_30	16-30 cm	157	0.605
interior_depth	Interior relict
depth profile	robustness_auc_random	Robustness AUC
random removal	Depth_16_30	16-30 cm	157	0.248625
interior_depth	Interior relict
depth profile	robustness_auc_targeted	Robustness AUC
targeted removal	Depth_16_30	16-30 cm	157	0.108125
interior_depth	Interior relict
depth profile	modularity_louvain	Modularity	Depth_16_30	16-30 cm	157	0.584208732102725
interior_depth	Interior relict
depth profile	largest_component_prop	Largest
component	Depth_16_30	16-30 cm	158	0.49
interior_depth	Interior relict
depth profile	robustness_auc_random	Robustness AUC
random removal	Depth_16_30	16-30 cm	158	0.231
interior_depth	Interior relict
depth profile	robustness_auc_targeted	Robustness AUC
targeted removal	Depth_16_30	16-30 cm	158	0.06475
interior_depth	Interior relict
depth profile	modularity_louvain	Modularity	Depth_16_30	16-30 cm	158	0.522426832655741
interior_depth	Interior relict
depth profile	largest_component_prop	Largest
component	Depth_16_30	16-30 cm	159	0.6
interior_depth	Interior relict
depth profile	robustness_auc_random	Robustness AUC
random removal	Depth_16_30	16-30 cm	159	0.255
interior_depth	Interior relict
depth profile	robustness_auc_targeted	Robustness AUC
targeted removal	Depth_16_30	16-30 cm	159	0.099
interior_depth	Interior relict
depth profile	modularity_louvain	Modularity	Depth_16_30	16-30 cm	159	0.518175046084695
interior_depth	Interior relict
depth profile	largest_component_prop	Largest
component	Depth_16_30	16-30 cm	160	0.61
interior_depth	Interior relict
depth profile	robustness_auc_random	Robustness AUC
random removal	Depth_16_30	16-30 cm	160	0.261
interior_depth	Interior relict
depth profile	robustness_auc_targeted	Robustness AUC
targeted removal	Depth_16_30	16-30 cm	160	0.1025
interior_depth	Interior relict
depth profile	modularity_louvain	Modularity	Depth_16_30	16-30 cm	160	0.524459609605818
interior_depth	Interior relict
depth profile	largest_component_prop	Largest
component	Depth_16_30	16-30 cm	161	0.47
interior_depth	Interior relict
depth profile	robustness_auc_random	Robustness AUC
random removal	Depth_16_30	16-30 cm	161	0.22275
interior_depth	Interior relict
depth profile	robustness_auc_targeted	Robustness AUC
targeted removal	Depth_16_30	16-30 cm	161	0.06725
interior_depth	Interior relict
depth profile	modularity_louvain	Modularity	Depth_16_30	16-30 cm	161	0.476159061639858
interior_depth	Interior relict
depth profile	largest_component_prop	Largest
component	Depth_16_30	16-30 cm	162	0.59
interior_depth	Interior relict
depth profile	robustness_auc_random	Robustness AUC
random removal	Depth_16_30	16-30 cm	162	0.2545
interior_depth	Interior relict
depth profile	robustness_auc_targeted	Robustness AUC
targeted removal	Depth_16_30	16-30 cm	162	0.08975
interior_depth	Interior relict
depth profile	modularity_louvain	Modularity	Depth_16_30	16-30 cm	162	0.50932741597434406
interior_depth	Interior relict
depth profile	largest_component_prop	Largest
component	Depth_16_30	16-30 cm	163	0.535
interior_depth	Interior relict
depth profile	robustness_auc_random	Robustness AUC
random removal	Depth_16_30	16-30 cm	163	0.233375
interior_depth	Interior relict
depth profile	robustness_auc_targeted	Robustness AUC
targeted removal	Depth_16_30	16-30 cm	163	0.089375
interior_depth	Interior relict
depth profile	modularity_louvain	Modularity	Depth_16_30	16-30 cm	163	0.479789020479281
interior_depth	Interior relict
depth profile	largest_component_prop	Largest
component	Depth_16_30	16-30 cm	164	0.58
interior_depth	Interior relict
depth profile	robustness_auc_random	Robustness AUC
random removal	Depth_16_30	16-30 cm	164	0.27525
interior_depth	Interior relict
depth profile	robustness_auc_targeted	Robustness AUC
targeted removal	Depth_16_30	16-30 cm	164	0.089
interior_depth	Interior relict
depth profile	modularity_louvain	Modularity	Depth_16_30	16-30 cm	164	0.505864750890129
interior_depth	Interior relict
depth profile	largest_component_prop	Largest
component	Depth_16_30	16-30 cm	165	0.59
interior_depth	Interior relict
depth profile	robustness_auc_random	Robustness AUC
random removal	Depth_16_30	16-30 cm	165	0.25925
interior_depth	Interior relict
depth profile	robustness_auc_targeted	Robustness AUC
targeted removal	Depth_16_30	16-30 cm	165	0.09425
interior_depth	Interior relict
depth profile	modularity_louvain	Modularity	Depth_16_30	16-30 cm	165	0.534475139516679
interior_depth	Interior relict
depth profile	largest_component_prop	Largest
component	Depth_16_30	16-30 cm	166	0.655
interior_depth	Interior relict
depth profile	robustness_auc_random	Robustness AUC
random removal	Depth_16_30	16-30 cm	166	0.265125
interior_depth	Interior relict
depth profile	robustness_auc_targeted	Robustness AUC
targeted removal	Depth_16_30	16-30 cm	166	0.115625
interior_depth	Interior relict
depth profile	modularity_louvain	Modularity	Depth_16_30	16-30 cm	166	0.550014519835358
interior_depth	Interior relict
depth profile	largest_component_prop	Largest
component	Depth_16_30	16-30 cm	167	0.655
interior_depth	Interior relict
depth profile	robustness_auc_random	Robustness AUC
random removal	Depth_16_30	16-30 cm	167	0.312125
interior_depth	Interior relict
depth profile	robustness_auc_targeted	Robustness AUC
targeted removal	Depth_16_30	16-30 cm	167	0.114375
interior_depth	Interior relict
depth profile	modularity_louvain	Modularity	Depth_16_30	16-30 cm	167	0.486297694502664
interior_depth	Interior relict
depth profile	largest_component_prop	Largest
component	Depth_16_30	16-30 cm	168	0.58
interior_depth	Interior relict
depth profile	robustness_auc_random	Robustness AUC
random removal	Depth_16_30	16-30 cm	168	0.226
interior_depth	Interior relict
depth profile	robustness_auc_targeted	Robustness AUC
targeted removal	Depth_16_30	16-30 cm	168	0.08625
interior_depth	Interior relict
depth profile	modularity_louvain	Modularity	Depth_16_30	16-30 cm	168	0.493295623847883
interior_depth	Interior relict
depth profile	largest_component_prop	Largest
component	Depth_16_30	16-30 cm	169	0.615
interior_depth	Interior relict
depth profile	robustness_auc_random	Robustness AUC
random removal	Depth_16_30	16-30 cm	169	0.248375
interior_depth	Interior relict
depth profile	robustness_auc_targeted	Robustness AUC
targeted removal	Depth_16_30	16-30 cm	169	0.103625
interior_depth	Interior relict
depth profile	modularity_louvain	Modularity	Depth_16_30	16-30 cm	169	0.535794550642661
interior_depth	Interior relict
depth profile	largest_component_prop	Largest
component	Depth_16_30	16-30 cm	170	0.615
interior_depth	Interior relict
depth profile	robustness_auc_random	Robustness AUC
random removal	Depth_16_30	16-30 cm	170	0.262625
interior_depth	Interior relict
depth profile	robustness_auc_targeted	Robustness AUC
targeted removal	Depth_16_30	16-30 cm	170	0.100625
interior_depth	Interior relict
depth profile	modularity_louvain	Modularity	Depth_16_30	16-30 cm	170	0.483703063053963
interior_depth	Interior relict
depth profile	largest_component_prop	Largest
component	Depth_16_30	16-30 cm	171	0.555
interior_depth	Interior relict
depth profile	robustness_auc_random	Robustness AUC
random removal	Depth_16_30	16-30 cm	171	0.252625
interior_depth	Interior relict
depth profile	robustness_auc_targeted	Robustness AUC
targeted removal	Depth_16_30	16-30 cm	171	0.077375
interior_depth	Interior relict
depth profile	modularity_louvain	Modularity	Depth_16_30	16-30 cm	171	0.551475972828969
interior_depth	Interior relict
depth profile	largest_component_prop	Largest
component	Depth_16_30	16-30 cm	172	0.595
interior_depth	Interior relict
depth profile	robustness_auc_random	Robustness AUC
random removal	Depth_16_30	16-30 cm	172	0.265625
interior_depth	Interior relict
depth profile	robustness_auc_targeted	Robustness AUC
targeted removal	Depth_16_30	16-30 cm	172	0.110125
interior_depth	Interior relict
depth profile	modularity_louvain	Modularity	Depth_16_30	16-30 cm	172	0.58236218782354
interior_depth	Interior relict
depth profile	largest_component_prop	Largest
component	Depth_16_30	16-30 cm	173	0.545
interior_depth	Interior relict
depth profile	robustness_auc_random	Robustness AUC
random removal	Depth_16_30	16-30 cm	173	0.244875
interior_depth	Interior relict
depth profile	robustness_auc_targeted	Robustness AUC
targeted removal	Depth_16_30	16-30 cm	173	0.075125
interior_depth	Interior relict
depth profile	modularity_louvain	Modularity	Depth_16_30	16-30 cm	173	0.455812353223403
interior_depth	Interior relict
depth profile	largest_component_prop	Largest
component	Depth_16_30	16-30 cm	174	0.45
interior_depth	Interior relict
depth profile	robustness_auc_random	Robustness AUC
random removal	Depth_16_30	16-30 cm	174	0.204
interior_depth	Interior relict
depth profile	robustness_auc_targeted	Robustness AUC
targeted removal	Depth_16_30	16-30 cm	174	0.05425
interior_depth	Interior relict
depth profile	modularity_louvain	Modularity	Depth_16_30	16-30 cm	174	0.415257821772177
interior_depth	Interior relict
depth profile	largest_component_prop	Largest
component	Depth_16_30	16-30 cm	175	0.575
interior_depth	Interior relict
depth profile	robustness_auc_random	Robustness AUC
random removal	Depth_16_30	16-30 cm	175	0.253375
interior_depth	Interior relict
depth profile	robustness_auc_targeted	Robustness AUC
targeted removal	Depth_16_30	16-30 cm	175	0.100875
interior_depth	Interior relict
depth profile	modularity_louvain	Modularity	Depth_16_30	16-30 cm	175	0.575970303780208
interior_depth	Interior relict
depth profile	largest_component_prop	Largest
component	Depth_16_30	16-30 cm	176	0.575
interior_depth	Interior relict
depth profile	robustness_auc_random	Robustness AUC
random removal	Depth_16_30	16-30 cm	176	0.230625
interior_depth	Interior relict
depth profile	robustness_auc_targeted	Robustness AUC
targeted removal	Depth_16_30	16-30 cm	176	0.089125
interior_depth	Interior relict
depth profile	modularity_louvain	Modularity	Depth_16_30	16-30 cm	176	0.559720714123381
interior_depth	Interior relict
depth profile	largest_component_prop	Largest
component	Depth_16_30	16-30 cm	177	0.505
interior_depth	Interior relict
depth profile	robustness_auc_random	Robustness AUC
random removal	Depth_16_30	16-30 cm	177	0.217375
interior_depth	Interior relict
depth profile	robustness_auc_targeted	Robustness AUC
targeted removal	Depth_16_30	16-30 cm	177	0.079125
interior_depth	Interior relict
depth profile	modularity_louvain	Modularity	Depth_16_30	16-30 cm	177	0.508670866897301
interior_depth	Interior relict
depth profile	largest_component_prop	Largest
component	Depth_16_30	16-30 cm	178	0.485
interior_depth	Interior relict
depth profile	robustness_auc_random	Robustness AUC
random removal	Depth_16_30	16-30 cm	178	0.209375
interior_depth	Interior relict
depth profile	robustness_auc_targeted	Robustness AUC
targeted removal	Depth_16_30	16-30 cm	178	0.060375
interior_depth	Interior relict
depth profile	modularity_louvain	Modularity	Depth_16_30	16-30 cm	178	0.437514204186763
interior_depth	Interior relict
depth profile	largest_component_prop	Largest
component	Depth_16_30	16-30 cm	179	0.535
interior_depth	Interior relict
depth profile	robustness_auc_random	Robustness AUC
random removal	Depth_16_30	16-30 cm	179	0.255125
interior_depth	Interior relict
depth profile	robustness_auc_targeted	Robustness AUC
targeted removal	Depth_16_30	16-30 cm	179	0.080375
interior_depth	Interior relict
depth profile	modularity_louvain	Modularity	Depth_16_30	16-30 cm	179	0.536602611045176
interior_depth	Interior relict
depth profile	largest_component_prop	Largest
component	Depth_16_30	16-30 cm	180	0.58
interior_depth	Interior relict
depth profile	robustness_auc_random	Robustness AUC
random removal	Depth_16_30	16-30 cm	180	0.27475
interior_depth	Interior relict
depth profile	robustness_auc_targeted	Robustness AUC
targeted removal	Depth_16_30	16-30 cm	180	0.08925
interior_depth	Interior relict
depth profile	modularity_louvain	Modularity	Depth_16_30	16-30 cm	180	0.531624832706245
interior_depth	Interior relict
depth profile	largest_component_prop	Largest
component	Depth_16_30	16-30 cm	181	0.685
interior_depth	Interior relict
depth profile	robustness_auc_random	Robustness AUC
random removal	Depth_16_30	16-30 cm	181	0.254875
interior_depth	Interior relict
depth profile	robustness_auc_targeted	Robustness AUC
targeted removal	Depth_16_30	16-30 cm	181	0.105375
interior_depth	Interior relict
depth profile	modularity_louvain	Modularity	Depth_16_30	16-30 cm	181	0.578631221433802
interior_depth	Interior relict
depth profile	largest_component_prop	Largest
component	Depth_16_30	16-30 cm	182	0.535
interior_depth	Interior relict
depth profile	robustness_auc_random	Robustness AUC
random removal	Depth_16_30	16-30 cm	182	0.236375
interior_depth	Interior relict
depth profile	robustness_auc_targeted	Robustness AUC
targeted removal	Depth_16_30	16-30 cm	182	0.085875
interior_depth	Interior relict
depth profile	modularity_louvain	Modularity	Depth_16_30	16-30 cm	182	0.454104694325901
interior_depth	Interior relict
depth profile	largest_component_prop	Largest
component	Depth_16_30	16-30 cm	183	0.555
interior_depth	Interior relict
depth profile	robustness_auc_random	Robustness AUC
random removal	Depth_16_30	16-30 cm	183	0.235375
interior_depth	Interior relict
depth profile	robustness_auc_targeted	Robustness AUC
targeted removal	Depth_16_30	16-30 cm	183	0.088125
interior_depth	Interior relict
depth profile	modularity_louvain	Modularity	Depth_16_30	16-30 cm	183	0.489034367818994
interior_depth	Interior relict
depth profile	largest_component_prop	Largest
component	Depth_16_30	16-30 cm	184	0.53
interior_depth	Interior relict
depth profile	robustness_auc_random	Robustness AUC
random removal	Depth_16_30	16-30 cm	184	0.24875
interior_depth	Interior relict
depth profile	robustness_auc_targeted	Robustness AUC
targeted removal	Depth_16_30	16-30 cm	184	0.08075
interior_depth	Interior relict
depth profile	modularity_louvain	Modularity	Depth_16_30	16-30 cm	184	0.486221938839928
interior_depth	Interior relict
depth profile	largest_component_prop	Largest
component	Depth_16_30	16-30 cm	185	0.62
interior_depth	Interior relict
depth profile	robustness_auc_random	Robustness AUC
random removal	Depth_16_30	16-30 cm	185	0.2705
interior_depth	Interior relict
depth profile	robustness_auc_targeted	Robustness AUC
targeted removal	Depth_16_30	16-30 cm	185	0.09825
interior_depth	Interior relict
depth profile	modularity_louvain	Modularity	Depth_16_30	16-30 cm	185	0.58870988106361
interior_depth	Interior relict
depth profile	largest_component_prop	Largest
component	Depth_16_30	16-30 cm	186	0.685
interior_depth	Interior relict
depth profile	robustness_auc_random	Robustness AUC
random removal	Depth_16_30	16-30 cm	186	0.272625
interior_depth	Interior relict
depth profile	robustness_auc_targeted	Robustness AUC
targeted removal	Depth_16_30	16-30 cm	186	0.123125
interior_depth	Interior relict
depth profile	modularity_louvain	Modularity	Depth_16_30	16-30 cm	186	0.575468422514583
interior_depth	Interior relict
depth profile	largest_component_prop	Largest
component	Depth_16_30	16-30 cm	187	0.64
interior_depth	Interior relict
depth profile	robustness_auc_random	Robustness AUC
random removal	Depth_16_30	16-30 cm	187	0.27
interior_depth	Interior relict
depth profile	robustness_auc_targeted	Robustness AUC
targeted removal	Depth_16_30	16-30 cm	187	0.11175
interior_depth	Interior relict
depth profile	modularity_louvain	Modularity	Depth_16_30	16-30 cm	187	0.570137117749552
interior_depth	Interior relict
depth profile	largest_component_prop	Largest
component	Depth_16_30	16-30 cm	188	0.67
interior_depth	Interior relict
depth profile	robustness_auc_random	Robustness AUC
random removal	Depth_16_30	16-30 cm	188	0.27425
interior_depth	Interior relict
depth profile	robustness_auc_targeted	Robustness AUC
targeted removal	Depth_16_30	16-30 cm	188	0.10975
interior_depth	Interior relict
depth profile	modularity_louvain	Modularity	Depth_16_30	16-30 cm	188	0.575285346329638
interior_depth	Interior relict
depth profile	largest_component_prop	Largest
component	Depth_16_30	16-30 cm	189	0.495
interior_depth	Interior relict
depth profile	robustness_auc_random	Robustness AUC
random removal	Depth_16_30	16-30 cm	189	0.214625
interior_depth	Interior relict
depth profile	robustness_auc_targeted	Robustness AUC
targeted removal	Depth_16_30	16-30 cm	189	0.061875
interior_depth	Interior relict
depth profile	modularity_louvain	Modularity	Depth_16_30	16-30 cm	189	0.435986464988258
interior_depth	Interior relict
depth profile	largest_component_prop	Largest
component	Depth_16_30	16-30 cm	190	0.7
interior_depth	Interior relict
depth profile	robustness_auc_random	Robustness AUC
random removal	Depth_16_30	16-30 cm	190	0.2885
interior_depth	Interior relict
depth profile	robustness_auc_targeted	Robustness AUC
targeted removal	Depth_16_30	16-30 cm	190	0.12975
interior_depth	Interior relict
depth profile	modularity_louvain	Modularity	Depth_16_30	16-30 cm	190	0.600486730133077
interior_depth	Interior relict
depth profile	largest_component_prop	Largest
component	Depth_16_30	16-30 cm	191	0.58
interior_depth	Interior relict
depth profile	robustness_auc_random	Robustness AUC
random removal	Depth_16_30	16-30 cm	191	0.24525
interior_depth	Interior relict
depth profile	robustness_auc_targeted	Robustness AUC
targeted removal	Depth_16_30	16-30 cm	191	0.0815
interior_depth	Interior relict
depth profile	modularity_louvain	Modularity	Depth_16_30	16-30 cm	191	0.478242342365092
interior_depth	Interior relict
depth profile	largest_component_prop	Largest
component	Depth_16_30	16-30 cm	192	0.63
interior_depth	Interior relict
depth profile	robustness_auc_random	Robustness AUC
random removal	Depth_16_30	16-30 cm	192	0.27
interior_depth	Interior relict
depth profile	robustness_auc_targeted	Robustness AUC
targeted removal	Depth_16_30	16-30 cm	192	0.09525
interior_depth	Interior relict
depth profile	modularity_louvain	Modularity	Depth_16_30	16-30 cm	192	0.511871543647888
interior_depth	Interior relict
depth profile	largest_component_prop	Largest
component	Depth_16_30	16-30 cm	193	0.69
interior_depth	Interior relict
depth profile	robustness_auc_random	Robustness AUC
random removal	Depth_16_30	16-30 cm	193	0.293
interior_depth	Interior relict
depth profile	robustness_auc_targeted	Robustness AUC
targeted removal	Depth_16_30	16-30 cm	193	0.132
interior_depth	Interior relict
depth profile	modularity_louvain	Modularity	Depth_16_30	16-30 cm	193	0.589072876947552
interior_depth	Interior relict
depth profile	largest_component_prop	Largest
component	Depth_16_30	16-30 cm	194	0.545
interior_depth	Interior relict
depth profile	robustness_auc_random	Robustness AUC
random removal	Depth_16_30	16-30 cm	194	0.245625
interior_depth	Interior relict
depth profile	robustness_auc_targeted	Robustness AUC
targeted removal	Depth_16_30	16-30 cm	194	0.090125
interior_depth	Interior relict
depth profile	modularity_louvain	Modularity	Depth_16_30	16-30 cm	194	0.530617913689048
interior_depth	Interior relict
depth profile	largest_component_prop	Largest
component	Depth_16_30	16-30 cm	195	0.6
interior_depth	Interior relict
depth profile	robustness_auc_random	Robustness AUC
random removal	Depth_16_30	16-30 cm	195	0.294
interior_depth	Interior relict
depth profile	robustness_auc_targeted	Robustness AUC
targeted removal	Depth_16_30	16-30 cm	195	0.10275
interior_depth	Interior relict
depth profile	modularity_louvain	Modularity	Depth_16_30	16-30 cm	195	0.554168455342037
interior_depth	Interior relict
depth profile	largest_component_prop	Largest
component	Depth_16_30	16-30 cm	196	0.65
interior_depth	Interior relict
depth profile	robustness_auc_random	Robustness AUC
random removal	Depth_16_30	16-30 cm	196	0.2945
interior_depth	Interior relict
depth profile	robustness_auc_targeted	Robustness AUC
targeted removal	Depth_16_30	16-30 cm	196	0.11875
interior_depth	Interior relict
depth profile	modularity_louvain	Modularity	Depth_16_30	16-30 cm	196	0.557912047675564
interior_depth	Interior relict
depth profile	largest_component_prop	Largest
component	Depth_16_30	16-30 cm	197	0.605
interior_depth	Interior relict
depth profile	robustness_auc_random	Robustness AUC
random removal	Depth_16_30	16-30 cm	197	0.258125
interior_depth	Interior relict
depth profile	robustness_auc_targeted	Robustness AUC
targeted removal	Depth_16_30	16-30 cm	197	0.092125
interior_depth	Interior relict
depth profile	modularity_louvain	Modularity	Depth_16_30	16-30 cm	197	0.476247443246383
interior_depth	Interior relict
depth profile	largest_component_prop	Largest
component	Depth_16_30	16-30 cm	198	0.535
interior_depth	Interior relict
depth profile	robustness_auc_random	Robustness AUC
random removal	Depth_16_30	16-30 cm	198	0.222875
interior_depth	Interior relict
depth profile	robustness_auc_targeted	Robustness AUC
targeted removal	Depth_16_30	16-30 cm	198	0.091125
interior_depth	Interior relict
depth profile	modularity_louvain	Modularity	Depth_16_30	16-30 cm	198	0.59985858942956
interior_depth	Interior relict
depth profile	largest_component_prop	Largest
component	Depth_16_30	16-30 cm	199	0.6
interior_depth	Interior relict
depth profile	robustness_auc_random	Robustness AUC
random removal	Depth_16_30	16-30 cm	199	0.2255
interior_depth	Interior relict
depth profile	robustness_auc_targeted	Robustness AUC
targeted removal	Depth_16_30	16-30 cm	199	0.086
interior_depth	Interior relict
depth profile	modularity_louvain	Modularity	Depth_16_30	16-30 cm	199	0.534276280901997
interior_depth	Interior relict
depth profile	largest_component_prop	Largest
component	Depth_16_30	16-30 cm	200	0.53
interior_depth	Interior relict
depth profile	robustness_auc_random	Robustness AUC
random removal	Depth_16_30	16-30 cm	200	0.23075
interior_depth	Interior relict
depth profile	robustness_auc_targeted	Robustness AUC
targeted removal	Depth_16_30	16-30 cm	200	0.082
interior_depth	Interior relict
depth profile	modularity_louvain	Modularity	Depth_16_30	16-30 cm	200	0.502004368576551
interior_depth	Interior relict
depth profile	largest_component_prop	Largest
component	Depth_31_45	31-45 cm	1	0.6
interior_depth	Interior relict
depth profile	robustness_auc_random	Robustness AUC
random removal	Depth_31_45	31-45 cm	1	0.26325
interior_depth	Interior relict
depth profile	robustness_auc_targeted	Robustness AUC
targeted removal	Depth_31_45	31-45 cm	1	0.097
interior_depth	Interior relict
depth profile	modularity_louvain	Modularity	Depth_31_45	31-45 cm	1	0.481054771344158
interior_depth	Interior relict
depth profile	largest_component_prop	Largest
component	Depth_31_45	31-45 cm	2	0.575
interior_depth	Interior relict
depth profile	robustness_auc_random	Robustness AUC
random removal	Depth_31_45	31-45 cm	2	0.242875
interior_depth	Interior relict
depth profile	robustness_auc_targeted	Robustness AUC
targeted removal	Depth_31_45	31-45 cm	2	0.092125
interior_depth	Interior relict
depth profile	modularity_louvain	Modularity	Depth_31_45	31-45 cm	2	0.472424938764173
interior_depth	Interior relict
depth profile	largest_component_prop	Largest
component	Depth_31_45	31-45 cm	3	0.615
interior_depth	Interior relict
depth profile	robustness_auc_random	Robustness AUC
random removal	Depth_31_45	31-45 cm	3	0.285125
interior_depth	Interior relict
depth profile	robustness_auc_targeted	Robustness AUC
targeted removal	Depth_31_45	31-45 cm	3	0.097625
interior_depth	Interior relict
depth profile	modularity_louvain	Modularity	Depth_31_45	31-45 cm	3	0.477437438448524
interior_depth	Interior relict
depth profile	largest_component_prop	Largest
component	Depth_31_45	31-45 cm	4	0.64
interior_depth	Interior relict
depth profile	robustness_auc_random	Robustness AUC
random removal	Depth_31_45	31-45 cm	4	0.28125
interior_depth	Interior relict
depth profile	robustness_auc_targeted	Robustness AUC
targeted removal	Depth_31_45	31-45 cm	4	0.10775
interior_depth	Interior relict
depth profile	modularity_louvain	Modularity	Depth_31_45	31-45 cm	4	0.511805257442994
interior_depth	Interior relict
depth profile	largest_component_prop	Largest
component	Depth_31_45	31-45 cm	5	0.645
interior_depth	Interior relict
depth profile	robustness_auc_random	Robustness AUC
random removal	Depth_31_45	31-45 cm	5	0.261625
interior_depth	Interior relict
depth profile	robustness_auc_targeted	Robustness AUC
targeted removal	Depth_31_45	31-45 cm	5	0.102875
interior_depth	Interior relict
depth profile	modularity_louvain	Modularity	Depth_31_45	31-45 cm	5	0.477809903790308
interior_depth	Interior relict
depth profile	largest_component_prop	Largest
component	Depth_31_45	31-45 cm	6	0.63
interior_depth	Interior relict
depth profile	robustness_auc_random	Robustness AUC
random removal	Depth_31_45	31-45 cm	6	0.27425
interior_depth	Interior relict
depth profile	robustness_auc_targeted	Robustness AUC
targeted removal	Depth_31_45	31-45 cm	6	0.10275
interior_depth	Interior relict
depth profile	modularity_louvain	Modularity	Depth_31_45	31-45 cm	6	0.484075528395748
interior_depth	Interior relict
depth profile	largest_component_prop	Largest
component	Depth_31_45	31-45 cm	7	0.5
interior_depth	Interior relict
depth profile	robustness_auc_random	Robustness AUC
random removal	Depth_31_45	31-45 cm	7	0.228
interior_depth	Interior relict
depth profile	robustness_auc_targeted	Robustness AUC
targeted removal	Depth_31_45	31-45 cm	7	0.0745
interior_depth	Interior relict
depth profile	modularity_louvain	Modularity	Depth_31_45	31-45 cm	7	0.463776167268503
interior_depth	Interior relict
depth profile	largest_component_prop	Largest
component	Depth_31_45	31-45 cm	8	0.62
interior_depth	Interior relict
depth profile	robustness_auc_random	Robustness AUC
random removal	Depth_31_45	31-45 cm	8	0.274
interior_depth	Interior relict
depth profile	robustness_auc_targeted	Robustness AUC
targeted removal	Depth_31_45	31-45 cm	8	0.1135
interior_depth	Interior relict
depth profile	modularity_louvain	Modularity	Depth_31_45	31-45 cm	8	0.470685715007197
interior_depth	Interior relict
depth profile	largest_component_prop	Largest
component	Depth_31_45	31-45 cm	9	0.5
interior_depth	Interior relict
depth profile	robustness_auc_random	Robustness AUC
random removal	Depth_31_45	31-45 cm	9	0.22075
interior_depth	Interior relict
depth profile	robustness_auc_targeted	Robustness AUC
targeted removal	Depth_31_45	31-45 cm	9	0.0755
interior_depth	Interior relict
depth profile	modularity_louvain	Modularity	Depth_31_45	31-45 cm	9	0.42938940935835
interior_depth	Interior relict
depth profile	largest_component_prop	Largest
component	Depth_31_45	31-45 cm	10	0.62
interior_depth	Interior relict
depth profile	robustness_auc_random	Robustness AUC
random removal	Depth_31_45	31-45 cm	10	0.25075
interior_depth	Interior relict
depth profile	robustness_auc_targeted	Robustness AUC
targeted removal	Depth_31_45	31-45 cm	10	0.098
interior_depth	Interior relict
depth profile	modularity_louvain	Modularity	Depth_31_45	31-45 cm	10	0.514968056362213
interior_depth	Interior relict
depth profile	largest_component_prop	Largest
component	Depth_31_45	31-45 cm	11	0.59
interior_depth	Interior relict
depth profile	robustness_auc_random	Robustness AUC
random removal	Depth_31_45	31-45 cm	11	0.2635
interior_depth	Interior relict
depth profile	robustness_auc_targeted	Robustness AUC
targeted removal	Depth_31_45	31-45 cm	11	0.10125
interior_depth	Interior relict
depth profile	modularity_louvain	Modularity	Depth_31_45	31-45 cm	11	0.463586778111664
interior_depth	Interior relict
depth profile	largest_component_prop	Largest
component	Depth_31_45	31-45 cm	12	0.63
interior_depth	Interior relict
depth profile	robustness_auc_random	Robustness AUC
random removal	Depth_31_45	31-45 cm	12	0.27775
interior_depth	Interior relict
depth profile	robustness_auc_targeted	Robustness AUC
targeted removal	Depth_31_45	31-45 cm	12	0.11325
interior_depth	Interior relict
depth profile	modularity_louvain	Modularity	Depth_31_45	31-45 cm	12	0.507323047397793
interior_depth	Interior relict
depth profile	largest_component_prop	Largest
component	Depth_31_45	31-45 cm	13	0.48
interior_depth	Interior relict
depth profile	robustness_auc_random	Robustness AUC
random removal	Depth_31_45	31-45 cm	13	0.2405
interior_depth	Interior relict
depth profile	robustness_auc_targeted	Robustness AUC
targeted removal	Depth_31_45	31-45 cm	13	0.06725
interior_depth	Interior relict
depth profile	modularity_louvain	Modularity	Depth_31_45	31-45 cm	13	0.523102320648468
interior_depth	Interior relict
depth profile	largest_component_prop	Largest
component	Depth_31_45	31-45 cm	14	0.605
interior_depth	Interior relict
depth profile	robustness_auc_random	Robustness AUC
random removal	Depth_31_45	31-45 cm	14	0.255625
interior_depth	Interior relict
depth profile	robustness_auc_targeted	Robustness AUC
targeted removal	Depth_31_45	31-45 cm	14	0.095625
interior_depth	Interior relict
depth profile	modularity_louvain	Modularity	Depth_31_45	31-45 cm	14	0.494835988990177
interior_depth	Interior relict
depth profile	largest_component_prop	Largest
component	Depth_31_45	31-45 cm	15	0.605
interior_depth	Interior relict
depth profile	robustness_auc_random	Robustness AUC
random removal	Depth_31_45	31-45 cm	15	0.266125
interior_depth	Interior relict
depth profile	robustness_auc_targeted	Robustness AUC
targeted removal	Depth_31_45	31-45 cm	15	0.108625
interior_depth	Interior relict
depth profile	modularity_louvain	Modularity	Depth_31_45	31-45 cm	15	0.492367616979369
interior_depth	Interior relict
depth profile	largest_component_prop	Largest
component	Depth_31_45	31-45 cm	16	0.6
interior_depth	Interior relict
depth profile	robustness_auc_random	Robustness AUC
random removal	Depth_31_45	31-45 cm	16	0.2665
interior_depth	Interior relict
depth profile	robustness_auc_targeted	Robustness AUC
targeted removal	Depth_31_45	31-45 cm	16	0.10275
interior_depth	Interior relict
depth profile	modularity_louvain	Modularity	Depth_31_45	31-45 cm	16	0.4878475291028
interior_depth	Interior relict
depth profile	largest_component_prop	Largest
component	Depth_31_45	31-45 cm	17	0.64
interior_depth	Interior relict
depth profile	robustness_auc_random	Robustness AUC
random removal	Depth_31_45	31-45 cm	17	0.2845
interior_depth	Interior relict
depth profile	robustness_auc_targeted	Robustness AUC
targeted removal	Depth_31_45	31-45 cm	17	0.11025
interior_depth	Interior relict
depth profile	modularity_louvain	Modularity	Depth_31_45	31-45 cm	17	0.511650589631575
interior_depth	Interior relict
depth profile	largest_component_prop	Largest
component	Depth_31_45	31-45 cm	18	0.605
interior_depth	Interior relict
depth profile	robustness_auc_random	Robustness AUC
random removal	Depth_31_45	31-45 cm	18	0.270625
interior_depth	Interior relict
depth profile	robustness_auc_targeted	Robustness AUC
targeted removal	Depth_31_45	31-45 cm	18	0.098125
interior_depth	Interior relict
depth profile	modularity_louvain	Modularity	Depth_31_45	31-45 cm	18	0.537038206105906
interior_depth	Interior relict
depth profile	largest_component_prop	Largest
component	Depth_31_45	31-45 cm	19	0.475
interior_depth	Interior relict
depth profile	robustness_auc_random	Robustness AUC
random removal	Depth_31_45	31-45 cm	19	0.233375
interior_depth	Interior relict
depth profile	robustness_auc_targeted	Robustness AUC
targeted removal	Depth_31_45	31-45 cm	19	0.057625
interior_depth	Interior relict
depth profile	modularity_louvain	Modularity	Depth_31_45	31-45 cm	19	0.421845407944244
interior_depth	Interior relict
depth profile	largest_component_prop	Largest
component	Depth_31_45	31-45 cm	20	0.585
interior_depth	Interior relict
depth profile	robustness_auc_random	Robustness AUC
random removal	Depth_31_45	31-45 cm	20	0.265375
interior_depth	Interior relict
depth profile	robustness_auc_targeted	Robustness AUC
targeted removal	Depth_31_45	31-45 cm	20	0.104125
interior_depth	Interior relict
depth profile	modularity_louvain	Modularity	Depth_31_45	31-45 cm	20	0.502035933436024
interior_depth	Interior relict
depth profile	largest_component_prop	Largest
component	Depth_31_45	31-45 cm	21	0.615
interior_depth	Interior relict
depth profile	robustness_auc_random	Robustness AUC
random removal	Depth_31_45	31-45 cm	21	0.267875
interior_depth	Interior relict
depth profile	robustness_auc_targeted	Robustness AUC
targeted removal	Depth_31_45	31-45 cm	21	0.110625
interior_depth	Interior relict
depth profile	modularity_louvain	Modularity	Depth_31_45	31-45 cm	21	0.53526426100351
interior_depth	Interior relict
depth profile	largest_component_prop	Largest
component	Depth_31_45	31-45 cm	22	0.595
interior_depth	Interior relict
depth profile	robustness_auc_random	Robustness AUC
random removal	Depth_31_45	31-45 cm	22	0.243875
interior_depth	Interior relict
depth profile	robustness_auc_targeted	Robustness AUC
targeted removal	Depth_31_45	31-45 cm	22	0.090875
interior_depth	Interior relict
depth profile	modularity_louvain	Modularity	Depth_31_45	31-45 cm	22	0.480622332769375
interior_depth	Interior relict
depth profile	largest_component_prop	Largest
component	Depth_31_45	31-45 cm	23	0.67
interior_depth	Interior relict
depth profile	robustness_auc_random	Robustness AUC
random removal	Depth_31_45	31-45 cm	23	0.269
interior_depth	Interior relict
depth profile	robustness_auc_targeted	Robustness AUC
targeted removal	Depth_31_45	31-45 cm	23	0.124
interior_depth	Interior relict
depth profile	modularity_louvain	Modularity	Depth_31_45	31-45 cm	23	0.527322542360042
interior_depth	Interior relict
depth profile	largest_component_prop	Largest
component	Depth_31_45	31-45 cm	24	0.565
interior_depth	Interior relict
depth profile	robustness_auc_random	Robustness AUC
random removal	Depth_31_45	31-45 cm	24	0.259125
interior_depth	Interior relict
depth profile	robustness_auc_targeted	Robustness AUC
targeted removal	Depth_31_45	31-45 cm	24	0.075375
interior_depth	Interior relict
depth profile	modularity_louvain	Modularity	Depth_31_45	31-45 cm	24	0.498860508573016
interior_depth	Interior relict
depth profile	largest_component_prop	Largest
component	Depth_31_45	31-45 cm	25	0.615
interior_depth	Interior relict
depth profile	robustness_auc_random	Robustness AUC
random removal	Depth_31_45	31-45 cm	25	0.267125
interior_depth	Interior relict
depth profile	robustness_auc_targeted	Robustness AUC
targeted removal	Depth_31_45	31-45 cm	25	0.098875
interior_depth	Interior relict
depth profile	modularity_louvain	Modularity	Depth_31_45	31-45 cm	25	0.542000202015101
interior_depth	Interior relict
depth profile	largest_component_prop	Largest
component	Depth_31_45	31-45 cm	26	0.64
interior_depth	Interior relict
depth profile	robustness_auc_random	Robustness AUC
random removal	Depth_31_45	31-45 cm	26	0.2675
interior_depth	Interior relict
depth profile	robustness_auc_targeted	Robustness AUC
targeted removal	Depth_31_45	31-45 cm	26	0.10075
interior_depth	Interior relict
depth profile	modularity_louvain	Modularity	Depth_31_45	31-45 cm	26	0.491379636877857
interior_depth	Interior relict
depth profile	largest_component_prop	Largest
component	Depth_31_45	31-45 cm	27	0.61
interior_depth	Interior relict
depth profile	robustness_auc_random	Robustness AUC
random removal	Depth_31_45	31-45 cm	27	0.26775
interior_depth	Interior relict
depth profile	robustness_auc_targeted	Robustness AUC
targeted removal	Depth_31_45	31-45 cm	27	0.10725
interior_depth	Interior relict
depth profile	modularity_louvain	Modularity	Depth_31_45	31-45 cm	27	0.523676801090882
interior_depth	Interior relict
depth profile	largest_component_prop	Largest
component	Depth_31_45	31-45 cm	28	0.47
interior_depth	Interior relict
depth profile	robustness_auc_random	Robustness AUC
random removal	Depth_31_45	31-45 cm	28	0.21
interior_depth	Interior relict
depth profile	robustness_auc_targeted	Robustness AUC
targeted removal	Depth_31_45	31-45 cm	28	0.0645
interior_depth	Interior relict
depth profile	modularity_louvain	Modularity	Depth_31_45	31-45 cm	28	0.470417413701674
interior_depth	Interior relict
depth profile	largest_component_prop	Largest
component	Depth_31_45	31-45 cm	29	0.65
interior_depth	Interior relict
depth profile	robustness_auc_random	Robustness AUC
random removal	Depth_31_45	31-45 cm	29	0.26075
interior_depth	Interior relict
depth profile	robustness_auc_targeted	Robustness AUC
targeted removal	Depth_31_45	31-45 cm	29	0.1135
interior_depth	Interior relict
depth profile	modularity_louvain	Modularity	Depth_31_45	31-45 cm	29	0.493371379510618
interior_depth	Interior relict
depth profile	largest_component_prop	Largest
component	Depth_31_45	31-45 cm	30	0.645
interior_depth	Interior relict
depth profile	robustness_auc_random	Robustness AUC
random removal	Depth_31_45	31-45 cm	30	0.297875
interior_depth	Interior relict
depth profile	robustness_auc_targeted	Robustness AUC
targeted removal	Depth_31_45	31-45 cm	30	0.120375
interior_depth	Interior relict
depth profile	modularity_louvain	Modularity	Depth_31_45	31-45 cm	30	0.508285775611727
interior_depth	Interior relict
depth profile	largest_component_prop	Largest
component	Depth_31_45	31-45 cm	31	0.445
interior_depth	Interior relict
depth profile	robustness_auc_random	Robustness AUC
random removal	Depth_31_45	31-45 cm	31	0.215625
interior_depth	Interior relict
depth profile	robustness_auc_targeted	Robustness AUC
targeted removal	Depth_31_45	31-45 cm	31	0.066125
interior_depth	Interior relict
depth profile	modularity_louvain	Modularity	Depth_31_45	31-45 cm	31	0.424900886341254
interior_depth	Interior relict
depth profile	largest_component_prop	Largest
component	Depth_31_45	31-45 cm	32	0.58
interior_depth	Interior relict
depth profile	robustness_auc_random	Robustness AUC
random removal	Depth_31_45	31-45 cm	32	0.2395
interior_depth	Interior relict
depth profile	robustness_auc_targeted	Robustness AUC
targeted removal	Depth_31_45	31-45 cm	32	0.08375
interior_depth	Interior relict
depth profile	modularity_louvain	Modularity	Depth_31_45	31-45 cm	32	0.443107497285422
interior_depth	Interior relict
depth profile	largest_component_prop	Largest
component	Depth_31_45	31-45 cm	33	0.59
interior_depth	Interior relict
depth profile	robustness_auc_random	Robustness AUC
random removal	Depth_31_45	31-45 cm	33	0.2425
interior_depth	Interior relict
depth profile	robustness_auc_targeted	Robustness AUC
targeted removal	Depth_31_45	31-45 cm	33	0.1025
interior_depth	Interior relict
depth profile	modularity_louvain	Modularity	Depth_31_45	31-45 cm	33	0.494046867503346
interior_depth	Interior relict
depth profile	largest_component_prop	Largest
component	Depth_31_45	31-45 cm	34	0.645
interior_depth	Interior relict
depth profile	robustness_auc_random	Robustness AUC
random removal	Depth_31_45	31-45 cm	34	0.268375
interior_depth	Interior relict
depth profile	robustness_auc_targeted	Robustness AUC
targeted removal	Depth_31_45	31-45 cm	34	0.110375
interior_depth	Interior relict
depth profile	modularity_louvain	Modularity	Depth_31_45	31-45 cm	34	0.540333577434913
interior_depth	Interior relict
depth profile	largest_component_prop	Largest
component	Depth_31_45	31-45 cm	35	0.565
interior_depth	Interior relict
depth profile	robustness_auc_random	Robustness AUC
random removal	Depth_31_45	31-45 cm	35	0.233375
interior_depth	Interior relict
depth profile	robustness_auc_targeted	Robustness AUC
targeted removal	Depth_31_45	31-45 cm	35	0.084875
interior_depth	Interior relict
depth profile	modularity_louvain	Modularity	Depth_31_45	31-45 cm	35	0.436769273503194
interior_depth	Interior relict
depth profile	largest_component_prop	Largest
component	Depth_31_45	31-45 cm	36	0.655
interior_depth	Interior relict
depth profile	robustness_auc_random	Robustness AUC
random removal	Depth_31_45	31-45 cm	36	0.250875
interior_depth	Interior relict
depth profile	robustness_auc_targeted	Robustness AUC
targeted removal	Depth_31_45	31-45 cm	36	0.120875
interior_depth	Interior relict
depth profile	modularity_louvain	Modularity	Depth_31_45	31-45 cm	36	0.483144365041287
interior_depth	Interior relict
depth profile	largest_component_prop	Largest
component	Depth_31_45	31-45 cm	37	0.54
interior_depth	Interior relict
depth profile	robustness_auc_random	Robustness AUC
random removal	Depth_31_45	31-45 cm	37	0.2395
interior_depth	Interior relict
depth profile	robustness_auc_targeted	Robustness AUC
targeted removal	Depth_31_45	31-45 cm	37	0.0875
interior_depth	Interior relict
depth profile	modularity_louvain	Modularity	Depth_31_45	31-45 cm	37	0.481408297770258
interior_depth	Interior relict
depth profile	largest_component_prop	Largest
component	Depth_31_45	31-45 cm	38	0.62
interior_depth	Interior relict
depth profile	robustness_auc_random	Robustness AUC
random removal	Depth_31_45	31-45 cm	38	0.25375
interior_depth	Interior relict
depth profile	robustness_auc_targeted	Robustness AUC
targeted removal	Depth_31_45	31-45 cm	38	0.1095
interior_depth	Interior relict
depth profile	modularity_louvain	Modularity	Depth_31_45	31-45 cm	38	0.548660387363955
interior_depth	Interior relict
depth profile	largest_component_prop	Largest
component	Depth_31_45	31-45 cm	39	0.54
interior_depth	Interior relict
depth profile	robustness_auc_random	Robustness AUC
random removal	Depth_31_45	31-45 cm	39	0.23125
interior_depth	Interior relict
depth profile	robustness_auc_targeted	Robustness AUC
targeted removal	Depth_31_45	31-45 cm	39	0.0845
interior_depth	Interior relict
depth profile	modularity_louvain	Modularity	Depth_31_45	31-45 cm	39	0.432833135526881
interior_depth	Interior relict
depth profile	largest_component_prop	Largest
component	Depth_31_45	31-45 cm	40	0.55
interior_depth	Interior relict
depth profile	robustness_auc_random	Robustness AUC
random removal	Depth_31_45	31-45 cm	40	0.24975
interior_depth	Interior relict
depth profile	robustness_auc_targeted	Robustness AUC
targeted removal	Depth_31_45	31-45 cm	40	0.0775
interior_depth	Interior relict
depth profile	modularity_louvain	Modularity	Depth_31_45	31-45 cm	40	0.542805105931668
interior_depth	Interior relict
depth profile	largest_component_prop	Largest
component	Depth_31_45	31-45 cm	41	0.595
interior_depth	Interior relict
depth profile	robustness_auc_random	Robustness AUC
random removal	Depth_31_45	31-45 cm	41	0.273875
interior_depth	Interior relict
depth profile	robustness_auc_targeted	Robustness AUC
targeted removal	Depth_31_45	31-45 cm	41	0.086875
interior_depth	Interior relict
depth profile	modularity_louvain	Modularity	Depth_31_45	31-45 cm	41	0.485852629984091
interior_depth	Interior relict
depth profile	largest_component_prop	Largest
component	Depth_31_45	31-45 cm	42	0.555
interior_depth	Interior relict
depth profile	robustness_auc_random	Robustness AUC
random removal	Depth_31_45	31-45 cm	42	0.234875
interior_depth	Interior relict
depth profile	robustness_auc_targeted	Robustness AUC
targeted removal	Depth_31_45	31-45 cm	42	0.103625
interior_depth	Interior relict
depth profile	modularity_louvain	Modularity	Depth_31_45	31-45 cm	42	0.499053054215803
interior_depth	Interior relict
depth profile	largest_component_prop	Largest
component	Depth_31_45	31-45 cm	43	0.56
interior_depth	Interior relict
depth profile	robustness_auc_random	Robustness AUC
random removal	Depth_31_45	31-45 cm	43	0.2655
interior_depth	Interior relict
depth profile	robustness_auc_targeted	Robustness AUC
targeted removal	Depth_31_45	31-45 cm	43	0.095
interior_depth	Interior relict
depth profile	modularity_louvain	Modularity	Depth_31_45	31-45 cm	43	0.440875861720664
interior_depth	Interior relict
depth profile	largest_component_prop	Largest
component	Depth_31_45	31-45 cm	44	0.585
interior_depth	Interior relict
depth profile	robustness_auc_random	Robustness AUC
random removal	Depth_31_45	31-45 cm	44	0.262875
interior_depth	Interior relict
depth profile	robustness_auc_targeted	Robustness AUC
targeted removal	Depth_31_45	31-45 cm	44	0.101625
interior_depth	Interior relict
depth profile	modularity_louvain	Modularity	Depth_31_45	31-45 cm	44	0.498052448170501
interior_depth	Interior relict
depth profile	largest_component_prop	Largest
component	Depth_31_45	31-45 cm	45	0.635
interior_depth	Interior relict
depth profile	robustness_auc_random	Robustness AUC
random removal	Depth_31_45	31-45 cm	45	0.268375
interior_depth	Interior relict
depth profile	robustness_auc_targeted	Robustness AUC
targeted removal	Depth_31_45	31-45 cm	45	0.107125
interior_depth	Interior relict
depth profile	modularity_louvain	Modularity	Depth_31_45	31-45 cm	45	0.445143430721446
interior_depth	Interior relict
depth profile	largest_component_prop	Largest
component	Depth_31_45	31-45 cm	46	0.6
interior_depth	Interior relict
depth profile	robustness_auc_random	Robustness AUC
random removal	Depth_31_45	31-45 cm	46	0.28
interior_depth	Interior relict
depth profile	robustness_auc_targeted	Robustness AUC
targeted removal	Depth_31_45	31-45 cm	46	0.1025
interior_depth	Interior relict
depth profile	modularity_louvain	Modularity	Depth_31_45	31-45 cm	46	0.514510365899851
interior_depth	Interior relict
depth profile	largest_component_prop	Largest
component	Depth_31_45	31-45 cm	47	0.54
interior_depth	Interior relict
depth profile	robustness_auc_random	Robustness AUC
random removal	Depth_31_45	31-45 cm	47	0.229
interior_depth	Interior relict
depth profile	robustness_auc_targeted	Robustness AUC
targeted removal	Depth_31_45	31-45 cm	47	0.07325
interior_depth	Interior relict
depth profile	modularity_louvain	Modularity	Depth_31_45	31-45 cm	47	0.473668594227419
interior_depth	Interior relict
depth profile	largest_component_prop	Largest
component	Depth_31_45	31-45 cm	48	0.555
interior_depth	Interior relict
depth profile	robustness_auc_random	Robustness AUC
random removal	Depth_31_45	31-45 cm	48	0.234125
interior_depth	Interior relict
depth profile	robustness_auc_targeted	Robustness AUC
targeted removal	Depth_31_45	31-45 cm	48	0.079375
interior_depth	Interior relict
depth profile	modularity_louvain	Modularity	Depth_31_45	31-45 cm	48	0.529721471680008
interior_depth	Interior relict
depth profile	largest_component_prop	Largest
component	Depth_31_45	31-45 cm	49	0.495
interior_depth	Interior relict
depth profile	robustness_auc_random	Robustness AUC
random removal	Depth_31_45	31-45 cm	49	0.245875
interior_depth	Interior relict
depth profile	robustness_auc_targeted	Robustness AUC
targeted removal	Depth_31_45	31-45 cm	49	0.074875
interior_depth	Interior relict
depth profile	modularity_louvain	Modularity	Depth_31_45	31-45 cm	49	0.432593242594884
interior_depth	Interior relict
depth profile	largest_component_prop	Largest
component	Depth_31_45	31-45 cm	50	0.535
interior_depth	Interior relict
depth profile	robustness_auc_random	Robustness AUC
random removal	Depth_31_45	31-45 cm	50	0.240875
interior_depth	Interior relict
depth profile	robustness_auc_targeted	Robustness AUC
targeted removal	Depth_31_45	31-45 cm	50	0.074625
interior_depth	Interior relict
depth profile	modularity_louvain	Modularity	Depth_31_45	31-45 cm	50	0.465193429458852
interior_depth	Interior relict
depth profile	largest_component_prop	Largest
component	Depth_31_45	31-45 cm	51	0.49
interior_depth	Interior relict
depth profile	robustness_auc_random	Robustness AUC
random removal	Depth_31_45	31-45 cm	51	0.23175
interior_depth	Interior relict
depth profile	robustness_auc_targeted	Robustness AUC
targeted removal	Depth_31_45	31-45 cm	51	0.07
interior_depth	Interior relict
depth profile	modularity_louvain	Modularity	Depth_31_45	31-45 cm	51	0.441096815736976
interior_depth	Interior relict
depth profile	largest_component_prop	Largest
component	Depth_31_45	31-45 cm	52	0.465
interior_depth	Interior relict
depth profile	robustness_auc_random	Robustness AUC
random removal	Depth_31_45	31-45 cm	52	0.230875
interior_depth	Interior relict
depth profile	robustness_auc_targeted	Robustness AUC
targeted removal	Depth_31_45	31-45 cm	52	0.069375
interior_depth	Interior relict
depth profile	modularity_louvain	Modularity	Depth_31_45	31-45 cm	52	0.465575364258478
interior_depth	Interior relict
depth profile	largest_component_prop	Largest
component	Depth_31_45	31-45 cm	53	0.615
interior_depth	Interior relict
depth profile	robustness_auc_random	Robustness AUC
random removal	Depth_31_45	31-45 cm	53	0.273375
interior_depth	Interior relict
depth profile	robustness_auc_targeted	Robustness AUC
targeted removal	Depth_31_45	31-45 cm	53	0.098375
interior_depth	Interior relict
depth profile	modularity_louvain	Modularity	Depth_31_45	31-45 cm	53	0.482958132370395
interior_depth	Interior relict
depth profile	largest_component_prop	Largest
component	Depth_31_45	31-45 cm	54	0.585
interior_depth	Interior relict
depth profile	robustness_auc_random	Robustness AUC
random removal	Depth_31_45	31-45 cm	54	0.229625
interior_depth	Interior relict
depth profile	robustness_auc_targeted	Robustness AUC
targeted removal	Depth_31_45	31-45 cm	54	0.105625
interior_depth	Interior relict
depth profile	modularity_louvain	Modularity	Depth_31_45	31-45 cm	54	0.554086386707406
interior_depth	Interior relict
depth profile	largest_component_prop	Largest
component	Depth_31_45	31-45 cm	55	0.555
interior_depth	Interior relict
depth profile	robustness_auc_random	Robustness AUC
random removal	Depth_31_45	31-45 cm	55	0.252125
interior_depth	Interior relict
depth profile	robustness_auc_targeted	Robustness AUC
targeted removal	Depth_31_45	31-45 cm	55	0.079375
interior_depth	Interior relict
depth profile	modularity_louvain	Modularity	Depth_31_45	31-45 cm	55	0.446904749880054
interior_depth	Interior relict
depth profile	largest_component_prop	Largest
component	Depth_31_45	31-45 cm	56	0.6
interior_depth	Interior relict
depth profile	robustness_auc_random	Robustness AUC
random removal	Depth_31_45	31-45 cm	56	0.24975
interior_depth	Interior relict
depth profile	robustness_auc_targeted	Robustness AUC
targeted removal	Depth_31_45	31-45 cm	56	0.10675
interior_depth	Interior relict
depth profile	modularity_louvain	Modularity	Depth_31_45	31-45 cm	56	0.489469962879725
interior_depth	Interior relict
depth profile	largest_component_prop	Largest
component	Depth_31_45	31-45 cm	57	0.545
interior_depth	Interior relict
depth profile	robustness_auc_random	Robustness AUC
random removal	Depth_31_45	31-45 cm	57	0.241125
interior_depth	Interior relict
depth profile	robustness_auc_targeted	Robustness AUC
targeted removal	Depth_31_45	31-45 cm	57	0.094125
interior_depth	Interior relict
depth profile	modularity_louvain	Modularity	Depth_31_45	31-45 cm	57	0.503027070023484
interior_depth	Interior relict
depth profile	largest_component_prop	Largest
component	Depth_31_45	31-45 cm	58	0.475
interior_depth	Interior relict
depth profile	robustness_auc_random	Robustness AUC
random removal	Depth_31_45	31-45 cm	58	0.213125
interior_depth	Interior relict
depth profile	robustness_auc_targeted	Robustness AUC
targeted removal	Depth_31_45	31-45 cm	58	0.070375
interior_depth	Interior relict
depth profile	modularity_louvain	Modularity	Depth_31_45	31-45 cm	58	0.442087952324436
interior_depth	Interior relict
depth profile	largest_component_prop	Largest
component	Depth_31_45	31-45 cm	59	0.52
interior_depth	Interior relict
depth profile	robustness_auc_random	Robustness AUC
random removal	Depth_31_45	31-45 cm	59	0.227
interior_depth	Interior relict
depth profile	robustness_auc_targeted	Robustness AUC
targeted removal	Depth_31_45	31-45 cm	59	0.07275
interior_depth	Interior relict
depth profile	modularity_louvain	Modularity	Depth_31_45	31-45 cm	59	0.477756243529204
interior_depth	Interior relict
depth profile	largest_component_prop	Largest
component	Depth_31_45	31-45 cm	60	0.64
interior_depth	Interior relict
depth profile	robustness_auc_random	Robustness AUC
random removal	Depth_31_45	31-45 cm	60	0.29975
interior_depth	Interior relict
depth profile	robustness_auc_targeted	Robustness AUC
targeted removal	Depth_31_45	31-45 cm	60	0.10975
interior_depth	Interior relict
depth profile	modularity_louvain	Modularity	Depth_31_45	31-45 cm	60	0.540813363298907
interior_depth	Interior relict
depth profile	largest_component_prop	Largest
component	Depth_31_45	31-45 cm	61	0.625
interior_depth	Interior relict
depth profile	robustness_auc_random	Robustness AUC
random removal	Depth_31_45	31-45 cm	61	0.251125
interior_depth	Interior relict
depth profile	robustness_auc_targeted	Robustness AUC
targeted removal	Depth_31_45	31-45 cm	61	0.094375
interior_depth	Interior relict
depth profile	modularity_louvain	Modularity	Depth_31_45	31-45 cm	61	0.502739829802278
interior_depth	Interior relict
depth profile	largest_component_prop	Largest
component	Depth_31_45	31-45 cm	62	0.675
interior_depth	Interior relict
depth profile	robustness_auc_random	Robustness AUC
random removal	Depth_31_45	31-45 cm	62	0.284875
interior_depth	Interior relict
depth profile	robustness_auc_targeted	Robustness AUC
targeted removal	Depth_31_45	31-45 cm	62	0.106125
interior_depth	Interior relict
depth profile	modularity_louvain	Modularity	Depth_31_45	31-45 cm	62	0.526811191636575
interior_depth	Interior relict
depth profile	largest_component_prop	Largest
component	Depth_31_45	31-45 cm	63	0.55
interior_depth	Interior relict
depth profile	robustness_auc_random	Robustness AUC
random removal	Depth_31_45	31-45 cm	63	0.2205
interior_depth	Interior relict
depth profile	robustness_auc_targeted	Robustness AUC
targeted removal	Depth_31_45	31-45 cm	63	0.0835
interior_depth	Interior relict
depth profile	modularity_louvain	Modularity	Depth_31_45	31-45 cm	63	0.51821608040201
interior_depth	Interior relict
depth profile	largest_component_prop	Largest
component	Depth_31_45	31-45 cm	64	0.44
interior_depth	Interior relict
depth profile	robustness_auc_random	Robustness AUC
random removal	Depth_31_45	31-45 cm	64	0.178
interior_depth	Interior relict
depth profile	robustness_auc_targeted	Robustness AUC
targeted removal	Depth_31_45	31-45 cm	64	0.053
interior_depth	Interior relict
depth profile	modularity_louvain	Modularity	Depth_31_45	31-45 cm	64	0.458444862503472
interior_depth	Interior relict
depth profile	largest_component_prop	Largest
component	Depth_31_45	31-45 cm	65	0.625
interior_depth	Interior relict
depth profile	robustness_auc_random	Robustness AUC
random removal	Depth_31_45	31-45 cm	65	0.284625
interior_depth	Interior relict
depth profile	robustness_auc_targeted	Robustness AUC
targeted removal	Depth_31_45	31-45 cm	65	0.108625
interior_depth	Interior relict
depth profile	modularity_louvain	Modularity	Depth_31_45	31-45 cm	65	0.490719931314866
interior_depth	Interior relict
depth profile	largest_component_prop	Largest
component	Depth_31_45	31-45 cm	66	0.64
interior_depth	Interior relict
depth profile	robustness_auc_random	Robustness AUC
random removal	Depth_31_45	31-45 cm	66	0.306
interior_depth	Interior relict
depth profile	robustness_auc_targeted	Robustness AUC
targeted removal	Depth_31_45	31-45 cm	66	0.10075
interior_depth	Interior relict
depth profile	modularity_louvain	Modularity	Depth_31_45	31-45 cm	66	0.468615060225752
interior_depth	Interior relict
depth profile	largest_component_prop	Largest
component	Depth_31_45	31-45 cm	67	0.63
interior_depth	Interior relict
depth profile	robustness_auc_random	Robustness AUC
random removal	Depth_31_45	31-45 cm	67	0.269
interior_depth	Interior relict
depth profile	robustness_auc_targeted	Robustness AUC
targeted removal	Depth_31_45	31-45 cm	67	0.106
interior_depth	Interior relict
depth profile	modularity_louvain	Modularity	Depth_31_45	31-45 cm	67	0.477825686220045
interior_depth	Interior relict
depth profile	largest_component_prop	Largest
component	Depth_31_45	31-45 cm	68	0.5
interior_depth	Interior relict
depth profile	robustness_auc_random	Robustness AUC
random removal	Depth_31_45	31-45 cm	68	0.22075
interior_depth	Interior relict
depth profile	robustness_auc_targeted	Robustness AUC
targeted removal	Depth_31_45	31-45 cm	68	0.06625
interior_depth	Interior relict
depth profile	modularity_louvain	Modularity	Depth_31_45	31-45 cm	68	0.464325395823338
interior_depth	Interior relict
depth profile	largest_component_prop	Largest
component	Depth_31_45	31-45 cm	69	0.535
interior_depth	Interior relict
depth profile	robustness_auc_random	Robustness AUC
random removal	Depth_31_45	31-45 cm	69	0.249875
interior_depth	Interior relict
depth profile	robustness_auc_targeted	Robustness AUC
targeted removal	Depth_31_45	31-45 cm	69	0.069375
interior_depth	Interior relict
depth profile	modularity_louvain	Modularity	Depth_31_45	31-45 cm	69	0.443773515820308
interior_depth	Interior relict
depth profile	largest_component_prop	Largest
component	Depth_31_45	31-45 cm	70	0.58
interior_depth	Interior relict
depth profile	robustness_auc_random	Robustness AUC
random removal	Depth_31_45	31-45 cm	70	0.267
interior_depth	Interior relict
depth profile	robustness_auc_targeted	Robustness AUC
targeted removal	Depth_31_45	31-45 cm	70	0.09125
interior_depth	Interior relict
depth profile	modularity_louvain	Modularity	Depth_31_45	31-45 cm	70	0.485549607333148
interior_depth	Interior relict
depth profile	largest_component_prop	Largest
component	Depth_31_45	31-45 cm	71	0.71
interior_depth	Interior relict
depth profile	robustness_auc_random	Robustness AUC
random removal	Depth_31_45	31-45 cm	71	0.319
interior_depth	Interior relict
depth profile	robustness_auc_targeted	Robustness AUC
targeted removal	Depth_31_45	31-45 cm	71	0.1185
interior_depth	Interior relict
depth profile	modularity_louvain	Modularity	Depth_31_45	31-45 cm	71	0.532451832024444
interior_depth	Interior relict
depth profile	largest_component_prop	Largest
component	Depth_31_45	31-45 cm	72	0.555
interior_depth	Interior relict
depth profile	robustness_auc_random	Robustness AUC
random removal	Depth_31_45	31-45 cm	72	0.226375
interior_depth	Interior relict
depth profile	robustness_auc_targeted	Robustness AUC
targeted removal	Depth_31_45	31-45 cm	72	0.081875
interior_depth	Interior relict
depth profile	modularity_louvain	Modularity	Depth_31_45	31-45 cm	72	0.468400419181334
interior_depth	Interior relict
depth profile	largest_component_prop	Largest
component	Depth_31_45	31-45 cm	73	0.69
interior_depth	Interior relict
depth profile	robustness_auc_random	Robustness AUC
random removal	Depth_31_45	31-45 cm	73	0.319
interior_depth	Interior relict
depth profile	robustness_auc_targeted	Robustness AUC
targeted removal	Depth_31_45	31-45 cm	73	0.1345
interior_depth	Interior relict
depth profile	modularity_louvain	Modularity	Depth_31_45	31-45 cm	73	0.510378525794803
interior_depth	Interior relict
depth profile	largest_component_prop	Largest
component	Depth_31_45	31-45 cm	74	0.575
interior_depth	Interior relict
depth profile	robustness_auc_random	Robustness AUC
random removal	Depth_31_45	31-45 cm	74	0.260625
interior_depth	Interior relict
depth profile	robustness_auc_targeted	Robustness AUC
targeted removal	Depth_31_45	31-45 cm	74	0.098625
interior_depth	Interior relict
depth profile	modularity_louvain	Modularity	Depth_31_45	31-45 cm	74	0.479520719173758
interior_depth	Interior relict
depth profile	largest_component_prop	Largest
component	Depth_31_45	31-45 cm	75	0.57
interior_depth	Interior relict
depth profile	robustness_auc_random	Robustness AUC
random removal	Depth_31_45	31-45 cm	75	0.255
interior_depth	Interior relict
depth profile	robustness_auc_targeted	Robustness AUC
targeted removal	Depth_31_45	31-45 cm	75	0.08625
interior_depth	Interior relict
depth profile	modularity_louvain	Modularity	Depth_31_45	31-45 cm	75	0.512190348728567
interior_depth	Interior relict
depth profile	largest_component_prop	Largest
component	Depth_31_45	31-45 cm	76	0.6
interior_depth	Interior relict
depth profile	robustness_auc_random	Robustness AUC
random removal	Depth_31_45	31-45 cm	76	0.2545
interior_depth	Interior relict
depth profile	robustness_auc_targeted	Robustness AUC
targeted removal	Depth_31_45	31-45 cm	76	0.10175
interior_depth	Interior relict
depth profile	modularity_louvain	Modularity	Depth_31_45	31-45 cm	76	0.467889068457867
interior_depth	Interior relict
depth profile	largest_component_prop	Largest
component	Depth_31_45	31-45 cm	77	0.64
interior_depth	Interior relict
depth profile	robustness_auc_random	Robustness AUC
random removal	Depth_31_45	31-45 cm	77	0.26525
interior_depth	Interior relict
depth profile	robustness_auc_targeted	Robustness AUC
targeted removal	Depth_31_45	31-45 cm	77	0.1145
interior_depth	Interior relict
depth profile	modularity_louvain	Modularity	Depth_31_45	31-45 cm	77	0.598605464508472
interior_depth	Interior relict
depth profile	largest_component_prop	Largest
component	Depth_31_45	31-45 cm	78	0.58
interior_depth	Interior relict
depth profile	robustness_auc_random	Robustness AUC
random removal	Depth_31_45	31-45 cm	78	0.26625
interior_depth	Interior relict
depth profile	robustness_auc_targeted	Robustness AUC
targeted removal	Depth_31_45	31-45 cm	78	0.09525
interior_depth	Interior relict
depth profile	modularity_louvain	Modularity	Depth_31_45	31-45 cm	78	0.578855331936062
interior_depth	Interior relict
depth profile	largest_component_prop	Largest
component	Depth_31_45	31-45 cm	79	0.51
interior_depth	Interior relict
depth profile	robustness_auc_random	Robustness AUC
random removal	Depth_31_45	31-45 cm	79	0.228
interior_depth	Interior relict
depth profile	robustness_auc_targeted	Robustness AUC
targeted removal	Depth_31_45	31-45 cm	79	0.07325
interior_depth	Interior relict
depth profile	modularity_louvain	Modularity	Depth_31_45	31-45 cm	79	0.519614403676675
interior_depth	Interior relict
depth profile	largest_component_prop	Largest
component	Depth_31_45	31-45 cm	80	0.565
interior_depth	Interior relict
depth profile	robustness_auc_random	Robustness AUC
random removal	Depth_31_45	31-45 cm	80	0.228625
interior_depth	Interior relict
depth profile	robustness_auc_targeted	Robustness AUC
targeted removal	Depth_31_45	31-45 cm	80	0.083375
interior_depth	Interior relict
depth profile	modularity_louvain	Modularity	Depth_31_45	31-45 cm	80	0.479419711623444
interior_depth	Interior relict
depth profile	largest_component_prop	Largest
component	Depth_31_45	31-45 cm	81	0.575
interior_depth	Interior relict
depth profile	robustness_auc_random	Robustness AUC
random removal	Depth_31_45	31-45 cm	81	0.243875
interior_depth	Interior relict
depth profile	robustness_auc_targeted	Robustness AUC
targeted removal	Depth_31_45	31-45 cm	81	0.087375
interior_depth	Interior relict
depth profile	modularity_louvain	Modularity	Depth_31_45	31-45 cm	81	0.437473169869448
interior_depth	Interior relict
depth profile	largest_component_prop	Largest
component	Depth_31_45	31-45 cm	82	0.635
interior_depth	Interior relict
depth profile	robustness_auc_random	Robustness AUC
random removal	Depth_31_45	31-45 cm	82	0.267625
interior_depth	Interior relict
depth profile	robustness_auc_targeted	Robustness AUC
targeted removal	Depth_31_45	31-45 cm	82	0.106125
interior_depth	Interior relict
depth profile	modularity_louvain	Modularity	Depth_31_45	31-45 cm	82	0.536722557511174
interior_depth	Interior relict
depth profile	largest_component_prop	Largest
component	Depth_31_45	31-45 cm	83	0.615
interior_depth	Interior relict
depth profile	robustness_auc_random	Robustness AUC
random removal	Depth_31_45	31-45 cm	83	0.279625
interior_depth	Interior relict
depth profile	robustness_auc_targeted	Robustness AUC
targeted removal	Depth_31_45	31-45 cm	83	0.102875
interior_depth	Interior relict
depth profile	modularity_louvain	Modularity	Depth_31_45	31-45 cm	83	0.521085326128128
interior_depth	Interior relict
depth profile	largest_component_prop	Largest
component	Depth_31_45	31-45 cm	84	0.52
interior_depth	Interior relict
depth profile	robustness_auc_random	Robustness AUC
random removal	Depth_31_45	31-45 cm	84	0.24425
interior_depth	Interior relict
depth profile	robustness_auc_targeted	Robustness AUC
targeted removal	Depth_31_45	31-45 cm	84	0.0805
interior_depth	Interior relict
depth profile	modularity_louvain	Modularity	Depth_31_45	31-45 cm	84	0.432545895305674
interior_depth	Interior relict
depth profile	largest_component_prop	Largest
component	Depth_31_45	31-45 cm	85	0.67
interior_depth	Interior relict
depth profile	robustness_auc_random	Robustness AUC
random removal	Depth_31_45	31-45 cm	85	0.29175
interior_depth	Interior relict
depth profile	robustness_auc_targeted	Robustness AUC
targeted removal	Depth_31_45	31-45 cm	85	0.10875
interior_depth	Interior relict
depth profile	modularity_louvain	Modularity	Depth_31_45	31-45 cm	85	0.521028509381076
interior_depth	Interior relict
depth profile	largest_component_prop	Largest
component	Depth_31_45	31-45 cm	86	0.615
interior_depth	Interior relict
depth profile	robustness_auc_random	Robustness AUC
random removal	Depth_31_45	31-45 cm	86	0.254375
interior_depth	Interior relict
depth profile	robustness_auc_targeted	Robustness AUC
targeted removal	Depth_31_45	31-45 cm	86	0.089125
interior_depth	Interior relict
depth profile	modularity_louvain	Modularity	Depth_31_45	31-45 cm	86	0.495161107042751
interior_depth	Interior relict
depth profile	largest_component_prop	Largest
component	Depth_31_45	31-45 cm	87	0.55
interior_depth	Interior relict
depth profile	robustness_auc_random	Robustness AUC
random removal	Depth_31_45	31-45 cm	87	0.248
interior_depth	Interior relict
depth profile	robustness_auc_targeted	Robustness AUC
targeted removal	Depth_31_45	31-45 cm	87	0.08525
interior_depth	Interior relict
depth profile	modularity_louvain	Modularity	Depth_31_45	31-45 cm	87	0.466686447311937
interior_depth	Interior relict
depth profile	largest_component_prop	Largest
component	Depth_31_45	31-45 cm	88	0.505
interior_depth	Interior relict
depth profile	robustness_auc_random	Robustness AUC
random removal	Depth_31_45	31-45 cm	88	0.227375
interior_depth	Interior relict
depth profile	robustness_auc_targeted	Robustness AUC
targeted removal	Depth_31_45	31-45 cm	88	0.072875
interior_depth	Interior relict
depth profile	modularity_louvain	Modularity	Depth_31_45	31-45 cm	88	0.461421428751799
interior_depth	Interior relict
depth profile	largest_component_prop	Largest
component	Depth_31_45	31-45 cm	89	0.59
interior_depth	Interior relict
depth profile	robustness_auc_random	Robustness AUC
random removal	Depth_31_45	31-45 cm	89	0.25675
interior_depth	Interior relict
depth profile	robustness_auc_targeted	Robustness AUC
targeted removal	Depth_31_45	31-45 cm	89	0.09
interior_depth	Interior relict
depth profile	modularity_louvain	Modularity	Depth_31_45	31-45 cm	89	0.485357061690361
interior_depth	Interior relict
depth profile	largest_component_prop	Largest
component	Depth_31_45	31-45 cm	90	0.505
interior_depth	Interior relict
depth profile	robustness_auc_random	Robustness AUC
random removal	Depth_31_45	31-45 cm	90	0.261375
interior_depth	Interior relict
depth profile	robustness_auc_targeted	Robustness AUC
targeted removal	Depth_31_45	31-45 cm	90	0.073625
interior_depth	Interior relict
depth profile	modularity_louvain	Modularity	Depth_31_45	31-45 cm	90	0.468340445948335
interior_depth	Interior relict
depth profile	largest_component_prop	Largest
component	Depth_31_45	31-45 cm	91	0.535
interior_depth	Interior relict
depth profile	robustness_auc_random	Robustness AUC
random removal	Depth_31_45	31-45 cm	91	0.262375
interior_depth	Interior relict
depth profile	robustness_auc_targeted	Robustness AUC
targeted removal	Depth_31_45	31-45 cm	91	0.074625
interior_depth	Interior relict
depth profile	modularity_louvain	Modularity	Depth_31_45	31-45 cm	91	0.479265043812025
interior_depth	Interior relict
depth profile	largest_component_prop	Largest
component	Depth_31_45	31-45 cm	92	0.62
interior_depth	Interior relict
depth profile	robustness_auc_random	Robustness AUC
random removal	Depth_31_45	31-45 cm	92	0.2675
interior_depth	Interior relict
depth profile	robustness_auc_targeted	Robustness AUC
targeted removal	Depth_31_45	31-45 cm	92	0.103
interior_depth	Interior relict
depth profile	modularity_louvain	Modularity	Depth_31_45	31-45 cm	92	0.512452337062195
interior_depth	Interior relict
depth profile	largest_component_prop	Largest
component	Depth_31_45	31-45 cm	93	0.695
interior_depth	Interior relict
depth profile	robustness_auc_random	Robustness AUC
random removal	Depth_31_45	31-45 cm	93	0.296125
interior_depth	Interior relict
depth profile	robustness_auc_targeted	Robustness AUC
targeted removal	Depth_31_45	31-45 cm	93	0.109875
interior_depth	Interior relict
depth profile	modularity_louvain	Modularity	Depth_31_45	31-45 cm	93	0.555857175323855
interior_depth	Interior relict
depth profile	largest_component_prop	Largest
component	Depth_31_45	31-45 cm	94	0.615
interior_depth	Interior relict
depth profile	robustness_auc_random	Robustness AUC
random removal	Depth_31_45	31-45 cm	94	0.255625
interior_depth	Interior relict
depth profile	robustness_auc_targeted	Robustness AUC
targeted removal	Depth_31_45	31-45 cm	94	0.098375
interior_depth	Interior relict
depth profile	modularity_louvain	Modularity	Depth_31_45	31-45 cm	94	0.553653948132623
interior_depth	Interior relict
depth profile	largest_component_prop	Largest
component	Depth_31_45	31-45 cm	95	0.51
interior_depth	Interior relict
depth profile	robustness_auc_random	Robustness AUC
random removal	Depth_31_45	31-45 cm	95	0.2365
interior_depth	Interior relict
depth profile	robustness_auc_targeted	Robustness AUC
targeted removal	Depth_31_45	31-45 cm	95	0.078
interior_depth	Interior relict
depth profile	modularity_louvain	Modularity	Depth_31_45	31-45 cm	95	0.525305547839701
interior_depth	Interior relict
depth profile	largest_component_prop	Largest
component	Depth_31_45	31-45 cm	96	0.58
interior_depth	Interior relict
depth profile	robustness_auc_random	Robustness AUC
random removal	Depth_31_45	31-45 cm	96	0.23975
interior_depth	Interior relict
depth profile	robustness_auc_targeted	Robustness AUC
targeted removal	Depth_31_45	31-45 cm	96	0.08825
interior_depth	Interior relict
depth profile	modularity_louvain	Modularity	Depth_31_45	31-45 cm	96	0.443300042928209
interior_depth	Interior relict
depth profile	largest_component_prop	Largest
component	Depth_31_45	31-45 cm	97	0.63
interior_depth	Interior relict
depth profile	robustness_auc_random	Robustness AUC
random removal	Depth_31_45	31-45 cm	97	0.257
interior_depth	Interior relict
depth profile	robustness_auc_targeted	Robustness AUC
targeted removal	Depth_31_45	31-45 cm	97	0.12525
interior_depth	Interior relict
depth profile	modularity_louvain	Modularity	Depth_31_45	31-45 cm	97	0.527612939067195
interior_depth	Interior relict
depth profile	largest_component_prop	Largest
component	Depth_31_45	31-45 cm	98	0.505
interior_depth	Interior relict
depth profile	robustness_auc_random	Robustness AUC
random removal	Depth_31_45	31-45 cm	98	0.205875
interior_depth	Interior relict
depth profile	robustness_auc_targeted	Robustness AUC
targeted removal	Depth_31_45	31-45 cm	98	0.088125
interior_depth	Interior relict
depth profile	modularity_louvain	Modularity	Depth_31_45	31-45 cm	98	0.528806090755284
interior_depth	Interior relict
depth profile	largest_component_prop	Largest
component	Depth_31_45	31-45 cm	99	0.48
interior_depth	Interior relict
depth profile	robustness_auc_random	Robustness AUC
random removal	Depth_31_45	31-45 cm	99	0.20825
interior_depth	Interior relict
depth profile	robustness_auc_targeted	Robustness AUC
targeted removal	Depth_31_45	31-45 cm	99	0.07075
interior_depth	Interior relict
depth profile	modularity_louvain	Modularity	Depth_31_45	31-45 cm	99	0.438211787581122
interior_depth	Interior relict
depth profile	largest_component_prop	Largest
component	Depth_31_45	31-45 cm	100	0.595
interior_depth	Interior relict
depth profile	robustness_auc_random	Robustness AUC
random removal	Depth_31_45	31-45 cm	100	0.229125
interior_depth	Interior relict
depth profile	robustness_auc_targeted	Robustness AUC
targeted removal	Depth_31_45	31-45 cm	100	0.107875
interior_depth	Interior relict
depth profile	modularity_louvain	Modularity	Depth_31_45	31-45 cm	100	0.513187798287922
interior_depth	Interior relict
depth profile	largest_component_prop	Largest
component	Depth_31_45	31-45 cm	101	0.545
interior_depth	Interior relict
depth profile	robustness_auc_random	Robustness AUC
random removal	Depth_31_45	31-45 cm	101	0.220125
interior_depth	Interior relict
depth profile	robustness_auc_targeted	Robustness AUC
targeted removal	Depth_31_45	31-45 cm	101	0.083375
interior_depth	Interior relict
depth profile	modularity_louvain	Modularity	Depth_31_45	31-45 cm	101	0.465022979217697
interior_depth	Interior relict
depth profile	largest_component_prop	Largest
component	Depth_31_45	31-45 cm	102	0.57
interior_depth	Interior relict
depth profile	robustness_auc_random	Robustness AUC
random removal	Depth_31_45	31-45 cm	102	0.24425
interior_depth	Interior relict
depth profile	robustness_auc_targeted	Robustness AUC
targeted removal	Depth_31_45	31-45 cm	102	0.092
interior_depth	Interior relict
depth profile	modularity_louvain	Modularity	Depth_31_45	31-45 cm	102	0.505725865508447
interior_depth	Interior relict
depth profile	largest_component_prop	Largest
component	Depth_31_45	31-45 cm	103	0.455
interior_depth	Interior relict
depth profile	robustness_auc_random	Robustness AUC
random removal	Depth_31_45	31-45 cm	103	0.195875
interior_depth	Interior relict
depth profile	robustness_auc_targeted	Robustness AUC
targeted removal	Depth_31_45	31-45 cm	103	0.058625
interior_depth	Interior relict
depth profile	modularity_louvain	Modularity	Depth_31_45	31-45 cm	103	0.425895179414661
interior_depth	Interior relict
depth profile	largest_component_prop	Largest
component	Depth_31_45	31-45 cm	104	0.66
interior_depth	Interior relict
depth profile	robustness_auc_random	Robustness AUC
random removal	Depth_31_45	31-45 cm	104	0.29125
interior_depth	Interior relict
depth profile	robustness_auc_targeted	Robustness AUC
targeted removal	Depth_31_45	31-45 cm	104	0.12425
interior_depth	Interior relict
depth profile	modularity_louvain	Modularity	Depth_31_45	31-45 cm	104	0.537707381126739
interior_depth	Interior relict
depth profile	largest_component_prop	Largest
component	Depth_31_45	31-45 cm	105	0.61
interior_depth	Interior relict
depth profile	robustness_auc_random	Robustness AUC
random removal	Depth_31_45	31-45 cm	105	0.28875
interior_depth	Interior relict
depth profile	robustness_auc_targeted	Robustness AUC
targeted removal	Depth_31_45	31-45 cm	105	0.09425
interior_depth	Interior relict
depth profile	modularity_louvain	Modularity	Depth_31_45	31-45 cm	105	0.492231888083634
interior_depth	Interior relict
depth profile	largest_component_prop	Largest
component	Depth_31_45	31-45 cm	106	0.515
interior_depth	Interior relict
depth profile	robustness_auc_random	Robustness AUC
random removal	Depth_31_45	31-45 cm	106	0.226625
interior_depth	Interior relict
depth profile	robustness_auc_targeted	Robustness AUC
targeted removal	Depth_31_45	31-45 cm	106	0.067875
interior_depth	Interior relict
depth profile	modularity_louvain	Modularity	Depth_31_45	31-45 cm	106	0.45582813565314
interior_depth	Interior relict
depth profile	largest_component_prop	Largest
component	Depth_31_45	31-45 cm	107	0.57
interior_depth	Interior relict
depth profile	robustness_auc_random	Robustness AUC
random removal	Depth_31_45	31-45 cm	107	0.27325
interior_depth	Interior relict
depth profile	robustness_auc_targeted	Robustness AUC
targeted removal	Depth_31_45	31-45 cm	107	0.08
interior_depth	Interior relict
depth profile	modularity_louvain	Modularity	Depth_31_45	31-45 cm	107	0.43973637029368
interior_depth	Interior relict
depth profile	largest_component_prop	Largest
component	Depth_31_45	31-45 cm	108	0.51
interior_depth	Interior relict
depth profile	robustness_auc_random	Robustness AUC
random removal	Depth_31_45	31-45 cm	108	0.24675
interior_depth	Interior relict
depth profile	robustness_auc_targeted	Robustness AUC
targeted removal	Depth_31_45	31-45 cm	108	0.09075
interior_depth	Interior relict
depth profile	modularity_louvain	Modularity	Depth_31_45	31-45 cm	108	0.555121714098129
interior_depth	Interior relict
depth profile	largest_component_prop	Largest
component	Depth_31_45	31-45 cm	109	0.65
interior_depth	Interior relict
depth profile	robustness_auc_random	Robustness AUC
random removal	Depth_31_45	31-45 cm	109	0.256
interior_depth	Interior relict
depth profile	robustness_auc_targeted	Robustness AUC
targeted removal	Depth_31_45	31-45 cm	109	0.10825
interior_depth	Interior relict
depth profile	modularity_louvain	Modularity	Depth_31_45	31-45 cm	109	0.538073533496629
interior_depth	Interior relict
depth profile	largest_component_prop	Largest
component	Depth_31_45	31-45 cm	110	0.575
interior_depth	Interior relict
depth profile	robustness_auc_random	Robustness AUC
random removal	Depth_31_45	31-45 cm	110	0.267125
interior_depth	Interior relict
depth profile	robustness_auc_targeted	Robustness AUC
targeted removal	Depth_31_45	31-45 cm	110	0.099875
interior_depth	Interior relict
depth profile	modularity_louvain	Modularity	Depth_31_45	31-45 cm	110	0.487932754223378
interior_depth	Interior relict
depth profile	largest_component_prop	Largest
component	Depth_31_45	31-45 cm	111	0.49
interior_depth	Interior relict
depth profile	robustness_auc_random	Robustness AUC
random removal	Depth_31_45	31-45 cm	111	0.21975
interior_depth	Interior relict
depth profile	robustness_auc_targeted	Robustness AUC
targeted removal	Depth_31_45	31-45 cm	111	0.075
interior_depth	Interior relict
depth profile	modularity_louvain	Modularity	Depth_31_45	31-45 cm	111	0.45632370394687
interior_depth	Interior relict
depth profile	largest_component_prop	Largest
component	Depth_31_45	31-45 cm	112	0.61
interior_depth	Interior relict
depth profile	robustness_auc_random	Robustness AUC
random removal	Depth_31_45	31-45 cm	112	0.256
interior_depth	Interior relict
depth profile	robustness_auc_targeted	Robustness AUC
targeted removal	Depth_31_45	31-45 cm	112	0.099
interior_depth	Interior relict
depth profile	modularity_louvain	Modularity	Depth_31_45	31-45 cm	112	0.490925102901442
interior_depth	Interior relict
depth profile	largest_component_prop	Largest
component	Depth_31_45	31-45 cm	113	0.66
interior_depth	Interior relict
depth profile	robustness_auc_random	Robustness AUC
random removal	Depth_31_45	31-45 cm	113	0.29825
interior_depth	Interior relict
depth profile	robustness_auc_targeted	Robustness AUC
targeted removal	Depth_31_45	31-45 cm	113	0.11375
interior_depth	Interior relict
depth profile	modularity_louvain	Modularity	Depth_31_45	31-45 cm	113	0.551090881543395
interior_depth	Interior relict
depth profile	largest_component_prop	Largest
component	Depth_31_45	31-45 cm	114	0.575
interior_depth	Interior relict
depth profile	robustness_auc_random	Robustness AUC
random removal	Depth_31_45	31-45 cm	114	0.259875
interior_depth	Interior relict
depth profile	robustness_auc_targeted	Robustness AUC
targeted removal	Depth_31_45	31-45 cm	114	0.102375
interior_depth	Interior relict
depth profile	modularity_louvain	Modularity	Depth_31_45	31-45 cm	114	0.471916744526653
interior_depth	Interior relict
depth profile	largest_component_prop	Largest
component	Depth_31_45	31-45 cm	115	0.585
interior_depth	Interior relict
depth profile	robustness_auc_random	Robustness AUC
random removal	Depth_31_45	31-45 cm	115	0.267625
interior_depth	Interior relict
depth profile	robustness_auc_targeted	Robustness AUC
targeted removal	Depth_31_45	31-45 cm	115	0.093375
interior_depth	Interior relict
depth profile	modularity_louvain	Modularity	Depth_31_45	31-45 cm	115	0.524166056412717
interior_depth	Interior relict
depth profile	largest_component_prop	Largest
component	Depth_31_45	31-45 cm	116	0.575
interior_depth	Interior relict
depth profile	robustness_auc_random	Robustness AUC
random removal	Depth_31_45	31-45 cm	116	0.241125
interior_depth	Interior relict
depth profile	robustness_auc_targeted	Robustness AUC
targeted removal	Depth_31_45	31-45 cm	116	0.088375
interior_depth	Interior relict
depth profile	modularity_louvain	Modularity	Depth_31_45	31-45 cm	116	0.495161107042751
interior_depth	Interior relict
depth profile	largest_component_prop	Largest
component	Depth_31_45	31-45 cm	117	0.605
interior_depth	Interior relict
depth profile	robustness_auc_random	Robustness AUC
random removal	Depth_31_45	31-45 cm	117	0.246375
interior_depth	Interior relict
depth profile	robustness_auc_targeted	Robustness AUC
targeted removal	Depth_31_45	31-45 cm	117	0.096625
interior_depth	Interior relict
depth profile	modularity_louvain	Modularity	Depth_31_45	31-45 cm	117	0.543493219868185
interior_depth	Interior relict
depth profile	largest_component_prop	Largest
component	Depth_31_45	31-45 cm	118	0.52
interior_depth	Interior relict
depth profile	robustness_auc_random	Robustness AUC
random removal	Depth_31_45	31-45 cm	118	0.24675
interior_depth	Interior relict
depth profile	robustness_auc_targeted	Robustness AUC
targeted removal	Depth_31_45	31-45 cm	118	0.08175
interior_depth	Interior relict
depth profile	modularity_louvain	Modularity	Depth_31_45	31-45 cm	118	0.549446352364839
interior_depth	Interior relict
depth profile	largest_component_prop	Largest
component	Depth_31_45	31-45 cm	119	0.595
interior_depth	Interior relict
depth profile	robustness_auc_random	Robustness AUC
random removal	Depth_31_45	31-45 cm	119	0.250375
interior_depth	Interior relict
depth profile	robustness_auc_targeted	Robustness AUC
targeted removal	Depth_31_45	31-45 cm	119	0.084875
interior_depth	Interior relict
depth profile	modularity_louvain	Modularity	Depth_31_45	31-45 cm	119	0.485076134441049
interior_depth	Interior relict
depth profile	largest_component_prop	Largest
component	Depth_31_45	31-45 cm	120	0.535
interior_depth	Interior relict
depth profile	robustness_auc_random	Robustness AUC
random removal	Depth_31_45	31-45 cm	120	0.242875
interior_depth	Interior relict
depth profile	robustness_auc_targeted	Robustness AUC
targeted removal	Depth_31_45	31-45 cm	120	0.070125
interior_depth	Interior relict
depth profile	modularity_louvain	Modularity	Depth_31_45	31-45 cm	120	0.430090149238656
interior_depth	Interior relict
depth profile	largest_component_prop	Largest
component	Depth_31_45	31-45 cm	121	0.51
interior_depth	Interior relict
depth profile	robustness_auc_random	Robustness AUC
random removal	Depth_31_45	31-45 cm	121	0.21925
interior_depth	Interior relict
depth profile	robustness_auc_targeted	Robustness AUC
targeted removal	Depth_31_45	31-45 cm	121	0.07425
interior_depth	Interior relict
depth profile	modularity_louvain	Modularity	Depth_31_45	31-45 cm	121	0.530422211560314
interior_depth	Interior relict
depth profile	largest_component_prop	Largest
component	Depth_31_45	31-45 cm	122	0.585
interior_depth	Interior relict
depth profile	robustness_auc_random	Robustness AUC
random removal	Depth_31_45	31-45 cm	122	0.235125
interior_depth	Interior relict
depth profile	robustness_auc_targeted	Robustness AUC
targeted removal	Depth_31_45	31-45 cm	122	0.096875
interior_depth	Interior relict
depth profile	modularity_louvain	Modularity	Depth_31_45	31-45 cm	122	0.508415191535567
interior_depth	Interior relict
depth profile	largest_component_prop	Largest
component	Depth_31_45	31-45 cm	123	0.51
interior_depth	Interior relict
depth profile	robustness_auc_random	Robustness AUC
random removal	Depth_31_45	31-45 cm	123	0.227
interior_depth	Interior relict
depth profile	robustness_auc_targeted	Robustness AUC
targeted removal	Depth_31_45	31-45 cm	123	0.06375
interior_depth	Interior relict
depth profile	modularity_louvain	Modularity	Depth_31_45	31-45 cm	123	0.435424610489634
interior_depth	Interior relict
depth profile	largest_component_prop	Largest
component	Depth_31_45	31-45 cm	124	0.595
interior_depth	Interior relict
depth profile	robustness_auc_random	Robustness AUC
random removal	Depth_31_45	31-45 cm	124	0.259875
interior_depth	Interior relict
depth profile	robustness_auc_targeted	Robustness AUC
targeted removal	Depth_31_45	31-45 cm	124	0.095125
interior_depth	Interior relict
depth profile	modularity_louvain	Modularity	Depth_31_45	31-45 cm	124	0.540532436049595
interior_depth	Interior relict
depth profile	largest_component_prop	Largest
component	Depth_31_45	31-45 cm	125	0.555
interior_depth	Interior relict
depth profile	robustness_auc_random	Robustness AUC
random removal	Depth_31_45	31-45 cm	125	0.242625
interior_depth	Interior relict
depth profile	robustness_auc_targeted	Robustness AUC
targeted removal	Depth_31_45	31-45 cm	125	0.075125
interior_depth	Interior relict
depth profile	modularity_louvain	Modularity	Depth_31_45	31-45 cm	125	0.449549885103911
interior_depth	Interior relict
depth profile	largest_component_prop	Largest
component	Depth_31_45	31-45 cm	126	0.595
interior_depth	Interior relict
depth profile	robustness_auc_random	Robustness AUC
random removal	Depth_31_45	31-45 cm	126	0.265625
interior_depth	Interior relict
depth profile	robustness_auc_targeted	Robustness AUC
targeted removal	Depth_31_45	31-45 cm	126	0.107125
interior_depth	Interior relict
depth profile	modularity_louvain	Modularity	Depth_31_45	31-45 cm	126	0.589300143935759
interior_depth	Interior relict
depth profile	largest_component_prop	Largest
component	Depth_31_45	31-45 cm	127	0.445
interior_depth	Interior relict
depth profile	robustness_auc_random	Robustness AUC
random removal	Depth_31_45	31-45 cm	127	0.182375
interior_depth	Interior relict
depth profile	robustness_auc_targeted	Robustness AUC
targeted removal	Depth_31_45	31-45 cm	127	0.060875
interior_depth	Interior relict
depth profile	modularity_louvain	Modularity	Depth_31_45	31-45 cm	127	0.426422312567865
interior_depth	Interior relict
depth profile	largest_component_prop	Largest
component	Depth_31_45	31-45 cm	128	0.61
interior_depth	Interior relict
depth profile	robustness_auc_random	Robustness AUC
random removal	Depth_31_45	31-45 cm	128	0.25525
interior_depth	Interior relict
depth profile	robustness_auc_targeted	Robustness AUC
targeted removal	Depth_31_45	31-45 cm	128	0.09075
interior_depth	Interior relict
depth profile	modularity_louvain	Modularity	Depth_31_45	31-45 cm	128	0.517562687810914
interior_depth	Interior relict
depth profile	largest_component_prop	Largest
component	Depth_31_45	31-45 cm	129	0.505
interior_depth	Interior relict
depth profile	robustness_auc_random	Robustness AUC
random removal	Depth_31_45	31-45 cm	129	0.249375
interior_depth	Interior relict
depth profile	robustness_auc_targeted	Robustness AUC
targeted removal	Depth_31_45	31-45 cm	129	0.072375
interior_depth	Interior relict
depth profile	modularity_louvain	Modularity	Depth_31_45	31-45 cm	129	0.516969268452817
interior_depth	Interior relict
depth profile	largest_component_prop	Largest
component	Depth_31_45	31-45 cm	130	0.585
interior_depth	Interior relict
depth profile	robustness_auc_random	Robustness AUC
random removal	Depth_31_45	31-45 cm	130	0.262375
interior_depth	Interior relict
depth profile	robustness_auc_targeted	Robustness AUC
targeted removal	Depth_31_45	31-45 cm	130	0.114125
interior_depth	Interior relict
depth profile	modularity_louvain	Modularity	Depth_31_45	31-45 cm	130	0.476761950455797
interior_depth	Interior relict
depth profile	largest_component_prop	Largest
component	Depth_31_45	31-45 cm	131	0.615
interior_depth	Interior relict
depth profile	robustness_auc_random	Robustness AUC
random removal	Depth_31_45	31-45 cm	131	0.267875
interior_depth	Interior relict
depth profile	robustness_auc_targeted	Robustness AUC
targeted removal	Depth_31_45	31-45 cm	131	0.116375
interior_depth	Interior relict
depth profile	modularity_louvain	Modularity	Depth_31_45	31-45 cm	131	0.473845357440469
interior_depth	Interior relict
depth profile	largest_component_prop	Largest
component	Depth_31_45	31-45 cm	132	0.645
interior_depth	Interior relict
depth profile	robustness_auc_random	Robustness AUC
random removal	Depth_31_45	31-45 cm	132	0.289875
interior_depth	Interior relict
depth profile	robustness_auc_targeted	Robustness AUC
targeted removal	Depth_31_45	31-45 cm	132	0.104875
interior_depth	Interior relict
depth profile	modularity_louvain	Modularity	Depth_31_45	31-45 cm	132	0.553205727128103
interior_depth	Interior relict
depth profile	largest_component_prop	Largest
component	Depth_31_45	31-45 cm	133	0.615
interior_depth	Interior relict
depth profile	robustness_auc_random	Robustness AUC
random removal	Depth_31_45	31-45 cm	133	0.272625
interior_depth	Interior relict
depth profile	robustness_auc_targeted	Robustness AUC
targeted removal	Depth_31_45	31-45 cm	133	0.087375
interior_depth	Interior relict
depth profile	modularity_louvain	Modularity	Depth_31_45	31-45 cm	133	0.482607762430242
interior_depth	Interior relict
depth profile	largest_component_prop	Largest
component	Depth_31_45	31-45 cm	134	0.395
interior_depth	Interior relict
depth profile	robustness_auc_random	Robustness AUC
random removal	Depth_31_45	31-45 cm	134	0.187125
interior_depth	Interior relict
depth profile	robustness_auc_targeted	Robustness AUC
targeted removal	Depth_31_45	31-45 cm	134	0.056875
interior_depth	Interior relict
depth profile	modularity_louvain	Modularity	Depth_31_45	31-45 cm	134	0.422681876720285
interior_depth	Interior relict
depth profile	largest_component_prop	Largest
component	Depth_31_45	31-45 cm	135	0.625
interior_depth	Interior relict
depth profile	robustness_auc_random	Robustness AUC
random removal	Depth_31_45	31-45 cm	135	0.286125
interior_depth	Interior relict
depth profile	robustness_auc_targeted	Robustness AUC
targeted removal	Depth_31_45	31-45 cm	135	0.110625
interior_depth	Interior relict
depth profile	modularity_louvain	Modularity	Depth_31_45	31-45 cm	135	0.473577056134946
interior_depth	Interior relict
depth profile	largest_component_prop	Largest
component	Depth_31_45	31-45 cm	136	0.525
interior_depth	Interior relict
depth profile	robustness_auc_random	Robustness AUC
random removal	Depth_31_45	31-45 cm	136	0.247125
interior_depth	Interior relict
depth profile	robustness_auc_targeted	Robustness AUC
targeted removal	Depth_31_45	31-45 cm	136	0.080375
interior_depth	Interior relict
depth profile	modularity_louvain	Modularity	Depth_31_45	31-45 cm	136	0.440547587182142
interior_depth	Interior relict
depth profile	largest_component_prop	Largest
component	Depth_31_45	31-45 cm	137	0.56
interior_depth	Interior relict
depth profile	robustness_auc_random	Robustness AUC
random removal	Depth_31_45	31-45 cm	137	0.24925
interior_depth	Interior relict
depth profile	robustness_auc_targeted	Robustness AUC
targeted removal	Depth_31_45	31-45 cm	137	0.092
interior_depth	Interior relict
depth profile	modularity_louvain	Modularity	Depth_31_45	31-45 cm	137	0.459729552284033
interior_depth	Interior relict
depth profile	largest_component_prop	Largest
component	Depth_31_45	31-45 cm	138	0.635
interior_depth	Interior relict
depth profile	robustness_auc_random	Robustness AUC
random removal	Depth_31_45	31-45 cm	138	0.275375
interior_depth	Interior relict
depth profile	robustness_auc_targeted	Robustness AUC
targeted removal	Depth_31_45	31-45 cm	138	0.109875
interior_depth	Interior relict
depth profile	modularity_louvain	Modularity	Depth_31_45	31-45 cm	138	0.509867175071337
interior_depth	Interior relict
depth profile	largest_component_prop	Largest
component	Depth_31_45	31-45 cm	139	0.665
interior_depth	Interior relict
depth profile	robustness_auc_random	Robustness AUC
random removal	Depth_31_45	31-45 cm	139	0.288625
interior_depth	Interior relict
depth profile	robustness_auc_targeted	Robustness AUC
targeted removal	Depth_31_45	31-45 cm	139	0.103875
interior_depth	Interior relict
depth profile	modularity_louvain	Modularity	Depth_31_45	31-45 cm	139	0.498323905961971
interior_depth	Interior relict
depth profile	largest_component_prop	Largest
component	Depth_31_45	31-45 cm	140	0.545
interior_depth	Interior relict
depth profile	robustness_auc_random	Robustness AUC
random removal	Depth_31_45	31-45 cm	140	0.227625
interior_depth	Interior relict
depth profile	robustness_auc_targeted	Robustness AUC
targeted removal	Depth_31_45	31-45 cm	140	0.072375
interior_depth	Interior relict
depth profile	modularity_louvain	Modularity	Depth_31_45	31-45 cm	140	0.4344618822757
interior_depth	Interior relict
depth profile	largest_component_prop	Largest
component	Depth_31_45	31-45 cm	141	0.405
interior_depth	Interior relict
depth profile	robustness_auc_random	Robustness AUC
random removal	Depth_31_45	31-45 cm	141	0.182875
interior_depth	Interior relict
depth profile	robustness_auc_targeted	Robustness AUC
targeted removal	Depth_31_45	31-45 cm	141	0.058875
interior_depth	Interior relict
depth profile	modularity_louvain	Modularity	Depth_31_45	31-45 cm	141	0.51029961364612
interior_depth	Interior relict
depth profile	largest_component_prop	Largest
component	Depth_31_45	31-45 cm	142	0.545
interior_depth	Interior relict
depth profile	robustness_auc_random	Robustness AUC
random removal	Depth_31_45	31-45 cm	142	0.267125
interior_depth	Interior relict
depth profile	robustness_auc_targeted	Robustness AUC
targeted removal	Depth_31_45	31-45 cm	142	0.092125
interior_depth	Interior relict
depth profile	modularity_louvain	Modularity	Depth_31_45	31-45 cm	142	0.500640766647307
interior_depth	Interior relict
depth profile	largest_component_prop	Largest
component	Depth_31_45	31-45 cm	143	0.48
interior_depth	Interior relict
depth profile	robustness_auc_random	Robustness AUC
random removal	Depth_31_45	31-45 cm	143	0.22575
interior_depth	Interior relict
depth profile	robustness_auc_targeted	Robustness AUC
targeted removal	Depth_31_45	31-45 cm	143	0.05525
interior_depth	Interior relict
depth profile	modularity_louvain	Modularity	Depth_31_45	31-45 cm	143	0.446046185702381
interior_depth	Interior relict
depth profile	largest_component_prop	Largest
component	Depth_31_45	31-45 cm	144	0.655
interior_depth	Interior relict
depth profile	robustness_auc_random	Robustness AUC
random removal	Depth_31_45	31-45 cm	144	0.279375
interior_depth	Interior relict
depth profile	robustness_auc_targeted	Robustness AUC
targeted removal	Depth_31_45	31-45 cm	144	0.125875
interior_depth	Interior relict
depth profile	modularity_louvain	Modularity	Depth_31_45	31-45 cm	144	0.533048407868488
interior_depth	Interior relict
depth profile	largest_component_prop	Largest
component	Depth_31_45	31-45 cm	145	0.56
interior_depth	Interior relict
depth profile	robustness_auc_random	Robustness AUC
random removal	Depth_31_45	31-45 cm	145	0.21725
interior_depth	Interior relict
depth profile	robustness_auc_targeted	Robustness AUC
targeted removal	Depth_31_45	31-45 cm	145	0.08775
interior_depth	Interior relict
depth profile	modularity_louvain	Modularity	Depth_31_45	31-45 cm	145	0.45336292012828
interior_depth	Interior relict
depth profile	largest_component_prop	Largest
component	Depth_31_45	31-45 cm	146	0.555
interior_depth	Interior relict
depth profile	robustness_auc_random	Robustness AUC
random removal	Depth_31_45	31-45 cm	146	0.248875
interior_depth	Interior relict
depth profile	robustness_auc_targeted	Robustness AUC
targeted removal	Depth_31_45	31-45 cm	146	0.084375
interior_depth	Interior relict
depth profile	modularity_louvain	Modularity	Depth_31_45	31-45 cm	146	0.496824575136991
interior_depth	Interior relict
depth profile	largest_component_prop	Largest
component	Depth_31_45	31-45 cm	147	0.59
interior_depth	Interior relict
depth profile	robustness_auc_random	Robustness AUC
random removal	Depth_31_45	31-45 cm	147	0.24425
interior_depth	Interior relict
depth profile	robustness_auc_targeted	Robustness AUC
targeted removal	Depth_31_45	31-45 cm	147	0.08975
interior_depth	Interior relict
depth profile	modularity_louvain	Modularity	Depth_31_45	31-45 cm	147	0.433562283780713
interior_depth	Interior relict
depth profile	largest_component_prop	Largest
component	Depth_31_45	31-45 cm	148	0.565
interior_depth	Interior relict
depth profile	robustness_auc_random	Robustness AUC
random removal	Depth_31_45	31-45 cm	148	0.231375
interior_depth	Interior relict
depth profile	robustness_auc_targeted	Robustness AUC
targeted removal	Depth_31_45	31-45 cm	148	0.093375
interior_depth	Interior relict
depth profile	modularity_louvain	Modularity	Depth_31_45	31-45 cm	148	0.485117168758365
interior_depth	Interior relict
depth profile	largest_component_prop	Largest
component	Depth_31_45	31-45 cm	149	0.48
interior_depth	Interior relict
depth profile	robustness_auc_random	Robustness AUC
random removal	Depth_31_45	31-45 cm	149	0.22125
interior_depth	Interior relict
depth profile	robustness_auc_targeted	Robustness AUC
targeted removal	Depth_31_45	31-45 cm	149	0.06025
interior_depth	Interior relict
depth profile	modularity_louvain	Modularity	Depth_31_45	31-45 cm	149	0.457908259892427
interior_depth	Interior relict
depth profile	largest_component_prop	Largest
component	Depth_31_45	31-45 cm	150	0.575
interior_depth	Interior relict
depth profile	robustness_auc_random	Robustness AUC
random removal	Depth_31_45	31-45 cm	150	0.246125
interior_depth	Interior relict
depth profile	robustness_auc_targeted	Robustness AUC
targeted removal	Depth_31_45	31-45 cm	150	0.081625
interior_depth	Interior relict
depth profile	modularity_louvain	Modularity	Depth_31_45	31-45 cm	150	0.483734627913437
interior_depth	Interior relict
depth profile	largest_component_prop	Largest
component	Depth_31_45	31-45 cm	151	0.59
interior_depth	Interior relict
depth profile	robustness_auc_random	Robustness AUC
random removal	Depth_31_45	31-45 cm	151	0.2835
interior_depth	Interior relict
depth profile	robustness_auc_targeted	Robustness AUC
targeted removal	Depth_31_45	31-45 cm	151	0.0935
interior_depth	Interior relict
depth profile	modularity_louvain	Modularity	Depth_31_45	31-45 cm	151	0.461273073912275
interior_depth	Interior relict
depth profile	largest_component_prop	Largest
component	Depth_31_45	31-45 cm	152	0.56
interior_depth	Interior relict
depth profile	robustness_auc_random	Robustness AUC
random removal	Depth_31_45	31-45 cm	152	0.23875
interior_depth	Interior relict
depth profile	robustness_auc_targeted	Robustness AUC
targeted removal	Depth_31_45	31-45 cm	152	0.091
interior_depth	Interior relict
depth profile	modularity_louvain	Modularity	Depth_31_45	31-45 cm	152	0.563691573445115
interior_depth	Interior relict
depth profile	largest_component_prop	Largest
component	Depth_31_45	31-45 cm	153	0.435
interior_depth	Interior relict
depth profile	robustness_auc_random	Robustness AUC
random removal	Depth_31_45	31-45 cm	153	0.203375
interior_depth	Interior relict
depth profile	robustness_auc_targeted	Robustness AUC
targeted removal	Depth_31_45	31-45 cm	153	0.054625
interior_depth	Interior relict
depth profile	modularity_louvain	Modularity	Depth_31_45	31-45 cm	153	0.496606777606626
interior_depth	Interior relict
depth profile	largest_component_prop	Largest
component	Depth_31_45	31-45 cm	154	0.64
interior_depth	Interior relict
depth profile	robustness_auc_random	Robustness AUC
random removal	Depth_31_45	31-45 cm	154	0.25825
interior_depth	Interior relict
depth profile	robustness_auc_targeted	Robustness AUC
targeted removal	Depth_31_45	31-45 cm	154	0.104
interior_depth	Interior relict
depth profile	modularity_louvain	Modularity	Depth_31_45	31-45 cm	154	0.513317214211762
interior_depth	Interior relict
depth profile	largest_component_prop	Largest
component	Depth_31_45	31-45 cm	155	0.57
interior_depth	Interior relict
depth profile	robustness_auc_random	Robustness AUC
random removal	Depth_31_45	31-45 cm	155	0.269
interior_depth	Interior relict
depth profile	robustness_auc_targeted	Robustness AUC
targeted removal	Depth_31_45	31-45 cm	155	0.10575
interior_depth	Interior relict
depth profile	modularity_louvain	Modularity	Depth_31_45	31-45 cm	155	0.491035579909598
interior_depth	Interior relict
depth profile	largest_component_prop	Largest
component	Depth_31_45	31-45 cm	156	0.54
interior_depth	Interior relict
depth profile	robustness_auc_random	Robustness AUC
random removal	Depth_31_45	31-45 cm	156	0.23525
interior_depth	Interior relict
depth profile	robustness_auc_targeted	Robustness AUC
targeted removal	Depth_31_45	31-45 cm	156	0.08175
interior_depth	Interior relict
depth profile	modularity_louvain	Modularity	Depth_31_45	31-45 cm	156	0.487626575086488
interior_depth	Interior relict
depth profile	largest_component_prop	Largest
component	Depth_31_45	31-45 cm	157	0.645
interior_depth	Interior relict
depth profile	robustness_auc_random	Robustness AUC
random removal	Depth_31_45	31-45 cm	157	0.294125
interior_depth	Interior relict
depth profile	robustness_auc_targeted	Robustness AUC
targeted removal	Depth_31_45	31-45 cm	157	0.106875
interior_depth	Interior relict
depth profile	modularity_louvain	Modularity	Depth_31_45	31-45 cm	157	0.48821368147269
interior_depth	Interior relict
depth profile	largest_component_prop	Largest
component	Depth_31_45	31-45 cm	158	0.565
interior_depth	Interior relict
depth profile	robustness_auc_random	Robustness AUC
random removal	Depth_31_45	31-45 cm	158	0.245375
interior_depth	Interior relict
depth profile	robustness_auc_targeted	Robustness AUC
targeted removal	Depth_31_45	31-45 cm	158	0.085375
interior_depth	Interior relict
depth profile	modularity_louvain	Modularity	Depth_31_45	31-45 cm	158	0.511208681598949
interior_depth	Interior relict
depth profile	largest_component_prop	Largest
component	Depth_31_45	31-45 cm	159	0.545
interior_depth	Interior relict
depth profile	robustness_auc_random	Robustness AUC
random removal	Depth_31_45	31-45 cm	159	0.224625
interior_depth	Interior relict
depth profile	robustness_auc_targeted	Robustness AUC
targeted removal	Depth_31_45	31-45 cm	159	0.084875
interior_depth	Interior relict
depth profile	modularity_louvain	Modularity	Depth_31_45	31-45 cm	159	0.461285699856064
interior_depth	Interior relict
depth profile	largest_component_prop	Largest
component	Depth_31_45	31-45 cm	160	0.575
interior_depth	Interior relict
depth profile	robustness_auc_random	Robustness AUC
random removal	Depth_31_45	31-45 cm	160	0.268125
interior_depth	Interior relict
depth profile	robustness_auc_targeted	Robustness AUC
targeted removal	Depth_31_45	31-45 cm	160	0.092375
interior_depth	Interior relict
depth profile	modularity_louvain	Modularity	Depth_31_45	31-45 cm	160	0.520094189540668
interior_depth	Interior relict
depth profile	largest_component_prop	Largest
component	Depth_31_45	31-45 cm	161	0.55
interior_depth	Interior relict
depth profile	robustness_auc_random	Robustness AUC
random removal	Depth_31_45	31-45 cm	161	0.23425
interior_depth	Interior relict
depth profile	robustness_auc_targeted	Robustness AUC
targeted removal	Depth_31_45	31-45 cm	161	0.07975
interior_depth	Interior relict
depth profile	modularity_louvain	Modularity	Depth_31_45	31-45 cm	161	0.499157218252064
interior_depth	Interior relict
depth profile	largest_component_prop	Largest
component	Depth_31_45	31-45 cm	162	0.49
interior_depth	Interior relict
depth profile	robustness_auc_random	Robustness AUC
random removal	Depth_31_45	31-45 cm	162	0.2085
interior_depth	Interior relict
depth profile	robustness_auc_targeted	Robustness AUC
targeted removal	Depth_31_45	31-45 cm	162	0.0615
interior_depth	Interior relict
depth profile	modularity_louvain	Modularity	Depth_31_45	31-45 cm	162	0.457933511780005
interior_depth	Interior relict
depth profile	largest_component_prop	Largest
component	Depth_31_45	31-45 cm	163	0.62
interior_depth	Interior relict
depth profile	robustness_auc_random	Robustness AUC
random removal	Depth_31_45	31-45 cm	163	0.28225
interior_depth	Interior relict
depth profile	robustness_auc_targeted	Robustness AUC
targeted removal	Depth_31_45	31-45 cm	163	0.09175
interior_depth	Interior relict
depth profile	modularity_louvain	Modularity	Depth_31_45	31-45 cm	163	0.484365925102901
interior_depth	Interior relict
depth profile	largest_component_prop	Largest
component	Depth_31_45	31-45 cm	164	0.635
interior_depth	Interior relict
depth profile	robustness_auc_random	Robustness AUC
random removal	Depth_31_45	31-45 cm	164	0.268125
interior_depth	Interior relict
depth profile	robustness_auc_targeted	Robustness AUC
targeted removal	Depth_31_45	31-45 cm	164	0.101625
interior_depth	Interior relict
depth profile	modularity_louvain	Modularity	Depth_31_45	31-45 cm	164	0.534408853311785
interior_depth	Interior relict
depth profile	largest_component_prop	Largest
component	Depth_31_45	31-45 cm	165	0.615
interior_depth	Interior relict
depth profile	robustness_auc_random	Robustness AUC
random removal	Depth_31_45	31-45 cm	165	0.262375
interior_depth	Interior relict
depth profile	robustness_auc_targeted	Robustness AUC
targeted removal	Depth_31_45	31-45 cm	165	0.091125
interior_depth	Interior relict
depth profile	modularity_louvain	Modularity	Depth_31_45	31-45 cm	165	0.478731597686927
interior_depth	Interior relict
depth profile	largest_component_prop	Largest
component	Depth_31_45	31-45 cm	166	0.585
interior_depth	Interior relict
depth profile	robustness_auc_random	Robustness AUC
random removal	Depth_31_45	31-45 cm	166	0.266625
interior_depth	Interior relict
depth profile	robustness_auc_targeted	Robustness AUC
targeted removal	Depth_31_45	31-45 cm	166	0.094375
interior_depth	Interior relict
depth profile	modularity_louvain	Modularity	Depth_31_45	31-45 cm	166	0.491647938183379
interior_depth	Interior relict
depth profile	largest_component_prop	Largest
component	Depth_31_45	31-45 cm	167	0.595
interior_depth	Interior relict
depth profile	robustness_auc_random	Robustness AUC
random removal	Depth_31_45	31-45 cm	167	0.243875
interior_depth	Interior relict
depth profile	robustness_auc_targeted	Robustness AUC
targeted removal	Depth_31_45	31-45 cm	167	0.092625
interior_depth	Interior relict
depth profile	modularity_louvain	Modularity	Depth_31_45	31-45 cm	167	0.477923537284412
interior_depth	Interior relict
depth profile	largest_component_prop	Largest
component	Depth_31_45	31-45 cm	168	0.55
interior_depth	Interior relict
depth profile	robustness_auc_random	Robustness AUC
random removal	Depth_31_45	31-45 cm	168	0.23225
interior_depth	Interior relict
depth profile	robustness_auc_targeted	Robustness AUC
targeted removal	Depth_31_45	31-45 cm	168	0.0775
interior_depth	Interior relict
depth profile	modularity_louvain	Modularity	Depth_31_45	31-45 cm	168	0.519020984318578
interior_depth	Interior relict
depth profile	largest_component_prop	Largest
component	Depth_31_45	31-45 cm	169	0.545
interior_depth	Interior relict
depth profile	robustness_auc_random	Robustness AUC
random removal	Depth_31_45	31-45 cm	169	0.246625
interior_depth	Interior relict
depth profile	robustness_auc_targeted	Robustness AUC
targeted removal	Depth_31_45	31-45 cm	169	0.085625
interior_depth	Interior relict
depth profile	modularity_louvain	Modularity	Depth_31_45	31-45 cm	169	0.500489255321835
interior_depth	Interior relict
depth profile	largest_component_prop	Largest
component	Depth_31_45	31-45 cm	170	0.525
interior_depth	Interior relict
depth profile	robustness_auc_random	Robustness AUC
random removal	Depth_31_45	31-45 cm	170	0.215125
interior_depth	Interior relict
depth profile	robustness_auc_targeted	Robustness AUC
targeted removal	Depth_31_45	31-45 cm	170	0.068375
interior_depth	Interior relict
depth profile	modularity_louvain	Modularity	Depth_31_45	31-45 cm	170	0.446011464356961
interior_depth	Interior relict
depth profile	largest_component_prop	Largest
component	Depth_31_45	31-45 cm	171	0.585
interior_depth	Interior relict
depth profile	robustness_auc_random	Robustness AUC
random removal	Depth_31_45	31-45 cm	171	0.269375
interior_depth	Interior relict
depth profile	robustness_auc_targeted	Robustness AUC
targeted removal	Depth_31_45	31-45 cm	171	0.100125
interior_depth	Interior relict
depth profile	modularity_louvain	Modularity	Depth_31_45	31-45 cm	171	0.54097434408222
interior_depth	Interior relict
depth profile	largest_component_prop	Largest
component	Depth_31_45	31-45 cm	172	0.545
interior_depth	Interior relict
depth profile	robustness_auc_random	Robustness AUC
random removal	Depth_31_45	31-45 cm	172	0.230125
interior_depth	Interior relict
depth profile	robustness_auc_targeted	Robustness AUC
targeted removal	Depth_31_45	31-45 cm	172	0.074875
interior_depth	Interior relict
depth profile	modularity_louvain	Modularity	Depth_31_45	31-45 cm	172	0.497067624554935
interior_depth	Interior relict
depth profile	largest_component_prop	Largest
component	Depth_31_45	31-45 cm	173	0.64
interior_depth	Interior relict
depth profile	robustness_auc_random	Robustness AUC
random removal	Depth_31_45	31-45 cm	173	0.27675
interior_depth	Interior relict
depth profile	robustness_auc_targeted	Robustness AUC
targeted removal	Depth_31_45	31-45 cm	173	0.1045
interior_depth	Interior relict
depth profile	modularity_louvain	Modularity	Depth_31_45	31-45 cm	173	0.484157597030378
interior_depth	Interior relict
depth profile	largest_component_prop	Largest
component	Depth_31_45	31-45 cm	174	0.61
interior_depth	Interior relict
depth profile	robustness_auc_random	Robustness AUC
random removal	Depth_31_45	31-45 cm	174	0.27075
interior_depth	Interior relict
depth profile	robustness_auc_targeted	Robustness AUC
targeted removal	Depth_31_45	31-45 cm	174	0.117
interior_depth	Interior relict
depth profile	modularity_louvain	Modularity	Depth_31_45	31-45 cm	174	0.52792227469003306
interior_depth	Interior relict
depth profile	largest_component_prop	Largest
component	Depth_31_45	31-45 cm	175	0.595
interior_depth	Interior relict
depth profile	robustness_auc_random	Robustness AUC
random removal	Depth_31_45	31-45 cm	175	0.247125
interior_depth	Interior relict
depth profile	robustness_auc_targeted	Robustness AUC
targeted removal	Depth_31_45	31-45 cm	175	0.110125
interior_depth	Interior relict
depth profile	modularity_louvain	Modularity	Depth_31_45	31-45 cm	175	0.506638089947224
interior_depth	Interior relict
depth profile	largest_component_prop	Largest
component	Depth_31_45	31-45 cm	176	0.515
interior_depth	Interior relict
depth profile	robustness_auc_random	Robustness AUC
random removal	Depth_31_45	31-45 cm	176	0.240625
interior_depth	Interior relict
depth profile	robustness_auc_targeted	Robustness AUC
targeted removal	Depth_31_45	31-45 cm	176	0.086625
interior_depth	Interior relict
depth profile	modularity_louvain	Modularity	Depth_31_45	31-45 cm	176	0.488624024645842
interior_depth	Interior relict
depth profile	largest_component_prop	Largest
component	Depth_31_45	31-45 cm	177	0.58
interior_depth	Interior relict
depth profile	robustness_auc_random	Robustness AUC
random removal	Depth_31_45	31-45 cm	177	0.27
interior_depth	Interior relict
depth profile	robustness_auc_targeted	Robustness AUC
targeted removal	Depth_31_45	31-45 cm	177	0.09075
interior_depth	Interior relict
depth profile	modularity_louvain	Modularity	Depth_31_45	31-45 cm	177	0.494864397363703
interior_depth	Interior relict
depth profile	largest_component_prop	Largest
component	Depth_31_45	31-45 cm	178	0.54
interior_depth	Interior relict
depth profile	robustness_auc_random	Robustness AUC
random removal	Depth_31_45	31-45 cm	178	0.22475
interior_depth	Interior relict
depth profile	robustness_auc_targeted	Robustness AUC
targeted removal	Depth_31_45	31-45 cm	178	0.0955
interior_depth	Interior relict
depth profile	modularity_louvain	Modularity	Depth_31_45	31-45 cm	178	0.528361026236711
interior_depth	Interior relict
depth profile	largest_component_prop	Largest
component	Depth_31_45	31-45 cm	179	0.56
interior_depth	Interior relict
depth profile	robustness_auc_random	Robustness AUC
random removal	Depth_31_45	31-45 cm	179	0.24925
interior_depth	Interior relict
depth profile	robustness_auc_targeted	Robustness AUC
targeted removal	Depth_31_45	31-45 cm	179	0.10475
interior_depth	Interior relict
depth profile	modularity_louvain	Modularity	Depth_31_45	31-45 cm	179	0.50346897805611
interior_depth	Interior relict
depth profile	largest_component_prop	Largest
component	Depth_31_45	31-45 cm	180	0.555
interior_depth	Interior relict
depth profile	robustness_auc_random	Robustness AUC
random removal	Depth_31_45	31-45 cm	180	0.243625
interior_depth	Interior relict
depth profile	robustness_auc_targeted	Robustness AUC
targeted removal	Depth_31_45	31-45 cm	180	0.089375
interior_depth	Interior relict
depth profile	modularity_louvain	Modularity	Depth_31_45	31-45 cm	180	0.492320269690159
interior_depth	Interior relict
depth profile	largest_component_prop	Largest
component	Depth_31_45	31-45 cm	181	0.55
interior_depth	Interior relict
depth profile	robustness_auc_random	Robustness AUC
random removal	Depth_31_45	31-45 cm	181	0.28225
interior_depth	Interior relict
depth profile	robustness_auc_targeted	Robustness AUC
targeted removal	Depth_31_45	31-45 cm	181	0.0855
interior_depth	Interior relict
depth profile	modularity_louvain	Modularity	Depth_31_45	31-45 cm	181	0.490925102901442
interior_depth	Interior relict
depth profile	largest_component_prop	Largest
component	Depth_31_45	31-45 cm	182	0.59
interior_depth	Interior relict
depth profile	robustness_auc_random	Robustness AUC
random removal	Depth_31_45	31-45 cm	182	0.234
interior_depth	Interior relict
depth profile	robustness_auc_targeted	Robustness AUC
targeted removal	Depth_31_45	31-45 cm	182	0.0975
interior_depth	Interior relict
depth profile	modularity_louvain	Modularity	Depth_31_45	31-45 cm	182	0.513493977424812
interior_depth	Interior relict
depth profile	largest_component_prop	Largest
component	Depth_31_45	31-45 cm	183	0.67
interior_depth	Interior relict
depth profile	robustness_auc_random	Robustness AUC
random removal	Depth_31_45	31-45 cm	183	0.29775
interior_depth	Interior relict
depth profile	robustness_auc_targeted	Robustness AUC
targeted removal	Depth_31_45	31-45 cm	183	0.11625
interior_depth	Interior relict
depth profile	modularity_louvain	Modularity	Depth_31_45	31-45 cm	183	0.50940317163708
interior_depth	Interior relict
depth profile	largest_component_prop	Largest
component	Depth_31_45	31-45 cm	184	0.55
interior_depth	Interior relict
depth profile	robustness_auc_random	Robustness AUC
random removal	Depth_31_45	31-45 cm	184	0.22675
interior_depth	Interior relict
depth profile	robustness_auc_targeted	Robustness AUC
targeted removal	Depth_31_45	31-45 cm	184	0.0815
interior_depth	Interior relict
depth profile	modularity_louvain	Modularity	Depth_31_45	31-45 cm	184	0.564127168505846
interior_depth	Interior relict
depth profile	largest_component_prop	Largest
component	Depth_31_45	31-45 cm	185	0.565
interior_depth	Interior relict
depth profile	robustness_auc_random	Robustness AUC
random removal	Depth_31_45	31-45 cm	185	0.277375
interior_depth	Interior relict
depth profile	robustness_auc_targeted	Robustness AUC
targeted removal	Depth_31_45	31-45 cm	185	0.087625
interior_depth	Interior relict
depth profile	modularity_louvain	Modularity	Depth_31_45	31-45 cm	185	0.503431100224742
interior_depth	Interior relict
depth profile	largest_component_prop	Largest
component	Depth_31_45	31-45 cm	186	0.55
interior_depth	Interior relict
depth profile	robustness_auc_random	Robustness AUC
random removal	Depth_31_45	31-45 cm	186	0.25275
interior_depth	Interior relict
depth profile	robustness_auc_targeted	Robustness AUC
targeted removal	Depth_31_45	31-45 cm	186	0.08075
interior_depth	Interior relict
depth profile	modularity_louvain	Modularity	Depth_31_45	31-45 cm	186	0.523604201914093
interior_depth	Interior relict
depth profile	largest_component_prop	Largest
component	Depth_31_45	31-45 cm	187	0.585
interior_depth	Interior relict
depth profile	robustness_auc_random	Robustness AUC
random removal	Depth_31_45	31-45 cm	187	0.241375
interior_depth	Interior relict
depth profile	robustness_auc_targeted	Robustness AUC
targeted removal	Depth_31_45	31-45 cm	187	0.091125
interior_depth	Interior relict
depth profile	modularity_louvain	Modularity	Depth_31_45	31-45 cm	187	0.500293553193101
interior_depth	Interior relict
depth profile	largest_component_prop	Largest
component	Depth_31_45	31-45 cm	188	0.565
interior_depth	Interior relict
depth profile	robustness_auc_random	Robustness AUC
random removal	Depth_31_45	31-45 cm	188	0.266125
interior_depth	Interior relict
depth profile	robustness_auc_targeted	Robustness AUC
targeted removal	Depth_31_45	31-45 cm	188	0.081375
interior_depth	Interior relict
depth profile	modularity_louvain	Modularity	Depth_31_45	31-45 cm	188	0.472592232519381
interior_depth	Interior relict
depth profile	largest_component_prop	Largest
component	Depth_31_45	31-45 cm	189	0.61
interior_depth	Interior relict
depth profile	robustness_auc_random	Robustness AUC
random removal	Depth_31_45	31-45 cm	189	0.281
interior_depth	Interior relict
depth profile	robustness_auc_targeted	Robustness AUC
targeted removal	Depth_31_45	31-45 cm	189	0.08725
interior_depth	Interior relict
depth profile	modularity_louvain	Modularity	Depth_31_45	31-45 cm	189	0.468056362213076
interior_depth	Interior relict
depth profile	largest_component_prop	Largest
component	Depth_31_45	31-45 cm	190	0.705
interior_depth	Interior relict
depth profile	robustness_auc_random	Robustness AUC
random removal	Depth_31_45	31-45 cm	190	0.272125
interior_depth	Interior relict
depth profile	robustness_auc_targeted	Robustness AUC
targeted removal	Depth_31_45	31-45 cm	190	0.118125
interior_depth	Interior relict
depth profile	modularity_louvain	Modularity	Depth_31_45	31-45 cm	190	0.550270195197091
interior_depth	Interior relict
depth profile	largest_component_prop	Largest
component	Depth_31_45	31-45 cm	191	0.48
interior_depth	Interior relict
depth profile	robustness_auc_random	Robustness AUC
random removal	Depth_31_45	31-45 cm	191	0.2305
interior_depth	Interior relict
depth profile	robustness_auc_targeted	Robustness AUC
targeted removal	Depth_31_45	31-45 cm	191	0.062
interior_depth	Interior relict
depth profile	modularity_louvain	Modularity	Depth_31_45	31-45 cm	191	0.390163758490947
interior_depth	Interior relict
depth profile	largest_component_prop	Largest
component	Depth_31_45	31-45 cm	192	0.535
interior_depth	Interior relict
depth profile	robustness_auc_random	Robustness AUC
random removal	Depth_31_45	31-45 cm	192	0.241375
interior_depth	Interior relict
depth profile	robustness_auc_targeted	Robustness AUC
targeted removal	Depth_31_45	31-45 cm	192	0.081625
interior_depth	Interior relict
depth profile	modularity_louvain	Modularity	Depth_31_45	31-45 cm	192	0.478532739072246
interior_depth	Interior relict
depth profile	largest_component_prop	Largest
component	Depth_31_45	31-45 cm	193	0.475
interior_depth	Interior relict
depth profile	robustness_auc_random	Robustness AUC
random removal	Depth_31_45	31-45 cm	193	0.220875
interior_depth	Interior relict
depth profile	robustness_auc_targeted	Robustness AUC
targeted removal	Depth_31_45	31-45 cm	193	0.068125
interior_depth	Interior relict
depth profile	modularity_louvain	Modularity	Depth_31_45	31-45 cm	193	0.465704780182319
interior_depth	Interior relict
depth profile	largest_component_prop	Largest
component	Depth_31_45	31-45 cm	194	0.6
interior_depth	Interior relict
depth profile	robustness_auc_random	Robustness AUC
random removal	Depth_31_45	31-45 cm	194	0.27275
interior_depth	Interior relict
depth profile	robustness_auc_targeted	Robustness AUC
targeted removal	Depth_31_45	31-45 cm	194	0.0915
interior_depth	Interior relict
depth profile	modularity_louvain	Modularity	Depth_31_45	31-45 cm	194	0.536466882149441
interior_depth	Interior relict
depth profile	largest_component_prop	Largest
component	Depth_31_45	31-45 cm	195	0.61
interior_depth	Interior relict
depth profile	robustness_auc_random	Robustness AUC
random removal	Depth_31_45	31-45 cm	195	0.24075
interior_depth	Interior relict
depth profile	robustness_auc_targeted	Robustness AUC
targeted removal	Depth_31_45	31-45 cm	195	0.10125
interior_depth	Interior relict
depth profile	modularity_louvain	Modularity	Depth_31_45	31-45 cm	195	0.504700007575566
interior_depth	Interior relict
depth profile	largest_component_prop	Largest
component	Depth_31_45	31-45 cm	196	0.505
interior_depth	Interior relict
depth profile	robustness_auc_random	Robustness AUC
random removal	Depth_31_45	31-45 cm	196	0.241625
interior_depth	Interior relict
depth profile	robustness_auc_targeted	Robustness AUC
targeted removal	Depth_31_45	31-45 cm	196	0.064625
interior_depth	Interior relict
depth profile	modularity_louvain	Modularity	Depth_31_45	31-45 cm	196	0.499321355521325
interior_depth	Interior relict
depth profile	largest_component_prop	Largest
component	Depth_31_45	31-45 cm	197	0.6
interior_depth	Interior relict
depth profile	robustness_auc_random	Robustness AUC
random removal	Depth_31_45	31-45 cm	197	0.286
interior_depth	Interior relict
depth profile	robustness_auc_targeted	Robustness AUC
targeted removal	Depth_31_45	31-45 cm	197	0.1
interior_depth	Interior relict
depth profile	modularity_louvain	Modularity	Depth_31_45	31-45 cm	197	0.497812555238504
interior_depth	Interior relict
depth profile	largest_component_prop	Largest
component	Depth_31_45	31-45 cm	198	0.525
interior_depth	Interior relict
depth profile	robustness_auc_random	Robustness AUC
random removal	Depth_31_45	31-45 cm	198	0.234125
interior_depth	Interior relict
depth profile	robustness_auc_targeted	Robustness AUC
targeted removal	Depth_31_45	31-45 cm	198	0.071875
interior_depth	Interior relict
depth profile	modularity_louvain	Modularity	Depth_31_45	31-45 cm	198	0.505571197697028
interior_depth	Interior relict
depth profile	largest_component_prop	Largest
component	Depth_31_45	31-45 cm	199	0.565
interior_depth	Interior relict
depth profile	robustness_auc_random	Robustness AUC
random removal	Depth_31_45	31-45 cm	199	0.264625
interior_depth	Interior relict
depth profile	robustness_auc_targeted	Robustness AUC
targeted removal	Depth_31_45	31-45 cm	199	0.076125
interior_depth	Interior relict
depth profile	modularity_louvain	Modularity	Depth_31_45	31-45 cm	199	0.503929825004419
interior_depth	Interior relict
depth profile	largest_component_prop	Largest
component	Depth_31_45	31-45 cm	200	0.55
interior_depth	Interior relict
depth profile	robustness_auc_random	Robustness AUC
random removal	Depth_31_45	31-45 cm	200	0.2305
interior_depth	Interior relict
depth profile	robustness_auc_targeted	Robustness AUC
targeted removal	Depth_31_45	31-45 cm	200	0.084
interior_depth	Interior relict
depth profile	modularity_louvain	Modularity	Depth_31_45	31-45 cm	200	0.464104441807025
interior_depth	Interior relict
depth profile	largest_component_prop	Largest
component	Depth_50_75	50-75 cm	1	0.42
interior_depth	Interior relict
depth profile	robustness_auc_random	Robustness AUC
random removal	Depth_50_75	50-75 cm	1	0.18475
interior_depth	Interior relict
depth profile	robustness_auc_targeted	Robustness AUC
targeted removal	Depth_50_75	50-75 cm	1	0.05175
interior_depth	Interior relict
depth profile	modularity_louvain	Modularity	Depth_50_75	50-75 cm	1	0.411485821065125
interior_depth	Interior relict
depth profile	largest_component_prop	Largest
component	Depth_50_75	50-75 cm	2	0.6
interior_depth	Interior relict
depth profile	robustness_auc_random	Robustness AUC
random removal	Depth_50_75	50-75 cm	2	0.27325
interior_depth	Interior relict
depth profile	robustness_auc_targeted	Robustness AUC
targeted removal	Depth_50_75	50-75 cm	2	0.08225
interior_depth	Interior relict
depth profile	modularity_louvain	Modularity	Depth_50_75	50-75 cm	2	0.532890583571122
interior_depth	Interior relict
depth profile	largest_component_prop	Largest
component	Depth_50_75	50-75 cm	3	0.56
interior_depth	Interior relict
depth profile	robustness_auc_random	Robustness AUC
random removal	Depth_50_75	50-75 cm	3	0.2425
interior_depth	Interior relict
depth profile	robustness_auc_targeted	Robustness AUC
targeted removal	Depth_50_75	50-75 cm	3	0.092
interior_depth	Interior relict
depth profile	modularity_louvain	Modularity	Depth_50_75	50-75 cm	3	0.497313830458827
interior_depth	Interior relict
depth profile	largest_component_prop	Largest
component	Depth_50_75	50-75 cm	4	0.51
interior_depth	Interior relict
depth profile	robustness_auc_random	Robustness AUC
random removal	Depth_50_75	50-75 cm	4	0.2195
interior_depth	Interior relict
depth profile	robustness_auc_targeted	Robustness AUC
targeted removal	Depth_50_75	50-75 cm	4	0.065
interior_depth	Interior relict
depth profile	modularity_louvain	Modularity	Depth_50_75	50-75 cm	4	0.416921289866417
interior_depth	Interior relict
depth profile	largest_component_prop	Largest
component	Depth_50_75	50-75 cm	5	0.605
interior_depth	Interior relict
depth profile	robustness_auc_random	Robustness AUC
random removal	Depth_50_75	50-75 cm	5	0.267625
interior_depth	Interior relict
depth profile	robustness_auc_targeted	Robustness AUC
targeted removal	Depth_50_75	50-75 cm	5	0.104125
interior_depth	Interior relict
depth profile	modularity_louvain	Modularity	Depth_50_75	50-75 cm	5	0.500880659579303
interior_depth	Interior relict
depth profile	largest_component_prop	Largest
component	Depth_50_75	50-75 cm	6	0.49
interior_depth	Interior relict
depth profile	robustness_auc_random	Robustness AUC
random removal	Depth_50_75	50-75 cm	6	0.24075
interior_depth	Interior relict
depth profile	robustness_auc_targeted	Robustness AUC
targeted removal	Depth_50_75	50-75 cm	6	0.06975
interior_depth	Interior relict
depth profile	modularity_louvain	Modularity	Depth_50_75	50-75 cm	6	0.441298830837605
interior_depth	Interior relict
depth profile	largest_component_prop	Largest
component	Depth_50_75	50-75 cm	7	0.545
interior_depth	Interior relict
depth profile	robustness_auc_random	Robustness AUC
random removal	Depth_50_75	50-75 cm	7	0.236125
interior_depth	Interior relict
depth profile	robustness_auc_targeted	Robustness AUC
targeted removal	Depth_50_75	50-75 cm	7	0.078375
interior_depth	Interior relict
depth profile	modularity_louvain	Modularity	Depth_50_75	50-75 cm	7	0.434026287214969
interior_depth	Interior relict
depth profile	largest_component_prop	Largest
component	Depth_50_75	50-75 cm	8	0.59
interior_depth	Interior relict
depth profile	robustness_auc_random	Robustness AUC
random removal	Depth_50_75	50-75 cm	8	0.268
interior_depth	Interior relict
depth profile	robustness_auc_targeted	Robustness AUC
targeted removal	Depth_50_75	50-75 cm	8	0.09275
interior_depth	Interior relict
depth profile	modularity_louvain	Modularity	Depth_50_75	50-75 cm	8	0.482980227772026
interior_depth	Interior relict
depth profile	largest_component_prop	Largest
component	Depth_50_75	50-75 cm	9	0.415
interior_depth	Interior relict
depth profile	robustness_auc_random	Robustness AUC
random removal	Depth_50_75	50-75 cm	9	0.201125
interior_depth	Interior relict
depth profile	robustness_auc_targeted	Robustness AUC
targeted removal	Depth_50_75	50-75 cm	9	0.049875
interior_depth	Interior relict
depth profile	modularity_louvain	Modularity	Depth_50_75	50-75 cm	9	0.42609719451529
interior_depth	Interior relict
depth profile	largest_component_prop	Largest
component	Depth_50_75	50-75 cm	10	0.56
interior_depth	Interior relict
depth profile	robustness_auc_random	Robustness AUC
random removal	Depth_50_75	50-75 cm	10	0.2725
interior_depth	Interior relict
depth profile	robustness_auc_targeted	Robustness AUC
targeted removal	Depth_50_75	50-75 cm	10	0.071
interior_depth	Interior relict
depth profile	modularity_louvain	Modularity	Depth_50_75	50-75 cm	10	0.536870912350698
interior_depth	Interior relict
depth profile	largest_component_prop	Largest
component	Depth_50_75	50-75 cm	11	0.485
interior_depth	Interior relict
depth profile	robustness_auc_random	Robustness AUC
random removal	Depth_50_75	50-75 cm	11	0.205125
interior_depth	Interior relict
depth profile	robustness_auc_targeted	Robustness AUC
targeted removal	Depth_50_75	50-75 cm	11	0.063625
interior_depth	Interior relict
depth profile	modularity_louvain	Modularity	Depth_50_75	50-75 cm	11	0.432861543900407
interior_depth	Interior relict
depth profile	largest_component_prop	Largest
component	Depth_50_75	50-75 cm	12	0.635
interior_depth	Interior relict
depth profile	robustness_auc_random	Robustness AUC
random removal	Depth_50_75	50-75 cm	12	0.252125
interior_depth	Interior relict
depth profile	robustness_auc_targeted	Robustness AUC
targeted removal	Depth_50_75	50-75 cm	12	0.092625
interior_depth	Interior relict
depth profile	modularity_louvain	Modularity	Depth_50_75	50-75 cm	12	0.510498472260801
interior_depth	Interior relict
depth profile	largest_component_prop	Largest
component	Depth_50_75	50-75 cm	13	0.585
interior_depth	Interior relict
depth profile	robustness_auc_random	Robustness AUC
random removal	Depth_50_75	50-75 cm	13	0.262375
interior_depth	Interior relict
depth profile	robustness_auc_targeted	Robustness AUC
targeted removal	Depth_50_75	50-75 cm	13	0.085125
interior_depth	Interior relict
depth profile	modularity_louvain	Modularity	Depth_50_75	50-75 cm	13	0.488027448801798
interior_depth	Interior relict
depth profile	largest_component_prop	Largest
component	Depth_50_75	50-75 cm	14	0.475
interior_depth	Interior relict
depth profile	robustness_auc_random	Robustness AUC
random removal	Depth_50_75	50-75 cm	14	0.221375
interior_depth	Interior relict
depth profile	robustness_auc_targeted	Robustness AUC
targeted removal	Depth_50_75	50-75 cm	14	0.073625
interior_depth	Interior relict
depth profile	modularity_louvain	Modularity	Depth_50_75	50-75 cm	14	0.453994217317744
interior_depth	Interior relict
depth profile	largest_component_prop	Largest
component	Depth_50_75	50-75 cm	15	0.525
interior_depth	Interior relict
depth profile	robustness_auc_random	Robustness AUC
random removal	Depth_50_75	50-75 cm	15	0.225375
interior_depth	Interior relict
depth profile	robustness_auc_targeted	Robustness AUC
targeted removal	Depth_50_75	50-75 cm	15	0.073875
interior_depth	Interior relict
depth profile	modularity_louvain	Modularity	Depth_50_75	50-75 cm	15	0.480590767909901
interior_depth	Interior relict
depth profile	largest_component_prop	Largest
component	Depth_50_75	50-75 cm	16	0.445
interior_depth	Interior relict
depth profile	robustness_auc_random	Robustness AUC
random removal	Depth_50_75	50-75 cm	16	0.208125
interior_depth	Interior relict
depth profile	robustness_auc_targeted	Robustness AUC
targeted removal	Depth_50_75	50-75 cm	16	0.054625
interior_depth	Interior relict
depth profile	modularity_louvain	Modularity	Depth_50_75	50-75 cm	16	0.410993409257342
interior_depth	Interior relict
depth profile	largest_component_prop	Largest
component	Depth_50_75	50-75 cm	17	0.475
interior_depth	Interior relict
depth profile	robustness_auc_random	Robustness AUC
random removal	Depth_50_75	50-75 cm	17	0.198875
interior_depth	Interior relict
depth profile	robustness_auc_targeted	Robustness AUC
targeted removal	Depth_50_75	50-75 cm	17	0.057875
interior_depth	Interior relict
depth profile	modularity_louvain	Modularity	Depth_50_75	50-75 cm	17	0.42798477311179
interior_depth	Interior relict
depth profile	largest_component_prop	Largest
component	Depth_50_75	50-75 cm	18	0.465
interior_depth	Interior relict
depth profile	robustness_auc_random	Robustness AUC
random removal	Depth_50_75	50-75 cm	18	0.192875
interior_depth	Interior relict
depth profile	robustness_auc_targeted	Robustness AUC
targeted removal	Depth_50_75	50-75 cm	18	0.060125
interior_depth	Interior relict
depth profile	modularity_louvain	Modularity	Depth_50_75	50-75 cm	18	0.421618140956036
interior_depth	Interior relict
depth profile	largest_component_prop	Largest
component	Depth_50_75	50-75 cm	19	0.545
interior_depth	Interior relict
depth profile	robustness_auc_random	Robustness AUC
random removal	Depth_50_75	50-75 cm	19	0.251625
interior_depth	Interior relict
depth profile	robustness_auc_targeted	Robustness AUC
targeted removal	Depth_50_75	50-75 cm	19	0.077625
interior_depth	Interior relict
depth profile	modularity_louvain	Modularity	Depth_50_75	50-75 cm	19	0.421867503345875
interior_depth	Interior relict
depth profile	largest_component_prop	Largest
component	Depth_50_75	50-75 cm	20	0.495
interior_depth	Interior relict
depth profile	robustness_auc_random	Robustness AUC
random removal	Depth_50_75	50-75 cm	20	0.222875
interior_depth	Interior relict
depth profile	robustness_auc_targeted	Robustness AUC
targeted removal	Depth_50_75	50-75 cm	20	0.059375
interior_depth	Interior relict
depth profile	modularity_louvain	Modularity	Depth_50_75	50-75 cm	20	0.41746104896341
interior_depth	Interior relict
depth profile	largest_component_prop	Largest
component	Depth_50_75	50-75 cm	21	0.51
interior_depth	Interior relict
depth profile	robustness_auc_random	Robustness AUC
random removal	Depth_50_75	50-75 cm	21	0.23125
interior_depth	Interior relict
depth profile	robustness_auc_targeted	Robustness AUC
targeted removal	Depth_50_75	50-75 cm	21	0.0705
interior_depth	Interior relict
depth profile	modularity_louvain	Modularity	Depth_50_75	50-75 cm	21	0.449344713517335
interior_depth	Interior relict
depth profile	largest_component_prop	Largest
component	Depth_50_75	50-75 cm	22	0.565
interior_depth	Interior relict
depth profile	robustness_auc_random	Robustness AUC
random removal	Depth_50_75	50-75 cm	22	0.272125
interior_depth	Interior relict
depth profile	robustness_auc_targeted	Robustness AUC
targeted removal	Depth_50_75	50-75 cm	22	0.082875
interior_depth	Interior relict
depth profile	modularity_louvain	Modularity	Depth_50_75	50-75 cm	22	0.523162293881468
interior_depth	Interior relict
depth profile	largest_component_prop	Largest
component	Depth_50_75	50-75 cm	23	0.57
interior_depth	Interior relict
depth profile	robustness_auc_random	Robustness AUC
random removal	Depth_50_75	50-75 cm	23	0.25725
interior_depth	Interior relict
depth profile	robustness_auc_targeted	Robustness AUC
targeted removal	Depth_50_75	50-75 cm	23	0.0865
interior_depth	Interior relict
depth profile	modularity_louvain	Modularity	Depth_50_75	50-75 cm	23	0.587002222166107
interior_depth	Interior relict
depth profile	largest_component_prop	Largest
component	Depth_50_75	50-75 cm	24	0.58
interior_depth	Interior relict
depth profile	robustness_auc_random	Robustness AUC
random removal	Depth_50_75	50-75 cm	24	0.24525
interior_depth	Interior relict
depth profile	robustness_auc_targeted	Robustness AUC
targeted removal	Depth_50_75	50-75 cm	24	0.0875
interior_depth	Interior relict
depth profile	modularity_louvain	Modularity	Depth_50_75	50-75 cm	24	0.440282442362567
interior_depth	Interior relict
depth profile	largest_component_prop	Largest
component	Depth_50_75	50-75 cm	25	0.44
interior_depth	Interior relict
depth profile	robustness_auc_random	Robustness AUC
random removal	Depth_50_75	50-75 cm	25	0.2235
interior_depth	Interior relict
depth profile	robustness_auc_targeted	Robustness AUC
targeted removal	Depth_50_75	50-75 cm	25	0.05975
interior_depth	Interior relict
depth profile	modularity_louvain	Modularity	Depth_50_75	50-75 cm	25	0.470568925027146
interior_depth	Interior relict
depth profile	largest_component_prop	Largest
component	Depth_50_75	50-75 cm	26	0.53
interior_depth	Interior relict
depth profile	robustness_auc_random	Robustness AUC
random removal	Depth_50_75	50-75 cm	26	0.231
interior_depth	Interior relict
depth profile	robustness_auc_targeted	Robustness AUC
targeted removal	Depth_50_75	50-75 cm	26	0.07575
interior_depth	Interior relict
depth profile	modularity_louvain	Modularity	Depth_50_75	50-75 cm	26	0.441466124592813
interior_depth	Interior relict
depth profile	largest_component_prop	Largest
component	Depth_50_75	50-75 cm	27	0.545
interior_depth	Interior relict
depth profile	robustness_auc_random	Robustness AUC
random removal	Depth_50_75	50-75 cm	27	0.216875
interior_depth	Interior relict
depth profile	robustness_auc_targeted	Robustness AUC
targeted removal	Depth_50_75	50-75 cm	27	0.076375
interior_depth	Interior relict
depth profile	modularity_louvain	Modularity	Depth_50_75	50-75 cm	27	0.45969798742456
interior_depth	Interior relict
depth profile	largest_component_prop	Largest
component	Depth_50_75	50-75 cm	28	0.62
interior_depth	Interior relict
depth profile	robustness_auc_random	Robustness AUC
random removal	Depth_50_75	50-75 cm	28	0.25975
interior_depth	Interior relict
depth profile	robustness_auc_targeted	Robustness AUC
targeted removal	Depth_50_75	50-75 cm	28	0.08875
interior_depth	Interior relict
depth profile	modularity_louvain	Modularity	Depth_50_75	50-75 cm	28	0.495337870255802
interior_depth	Interior relict
depth profile	largest_component_prop	Largest
component	Depth_50_75	50-75 cm	29	0.57
interior_depth	Interior relict
depth profile	robustness_auc_random	Robustness AUC
random removal	Depth_50_75	50-75 cm	29	0.24675
interior_depth	Interior relict
depth profile	robustness_auc_targeted	Robustness AUC
targeted removal	Depth_50_75	50-75 cm	29	0.09525
interior_depth	Interior relict
depth profile	modularity_louvain	Modularity	Depth_50_75	50-75 cm	29	0.487219388399283
interior_depth	Interior relict
depth profile	largest_component_prop	Largest
component	Depth_50_75	50-75 cm	30	0.475
interior_depth	Interior relict
depth profile	robustness_auc_random	Robustness AUC
random removal	Depth_50_75	50-75 cm	30	0.225375
interior_depth	Interior relict
depth profile	robustness_auc_targeted	Robustness AUC
targeted removal	Depth_50_75	50-75 cm	30	0.076875
interior_depth	Interior relict
depth profile	modularity_louvain	Modularity	Depth_50_75	50-75 cm	30	0.463413171384561
interior_depth	Interior relict
depth profile	largest_component_prop	Largest
component	Depth_50_75	50-75 cm	31	0.53
interior_depth	Interior relict
depth profile	robustness_auc_random	Robustness AUC
random removal	Depth_50_75	50-75 cm	31	0.23325
interior_depth	Interior relict
depth profile	robustness_auc_targeted	Robustness AUC
targeted removal	Depth_50_75	50-75 cm	31	0.07275
interior_depth	Interior relict
depth profile	modularity_louvain	Modularity	Depth_50_75	50-75 cm	31	0.454019469205323
interior_depth	Interior relict
depth profile	largest_component_prop	Largest
component	Depth_50_75	50-75 cm	32	0.51
interior_depth	Interior relict
depth profile	robustness_auc_random	Robustness AUC
random removal	Depth_50_75	50-75 cm	32	0.2435
interior_depth	Interior relict
depth profile	robustness_auc_targeted	Robustness AUC
targeted removal	Depth_50_75	50-75 cm	32	0.0805
interior_depth	Interior relict
depth profile	modularity_louvain	Modularity	Depth_50_75	50-75 cm	32	0.464429559859599
interior_depth	Interior relict
depth profile	largest_component_prop	Largest
component	Depth_50_75	50-75 cm	33	0.4
interior_depth	Interior relict
depth profile	robustness_auc_random	Robustness AUC
random removal	Depth_50_75	50-75 cm	33	0.1775
interior_depth	Interior relict
depth profile	robustness_auc_targeted	Robustness AUC
targeted removal	Depth_50_75	50-75 cm	33	0.051
interior_depth	Interior relict
depth profile	modularity_louvain	Modularity	Depth_50_75	50-75 cm	33	0.392259665159971
interior_depth	Interior relict
depth profile	largest_component_prop	Largest
component	Depth_50_75	50-75 cm	34	0.565
interior_depth	Interior relict
depth profile	robustness_auc_random	Robustness AUC
random removal	Depth_50_75	50-75 cm	34	0.259375
interior_depth	Interior relict
depth profile	robustness_auc_targeted	Robustness AUC
targeted removal	Depth_50_75	50-75 cm	34	0.080875
interior_depth	Interior relict
depth profile	modularity_louvain	Modularity	Depth_50_75	50-75 cm	34	0.473349789146739
interior_depth	Interior relict
depth profile	largest_component_prop	Largest
component	Depth_50_75	50-75 cm	35	0.52
interior_depth	Interior relict
depth profile	robustness_auc_random	Robustness AUC
random removal	Depth_50_75	50-75 cm	35	0.226
interior_depth	Interior relict
depth profile	robustness_auc_targeted	Robustness AUC
targeted removal	Depth_50_75	50-75 cm	35	0.0735
interior_depth	Interior relict
depth profile	modularity_louvain	Modularity	Depth_50_75	50-75 cm	35	0.506628620489382
interior_depth	Interior relict
depth profile	largest_component_prop	Largest
component	Depth_50_75	50-75 cm	36	0.55
interior_depth	Interior relict
depth profile	robustness_auc_random	Robustness AUC
random removal	Depth_50_75	50-75 cm	36	0.237
interior_depth	Interior relict
depth profile	robustness_auc_targeted	Robustness AUC
targeted removal	Depth_50_75	50-75 cm	36	0.08875
interior_depth	Interior relict
depth profile	modularity_louvain	Modularity	Depth_50_75	50-75 cm	36	0.551766369536123
interior_depth	Interior relict
depth profile	largest_component_prop	Largest
component	Depth_50_75	50-75 cm	37	0.575
interior_depth	Interior relict
depth profile	robustness_auc_random	Robustness AUC
random removal	Depth_50_75	50-75 cm	37	0.226875
interior_depth	Interior relict
depth profile	robustness_auc_targeted	Robustness AUC
targeted removal	Depth_50_75	50-75 cm	37	0.075875
interior_depth	Interior relict
depth profile	modularity_louvain	Modularity	Depth_50_75	50-75 cm	37	0.417517865710462
interior_depth	Interior relict
depth profile	largest_component_prop	Largest
component	Depth_50_75	50-75 cm	38	0.42
interior_depth	Interior relict
depth profile	robustness_auc_random	Robustness AUC
random removal	Depth_50_75	50-75 cm	38	0.202
interior_depth	Interior relict
depth profile	robustness_auc_targeted	Robustness AUC
targeted removal	Depth_50_75	50-75 cm	38	0.0585
interior_depth	Interior relict
depth profile	modularity_louvain	Modularity	Depth_50_75	50-75 cm	38	0.42448107371026
interior_depth	Interior relict
depth profile	largest_component_prop	Largest
component	Depth_50_75	50-75 cm	39	0.44
interior_depth	Interior relict
depth profile	robustness_auc_random	Robustness AUC
random removal	Depth_50_75	50-75 cm	39	0.199
interior_depth	Interior relict
depth profile	robustness_auc_targeted	Robustness AUC
targeted removal	Depth_50_75	50-75 cm	39	0.05075
interior_depth	Interior relict
depth profile	modularity_louvain	Modularity	Depth_50_75	50-75 cm	39	0.398503194363779
interior_depth	Interior relict
depth profile	largest_component_prop	Largest
component	Depth_50_75	50-75 cm	40	0.56
interior_depth	Interior relict
depth profile	robustness_auc_random	Robustness AUC
random removal	Depth_50_75	50-75 cm	40	0.23625
interior_depth	Interior relict
depth profile	robustness_auc_targeted	Robustness AUC
targeted removal	Depth_50_75	50-75 cm	40	0.07625
interior_depth	Interior relict
depth profile	modularity_louvain	Modularity	Depth_50_75	50-75 cm	40	0.429537764197874
interior_depth	Interior relict
depth profile	largest_component_prop	Largest
component	Depth_50_75	50-75 cm	41	0.615
interior_depth	Interior relict
depth profile	robustness_auc_random	Robustness AUC
random removal	Depth_50_75	50-75 cm	41	0.263875
interior_depth	Interior relict
depth profile	robustness_auc_targeted	Robustness AUC
targeted removal	Depth_50_75	50-75 cm	41	0.089375
interior_depth	Interior relict
depth profile	modularity_louvain	Modularity	Depth_50_75	50-75 cm	41	0.437274311254766
interior_depth	Interior relict
depth profile	largest_component_prop	Largest
component	Depth_50_75	50-75 cm	42	0.485
interior_depth	Interior relict
depth profile	robustness_auc_random	Robustness AUC
random removal	Depth_50_75	50-75 cm	42	0.208625
interior_depth	Interior relict
depth profile	robustness_auc_targeted	Robustness AUC
targeted removal	Depth_50_75	50-75 cm	42	0.066125
interior_depth	Interior relict
depth profile	modularity_louvain	Modularity	Depth_50_75	50-75 cm	42	0.409468826544784
interior_depth	Interior relict
depth profile	largest_component_prop	Largest
component	Depth_50_75	50-75 cm	43	0.57
interior_depth	Interior relict
depth profile	robustness_auc_random	Robustness AUC
random removal	Depth_50_75	50-75 cm	43	0.25375
interior_depth	Interior relict
depth profile	robustness_auc_targeted	Robustness AUC
targeted removal	Depth_50_75	50-75 cm	43	0.09725
interior_depth	Interior relict
depth profile	modularity_louvain	Modularity	Depth_50_75	50-75 cm	43	0.495151637584909
interior_depth	Interior relict
depth profile	largest_component_prop	Largest
component	Depth_50_75	50-75 cm	44	0.5
interior_depth	Interior relict
depth profile	robustness_auc_random	Robustness AUC
random removal	Depth_50_75	50-75 cm	44	0.18575
interior_depth	Interior relict
depth profile	robustness_auc_targeted	Robustness AUC
targeted removal	Depth_50_75	50-75 cm	44	0.07575
interior_depth	Interior relict
depth profile	modularity_louvain	Modularity	Depth_50_75	50-75 cm	44	0.523623140829777
interior_depth	Interior relict
depth profile	largest_component_prop	Largest
component	Depth_50_75	50-75 cm	45	0.49
interior_depth	Interior relict
depth profile	robustness_auc_random	Robustness AUC
random removal	Depth_50_75	50-75 cm	45	0.20725
interior_depth	Interior relict
depth profile	robustness_auc_targeted	Robustness AUC
targeted removal	Depth_50_75	50-75 cm	45	0.062
interior_depth	Interior relict
depth profile	modularity_louvain	Modularity	Depth_50_75	50-75 cm	45	0.451383803439307
interior_depth	Interior relict
depth profile	largest_component_prop	Largest
component	Depth_50_75	50-75 cm	46	0.52
interior_depth	Interior relict
depth profile	robustness_auc_random	Robustness AUC
random removal	Depth_50_75	50-75 cm	46	0.24725
interior_depth	Interior relict
depth profile	robustness_auc_targeted	Robustness AUC
targeted removal	Depth_50_75	50-75 cm	46	0.06775
interior_depth	Interior relict
depth profile	modularity_louvain	Modularity	Depth_50_75	50-75 cm	46	0.376335193555718
interior_depth	Interior relict
depth profile	largest_component_prop	Largest
component	Depth_50_75	50-75 cm	47	0.59
interior_depth	Interior relict
depth profile	robustness_auc_random	Robustness AUC
random removal	Depth_50_75	50-75 cm	47	0.25125
interior_depth	Interior relict
depth profile	robustness_auc_targeted	Robustness AUC
targeted removal	Depth_50_75	50-75 cm	47	0.08825
interior_depth	Interior relict
depth profile	modularity_louvain	Modularity	Depth_50_75	50-75 cm	47	0.456361581778238
interior_depth	Interior relict
depth profile	largest_component_prop	Largest
component	Depth_50_75	50-75 cm	48	0.52
interior_depth	Interior relict
depth profile	robustness_auc_random	Robustness AUC
random removal	Depth_50_75	50-75 cm	48	0.2375
interior_depth	Interior relict
depth profile	robustness_auc_targeted	Robustness AUC
targeted removal	Depth_50_75	50-75 cm	48	0.08875
interior_depth	Interior relict
depth profile	modularity_louvain	Modularity	Depth_50_75	50-75 cm	48	0.493835382944875
interior_depth	Interior relict
depth profile	largest_component_prop	Largest
component	Depth_50_75	50-75 cm	49	0.445
interior_depth	Interior relict
depth profile	robustness_auc_random	Robustness AUC
random removal	Depth_50_75	50-75 cm	49	0.211125
interior_depth	Interior relict
depth profile	robustness_auc_targeted	Robustness AUC
targeted removal	Depth_50_75	50-75 cm	49	0.044875
interior_depth	Interior relict
depth profile	modularity_louvain	Modularity	Depth_50_75	50-75 cm	49	0.449862377212697
interior_depth	Interior relict
depth profile	largest_component_prop	Largest
component	Depth_50_75	50-75 cm	50	0.505
interior_depth	Interior relict
depth profile	robustness_auc_random	Robustness AUC
random removal	Depth_50_75	50-75 cm	50	0.235875
interior_depth	Interior relict
depth profile	robustness_auc_targeted	Robustness AUC
targeted removal	Depth_50_75	50-75 cm	50	0.066875
interior_depth	Interior relict
depth profile	modularity_louvain	Modularity	Depth_50_75	50-75 cm	50	0.426434938511654
interior_depth	Interior relict
depth profile	largest_component_prop	Largest
component	Depth_50_75	50-75 cm	51	0.545
interior_depth	Interior relict
depth profile	robustness_auc_random	Robustness AUC
random removal	Depth_50_75	50-75 cm	51	0.248875
interior_depth	Interior relict
depth profile	robustness_auc_targeted	Robustness AUC
targeted removal	Depth_50_75	50-75 cm	51	0.070875
interior_depth	Interior relict
depth profile	modularity_louvain	Modularity	Depth_50_75	50-75 cm	51	0.427290346203379
interior_depth	Interior relict
depth profile	largest_component_prop	Largest
component	Depth_50_75	50-75 cm	52	0.445
interior_depth	Interior relict
depth profile	robustness_auc_random	Robustness AUC
random removal	Depth_50_75	50-75 cm	52	0.204875
interior_depth	Interior relict
depth profile	robustness_auc_targeted	Robustness AUC
targeted removal	Depth_50_75	50-75 cm	52	0.050625
interior_depth	Interior relict
depth profile	modularity_louvain	Modularity	Depth_50_75	50-75 cm	52	0.467415595565769
interior_depth	Interior relict
depth profile	largest_component_prop	Largest
component	Depth_50_75	50-75 cm	53	0.58
interior_depth	Interior relict
depth profile	robustness_auc_random	Robustness AUC
random removal	Depth_50_75	50-75 cm	53	0.26675
interior_depth	Interior relict
depth profile	robustness_auc_targeted	Robustness AUC
targeted removal	Depth_50_75	50-75 cm	53	0.08725
interior_depth	Interior relict
depth profile	modularity_louvain	Modularity	Depth_50_75	50-75 cm	53	0.490407439206081
interior_depth	Interior relict
depth profile	largest_component_prop	Largest
component	Depth_50_75	50-75 cm	54	0.415
interior_depth	Interior relict
depth profile	robustness_auc_random	Robustness AUC
random removal	Depth_50_75	50-75 cm	54	0.192875
interior_depth	Interior relict
depth profile	robustness_auc_targeted	Robustness AUC
targeted removal	Depth_50_75	50-75 cm	54	0.053625
interior_depth	Interior relict
depth profile	modularity_louvain	Modularity	Depth_50_75	50-75 cm	54	0.441213605717027
interior_depth	Interior relict
depth profile	largest_component_prop	Largest
component	Depth_50_75	50-75 cm	55	0.58
interior_depth	Interior relict
depth profile	robustness_auc_random	Robustness AUC
random removal	Depth_50_75	50-75 cm	55	0.26725
interior_depth	Interior relict
depth profile	robustness_auc_targeted	Robustness AUC
targeted removal	Depth_50_75	50-75 cm	55	0.08425
interior_depth	Interior relict
depth profile	modularity_louvain	Modularity	Depth_50_75	50-75 cm	55	0.46032297164213
interior_depth	Interior relict
depth profile	largest_component_prop	Largest
component	Depth_50_75	50-75 cm	56	0.545
interior_depth	Interior relict
depth profile	robustness_auc_random	Robustness AUC
random removal	Depth_50_75	50-75 cm	56	0.216875
interior_depth	Interior relict
depth profile	robustness_auc_targeted	Robustness AUC
targeted removal	Depth_50_75	50-75 cm	56	0.079625
interior_depth	Interior relict
depth profile	modularity_louvain	Modularity	Depth_50_75	50-75 cm	56	0.422293628948764
interior_depth	Interior relict
depth profile	largest_component_prop	Largest
component	Depth_50_75	50-75 cm	57	0.495
interior_depth	Interior relict
depth profile	robustness_auc_random	Robustness AUC
random removal	Depth_50_75	50-75 cm	57	0.249875
interior_depth	Interior relict
depth profile	robustness_auc_targeted	Robustness AUC
targeted removal	Depth_50_75	50-75 cm	57	0.077375
interior_depth	Interior relict
depth profile	modularity_louvain	Modularity	Depth_50_75	50-75 cm	57	0.499981061084316
interior_depth	Interior relict
depth profile	largest_component_prop	Largest
component	Depth_50_75	50-75 cm	58	0.52
interior_depth	Interior relict
depth profile	robustness_auc_random	Robustness AUC
random removal	Depth_50_75	50-75 cm	58	0.25025
interior_depth	Interior relict
depth profile	robustness_auc_targeted	Robustness AUC
targeted removal	Depth_50_75	50-75 cm	58	0.0855
interior_depth	Interior relict
depth profile	modularity_louvain	Modularity	Depth_50_75	50-75 cm	58	0.467507133658241
interior_depth	Interior relict
depth profile	largest_component_prop	Largest
component	Depth_50_75	50-75 cm	59	0.515
interior_depth	Interior relict
depth profile	robustness_auc_random	Robustness AUC
random removal	Depth_50_75	50-75 cm	59	0.212875
interior_depth	Interior relict
depth profile	robustness_auc_targeted	Robustness AUC
targeted removal	Depth_50_75	50-75 cm	59	0.075375
interior_depth	Interior relict
depth profile	modularity_louvain	Modularity	Depth_50_75	50-75 cm	59	0.495028534632964
interior_depth	Interior relict
depth profile	largest_component_prop	Largest
component	Depth_50_75	50-75 cm	60	0.545
interior_depth	Interior relict
depth profile	robustness_auc_random	Robustness AUC
random removal	Depth_50_75	50-75 cm	60	0.234375
interior_depth	Interior relict
depth profile	robustness_auc_targeted	Robustness AUC
targeted removal	Depth_50_75	50-75 cm	60	0.071625
interior_depth	Interior relict
depth profile	modularity_louvain	Modularity	Depth_50_75	50-75 cm	60	0.428571879497992
interior_depth	Interior relict
depth profile	largest_component_prop	Largest
component	Depth_50_75	50-75 cm	61	0.58
interior_depth	Interior relict
depth profile	robustness_auc_random	Robustness AUC
random removal	Depth_50_75	50-75 cm	61	0.26425
interior_depth	Interior relict
depth profile	robustness_auc_targeted	Robustness AUC
targeted removal	Depth_50_75	50-75 cm	61	0.09
interior_depth	Interior relict
depth profile	modularity_louvain	Modularity	Depth_50_75	50-75 cm	61	0.442981237847529
interior_depth	Interior relict
depth profile	largest_component_prop	Largest
component	Depth_50_75	50-75 cm	62	0.54
interior_depth	Interior relict
depth profile	robustness_auc_random	Robustness AUC
random removal	Depth_50_75	50-75 cm	62	0.20375
interior_depth	Interior relict
depth profile	robustness_auc_targeted	Robustness AUC
targeted removal	Depth_50_75	50-75 cm	62	0.0855
interior_depth	Interior relict
depth profile	modularity_louvain	Modularity	Depth_50_75	50-75 cm	62	0.489160627256887
interior_depth	Interior relict
depth profile	largest_component_prop	Largest
component	Depth_50_75	50-75 cm	63	0.425
interior_depth	Interior relict
depth profile	robustness_auc_random	Robustness AUC
random removal	Depth_50_75	50-75 cm	63	0.207625
interior_depth	Interior relict
depth profile	robustness_auc_targeted	Robustness AUC
targeted removal	Depth_50_75	50-75 cm	63	0.047375
interior_depth	Interior relict
depth profile	modularity_louvain	Modularity	Depth_50_75	50-75 cm	63	0.370662988308376
interior_depth	Interior relict
depth profile	largest_component_prop	Largest
component	Depth_50_75	50-75 cm	64	0.525
interior_depth	Interior relict
depth profile	robustness_auc_random	Robustness AUC
random removal	Depth_50_75	50-75 cm	64	0.216375
interior_depth	Interior relict
depth profile	robustness_auc_targeted	Robustness AUC
targeted removal	Depth_50_75	50-75 cm	64	0.067125
interior_depth	Interior relict
depth profile	modularity_louvain	Modularity	Depth_50_75	50-75 cm	64	0.462955480922199
interior_depth	Interior relict
depth profile	largest_component_prop	Largest
component	Depth_50_75	50-75 cm	65	0.55
interior_depth	Interior relict
depth profile	robustness_auc_random	Robustness AUC
random removal	Depth_50_75	50-75 cm	65	0.22775
interior_depth	Interior relict
depth profile	robustness_auc_targeted	Robustness AUC
targeted removal	Depth_50_75	50-75 cm	65	0.084
interior_depth	Interior relict
depth profile	modularity_louvain	Modularity	Depth_50_75	50-75 cm	65	0.450638872755738
interior_depth	Interior relict
depth profile	largest_component_prop	Largest
component	Depth_50_75	50-75 cm	66	0.475
interior_depth	Interior relict
depth profile	robustness_auc_random	Robustness AUC
random removal	Depth_50_75	50-75 cm	66	0.219875
interior_depth	Interior relict
depth profile	robustness_auc_targeted	Robustness AUC
targeted removal	Depth_50_75	50-75 cm	66	0.064875
interior_depth	Interior relict
depth profile	modularity_louvain	Modularity	Depth_50_75	50-75 cm	66	0.432463826671044
interior_depth	Interior relict
depth profile	largest_component_prop	Largest
component	Depth_50_75	50-75 cm	67	0.5
interior_depth	Interior relict
depth profile	robustness_auc_random	Robustness AUC
random removal	Depth_50_75	50-75 cm	67	0.22125
interior_depth	Interior relict
depth profile	robustness_auc_targeted	Robustness AUC
targeted removal	Depth_50_75	50-75 cm	67	0.0625
interior_depth	Interior relict
depth profile	modularity_louvain	Modularity	Depth_50_75	50-75 cm	67	0.478892578470241
interior_depth	Interior relict
depth profile	largest_component_prop	Largest
component	Depth_50_75	50-75 cm	68	0.52
interior_depth	Interior relict
depth profile	robustness_auc_random	Robustness AUC
random removal	Depth_50_75	50-75 cm	68	0.2075
interior_depth	Interior relict
depth profile	robustness_auc_targeted	Robustness AUC
targeted removal	Depth_50_75	50-75 cm	68	0.06075
interior_depth	Interior relict
depth profile	modularity_louvain	Modularity	Depth_50_75	50-75 cm	68	0.441680765637231
interior_depth	Interior relict
depth profile	largest_component_prop	Largest
component	Depth_50_75	50-75 cm	69	0.575
interior_depth	Interior relict
depth profile	robustness_auc_random	Robustness AUC
random removal	Depth_50_75	50-75 cm	69	0.263125
interior_depth	Interior relict
depth profile	robustness_auc_targeted	Robustness AUC
targeted removal	Depth_50_75	50-75 cm	69	0.094625
interior_depth	Interior relict
depth profile	modularity_louvain	Modularity	Depth_50_75	50-75 cm	69	0.517152344637762
interior_depth	Interior relict
depth profile	largest_component_prop	Largest
component	Depth_50_75	50-75 cm	70	0.42
interior_depth	Interior relict
depth profile	robustness_auc_random	Robustness AUC
random removal	Depth_50_75	50-75 cm	70	0.202
interior_depth	Interior relict
depth profile	robustness_auc_targeted	Robustness AUC
targeted removal	Depth_50_75	50-75 cm	70	0.0485
interior_depth	Interior relict
depth profile	modularity_louvain	Modularity	Depth_50_75	50-75 cm	70	0.438738920734325
interior_depth	Interior relict
depth profile	largest_component_prop	Largest
component	Depth_50_75	50-75 cm	71	0.46
interior_depth	Interior relict
depth profile	robustness_auc_random	Robustness AUC
random removal	Depth_50_75	50-75 cm	71	0.208
interior_depth	Interior relict
depth profile	robustness_auc_targeted	Robustness AUC
targeted removal	Depth_50_75	50-75 cm	71	0.07275
interior_depth	Interior relict
depth profile	modularity_louvain	Modularity	Depth_50_75	50-75 cm	71	0.416785560970683
interior_depth	Interior relict
depth profile	largest_component_prop	Largest
component	Depth_50_75	50-75 cm	72	0.425
interior_depth	Interior relict
depth profile	robustness_auc_random	Robustness AUC
random removal	Depth_50_75	50-75 cm	72	0.208875
interior_depth	Interior relict
depth profile	robustness_auc_targeted	Robustness AUC
targeted removal	Depth_50_75	50-75 cm	72	0.059125
interior_depth	Interior relict
depth profile	modularity_louvain	Modularity	Depth_50_75	50-75 cm	72	0.483330597712179
interior_depth	Interior relict
depth profile	largest_component_prop	Largest
component	Depth_50_75	50-75 cm	73	0.535
interior_depth	Interior relict
depth profile	robustness_auc_random	Robustness AUC
random removal	Depth_50_75	50-75 cm	73	0.211625
interior_depth	Interior relict
depth profile	robustness_auc_targeted	Robustness AUC
targeted removal	Depth_50_75	50-75 cm	73	0.074875
interior_depth	Interior relict
depth profile	modularity_louvain	Modularity	Depth_50_75	50-75 cm	73	0.444954041564607
interior_depth	Interior relict
depth profile	largest_component_prop	Largest
component	Depth_50_75	50-75 cm	74	0.565
interior_depth	Interior relict
depth profile	robustness_auc_random	Robustness AUC
random removal	Depth_50_75	50-75 cm	74	0.252875
interior_depth	Interior relict
depth profile	robustness_auc_targeted	Robustness AUC
targeted removal	Depth_50_75	50-75 cm	74	0.069875
interior_depth	Interior relict
depth profile	modularity_louvain	Modularity	Depth_50_75	50-75 cm	74	0.395321456528876
interior_depth	Interior relict
depth profile	largest_component_prop	Largest
component	Depth_50_75	50-75 cm	75	0.575
interior_depth	Interior relict
depth profile	robustness_auc_random	Robustness AUC
random removal	Depth_50_75	50-75 cm	75	0.255625
interior_depth	Interior relict
depth profile	robustness_auc_targeted	Robustness AUC
targeted removal	Depth_50_75	50-75 cm	75	0.085875
interior_depth	Interior relict
depth profile	modularity_louvain	Modularity	Depth_50_75	50-75 cm	75	0.431400090906795
interior_depth	Interior relict
depth profile	largest_component_prop	Largest
component	Depth_50_75	50-75 cm	76	0.455
interior_depth	Interior relict
depth profile	robustness_auc_random	Robustness AUC
random removal	Depth_50_75	50-75 cm	76	0.219375
interior_depth	Interior relict
depth profile	robustness_auc_targeted	Robustness AUC
targeted removal	Depth_50_75	50-75 cm	76	0.059875
interior_depth	Interior relict
depth profile	modularity_louvain	Modularity	Depth_50_75	50-75 cm	76	0.395476124340294
interior_depth	Interior relict
depth profile	largest_component_prop	Largest
component	Depth_50_75	50-75 cm	77	0.605
interior_depth	Interior relict
depth profile	robustness_auc_random	Robustness AUC
random removal	Depth_50_75	50-75 cm	77	0.283625
interior_depth	Interior relict
depth profile	robustness_auc_targeted	Robustness AUC
targeted removal	Depth_50_75	50-75 cm	77	0.105125
interior_depth	Interior relict
depth profile	modularity_louvain	Modularity	Depth_50_75	50-75 cm	77	0.532723289815914
interior_depth	Interior relict
depth profile	largest_component_prop	Largest
component	Depth_50_75	50-75 cm	78	0.435
interior_depth	Interior relict
depth profile	robustness_auc_random	Robustness AUC
random removal	Depth_50_75	50-75 cm	78	0.212125
interior_depth	Interior relict
depth profile	robustness_auc_targeted	Robustness AUC
targeted removal	Depth_50_75	50-75 cm	78	0.059875
interior_depth	Interior relict
depth profile	modularity_louvain	Modularity	Depth_50_75	50-75 cm	78	0.378285901871165
interior_depth	Interior relict
depth profile	largest_component_prop	Largest
component	Depth_50_75	50-75 cm	79	0.535
interior_depth	Interior relict
depth profile	robustness_auc_random	Robustness AUC
random removal	Depth_50_75	50-75 cm	79	0.263375
interior_depth	Interior relict
depth profile	robustness_auc_targeted	Robustness AUC
targeted removal	Depth_50_75	50-75 cm	79	0.083125
interior_depth	Interior relict
depth profile	modularity_louvain	Modularity	Depth_50_75	50-75 cm	79	0.490760965632181
interior_depth	Interior relict
depth profile	largest_component_prop	Largest
component	Depth_50_75	50-75 cm	80	0.54
interior_depth	Interior relict
depth profile	robustness_auc_random	Robustness AUC
random removal	Depth_50_75	50-75 cm	80	0.23225
interior_depth	Interior relict
depth profile	robustness_auc_targeted	Robustness AUC
targeted removal	Depth_50_75	50-75 cm	80	0.064
interior_depth	Interior relict
depth profile	modularity_louvain	Modularity	Depth_50_75	50-75 cm	80	0.41160892401707
interior_depth	Interior relict
depth profile	largest_component_prop	Largest
component	Depth_50_75	50-75 cm	81	0.565
interior_depth	Interior relict
depth profile	robustness_auc_random	Robustness AUC
random removal	Depth_50_75	50-75 cm	81	0.243625
interior_depth	Interior relict
depth profile	robustness_auc_targeted	Robustness AUC
targeted removal	Depth_50_75	50-75 cm	81	0.076125
interior_depth	Interior relict
depth profile	modularity_louvain	Modularity	Depth_50_75	50-75 cm	81	0.422767101840863
interior_depth	Interior relict
depth profile	largest_component_prop	Largest
component	Depth_50_75	50-75 cm	82	0.55
interior_depth	Interior relict
depth profile	robustness_auc_random	Robustness AUC
random removal	Depth_50_75	50-75 cm	82	0.2485
interior_depth	Interior relict
depth profile	robustness_auc_targeted	Robustness AUC
targeted removal	Depth_50_75	50-75 cm	82	0.085
interior_depth	Interior relict
depth profile	modularity_louvain	Modularity	Depth_50_75	50-75 cm	82	0.435983308502311
interior_depth	Interior relict
depth profile	largest_component_prop	Largest
component	Depth_50_75	50-75 cm	83	0.485
interior_depth	Interior relict
depth profile	robustness_auc_random	Robustness AUC
random removal	Depth_50_75	50-75 cm	83	0.232625
interior_depth	Interior relict
depth profile	robustness_auc_targeted	Robustness AUC
targeted removal	Depth_50_75	50-75 cm	83	0.059375
interior_depth	Interior relict
depth profile	modularity_louvain	Modularity	Depth_50_75	50-75 cm	83	0.424957703088306
interior_depth	Interior relict
depth profile	largest_component_prop	Largest
component	Depth_50_75	50-75 cm	84	0.39
interior_depth	Interior relict
depth profile	robustness_auc_random	Robustness AUC
random removal	Depth_50_75	50-75 cm	84	0.1875
interior_depth	Interior relict
depth profile	robustness_auc_targeted	Robustness AUC
targeted removal	Depth_50_75	50-75 cm	84	0.05175
interior_depth	Interior relict
depth profile	modularity_louvain	Modularity	Depth_50_75	50-75 cm	84	0.383077447539204
interior_depth	Interior relict
depth profile	largest_component_prop	Largest
component	Depth_50_75	50-75 cm	85	0.39
interior_depth	Interior relict
depth profile	robustness_auc_random	Robustness AUC
random removal	Depth_50_75	50-75 cm	85	0.19825
interior_depth	Interior relict
depth profile	robustness_auc_targeted	Robustness AUC
targeted removal	Depth_50_75	50-75 cm	85	0.0585
interior_depth	Interior relict
depth profile	modularity_louvain	Modularity	Depth_50_75	50-75 cm	85	0.416106916492008
interior_depth	Interior relict
depth profile	largest_component_prop	Largest
component	Depth_50_75	50-75 cm	86	0.455
interior_depth	Interior relict
depth profile	robustness_auc_random	Robustness AUC
random removal	Depth_50_75	50-75 cm	86	0.202875
interior_depth	Interior relict
depth profile	robustness_auc_targeted	Robustness AUC
targeted removal	Depth_50_75	50-75 cm	86	0.057625
interior_depth	Interior relict
depth profile	modularity_louvain	Modularity	Depth_50_75	50-75 cm	86	0.427912173935002
interior_depth	Interior relict
depth profile	largest_component_prop	Largest
component	Depth_50_75	50-75 cm	87	0.52
interior_depth	Interior relict
depth profile	robustness_auc_random	Robustness AUC
random removal	Depth_50_75	50-75 cm	87	0.2375
interior_depth	Interior relict
depth profile	robustness_auc_targeted	Robustness AUC
targeted removal	Depth_50_75	50-75 cm	87	0.07375
interior_depth	Interior relict
depth profile	modularity_louvain	Modularity	Depth_50_75	50-75 cm	87	0.452220272215348
interior_depth	Interior relict
depth profile	largest_component_prop	Largest
component	Depth_50_75	50-75 cm	88	0.605
interior_depth	Interior relict
depth profile	robustness_auc_random	Robustness AUC
random removal	Depth_50_75	50-75 cm	88	0.254625
interior_depth	Interior relict
depth profile	robustness_auc_targeted	Robustness AUC
targeted removal	Depth_50_75	50-75 cm	88	0.089125
interior_depth	Interior relict
depth profile	modularity_louvain	Modularity	Depth_50_75	50-75 cm	88	0.433644352415343
interior_depth	Interior relict
depth profile	largest_component_prop	Largest
component	Depth_50_75	50-75 cm	89	0.53
interior_depth	Interior relict
depth profile	robustness_auc_random	Robustness AUC
random removal	Depth_50_75	50-75 cm	89	0.231
interior_depth	Interior relict
depth profile	robustness_auc_targeted	Robustness AUC
targeted removal	Depth_50_75	50-75 cm	89	0.08925
interior_depth	Interior relict
depth profile	modularity_louvain	Modularity	Depth_50_75	50-75 cm	89	0.478387540718669
interior_depth	Interior relict
depth profile	largest_component_prop	Largest
component	Depth_50_75	50-75 cm	90	0.54
interior_depth	Interior relict
depth profile	robustness_auc_random	Robustness AUC
random removal	Depth_50_75	50-75 cm	90	0.25275
interior_depth	Interior relict
depth profile	robustness_auc_targeted	Robustness AUC
targeted removal	Depth_50_75	50-75 cm	90	0.074
interior_depth	Interior relict
depth profile	modularity_louvain	Modularity	Depth_50_75	50-75 cm	90	0.542113835509204
interior_depth	Interior relict
depth profile	largest_component_prop	Largest
component	Depth_50_75	50-75 cm	91	0.595
interior_depth	Interior relict
depth profile	robustness_auc_random	Robustness AUC
random removal	Depth_50_75	50-75 cm	91	0.248875
interior_depth	Interior relict
depth profile	robustness_auc_targeted	Robustness AUC
targeted removal	Depth_50_75	50-75 cm	91	0.092125
interior_depth	Interior relict
depth profile	modularity_louvain	Modularity	Depth_50_75	50-75 cm	91	0.433956844524128
interior_depth	Interior relict
depth profile	largest_component_prop	Largest
component	Depth_50_75	50-75 cm	92	0.55
interior_depth	Interior relict
depth profile	robustness_auc_random	Robustness AUC
random removal	Depth_50_75	50-75 cm	92	0.26075
interior_depth	Interior relict
depth profile	robustness_auc_targeted	Robustness AUC
targeted removal	Depth_50_75	50-75 cm	92	0.08225
interior_depth	Interior relict
depth profile	modularity_louvain	Modularity	Depth_50_75	50-75 cm	92	0.460720688871493
interior_depth	Interior relict
depth profile	largest_component_prop	Largest
component	Depth_50_75	50-75 cm	93	0.48
interior_depth	Interior relict
depth profile	robustness_auc_random	Robustness AUC
random removal	Depth_50_75	50-75 cm	93	0.21475
interior_depth	Interior relict
depth profile	robustness_auc_targeted	Robustness AUC
targeted removal	Depth_50_75	50-75 cm	93	0.07325
interior_depth	Interior relict
depth profile	modularity_louvain	Modularity	Depth_50_75	50-75 cm	93	0.464309613393601
interior_depth	Interior relict
depth profile	largest_component_prop	Largest
component	Depth_50_75	50-75 cm	94	0.575
interior_depth	Interior relict
depth profile	robustness_auc_random	Robustness AUC
random removal	Depth_50_75	50-75 cm	94	0.243875
interior_depth	Interior relict
depth profile	robustness_auc_targeted	Robustness AUC
targeted removal	Depth_50_75	50-75 cm	94	0.097875
interior_depth	Interior relict
depth profile	modularity_louvain	Modularity	Depth_50_75	50-75 cm	94	0.523269614403677
interior_depth	Interior relict
depth profile	largest_component_prop	Largest
component	Depth_50_75	50-75 cm	95	0.485
interior_depth	Interior relict
depth profile	robustness_auc_random	Robustness AUC
random removal	Depth_50_75	50-75 cm	95	0.217875
interior_depth	Interior relict
depth profile	robustness_auc_targeted	Robustness AUC
targeted removal	Depth_50_75	50-75 cm	95	0.061375
interior_depth	Interior relict
depth profile	modularity_louvain	Modularity	Depth_50_75	50-75 cm	95	0.402641347440721
interior_depth	Interior relict
depth profile	largest_component_prop	Largest
component	Depth_50_75	50-75 cm	96	0.48
interior_depth	Interior relict
depth profile	robustness_auc_random	Robustness AUC
random removal	Depth_50_75	50-75 cm	96	0.23525
interior_depth	Interior relict
depth profile	robustness_auc_targeted	Robustness AUC
targeted removal	Depth_50_75	50-75 cm	96	0.06675
interior_depth	Interior relict
depth profile	modularity_louvain	Modularity	Depth_50_75	50-75 cm	96	0.430074366808919
interior_depth	Interior relict
depth profile	largest_component_prop	Largest
component	Depth_50_75	50-75 cm	97	0.525
interior_depth	Interior relict
depth profile	robustness_auc_random	Robustness AUC
random removal	Depth_50_75	50-75 cm	97	0.232625
interior_depth	Interior relict
depth profile	robustness_auc_targeted	Robustness AUC
targeted removal	Depth_50_75	50-75 cm	97	0.074625
interior_depth	Interior relict
depth profile	modularity_louvain	Modularity	Depth_50_75	50-75 cm	97	0.490315901113608
interior_depth	Interior relict
depth profile	largest_component_prop	Largest
component	Depth_50_75	50-75 cm	98	0.515
interior_depth	Interior relict
depth profile	robustness_auc_random	Robustness AUC
random removal	Depth_50_75	50-75 cm	98	0.217875
interior_depth	Interior relict
depth profile	robustness_auc_targeted	Robustness AUC
targeted removal	Depth_50_75	50-75 cm	98	0.064625
interior_depth	Interior relict
depth profile	modularity_louvain	Modularity	Depth_50_75	50-75 cm	98	0.480009974495594
interior_depth	Interior relict
depth profile	largest_component_prop	Largest
component	Depth_50_75	50-75 cm	99	0.525
interior_depth	Interior relict
depth profile	robustness_auc_random	Robustness AUC
random removal	Depth_50_75	50-75 cm	99	0.224375
interior_depth	Interior relict
depth profile	robustness_auc_targeted	Robustness AUC
targeted removal	Depth_50_75	50-75 cm	99	0.067875
interior_depth	Interior relict
depth profile	modularity_louvain	Modularity	Depth_50_75	50-75 cm	99	0.472532259286382
interior_depth	Interior relict
depth profile	largest_component_prop	Largest
component	Depth_50_75	50-75 cm	100	0.51
interior_depth	Interior relict
depth profile	robustness_auc_random	Robustness AUC
random removal	Depth_50_75	50-75 cm	100	0.24125
interior_depth	Interior relict
depth profile	robustness_auc_targeted	Robustness AUC
targeted removal	Depth_50_75	50-75 cm	100	0.0655
interior_depth	Interior relict
depth profile	modularity_louvain	Modularity	Depth_50_75	50-75 cm	100	0.391527360420191
interior_depth	Interior relict
depth profile	largest_component_prop	Largest
component	Depth_50_75	50-75 cm	101	0.5
interior_depth	Interior relict
depth profile	robustness_auc_random	Robustness AUC
random removal	Depth_50_75	50-75 cm	101	0.23025
interior_depth	Interior relict
depth profile	robustness_auc_targeted	Robustness AUC
targeted removal	Depth_50_75	50-75 cm	101	0.0705
interior_depth	Interior relict
depth profile	modularity_louvain	Modularity	Depth_50_75	50-75 cm	101	0.466553874902149
interior_depth	Interior relict
depth profile	largest_component_prop	Largest
component	Depth_50_75	50-75 cm	102	0.56
interior_depth	Interior relict
depth profile	robustness_auc_random	Robustness AUC
random removal	Depth_50_75	50-75 cm	102	0.266
interior_depth	Interior relict
depth profile	robustness_auc_targeted	Robustness AUC
targeted removal	Depth_50_75	50-75 cm	102	0.078
interior_depth	Interior relict
depth profile	modularity_louvain	Modularity	Depth_50_75	50-75 cm	102	0.494637130375496
interior_depth	Interior relict
depth profile	largest_component_prop	Largest
component	Depth_50_75	50-75 cm	103	0.6
interior_depth	Interior relict
depth profile	robustness_auc_random	Robustness AUC
random removal	Depth_50_75	50-75 cm	103	0.2515
interior_depth	Interior relict
depth profile	robustness_auc_targeted	Robustness AUC
targeted removal	Depth_50_75	50-75 cm	103	0.11375
interior_depth	Interior relict
depth profile	modularity_louvain	Modularity	Depth_50_75	50-75 cm	103	0.520454028938663
interior_depth	Interior relict
depth profile	largest_component_prop	Largest
component	Depth_50_75	50-75 cm	104	0.435
interior_depth	Interior relict
depth profile	robustness_auc_random	Robustness AUC
random removal	Depth_50_75	50-75 cm	104	0.199375
interior_depth	Interior relict
depth profile	robustness_auc_targeted	Robustness AUC
targeted removal	Depth_50_75	50-75 cm	104	0.067125
interior_depth	Interior relict
depth profile	modularity_louvain	Modularity	Depth_50_75	50-75 cm	104	0.454811747178102
interior_depth	Interior relict
depth profile	largest_component_prop	Largest
component	Depth_50_75	50-75 cm	105	0.475
interior_depth	Interior relict
depth profile	robustness_auc_random	Robustness AUC
random removal	Depth_50_75	50-75 cm	105	0.220125
interior_depth	Interior relict
depth profile	robustness_auc_targeted	Robustness AUC
targeted removal	Depth_50_75	50-75 cm	105	0.057125
interior_depth	Interior relict
depth profile	modularity_louvain	Modularity	Depth_50_75	50-75 cm	105	0.430150122471655
interior_depth	Interior relict
depth profile	largest_component_prop	Largest
component	Depth_50_75	50-75 cm	106	0.55
interior_depth	Interior relict
depth profile	robustness_auc_random	Robustness AUC
random removal	Depth_50_75	50-75 cm	106	0.27175
interior_depth	Interior relict
depth profile	robustness_auc_targeted	Robustness AUC
targeted removal	Depth_50_75	50-75 cm	106	0.07975
interior_depth	Interior relict
depth profile	modularity_louvain	Modularity	Depth_50_75	50-75 cm	106	0.461686573571374
interior_depth	Interior relict
depth profile	largest_component_prop	Largest
component	Depth_50_75	50-75 cm	107	0.52
interior_depth	Interior relict
depth profile	robustness_auc_random	Robustness AUC
random removal	Depth_50_75	50-75 cm	107	0.2515
interior_depth	Interior relict
depth profile	robustness_auc_targeted	Robustness AUC
targeted removal	Depth_50_75	50-75 cm	107	0.076
interior_depth	Interior relict
depth profile	modularity_louvain	Modularity	Depth_50_75	50-75 cm	107	0.466266634680942
interior_depth	Interior relict
depth profile	largest_component_prop	Largest
component	Depth_50_75	50-75 cm	108	0.495
interior_depth	Interior relict
depth profile	robustness_auc_random	Robustness AUC
random removal	Depth_50_75	50-75 cm	108	0.224375
interior_depth	Interior relict
depth profile	robustness_auc_targeted	Robustness AUC
targeted removal	Depth_50_75	50-75 cm	108	0.063125
interior_depth	Interior relict
depth profile	modularity_louvain	Modularity	Depth_50_75	50-75 cm	108	0.3928152066867
interior_depth	Interior relict
depth profile	largest_component_prop	Largest
component	Depth_50_75	50-75 cm	109	0.46
interior_depth	Interior relict
depth profile	robustness_auc_random	Robustness AUC
random removal	Depth_50_75	50-75 cm	109	0.2165
interior_depth	Interior relict
depth profile	robustness_auc_targeted	Robustness AUC
targeted removal	Depth_50_75	50-75 cm	109	0.06325
interior_depth	Interior relict
depth profile	modularity_louvain	Modularity	Depth_50_75	50-75 cm	109	0.386780005555415
interior_depth	Interior relict
depth profile	largest_component_prop	Largest
component	Depth_50_75	50-75 cm	110	0.455
interior_depth	Interior relict
depth profile	robustness_auc_random	Robustness AUC
random removal	Depth_50_75	50-75 cm	110	0.206125
interior_depth	Interior relict
depth profile	robustness_auc_targeted	Robustness AUC
targeted removal	Depth_50_75	50-75 cm	110	0.062625
interior_depth	Interior relict
depth profile	modularity_louvain	Modularity	Depth_50_75	50-75 cm	110	0.44723933739047
interior_depth	Interior relict
depth profile	largest_component_prop	Largest
component	Depth_50_75	50-75 cm	111	0.595
interior_depth	Interior relict
depth profile	robustness_auc_random	Robustness AUC
random removal	Depth_50_75	50-75 cm	111	0.255125
interior_depth	Interior relict
depth profile	robustness_auc_targeted	Robustness AUC
targeted removal	Depth_50_75	50-75 cm	111	0.089375
interior_depth	Interior relict
depth profile	modularity_louvain	Modularity	Depth_50_75	50-75 cm	111	0.517086058432868
interior_depth	Interior relict
depth profile	largest_component_prop	Largest
component	Depth_50_75	50-75 cm	112	0.625
interior_depth	Interior relict
depth profile	robustness_auc_random	Robustness AUC
random removal	Depth_50_75	50-75 cm	112	0.241875
interior_depth	Interior relict
depth profile	robustness_auc_targeted	Robustness AUC
targeted removal	Depth_50_75	50-75 cm	112	0.097875
interior_depth	Interior relict
depth profile	modularity_louvain	Modularity	Depth_50_75	50-75 cm	112	0.513983232746648
interior_depth	Interior relict
depth profile	largest_component_prop	Largest
component	Depth_50_75	50-75 cm	113	0.595
interior_depth	Interior relict
depth profile	robustness_auc_random	Robustness AUC
random removal	Depth_50_75	50-75 cm	113	0.271375
interior_depth	Interior relict
depth profile	robustness_auc_targeted	Robustness AUC
targeted removal	Depth_50_75	50-75 cm	113	0.089125
interior_depth	Interior relict
depth profile	modularity_louvain	Modularity	Depth_50_75	50-75 cm	113	0.545431302239842
interior_depth	Interior relict
depth profile	largest_component_prop	Largest
component	Depth_50_75	50-75 cm	114	0.51
interior_depth	Interior relict
depth profile	robustness_auc_random	Robustness AUC
random removal	Depth_50_75	50-75 cm	114	0.23725
interior_depth	Interior relict
depth profile	robustness_auc_targeted	Robustness AUC
targeted removal	Depth_50_75	50-75 cm	114	0.07375
interior_depth	Interior relict
depth profile	modularity_louvain	Modularity	Depth_50_75	50-75 cm	114	0.454537132900684
interior_depth	Interior relict
depth profile	largest_component_prop	Largest
component	Depth_50_75	50-75 cm	115	0.465
interior_depth	Interior relict
depth profile	robustness_auc_random	Robustness AUC
random removal	Depth_50_75	50-75 cm	115	0.208625
interior_depth	Interior relict
depth profile	robustness_auc_targeted	Robustness AUC
targeted removal	Depth_50_75	50-75 cm	115	0.053625
interior_depth	Interior relict
depth profile	modularity_louvain	Modularity	Depth_50_75	50-75 cm	115	0.452150829524507
interior_depth	Interior relict
depth profile	largest_component_prop	Largest
component	Depth_50_75	50-75 cm	116	0.53
interior_depth	Interior relict
depth profile	robustness_auc_random	Robustness AUC
random removal	Depth_50_75	50-75 cm	116	0.23775
interior_depth	Interior relict
depth profile	robustness_auc_targeted	Robustness AUC
targeted removal	Depth_50_75	50-75 cm	116	0.064
interior_depth	Interior relict
depth profile	modularity_louvain	Modularity	Depth_50_75	50-75 cm	116	0.40829461377238
interior_depth	Interior relict
depth profile	largest_component_prop	Largest
component	Depth_50_75	50-75 cm	117	0.575
interior_depth	Interior relict
depth profile	robustness_auc_random	Robustness AUC
random removal	Depth_50_75	50-75 cm	117	0.284125
interior_depth	Interior relict
depth profile	robustness_auc_targeted	Robustness AUC
targeted removal	Depth_50_75	50-75 cm	117	0.095625
interior_depth	Interior relict
depth profile	modularity_louvain	Modularity	Depth_50_75	50-75 cm	117	0.46923057498548
interior_depth	Interior relict
depth profile	largest_component_prop	Largest
component	Depth_50_75	50-75 cm	118	0.515
interior_depth	Interior relict
depth profile	robustness_auc_random	Robustness AUC
random removal	Depth_50_75	50-75 cm	118	0.225375
interior_depth	Interior relict
depth profile	robustness_auc_targeted	Robustness AUC
targeted removal	Depth_50_75	50-75 cm	118	0.060125
interior_depth	Interior relict
depth profile	modularity_louvain	Modularity	Depth_50_75	50-75 cm	118	0.437091235069821
interior_depth	Interior relict
depth profile	largest_component_prop	Largest
component	Depth_50_75	50-75 cm	119	0.455
interior_depth	Interior relict
depth profile	robustness_auc_random	Robustness AUC
random removal	Depth_50_75	50-75 cm	119	0.211625
interior_depth	Interior relict
depth profile	robustness_auc_targeted	Robustness AUC
targeted removal	Depth_50_75	50-75 cm	119	0.072125
interior_depth	Interior relict
depth profile	modularity_louvain	Modularity	Depth_50_75	50-75 cm	119	0.447715966768516
interior_depth	Interior relict
depth profile	largest_component_prop	Largest
component	Depth_50_75	50-75 cm	120	0.495
interior_depth	Interior relict
depth profile	robustness_auc_random	Robustness AUC
random removal	Depth_50_75	50-75 cm	120	0.219125
interior_depth	Interior relict
depth profile	robustness_auc_targeted	Robustness AUC
targeted removal	Depth_50_75	50-75 cm	120	0.066375
interior_depth	Interior relict
depth profile	modularity_louvain	Modularity	Depth_50_75	50-75 cm	120	0.423578318729325
interior_depth	Interior relict
depth profile	largest_component_prop	Largest
component	Depth_50_75	50-75 cm	121	0.51
interior_depth	Interior relict
depth profile	robustness_auc_random	Robustness AUC
random removal	Depth_50_75	50-75 cm	121	0.23275
interior_depth	Interior relict
depth profile	robustness_auc_targeted	Robustness AUC
targeted removal	Depth_50_75	50-75 cm	121	0.0785
interior_depth	Interior relict
depth profile	modularity_louvain	Modularity	Depth_50_75	50-75 cm	121	0.449253175424863
interior_depth	Interior relict
depth profile	largest_component_prop	Largest
component	Depth_50_75	50-75 cm	122	0.385
interior_depth	Interior relict
depth profile	robustness_auc_random	Robustness AUC
random removal	Depth_50_75	50-75 cm	122	0.170875
interior_depth	Interior relict
depth profile	robustness_auc_targeted	Robustness AUC
targeted removal	Depth_50_75	50-75 cm	122	0.040625
interior_depth	Interior relict
depth profile	modularity_louvain	Modularity	Depth_50_75	50-75 cm	122	0.413550162874675
interior_depth	Interior relict
depth profile	largest_component_prop	Largest
component	Depth_50_75	50-75 cm	123	0.59
interior_depth	Interior relict
depth profile	robustness_auc_random	Robustness AUC
random removal	Depth_50_75	50-75 cm	123	0.289
interior_depth	Interior relict
depth profile	robustness_auc_targeted	Robustness AUC
targeted removal	Depth_50_75	50-75 cm	123	0.08675
interior_depth	Interior relict
depth profile	modularity_louvain	Modularity	Depth_50_75	50-75 cm	123	0.45178152066867
interior_depth	Interior relict
depth profile	largest_component_prop	Largest
component	Depth_50_75	50-75 cm	124	0.515
interior_depth	Interior relict
depth profile	robustness_auc_random	Robustness AUC
random removal	Depth_50_75	50-75 cm	124	0.213125
interior_depth	Interior relict
depth profile	robustness_auc_targeted	Robustness AUC
targeted removal	Depth_50_75	50-75 cm	124	0.065375
interior_depth	Interior relict
depth profile	modularity_louvain	Modularity	Depth_50_75	50-75 cm	124	0.430364763516073
interior_depth	Interior relict
depth profile	largest_component_prop	Largest
component	Depth_50_75	50-75 cm	125	0.515
interior_depth	Interior relict
depth profile	robustness_auc_random	Robustness AUC
random removal	Depth_50_75	50-75 cm	125	0.242875
interior_depth	Interior relict
depth profile	robustness_auc_targeted	Robustness AUC
targeted removal	Depth_50_75	50-75 cm	125	0.068125
interior_depth	Interior relict
depth profile	modularity_louvain	Modularity	Depth_50_75	50-75 cm	125	0.456238478826292
interior_depth	Interior relict
depth profile	largest_component_prop	Largest
component	Depth_50_75	50-75 cm	126	0.565
interior_depth	Interior relict
depth profile	robustness_auc_random	Robustness AUC
random removal	Depth_50_75	50-75 cm	126	0.229625
interior_depth	Interior relict
depth profile	robustness_auc_targeted	Robustness AUC
targeted removal	Depth_50_75	50-75 cm	126	0.076375
interior_depth	Interior relict
depth profile	modularity_louvain	Modularity	Depth_50_75	50-75 cm	126	0.451664730688619
interior_depth	Interior relict
depth profile	largest_component_prop	Largest
component	Depth_50_75	50-75 cm	127	0.465
interior_depth	Interior relict
depth profile	robustness_auc_random	Robustness AUC
random removal	Depth_50_75	50-75 cm	127	0.224625
interior_depth	Interior relict
depth profile	robustness_auc_targeted	Robustness AUC
targeted removal	Depth_50_75	50-75 cm	127	0.071375
interior_depth	Interior relict
depth profile	modularity_louvain	Modularity	Depth_50_75	50-75 cm	127	0.465212368374536
interior_depth	Interior relict
depth profile	largest_component_prop	Largest
component	Depth_50_75	50-75 cm	128	0.48
interior_depth	Interior relict
depth profile	robustness_auc_random	Robustness AUC
random removal	Depth_50_75	50-75 cm	128	0.2225
interior_depth	Interior relict
depth profile	robustness_auc_targeted	Robustness AUC
targeted removal	Depth_50_75	50-75 cm	128	0.0695
interior_depth	Interior relict
depth profile	modularity_louvain	Modularity	Depth_50_75	50-75 cm	128	0.433827428600288
interior_depth	Interior relict
depth profile	largest_component_prop	Largest
component	Depth_50_75	50-75 cm	129	0.495
interior_depth	Interior relict
depth profile	robustness_auc_random	Robustness AUC
random removal	Depth_50_75	50-75 cm	129	0.201125
interior_depth	Interior relict
depth profile	robustness_auc_targeted	Robustness AUC
targeted removal	Depth_50_75	50-75 cm	129	0.064625
interior_depth	Interior relict
depth profile	modularity_louvain	Modularity	Depth_50_75	50-75 cm	129	0.432223933739047
interior_depth	Interior relict
depth profile	largest_component_prop	Largest
component	Depth_50_75	50-75 cm	130	0.48
interior_depth	Interior relict
depth profile	robustness_auc_random	Robustness AUC
random removal	Depth_50_75	50-75 cm	130	0.209
interior_depth	Interior relict
depth profile	robustness_auc_targeted	Robustness AUC
targeted removal	Depth_50_75	50-75 cm	130	0.0695
interior_depth	Interior relict
depth profile	modularity_louvain	Modularity	Depth_50_75	50-75 cm	130	0.483008636145552
interior_depth	Interior relict
depth profile	largest_component_prop	Largest
component	Depth_50_75	50-75 cm	131	0.5
interior_depth	Interior relict
depth profile	robustness_auc_random	Robustness AUC
random removal	Depth_50_75	50-75 cm	131	0.24225
interior_depth	Interior relict
depth profile	robustness_auc_targeted	Robustness AUC
targeted removal	Depth_50_75	50-75 cm	131	0.06975
interior_depth	Interior relict
depth profile	modularity_louvain	Modularity	Depth_50_75	50-75 cm	131	0.480265649857327
interior_depth	Interior relict
depth profile	largest_component_prop	Largest
component	Depth_50_75	50-75 cm	132	0.555
interior_depth	Interior relict
depth profile	robustness_auc_random	Robustness AUC
random removal	Depth_50_75	50-75 cm	132	0.254875
interior_depth	Interior relict
depth profile	robustness_auc_targeted	Robustness AUC
targeted removal	Depth_50_75	50-75 cm	132	0.081875
interior_depth	Interior relict
depth profile	modularity_louvain	Modularity	Depth_50_75	50-75 cm	132	0.479580692406757
interior_depth	Interior relict
depth profile	largest_component_prop	Largest
component	Depth_50_75	50-75 cm	133	0.47
interior_depth	Interior relict
depth profile	robustness_auc_random	Robustness AUC
random removal	Depth_50_75	50-75 cm	133	0.2205
interior_depth	Interior relict
depth profile	robustness_auc_targeted	Robustness AUC
targeted removal	Depth_50_75	50-75 cm	133	0.06075
interior_depth	Interior relict
depth profile	modularity_louvain	Modularity	Depth_50_75	50-75 cm	133	0.452684275649605
interior_depth	Interior relict
depth profile	largest_component_prop	Largest
component	Depth_50_75	50-75 cm	134	0.49
interior_depth	Interior relict
depth profile	robustness_auc_random	Robustness AUC
random removal	Depth_50_75	50-75 cm	134	0.2455
interior_depth	Interior relict
depth profile	robustness_auc_targeted	Robustness AUC
targeted removal	Depth_50_75	50-75 cm	134	0.0695
interior_depth	Interior relict
depth profile	modularity_louvain	Modularity	Depth_50_75	50-75 cm	134	0.461064745839752
interior_depth	Interior relict
depth profile	largest_component_prop	Largest
component	Depth_50_75	50-75 cm	135	0.43
interior_depth	Interior relict
depth profile	robustness_auc_random	Robustness AUC
random removal	Depth_50_75	50-75 cm	135	0.21125
interior_depth	Interior relict
depth profile	robustness_auc_targeted	Robustness AUC
targeted removal	Depth_50_75	50-75 cm	135	0.06125
interior_depth	Interior relict
depth profile	modularity_louvain	Modularity	Depth_50_75	50-75 cm	135	0.441532410797707
interior_depth	Interior relict
depth profile	largest_component_prop	Largest
component	Depth_50_75	50-75 cm	136	0.595
interior_depth	Interior relict
depth profile	robustness_auc_random	Robustness AUC
random removal	Depth_50_75	50-75 cm	136	0.233625
interior_depth	Interior relict
depth profile	robustness_auc_targeted	Robustness AUC
targeted removal	Depth_50_75	50-75 cm	136	0.094625
interior_depth	Interior relict
depth profile	modularity_louvain	Modularity	Depth_50_75	50-75 cm	136	0.470830913360774
interior_depth	Interior relict
depth profile	largest_component_prop	Largest
component	Depth_50_75	50-75 cm	137	0.55
interior_depth	Interior relict
depth profile	robustness_auc_random	Robustness AUC
random removal	Depth_50_75	50-75 cm	137	0.267
interior_depth	Interior relict
depth profile	robustness_auc_targeted	Robustness AUC
targeted removal	Depth_50_75	50-75 cm	137	0.093
interior_depth	Interior relict
depth profile	modularity_louvain	Modularity	Depth_50_75	50-75 cm	137	0.526536577359158
interior_depth	Interior relict
depth profile	largest_component_prop	Largest
component	Depth_50_75	50-75 cm	138	0.525
interior_depth	Interior relict
depth profile	robustness_auc_random	Robustness AUC
random removal	Depth_50_75	50-75 cm	138	0.228875
interior_depth	Interior relict
depth profile	robustness_auc_targeted	Robustness AUC
targeted removal	Depth_50_75	50-75 cm	138	0.060875
interior_depth	Interior relict
depth profile	modularity_louvain	Modularity	Depth_50_75	50-75 cm	138	0.405636852604732
interior_depth	Interior relict
depth profile	largest_component_prop	Largest
component	Depth_50_75	50-75 cm	139	0.55
interior_depth	Interior relict
depth profile	robustness_auc_random	Robustness AUC
random removal	Depth_50_75	50-75 cm	139	0.2545
interior_depth	Interior relict
depth profile	robustness_auc_targeted	Robustness AUC
targeted removal	Depth_50_75	50-75 cm	139	0.08475
interior_depth	Interior relict
depth profile	modularity_louvain	Modularity	Depth_50_75	50-75 cm	139	0.455843918082877
interior_depth	Interior relict
depth profile	largest_component_prop	Largest
component	Depth_50_75	50-75 cm	140	0.535
interior_depth	Interior relict
depth profile	robustness_auc_random	Robustness AUC
random removal	Depth_50_75	50-75 cm	140	0.244125
interior_depth	Interior relict
depth profile	robustness_auc_targeted	Robustness AUC
targeted removal	Depth_50_75	50-75 cm	140	0.076625
interior_depth	Interior relict
depth profile	modularity_louvain	Modularity	Depth_50_75	50-75 cm	140	0.426365495820813
interior_depth	Interior relict
depth profile	largest_component_prop	Largest
component	Depth_50_75	50-75 cm	141	0.49
interior_depth	Interior relict
depth profile	robustness_auc_random	Robustness AUC
random removal	Depth_50_75	50-75 cm	141	0.20675
interior_depth	Interior relict
depth profile	robustness_auc_targeted	Robustness AUC
targeted removal	Depth_50_75	50-75 cm	141	0.07425
interior_depth	Interior relict
depth profile	modularity_louvain	Modularity	Depth_50_75	50-75 cm	141	0.444382717608141
interior_depth	Interior relict
depth profile	largest_component_prop	Largest
component	Depth_50_75	50-75 cm	142	0.56
interior_depth	Interior relict
depth profile	robustness_auc_random	Robustness AUC
random removal	Depth_50_75	50-75 cm	142	0.23575
interior_depth	Interior relict
depth profile	robustness_auc_targeted	Robustness AUC
targeted removal	Depth_50_75	50-75 cm	142	0.0825
interior_depth	Interior relict
depth profile	modularity_louvain	Modularity	Depth_50_75	50-75 cm	142	0.430390015403651
interior_depth	Interior relict
depth profile	largest_component_prop	Largest
component	Depth_50_75	50-75 cm	143	0.545
interior_depth	Interior relict
depth profile	robustness_auc_random	Robustness AUC
random removal	Depth_50_75	50-75 cm	143	0.235375
interior_depth	Interior relict
depth profile	robustness_auc_targeted	Robustness AUC
targeted removal	Depth_50_75	50-75 cm	143	0.069875
interior_depth	Interior relict
depth profile	modularity_louvain	Modularity	Depth_50_75	50-75 cm	143	0.480524481705007
interior_depth	Interior relict
depth profile	largest_component_prop	Largest
component	Depth_50_75	50-75 cm	144	0.54
interior_depth	Interior relict
depth profile	robustness_auc_random	Robustness AUC
random removal	Depth_50_75	50-75 cm	144	0.23225
interior_depth	Interior relict
depth profile	robustness_auc_targeted	Robustness AUC
targeted removal	Depth_50_75	50-75 cm	144	0.0705
interior_depth	Interior relict
depth profile	modularity_louvain	Modularity	Depth_50_75	50-75 cm	144	0.414831696169289
interior_depth	Interior relict
depth profile	largest_component_prop	Largest
component	Depth_50_75	50-75 cm	145	0.38
interior_depth	Interior relict
depth profile	robustness_auc_random	Robustness AUC
random removal	Depth_50_75	50-75 cm	145	0.17775
interior_depth	Interior relict
depth profile	robustness_auc_targeted	Robustness AUC
targeted removal	Depth_50_75	50-75 cm	145	0.0405
interior_depth	Interior relict
depth profile	modularity_louvain	Modularity	Depth_50_75	50-75 cm	145	0.387565970556299
interior_depth	Interior relict
depth profile	largest_component_prop	Largest
component	Depth_50_75	50-75 cm	146	0.495
interior_depth	Interior relict
depth profile	robustness_auc_random	Robustness AUC
random removal	Depth_50_75	50-75 cm	146	0.214625
interior_depth	Interior relict
depth profile	robustness_auc_targeted	Robustness AUC
targeted removal	Depth_50_75	50-75 cm	146	0.076375
interior_depth	Interior relict
depth profile	modularity_louvain	Modularity	Depth_50_75	50-75 cm	146	0.412843110022474
interior_depth	Interior relict
depth profile	largest_component_prop	Largest
component	Depth_50_75	50-75 cm	147	0.525
interior_depth	Interior relict
depth profile	robustness_auc_random	Robustness AUC
random removal	Depth_50_75	50-75 cm	147	0.223875
interior_depth	Interior relict
depth profile	robustness_auc_targeted	Robustness AUC
targeted removal	Depth_50_75	50-75 cm	147	0.070125
interior_depth	Interior relict
depth profile	modularity_louvain	Modularity	Depth_50_75	50-75 cm	147	0.444032347667988
interior_depth	Interior relict
depth profile	largest_component_prop	Largest
component	Depth_50_75	50-75 cm	148	0.525
interior_depth	Interior relict
depth profile	robustness_auc_random	Robustness AUC
random removal	Depth_50_75	50-75 cm	148	0.246875
interior_depth	Interior relict
depth profile	robustness_auc_targeted	Robustness AUC
targeted removal	Depth_50_75	50-75 cm	148	0.077125
interior_depth	Interior relict
depth profile	modularity_louvain	Modularity	Depth_50_75	50-75 cm	148	0.406047195777884
interior_depth	Interior relict
depth profile	largest_component_prop	Largest
component	Depth_50_75	50-75 cm	149	0.4
interior_depth	Interior relict
depth profile	robustness_auc_random	Robustness AUC
random removal	Depth_50_75	50-75 cm	149	0.19025
interior_depth	Interior relict
depth profile	robustness_auc_targeted	Robustness AUC
targeted removal	Depth_50_75	50-75 cm	149	0.0445
interior_depth	Interior relict
depth profile	modularity_louvain	Modularity	Depth_50_75	50-75 cm	149	0.3753535264261
interior_depth	Interior relict
depth profile	largest_component_prop	Largest
component	Depth_50_75	50-75 cm	150	0.55
interior_depth	Interior relict
depth profile	robustness_auc_random	Robustness AUC
random removal	Depth_50_75	50-75 cm	150	0.20725
interior_depth	Interior relict
depth profile	robustness_auc_targeted	Robustness AUC
targeted removal	Depth_50_75	50-75 cm	150	0.07575
interior_depth	Interior relict
depth profile	modularity_louvain	Modularity	Depth_50_75	50-75 cm	150	0.445348602308023
interior_depth	Interior relict
depth profile	largest_component_prop	Largest
component	Depth_50_75	50-75 cm	151	0.54
interior_depth	Interior relict
depth profile	robustness_auc_random	Robustness AUC
random removal	Depth_50_75	50-75 cm	151	0.2625
interior_depth	Interior relict
depth profile	robustness_auc_targeted	Robustness AUC
targeted removal	Depth_50_75	50-75 cm	151	0.075
interior_depth	Interior relict
depth profile	modularity_louvain	Modularity	Depth_50_75	50-75 cm	151	0.468068988156865
interior_depth	Interior relict
depth profile	largest_component_prop	Largest
component	Depth_50_75	50-75 cm	152	0.52
interior_depth	Interior relict
depth profile	robustness_auc_random	Robustness AUC
random removal	Depth_50_75	50-75 cm	152	0.247
interior_depth	Interior relict
depth profile	robustness_auc_targeted	Robustness AUC
targeted removal	Depth_50_75	50-75 cm	152	0.06425
interior_depth	Interior relict
depth profile	modularity_louvain	Modularity	Depth_50_75	50-75 cm	152	0.414670715385975
interior_depth	Interior relict
depth profile	largest_component_prop	Largest
component	Depth_50_75	50-75 cm	153	0.45
interior_depth	Interior relict
depth profile	robustness_auc_random	Robustness AUC
random removal	Depth_50_75	50-75 cm	153	0.217
interior_depth	Interior relict
depth profile	robustness_auc_targeted	Robustness AUC
targeted removal	Depth_50_75	50-75 cm	153	0.05525
interior_depth	Interior relict
depth profile	modularity_louvain	Modularity	Depth_50_75	50-75 cm	153	0.426188732607762
interior_depth	Interior relict
depth profile	largest_component_prop	Largest
component	Depth_50_75	50-75 cm	154	0.66
interior_depth	Interior relict
depth profile	robustness_auc_random	Robustness AUC
random removal	Depth_50_75	50-75 cm	154	0.308
interior_depth	Interior relict
depth profile	robustness_auc_targeted	Robustness AUC
targeted removal	Depth_50_75	50-75 cm	154	0.1095
interior_depth	Interior relict
depth profile	modularity_louvain	Modularity	Depth_50_75	50-75 cm	154	0.488049544203429
interior_depth	Interior relict
depth profile	largest_component_prop	Largest
component	Depth_50_75	50-75 cm	155	0.61
interior_depth	Interior relict
depth profile	robustness_auc_random	Robustness AUC
random removal	Depth_50_75	50-75 cm	155	0.28275
interior_depth	Interior relict
depth profile	robustness_auc_targeted	Robustness AUC
targeted removal	Depth_50_75	50-75 cm	155	0.09975
interior_depth	Interior relict
depth profile	modularity_louvain	Modularity	Depth_50_75	50-75 cm	155	0.48758869725512
interior_depth	Interior relict
depth profile	largest_component_prop	Largest
component	Depth_50_75	50-75 cm	156	0.425
interior_depth	Interior relict
depth profile	robustness_auc_random	Robustness AUC
random removal	Depth_50_75	50-75 cm	156	0.174375
interior_depth	Interior relict
depth profile	robustness_auc_targeted	Robustness AUC
targeted removal	Depth_50_75	50-75 cm	156	0.049625
interior_depth	Interior relict
depth profile	modularity_louvain	Modularity	Depth_50_75	50-75 cm	156	0.402303603444357
interior_depth	Interior relict
depth profile	largest_component_prop	Largest
component	Depth_50_75	50-75 cm	157	0.4
interior_depth	Interior relict
depth profile	robustness_auc_random	Robustness AUC
random removal	Depth_50_75	50-75 cm	157	0.17225
interior_depth	Interior relict
depth profile	robustness_auc_targeted	Robustness AUC
targeted removal	Depth_50_75	50-75 cm	157	0.054
interior_depth	Interior relict
depth profile	modularity_louvain	Modularity	Depth_50_75	50-75 cm	157	0.447485543294361
interior_depth	Interior relict
depth profile	largest_component_prop	Largest
component	Depth_50_75	50-75 cm	158	0.46
interior_depth	Interior relict
depth profile	robustness_auc_random	Robustness AUC
random removal	Depth_50_75	50-75 cm	158	0.215
interior_depth	Interior relict
depth profile	robustness_auc_targeted	Robustness AUC
targeted removal	Depth_50_75	50-75 cm	158	0.05575
interior_depth	Interior relict
depth profile	modularity_louvain	Modularity	Depth_50_75	50-75 cm	158	0.389728163430216
interior_depth	Interior relict
depth profile	largest_component_prop	Largest
component	Depth_50_75	50-75 cm	159	0.42
interior_depth	Interior relict
depth profile	robustness_auc_random	Robustness AUC
random removal	Depth_50_75	50-75 cm	159	0.20625
interior_depth	Interior relict
depth profile	robustness_auc_targeted	Robustness AUC
targeted removal	Depth_50_75	50-75 cm	159	0.05625
interior_depth	Interior relict
depth profile	modularity_louvain	Modularity	Depth_50_75	50-75 cm	159	0.412366480644428
interior_depth	Interior relict
depth profile	largest_component_prop	Largest
component	Depth_50_75	50-75 cm	160	0.535
interior_depth	Interior relict
depth profile	robustness_auc_random	Robustness AUC
random removal	Depth_50_75	50-75 cm	160	0.234875
interior_depth	Interior relict
depth profile	robustness_auc_targeted	Robustness AUC
targeted removal	Depth_50_75	50-75 cm	160	0.062375
interior_depth	Interior relict
depth profile	modularity_louvain	Modularity	Depth_50_75	50-75 cm	160	0.403499911618393
interior_depth	Interior relict
depth profile	largest_component_prop	Largest
component	Depth_50_75	50-75 cm	161	0.56
interior_depth	Interior relict
depth profile	robustness_auc_random	Robustness AUC
random removal	Depth_50_75	50-75 cm	161	0.218
interior_depth	Interior relict
depth profile	robustness_auc_targeted	Robustness AUC
targeted removal	Depth_50_75	50-75 cm	161	0.085
interior_depth	Interior relict
depth profile	modularity_louvain	Modularity	Depth_50_75	50-75 cm	161	0.422691346178127
interior_depth	Interior relict
depth profile	largest_component_prop	Largest
component	Depth_50_75	50-75 cm	162	0.47
interior_depth	Interior relict
depth profile	robustness_auc_random	Robustness AUC
random removal	Depth_50_75	50-75 cm	162	0.21325
interior_depth	Interior relict
depth profile	robustness_auc_targeted	Robustness AUC
targeted removal	Depth_50_75	50-75 cm	162	0.0655
interior_depth	Interior relict
depth profile	modularity_louvain	Modularity	Depth_50_75	50-75 cm	162	0.440926365495821
interior_depth	Interior relict
depth profile	largest_component_prop	Largest
component	Depth_50_75	50-75 cm	163	0.515
interior_depth	Interior relict
depth profile	robustness_auc_random	Robustness AUC
random removal	Depth_50_75	50-75 cm	163	0.232375
interior_depth	Interior relict
depth profile	robustness_auc_targeted	Robustness AUC
targeted removal	Depth_50_75	50-75 cm	163	0.081625
interior_depth	Interior relict
depth profile	modularity_louvain	Modularity	Depth_50_75	50-75 cm	163	0.490830408323022
interior_depth	Interior relict
depth profile	largest_component_prop	Largest
component	Depth_50_75	50-75 cm	164	0.56
interior_depth	Interior relict
depth profile	robustness_auc_random	Robustness AUC
random removal	Depth_50_75	50-75 cm	164	0.2625
interior_depth	Interior relict
depth profile	robustness_auc_targeted	Robustness AUC
targeted removal	Depth_50_75	50-75 cm	164	0.08275
interior_depth	Interior relict
depth profile	modularity_louvain	Modularity	Depth_50_75	50-75 cm	164	0.475272089088659
interior_depth	Interior relict
depth profile	largest_component_prop	Largest
component	Depth_50_75	50-75 cm	165	0.465
interior_depth	Interior relict
depth profile	robustness_auc_random	Robustness AUC
random removal	Depth_50_75	50-75 cm	165	0.189625
interior_depth	Interior relict
depth profile	robustness_auc_targeted	Robustness AUC
targeted removal	Depth_50_75	50-75 cm	165	0.067125
interior_depth	Interior relict
depth profile	modularity_louvain	Modularity	Depth_50_75	50-75 cm	165	0.455152647660413
interior_depth	Interior relict
depth profile	largest_component_prop	Largest
component	Depth_50_75	50-75 cm	166	0.47
interior_depth	Interior relict
depth profile	robustness_auc_random	Robustness AUC
random removal	Depth_50_75	50-75 cm	166	0.2125
interior_depth	Interior relict
depth profile	robustness_auc_targeted	Robustness AUC
targeted removal	Depth_50_75	50-75 cm	166	0.0605
interior_depth	Interior relict
depth profile	modularity_louvain	Modularity	Depth_50_75	50-75 cm	166	0.462011691623949
interior_depth	Interior relict
depth profile	largest_component_prop	Largest
component	Depth_50_75	50-75 cm	167	0.605
interior_depth	Interior relict
depth profile	robustness_auc_random	Robustness AUC
random removal	Depth_50_75	50-75 cm	167	0.261875
interior_depth	Interior relict
depth profile	robustness_auc_targeted	Robustness AUC
targeted removal	Depth_50_75	50-75 cm	167	0.087625
interior_depth	Interior relict
depth profile	modularity_louvain	Modularity	Depth_50_75	50-75 cm	167	0.528253705714502
interior_depth	Interior relict
depth profile	largest_component_prop	Largest
component	Depth_50_75	50-75 cm	168	0.615
interior_depth	Interior relict
depth profile	robustness_auc_random	Robustness AUC
random removal	Depth_50_75	50-75 cm	168	0.244625
interior_depth	Interior relict
depth profile	robustness_auc_targeted	Robustness AUC
targeted removal	Depth_50_75	50-75 cm	168	0.096875
interior_depth	Interior relict
depth profile	modularity_louvain	Modularity	Depth_50_75	50-75 cm	168	0.471219161132295
interior_depth	Interior relict
depth profile	largest_component_prop	Largest
component	Depth_50_75	50-75 cm	169	0.505
interior_depth	Interior relict
depth profile	robustness_auc_random	Robustness AUC
random removal	Depth_50_75	50-75 cm	169	0.253125
interior_depth	Interior relict
depth profile	robustness_auc_targeted	Robustness AUC
targeted removal	Depth_50_75	50-75 cm	169	0.068125
interior_depth	Interior relict
depth profile	modularity_louvain	Modularity	Depth_50_75	50-75 cm	169	0.44211951718391
interior_depth	Interior relict
depth profile	largest_component_prop	Largest
component	Depth_50_75	50-75 cm	170	0.465
interior_depth	Interior relict
depth profile	robustness_auc_random	Robustness AUC
random removal	Depth_50_75	50-75 cm	170	0.219125
interior_depth	Interior relict
depth profile	robustness_auc_targeted	Robustness AUC
targeted removal	Depth_50_75	50-75 cm	170	0.052875
interior_depth	Interior relict
depth profile	modularity_louvain	Modularity	Depth_50_75	50-75 cm	170	0.365394813262291
interior_depth	Interior relict
depth profile	largest_component_prop	Largest
component	Depth_50_75	50-75 cm	171	0.445
interior_depth	Interior relict
depth profile	robustness_auc_random	Robustness AUC
random removal	Depth_50_75	50-75 cm	171	0.198875
interior_depth	Interior relict
depth profile	robustness_auc_targeted	Robustness AUC
targeted removal	Depth_50_75	50-75 cm	171	0.063875
interior_depth	Interior relict
depth profile	modularity_louvain	Modularity	Depth_50_75	50-75 cm	171	0.466957905103406
interior_depth	Interior relict
depth profile	largest_component_prop	Largest
component	Depth_50_75	50-75 cm	172	0.55
interior_depth	Interior relict
depth profile	robustness_auc_random	Robustness AUC
random removal	Depth_50_75	50-75 cm	172	0.25175
interior_depth	Interior relict
depth profile	robustness_auc_targeted	Robustness AUC
targeted removal	Depth_50_75	50-75 cm	172	0.0815
interior_depth	Interior relict
depth profile	modularity_louvain	Modularity	Depth_50_75	50-75 cm	172	0.443467336683417
interior_depth	Interior relict
depth profile	largest_component_prop	Largest
component	Depth_50_75	50-75 cm	173	0.38
interior_depth	Interior relict
depth profile	robustness_auc_random	Robustness AUC
random removal	Depth_50_75	50-75 cm	173	0.1475
interior_depth	Interior relict
depth profile	robustness_auc_targeted	Robustness AUC
targeted removal	Depth_50_75	50-75 cm	173	0.04575
interior_depth	Interior relict
depth profile	modularity_louvain	Modularity	Depth_50_75	50-75 cm	173	0.399399636372819
interior_depth	Interior relict
depth profile	largest_component_prop	Largest
component	Depth_50_75	50-75 cm	174	0.5
interior_depth	Interior relict
depth profile	robustness_auc_random	Robustness AUC
random removal	Depth_50_75	50-75 cm	174	0.2315
interior_depth	Interior relict
depth profile	robustness_auc_targeted	Robustness AUC
targeted removal	Depth_50_75	50-75 cm	174	0.06875
interior_depth	Interior relict
depth profile	modularity_louvain	Modularity	Depth_50_75	50-75 cm	174	0.414184616550087
interior_depth	Interior relict
depth profile	largest_component_prop	Largest
component	Depth_50_75	50-75 cm	175	0.445
interior_depth	Interior relict
depth profile	robustness_auc_random	Robustness AUC
random removal	Depth_50_75	50-75 cm	175	0.217125
interior_depth	Interior relict
depth profile	robustness_auc_targeted	Robustness AUC
targeted removal	Depth_50_75	50-75 cm	175	0.055875
interior_depth	Interior relict
depth profile	modularity_louvain	Modularity	Depth_50_75	50-75 cm	175	0.428865432691094
interior_depth	Interior relict
depth profile	largest_component_prop	Largest
component	Depth_50_75	50-75 cm	176	0.555
interior_depth	Interior relict
depth profile	robustness_auc_random	Robustness AUC
random removal	Depth_50_75	50-75 cm	176	0.260625
interior_depth	Interior relict
depth profile	robustness_auc_targeted	Robustness AUC
targeted removal	Depth_50_75	50-75 cm	176	0.067875
interior_depth	Interior relict
depth profile	modularity_louvain	Modularity	Depth_50_75	50-75 cm	176	0.479968940178278
interior_depth	Interior relict
depth profile	largest_component_prop	Largest
component	Depth_50_75	50-75 cm	177	0.465
interior_depth	Interior relict
depth profile	robustness_auc_random	Robustness AUC
random removal	Depth_50_75	50-75 cm	177	0.164375
interior_depth	Interior relict
depth profile	robustness_auc_targeted	Robustness AUC
targeted removal	Depth_50_75	50-75 cm	177	0.063375
interior_depth	Interior relict
depth profile	modularity_louvain	Modularity	Depth_50_75	50-75 cm	177	0.486843766571551
interior_depth	Interior relict
depth profile	largest_component_prop	Largest
component	Depth_50_75	50-75 cm	178	0.565
interior_depth	Interior relict
depth profile	robustness_auc_random	Robustness AUC
random removal	Depth_50_75	50-75 cm	178	0.254375
interior_depth	Interior relict
depth profile	robustness_auc_targeted	Robustness AUC
targeted removal	Depth_50_75	50-75 cm	178	0.085625
interior_depth	Interior relict
depth profile	modularity_louvain	Modularity	Depth_50_75	50-75 cm	178	0.43837908133633
interior_depth	Interior relict
depth profile	largest_component_prop	Largest
component	Depth_50_75	50-75 cm	179	0.52
interior_depth	Interior relict
depth profile	robustness_auc_random	Robustness AUC
random removal	Depth_50_75	50-75 cm	179	0.24475
interior_depth	Interior relict
depth profile	robustness_auc_targeted	Robustness AUC
targeted removal	Depth_50_75	50-75 cm	179	0.06525
interior_depth	Interior relict
depth profile	modularity_louvain	Modularity	Depth_50_75	50-75 cm	179	0.441630261862074
interior_depth	Interior relict
depth profile	largest_component_prop	Largest
component	Depth_50_75	50-75 cm	180	0.535
interior_depth	Interior relict
depth profile	robustness_auc_random	Robustness AUC
random removal	Depth_50_75	50-75 cm	180	0.251625
interior_depth	Interior relict
depth profile	robustness_auc_targeted	Robustness AUC
targeted removal	Depth_50_75	50-75 cm	180	0.072375
interior_depth	Interior relict
depth profile	modularity_louvain	Modularity	Depth_50_75	50-75 cm	180	0.445064518572763
interior_depth	Interior relict
depth profile	largest_component_prop	Largest
component	Depth_50_75	50-75 cm	181	0.545
interior_depth	Interior relict
depth profile	robustness_auc_random	Robustness AUC
random removal	Depth_50_75	50-75 cm	181	0.232875
interior_depth	Interior relict
depth profile	robustness_auc_targeted	Robustness AUC
targeted removal	Depth_50_75	50-75 cm	181	0.080125
interior_depth	Interior relict
depth profile	modularity_louvain	Modularity	Depth_50_75	50-75 cm	181	0.472983636776849
interior_depth	Interior relict
depth profile	largest_component_prop	Largest
component	Depth_50_75	50-75 cm	182	0.49
interior_depth	Interior relict
depth profile	robustness_auc_random	Robustness AUC
random removal	Depth_50_75	50-75 cm	182	0.2135
interior_depth	Interior relict
depth profile	robustness_auc_targeted	Robustness AUC
targeted removal	Depth_50_75	50-75 cm	182	0.06775
interior_depth	Interior relict
depth profile	modularity_louvain	Modularity	Depth_50_75	50-75 cm	182	0.461405646322063
interior_depth	Interior relict
depth profile	largest_component_prop	Largest
component	Depth_50_75	50-75 cm	183	0.595
interior_depth	Interior relict
depth profile	robustness_auc_random	Robustness AUC
random removal	Depth_50_75	50-75 cm	183	0.241125
interior_depth	Interior relict
depth profile	robustness_auc_targeted	Robustness AUC
targeted removal	Depth_50_75	50-75 cm	183	0.097375
interior_depth	Interior relict
depth profile	modularity_louvain	Modularity	Depth_50_75	50-75 cm	183	0.45587548294235
interior_depth	Interior relict
depth profile	largest_component_prop	Largest
component	Depth_50_75	50-75 cm	184	0.475
interior_depth	Interior relict
depth profile	robustness_auc_random	Robustness AUC
random removal	Depth_50_75	50-75 cm	184	0.214625
interior_depth	Interior relict
depth profile	robustness_auc_targeted	Robustness AUC
targeted removal	Depth_50_75	50-75 cm	184	0.055375
interior_depth	Interior relict
depth profile	modularity_louvain	Modularity	Depth_50_75	50-75 cm	184	0.395738112673922
interior_depth	Interior relict
depth profile	largest_component_prop	Largest
component	Depth_50_75	50-75 cm	185	0.565
interior_depth	Interior relict
depth profile	robustness_auc_random	Robustness AUC
random removal	Depth_50_75	50-75 cm	185	0.276375
interior_depth	Interior relict
depth profile	robustness_auc_targeted	Robustness AUC
targeted removal	Depth_50_75	50-75 cm	185	0.085125
interior_depth	Interior relict
depth profile	modularity_louvain	Modularity	Depth_50_75	50-75 cm	185	0.482083785762986
interior_depth	Interior relict
depth profile	largest_component_prop	Largest
component	Depth_50_75	50-75 cm	186	0.47
interior_depth	Interior relict
depth profile	robustness_auc_random	Robustness AUC
random removal	Depth_50_75	50-75 cm	186	0.22375
interior_depth	Interior relict
depth profile	robustness_auc_targeted	Robustness AUC
targeted removal	Depth_50_75	50-75 cm	186	0.0575
interior_depth	Interior relict
depth profile	modularity_louvain	Modularity	Depth_50_75	50-75 cm	186	0.397376328880584
interior_depth	Interior relict
depth profile	largest_component_prop	Largest
component	Depth_50_75	50-75 cm	187	0.565
interior_depth	Interior relict
depth profile	robustness_auc_random	Robustness AUC
random removal	Depth_50_75	50-75 cm	187	0.283375
interior_depth	Interior relict
depth profile	robustness_auc_targeted	Robustness AUC
targeted removal	Depth_50_75	50-75 cm	187	0.086625
interior_depth	Interior relict
depth profile	modularity_louvain	Modularity	Depth_50_75	50-75 cm	187	0.45523787278099
interior_depth	Interior relict
depth profile	largest_component_prop	Largest
component	Depth_50_75	50-75 cm	188	0.425
interior_depth	Interior relict
depth profile	robustness_auc_random	Robustness AUC
random removal	Depth_50_75	50-75 cm	188	0.213125
interior_depth	Interior relict
depth profile	robustness_auc_targeted	Robustness AUC
targeted removal	Depth_50_75	50-75 cm	188	0.049375
interior_depth	Interior relict
depth profile	modularity_louvain	Modularity	Depth_50_75	50-75 cm	188	0.362443498901543
interior_depth	Interior relict
depth profile	largest_component_prop	Largest
component	Depth_50_75	50-75 cm	189	0.54
interior_depth	Interior relict
depth profile	robustness_auc_random	Robustness AUC
random removal	Depth_50_75	50-75 cm	189	0.22625
interior_depth	Interior relict
depth profile	robustness_auc_targeted	Robustness AUC
targeted removal	Depth_50_75	50-75 cm	189	0.0765
interior_depth	Interior relict
depth profile	modularity_louvain	Modularity	Depth_50_75	50-75 cm	189	0.436339991414358
interior_depth	Interior relict
depth profile	largest_component_prop	Largest
component	Depth_50_75	50-75 cm	190	0.58
interior_depth	Interior relict
depth profile	robustness_auc_random	Robustness AUC
random removal	Depth_50_75	50-75 cm	190	0.26275
interior_depth	Interior relict
depth profile	robustness_auc_targeted	Robustness AUC
targeted removal	Depth_50_75	50-75 cm	190	0.0915
interior_depth	Interior relict
depth profile	modularity_louvain	Modularity	Depth_50_75	50-75 cm	190	0.473255094568319
interior_depth	Interior relict
depth profile	largest_component_prop	Largest
component	Depth_50_75	50-75 cm	191	0.565
interior_depth	Interior relict
depth profile	robustness_auc_random	Robustness AUC
random removal	Depth_50_75	50-75 cm	191	0.242125
interior_depth	Interior relict
depth profile	robustness_auc_targeted	Robustness AUC
targeted removal	Depth_50_75	50-75 cm	191	0.090875
interior_depth	Interior relict
depth profile	modularity_louvain	Modularity	Depth_50_75	50-75 cm	191	0.480445569556324
interior_depth	Interior relict
depth profile	largest_component_prop	Largest
component	Depth_50_75	50-75 cm	192	0.62
interior_depth	Interior relict
depth profile	robustness_auc_random	Robustness AUC
random removal	Depth_50_75	50-75 cm	192	0.269
interior_depth	Interior relict
depth profile	robustness_auc_targeted	Robustness AUC
targeted removal	Depth_50_75	50-75 cm	192	0.09875
interior_depth	Interior relict
depth profile	modularity_louvain	Modularity	Depth_50_75	50-75 cm	192	0.475919168707861
interior_depth	Interior relict
depth profile	largest_component_prop	Largest
component	Depth_50_75	50-75 cm	193	0.49
interior_depth	Interior relict
depth profile	robustness_auc_random	Robustness AUC
random removal	Depth_50_75	50-75 cm	193	0.24375
interior_depth	Interior relict
depth profile	robustness_auc_targeted	Robustness AUC
targeted removal	Depth_50_75	50-75 cm	193	0.07025
interior_depth	Interior relict
depth profile	modularity_louvain	Modularity	Depth_50_75	50-75 cm	193	0.446582788313426
interior_depth	Interior relict
depth profile	largest_component_prop	Largest
component	Depth_50_75	50-75 cm	194	0.525
interior_depth	Interior relict
depth profile	robustness_auc_random	Robustness AUC
random removal	Depth_50_75	50-75 cm	194	0.226375
interior_depth	Interior relict
depth profile	robustness_auc_targeted	Robustness AUC
targeted removal	Depth_50_75	50-75 cm	194	0.062375
interior_depth	Interior relict
depth profile	modularity_louvain	Modularity	Depth_50_75	50-75 cm	194	0.469707204363526
interior_depth	Interior relict
depth profile	largest_component_prop	Largest
component	Depth_50_75	50-75 cm	195	0.58
interior_depth	Interior relict
depth profile	robustness_auc_random	Robustness AUC
random removal	Depth_50_75	50-75 cm	195	0.234
interior_depth	Interior relict
depth profile	robustness_auc_targeted	Robustness AUC
targeted removal	Depth_50_75	50-75 cm	195	0.08725
interior_depth	Interior relict
depth profile	modularity_louvain	Modularity	Depth_50_75	50-75 cm	195	0.471724198883867
interior_depth	Interior relict
depth profile	largest_component_prop	Largest
component	Depth_50_75	50-75 cm	196	0.475
interior_depth	Interior relict
depth profile	robustness_auc_random	Robustness AUC
random removal	Depth_50_75	50-75 cm	196	0.210875
interior_depth	Interior relict
depth profile	robustness_auc_targeted	Robustness AUC
targeted removal	Depth_50_75	50-75 cm	196	0.064375
interior_depth	Interior relict
depth profile	modularity_louvain	Modularity	Depth_50_75	50-75 cm	196	0.421068912401202
interior_depth	Interior relict
depth profile	largest_component_prop	Largest
component	Depth_50_75	50-75 cm	197	0.52
interior_depth	Interior relict
depth profile	robustness_auc_random	Robustness AUC
random removal	Depth_50_75	50-75 cm	197	0.23375
interior_depth	Interior relict
depth profile	robustness_auc_targeted	Robustness AUC
targeted removal	Depth_50_75	50-75 cm	197	0.0745
interior_depth	Interior relict
depth profile	modularity_louvain	Modularity	Depth_50_75	50-75 cm	197	0.460607055377389
interior_depth	Interior relict
depth profile	largest_component_prop	Largest
component	Depth_50_75	50-75 cm	198	0.525
interior_depth	Interior relict
depth profile	robustness_auc_random	Robustness AUC
random removal	Depth_50_75	50-75 cm	198	0.234625
interior_depth	Interior relict
depth profile	robustness_auc_targeted	Robustness AUC
targeted removal	Depth_50_75	50-75 cm	198	0.074375
interior_depth	Interior relict
depth profile	modularity_louvain	Modularity	Depth_50_75	50-75 cm	198	0.456169036135451
interior_depth	Interior relict
depth profile	largest_component_prop	Largest
component	Depth_50_75	50-75 cm	199	0.535
interior_depth	Interior relict
depth profile	robustness_auc_random	Robustness AUC
random removal	Depth_50_75	50-75 cm	199	0.240375
interior_depth	Interior relict
depth profile	robustness_auc_targeted	Robustness AUC
targeted removal	Depth_50_75	50-75 cm	199	0.085875
interior_depth	Interior relict
depth profile	modularity_louvain	Modularity	Depth_50_75	50-75 cm	199	0.48479205070579
interior_depth	Interior relict
depth profile	largest_component_prop	Largest
component	Depth_50_75	50-75 cm	200	0.5
interior_depth	Interior relict
depth profile	robustness_auc_random	Robustness AUC
random removal	Depth_50_75	50-75 cm	200	0.235
interior_depth	Interior relict
depth profile	robustness_auc_targeted	Robustness AUC
targeted removal	Depth_50_75	50-75 cm	200	0.07175
interior_depth	Interior relict
depth profile	modularity_louvain	Modularity	Depth_50_75	50-75 cm	200	0.433625413499659
