sample_id	EU652571.1.1503	KX097089.1.1528	EU488457.1.1483	HQ727627.1.1522	AM176885.1.1418	KJ817533.1.1498	AM745219.1.1602	FJ712534.1.1514	KX504848.1.1523	AB806704.1.1485	HE804013.1.1479	KC357800.1.1438	GU180188.1.1514	JN498221.1.1394	DQ431903.1.1419	GQ143772.1.1554	AM997418.1.1513	JQ580309.1.1482	KC009895.1.1442	FJ545472.1.1559	KC009877.1.1515	FJ748816.1.1514	HQ727651.1.1475	EU283571.1.1333	DQ811808.1.1527	DQ363780.1.954	KY609501.1.1523	GU302442.1.1531	GQ249585.1.1531	LC004293.1.1337	KM356725.1.1424	GQ337314.1.1475	KJ817459.1.1525	KC009862.1.1289	KP728222.1.1525	EF444653.1.1279	JX240886.1.1472	KC470953.1.1371	AB266389.1.1525	KF268910.1.1377	AB694385.1.1409	KC009933.1.1519	EF125407.1.1477	GU982895.1.1212	JQ426267.1.1505	FJ685743.1.1209	EU491457.1.1489	DQ641854.1.916	JF747656.1.1535	AM882560.1.1458	KU578771.1.1356	JX504409.1.1551	CP013099.3645030.3646539	FJ900559.1.1484	AB622941.1.1314	KF616783.1.1488	HE604685.1.1406	JN457602.1.1397	JQ580306.1.1521	JN518931.1.1452	JQ824907.1.1522	JQ716338.1.1491	FJ203391.1.1488	EU488054.1.1507	FJ748775.1.1510	KT167015.1.1381	DQ811819.1.1523	JQ580221.1.1496	AM039960.1.1519	JF344346.1.1503	KM108644.1.1515	JQ716269.1.1517	JX241033.1.1526	JF344635.1.1514	JQ580158.1.1515	JF421166.1.1503	EU488036.1.1531	HQ014650.1.1499	HM437993.1.1513	FR682646.1.1628	KX097734.1.1525	GQ246446.1.1523	JN977174.1.1546	FJ203584.1.1459	KR824977.1.1462	JF344561.1.1519	HQ738402.1.1458	DQ811935.1.1507	GQ994158.1.923	EU617821.1.1525	EU662567.1.1446	AY216453.1.1421	FJ905762.1.1411	JF268389.1.1458	EF999356.1.1505	KX172242.1.1463	LN563386.1.1350	EU652611.1.1524	KX172552.1.1464	JQ245921.1.944	HF922320.1.1505	MGML01000116.8420.9921	GU369933.1.1368	KJ817493.1.1525	JX870311.1.915	JX504490.1.1557	KM356749.1.1483	JN977195.1.1550	AM882621.1.1521	HE614829.1.1456	AB806729.1.1479	CP016268.790030.791574	KF460404.1.1524	EF208655.1.1533	LC121892.1.914	AB364850.1.1498	GQ850571.1.1477	KX173276.1.1482	DQ070825.1.1419	AY584740.1.1231	EU488419.1.1514	DQ431904.1.1420	DQ811792.1.1512	EU491875.1.1464	JX870317.1.915	KM203484.1.1200	KX504856.1.1527	KX172521.1.1480	KC471044.1.1422	KC009968.1.1238	HQ697688.1.1523	JF495328.1.1537	GU230392.1.1515	FN553932.1.1517	JQ817984.1.1485	DQ811831.1.1528	LN569797.1.1343	DQ431896.1.1372	AB300128.1.1329	JN038216.1.1526	KC009869.1.1401	DQ811807.1.1529	FM242440.1.1461	AB806698.1.1488	HQ588453.1.1411	EU048674.1.1479	JQ816885.1.1488	KJ817529.1.1517	JF344665.1.1520	KT905810.1.1538	MG601262.1.1536	HM598262.1.1519	HE803898.1.1484	AY605137.1.1495	GQ263976.1.1455	DQ070827.1.1355	JX482201.1.900	EU487975.1.1514	EF157274.1.1422	JX280051.1.1507	KP174553.1.1436	KM356611.1.1422	KT907904.1.907	KY861742.1.1376	JN830953.1.1424	HM798748.1.1422	KM356600.1.1484	EU488352.1.1526	JQ816305.1.1426	AB806727.1.1479	EU290687.1.1515	KX172187.1.1456	DQ811880.1.1473	EF687551.1.1333	FJ477316.1.1346	KY441460.1.1524	JQ580330.1.1478	JX227640.1.1459	DQ431899.1.1417	FJ655689.1.1403	GQ994182.1.911	KP762238.1.1208	FJ455958.1.911	JQ580439.1.1531	GQ356834.1.936	KY228984.1.1390	JN977162.1.1541	JN003082.1.1327	FJ517042.1.1485	EU134890.1.1383	JF344478.1.1502	AM997875.1.1458	HQ316943.1.1422	HQ597894.1.1508	AY913245.1.1415	HQ691951.1.1342	EF125417.1.1529	EF125426.1.1479	EF612387.1.1493	FJ545485.1.1494
S1A015	0.108594890510949	0.0054014598540146	0.00967153284671533	0.0219343065693431	0.00635036496350365	0.00848540145985401	0.00463503649635036	0.00344890510948905	0.000328467153284672	0.0689051094890511	0.0031021897810219	0.00474452554744526	0.00372262773722628	0.0932846715328467	0.00410583941605839	0.00339416058394161	0.00228102189781022	0.000218978102189781	0.00332116788321168	0.000200729927007299	0.00762773722627737	0.0187408759124088	0.0111496350364964	0.0109489051094891	0.0020985401459854	5.47445255474453e-05	0.00547445255474453	0.000273722627737226	0.00122262773722628	0.00762773722627737	0.000583941605839416	0.00892335766423358	0.00558394160583942	0.000437956204379562	0.000930656934306569	0.0469343065693431	0.0301094890510949	0.000437956204379562	0.000237226277372263	0.0193430656934307	0.00339416058394161	0	0.00167883211678832	0.00468978102189781	0.00158759124087591	0.000602189781021898	0.0226642335766423	0.021021897810219	0.0180839416058394	0.0100547445255474	0.00355839416058394	0.00215328467153285	0.00147810218978102	0.0027007299270073	0.00410583941605839	0.00257299270072993	0.00215328467153285	0.00315693430656934	0.00131386861313869	0.00162408759124088	0.00118613138686131	0.000109489051094891	3.64963503649635e-05	0.000474452554744526	0.0108029197080292	0.00826642335766423	0	0.00425182481751825	0.0367335766423358	0.00381386861313869	0.00155109489051095	0.000200729927007299	0.000985401459854015	0.0230474452554745	0.00638686131386861	0.00215328467153285	0.00153284671532847	0.00428832116788321	0.000383211678832117	0	0.00463503649635036	5.47445255474453e-05	0.00248175182481752	0.0018978102189781	0.000821167883211679	0.0012043795620438	0.000145985401459854	0.000182481751824818	0.00268248175182482	0.00262773722627737	0.000383211678832117	0.033521897810219	0.000145985401459854	0.00302919708029197	0.00405109489051095	0.0125912408759124	0.00501824817518248	0.00324817518248175	0.000802919708029197	0.00695255474452555	0.00313868613138686	0.000364963503649635	0.00427007299270073	0	0.00242700729927007	0.000218978102189781	0.00158759124087591	0.000364963503649635	0.000109489051094891	0.00220802919708029	0.00158759124087591	0.000510948905109489	0.000948905109489051	0.000127737226277372	0.00233576642335766	0.00114963503649635	0.000766423357664234	0.000547445255474453	0.000255474452554745	0.0241970802919708	0.00147810218978102	3.64963503649635e-05	3.64963503649635e-05	0.00385036496350365	0	0	0.000182481751824818	0	0.00187956204379562	0	0.000529197080291971	0.000109489051094891	0.000693430656934307	0.000200729927007299	0.00031021897810219	0.0119890510948905	3.64963503649635e-05	0	0.000948905109489051	0.00118613138686131	0.00041970802919708	0.00072992700729927	3.64963503649635e-05	9.12408759124088e-05	0	0.00434306569343066	0.0025	0.000145985401459854	3.64963503649635e-05	5.47445255474453e-05	0.000912408759124088	0.000602189781021898	0.000127737226277372	0.00160583941605839	0.000291970802919708	0.000273722627737226	7.2992700729927e-05	0	0.00385036496350365	7.2992700729927e-05	0.00967153284671533	0	0.000437956204379562	0.00257299270072993	0.012536496350365	0	0.000164233576642336	0.000675182481751825	0.00116788321167883	0.000967153284671533	3.64963503649635e-05	0.000218978102189781	0	0.00779197080291971	0	0.00585766423357664	0	0.000346715328467153	0.000255474452554745	0.000401459854014599	7.2992700729927e-05	0.000255474452554745	5.47445255474453e-05	0.000237226277372263	0.00332116788321168	0	0.000182481751824818	0.00235401459854015	0.00180656934306569	0.00275547445255474	0.00235401459854015	0.0119343065693431	0.000875912408759124	0	0	0.00242700729927007	0.000510948905109489	0.00153284671532847	0.000109489051094891	0.00321167883211679
S1A1530	0.0829135180520571	0.0141929858554544	0.0127397791125751	0.00976877866046632	0.00463411483562617	0.0118194148420849	0.0037298973067235	0.000419815281276238	0.00468255506038881	0.0508783827423626	0.0129981269779758	0.00350384292449784	0.00292256022734612	0.0695278692759801	0.00171155460828005	0.00755667506297229	0.00757282180455984	0.00054898921397662	0.00298714719369631	0.00129173932700381	0.00166311438351741	0.0142091325970419	0.0113673060776335	0.00967189821094103	0.00142091325970419	0.00314861460957179	0.00867080023251308	0.00486016921785184	0.00140476651811664	0.0145966543951431	0.00343925595814765	0.00516695730801524	0.00369760382354841	0.000242201123813215	0.00125944584382872	0.037121358909772	0.0256733191242007	0.00605502809533036	0.00695924562423303	0.00163082090034231	0.00266421236194536	0.000855777304140025	0.0119970289995479	0.002034489440031	0.00142091325970419	0.000839630562552477	0.0177614157463024	0.0139992249564038	0.015775366531034	0.029839178453788	0.00295485371052122	0.0013886197765291	0.00637796292708132	0.000775043596202286	0.0078634631531357	0.00448879416133824	0.000984951236840406	0.00313246786798424	0.00130788606859136	0.00103339146160305	0.00148550022605438	0.000161467415875476	0.00292256022734612	0.000662016405089453	0.00873538719886327	0.0085416262998127	0.000726603371439644	0.00605502809533036	0.0300167926112511	0.00844474585028741	0.00594200090421753	0.00109797842795324	0.00313246786798424	0.00731447393915908	0.00390751146418653	0.00351998966608538	0.00106568494477814	0.00552218562294129	0.00088807078731512	0.00544145191500355	0.00156623393399212	0.00185687528256798	0.00392365820577407	0.0024058644965446	0.00167926112510495	0.000662016405089453	0.00996253955951689	0.00103339146160305	0.000597429438739262	0.00151779370922948	0.000387521798101143	0.00686236517470774	0.00516695730801524	0.0030840276432216	0.00334237550862236	0.0199412258606213	0.00256733191242007	0.00909061551378932	0.00794419686107344	0.00833171865917458	0.00142091325970419	0.00673319124200736	0.0013886197765291	0.000839630562552477	0.00187302202415553	0.00222825033908157	0.000678163146677001	0.000226054382225667	4.84402247626429e-05	0.00109797842795324	0.00106568494477814	0.00095265775366531	0.000904217528902667	0.000468255506038881	0.00150164696764193	0.000710456629852096	0.000435962022863786	0.000419815281276238	0.000113027191112833	0.00812181101853646	0.00350384292449784	0.000306788090163405	0.000193760899050572	0.00463411483562617	0.000355228314926048	0.00095265775366531	0.000242201123813215	0.000193760899050572	0.000193760899050572	0.000500548989213977	0.00116256539430343	0.000113027191112833	0.000710456629852096	8.07337079377382e-05	0.000129173932700381	0.00876768068203836	0.00061357618032681	0.000468255506038881	0.000871924045727572	0.00224439708066912	0.00595814764580508	0.00221210359749403	0.0010172447200155	0.000758896854614739	0.000242201123813215	0.00153394045081703	0.00741135438868436	0.00100109797842795	0.00611961506168055	0.000355228314926048	0.000791190337789834	0.000516695730801524	0.000226054382225667	0.00113027191112833	0.000968804495252858	0.000565135955564167	0.000161467415875476	6.45869663501905e-05	0.00620034876961829	0	0.0175515081056643	0	0.00263191887877026	0.0104146483239682	0.00175999483304269	0.000145320674287929	6.45869663501905e-05	0.00137247303494155	0.00116256539430343	0.00187302202415553	0.000129173932700381	0.0010495382031906	0.00272879932829555	0.00573209326357941	0.000629722921914358	0.000581282697151715	6.45869663501905e-05	0.000807337079377382	0.00245430472130724	0.000242201123813215	0.000984951236840406	0.000226054382225667	0.000145320674287929	0.000290641348575857	0.025592585416263	0.00122715236065362	0.000565135955564167	0.00125944584382872	0.00414971258799974	0.00184072854098043	0.000710456629852096	0.00855777304140025	0.00200219595685591	0.00054898921397662	0.000242201123813215	0.000678163146677001	0.000322934831750953	0.0044080604534005	0.000403668539688691	0.00608732157850546
S1A3050	0.0750349101064758	0.00475650200733112	0.0168877640076802	0.0175423285041019	0.00403648106126724	0.0238479664862978	0.00272735206842381	0.000370919881305638	0.00615290626636411	0.0469759120265317	0.0101893873276313	0.00438558212602548	0.00233461337057078	0.062641822307558	0.00532379123756327	0.00922935939954617	0.0158404608134055	0.0018327805899808	0.004581951474952	0.00316372839937162	0.00202914993890731	0.0176077849537441	0.00981846744632571	0.00868388898586141	0.000960027928085181	0.0166041193925641	0.00890207715133531	0.00141822307558038	0.000981846744632571	0.0184368999825449	0.0013745854424856	0.00661110141385931	0.00586926165124804	0.000392738697853028	0.00176732414033863	0.031680921626811	0.0209897015185896	0.00868388898586141	0.0138113108744982	0.00322918484901379	0.00410193751090941	0.00224733810438122	0.00964391691394659	0.0018327805899808	0.00152731715831733	0.000545470413684762	0.0169750392738698	0.0119130738348752	0.0177605166695758	0.00556379821958457	0.00290190260080293	0.00318554721591901	0.00410193751090941	0.000807296212253447	0.00216006283819166	0.0036655611799616	0.00168004887414907	0.00327282248210857	0.00233461337057078	0.00161459242450689	0.00122185372665387	0.000196369348926514	0.00226915692092861	0.000414557514400419	0.00737475999301798	0.00669837668004887	0.000785477395706057	0.00471286437423634	0.0396884272997033	0.02341159015535	0.00979664862977832	0.00104730319427474	0.00333827893175074	0.00750567289230232	0.00484377727352068	0.00405829987781463	0.000829115028800838	0.00401466224471985	0.000392738697853028	0.00277098970151859	0.00100366556117996	0.00235643218711817	0.0140294990399721	0.00200733112235992	0.00165823005760168	0.000981846744632571	0.00436376330947809	0.00242188863676034	0.00133094780939082	0.00102548437772735	0.000436376330947809	0.00922935939954617	0.00514924070518415	0.00168004887414907	0.00288008378425554	0.0193969279106301	0.00314190958282423	0.00370919881305638	0.00521469715482632	0.00327282248210857	0.00115639727701169	0.0108875894571478	0.00423285041019375	0.00135276662593821	0.00152731715831733	0.00141822307558038	0.00226915692092861	0.00146186070867516	8.72752661895619e-05	0.000676383312969105	0.000741839762611276	0.00048001396404259	0.00111275964391691	0.00048001396404259	0.00270553325187642	0.00216006283819166	0.000305463431663467	0.000501832780589981	0.000109094082736952	0.00501832780589981	0.00292372141735032	0.00115639727701169	0.000720020946063885	0.00364374236341421	0.000283644615116076	0.00117821609355909	0.000240006982021295	0.000741839762611276	0.000370919881305638	0.000850933845348228	0.00144004189212777	0.000436376330947809	0.000283644615116076	0.000545470413684762	0.000327282248210857	0.0235861406877291	0.000632745679874324	0.000305463431663467	0.0018327805899808	0.00157095479141211	0.00329464129865596	0.00187641822307558	0.000523651597137371	0.000632745679874324	0.000981846744632571	0.00122185372665387	0.00929481584918834	0.00148367952522255	0.00301099668353989	0.000960027928085181	0.000501832780589981	0.000610926863326933	0.000392738697853028	0.000676383312969105	0.00176732414033863	0.000130912899284343	0.00048001396404259	0.000305463431663467	0.004581951474952	0	0.00517105952173154	0.000174550532379124	0.00466922674114156	0.00737475999301798	0.00150549834176994	0.000327282248210857	0	0.00237825100366556	0.000174550532379124	0.00100366556117996	6.54564496421714e-05	0.000589108046779543	0.000414557514400419	0.00237825100366556	0.000785477395706057	0.00357828591377204	4.36376330947809e-05	0.000981846744632571	0.000981846744632571	0.000109094082736952	0.000305463431663467	8.72752661895619e-05	0.000349101064758248	6.54564496421714e-05	0.010058474428347	0.0041237563274568	0.000610926863326933	0.00117821609355909	0.00257462035259208	0.00261825798568686	0.00106912201082213	0.00336009774829813	0.00349101064758248	0.000130912899284343	0.000109094082736952	0.00100366556117996	0.0036655611799616	0.0103421190434631	0.000436376330947809	0.00102548437772735
S1A5075	0.103681743519891	0.00544849965946877	0.0168462801971075	0.0146027803373262	0.00482753094827932	0.0130804054324747	0.00434678097832619	0.000100156243740235	0.00713112455430471	0.0524217779736389	0.0118785305075918	0.00236368735226954	0.00242378109851368	0.0800849324946917	0.00194303112856055	0.0164456552221465	0.0142221866111133	0.00236368735226954	0.00314490605344337	0.00865349945915628	0.00108168743239454	0.0133608429149473	0.0137814991386563	0.0131004366812227	0.0016225311485918	0.020471936220504	0.00452706221705861	0.0049477184407676	0.00154240615359962	0.00933456191658988	0.00228356235727735	0.00564881214694924	0.00152237490485157	0.000520812467449221	0.00192299987981251	0.0402027162373302	0.0267817795761388	0.00719121830054886	0.0106365930852129	0.00220343736228516	0.00350546853090822	0.00258403108849806	0.00971515564280277	0.00176274988982813	0.000981531188654301	0.000160249989984376	0.0195705300268419	0.014923280317295	0.0137214053924122	0.00653018709186331	0.00312487480469532	0.00382596851087697	0.00685068707183206	0.000801249949921878	0.00344537478466408	0.00398621850086134	0.0016225311485918	0.00220343736228516	0.00130203116862305	0.00142221866111133	0.000480749969953127	0.00026040623372461	0.00170265614358399	0.000360562477464845	0.0101758743640079	0.0117984055125997	0.00176274988982813	0.0029445935659629	0.0139617803773887	0.0116581867713633	0.00843315572292777	0.000741156203677737	0.00542846841072072	0.00424662473458595	0.00336524978967189	0.00602940587316213	0.00164256239733985	0.0068707183205801	0.00314490605344337	0.00428668723208205	0.00106165618364649	0.00250390609350587	0.00416649973959377	0.00248387484475782	0.00284443732222267	0.000901406193662113	0.00807259324546292	0.00464724970954689	0.000560874964945315	0.00122190617363086	0.000240374984976563	0.00771203076799808	0.0049477184407676	0.00326509354593165	0.00394615600336525	0.0130203116862305	0.00342534353591603	0.00498778093826369	0.00777212451424222	0.00312487480469532	0.00114178117863868	0.0103761868514883	0.00114178117863868	0.000701093706181643	0.00130203116862305	0.00288449981971876	0.00122190617363086	0.000380593726212892	0.000100156243740235	0.00126196867112696	0.00114178117863868	0.000741156203677737	0.00100156243740235	0.000440687472457033	0.0013220624173711	0.00108168743239454	0.000400624974960939	0.000400624974960939	0.000240374984976563	0.00390609350586916	0.00246384359600978	0.000781218701173831	0.00152237490485157	0.00220343736228516	0.000600937462441409	0.00214334361604102	0.000961499939906254	0.0016625936460879	0.00046071872120508	0.000440687472457033	0.00178278113857618	0.000400624974960939	0.000300468731220704	0.00020031248748047	0.000360562477464845	0.00715115580305276	0.000681062457433596	0.000540843716197268	0.00224349985978126	0.000981531188654301	0.00352549977965626	0.00296462481471095	0.000661031208685549	0.000661031208685549	0.00108168743239454	0.00150234365610352	0.00807259324546292	0.000620968711189456	0.00300468731220704	0.00130203116862305	0.00046071872120508	0.00020031248748047	0.000320499979968751	0.000160249989984376	0.000821281198669925	0.000520812467449221	0.00020031248748047	0.000140218741236329	0.0035855935259004	0.00114178117863868	0.0108969993189375	4.00624974960939e-05	0.00320499979968751	0.00176274988982813	0.000580906213693362	0.000160249989984376	0.000320499979968751	0.00116181242738672	0.000901406193662113	0.000981531188654301	0.000100156243740235	0.000400624974960939	0.00192299987981251	0.0013220624173711	0.000741156203677737	0.00102159368615039	0.000300468731220704	0.00120187492488282	0.00292456231721485	0.000320499979968751	0.0016225311485918	0	0.000280437482472657	6.00937462441409e-05	0.0121990304875606	0.00695084331557229	0.00072112495492969	0.00142221866111133	0.00336524978967189	0.000701093706181643	0.001281999919875	0.00176274988982813	0.00110171868114258	0.00020031248748047	0.000340531228716798	0.000600937462441409	0.000761187452425784	0.0144224990985938	0.000360562477464845	0.000620968711189456
S1B07	0.153219379319369	0.0022838382757021	0.0207448643376274	0.0188892457386195	0.00782690409068741	0.00642329515041216	0.00873092340815283	0.000856439353388288	0.000725594452176189	0.0835147319463774	0.00578096563537094	0.00290237780870475	0.00517432109338757	0.130380996562348	0.00597128549167945	0.00729162949481973	0.00835028369553581	0.00108244418275464	0.00292616779074332	0.00053527459586768	0.00245036814997205	0.027608274155753	0.0220652083407677	0.0153445384148735	0.00230762825774067	0.00020221484732779	0.0014987688684295	0.000559064577906244	0.000892124326446134	0.00610213039289155	0.00198646350022006	0.00290237780870475	0.000475799640771271	0.000559064577906244	0.0016296137696416	0.0766632171192711	0.0520881656734349	0.00858818351592145	0.000297374775482045	0.00308080267399398	0.00556685579702387	0.000487694631790553	0.00231952324875995	0.00305701269195542	0.00246226314099133	0.000273584793443481	0.0385873508665501	0.0257050755926679	0.016379402633551	0.0088141883452878	0.00675635489895205	0.00155824382352591	0.00388966206330514	0.000404429694655581	0.00379450213515089	0.000559064577906244	0.00284290285360835	0.00374692217107376	0.00158203380556448	0.00113002414683177	0.000713699461156907	0.000380639712617017	0.000452009658732708	0.000975389263581106	0.0205069645172418	0.00116570911988961	0.000725594452176189	0.00287858782666619	0.00166529874269945	0.0024146831769142	0.00155824382352591	0.000463904649751989	0.000618539533002653	0.00519811107542614	0.00129655402110171	0.00396103200942083	0.0022838382757021	0.000368744721597735	0.000844544362369006	0.000190319856308508	0.0010467592096968	4.75799640771271e-05	0.000499589622809835	0.0017604586708537	0.000939704290523261	0.00234331323079851	0.000987284254600388	0.00147497888639094	0.00099917924561967	0.000190319856308508	0.00086833434440757	0.00808859389311161	0.0013679239672174	0.00582854559944807	0.00720836455768476	0.00419893182980647	0.00644708513245072	0.00354470732374597	0.00167719373371873	0.000927809299503979	0.00124897405702459	0.000701804470137625	0.00181993362595011	0	0.00255742306914558	0.00033305974853989	0.000285479784462763	0.000368744721597735	0	0.00102296922765823	0.000344954739559172	0.00187940858104652	0.00148687387741022	0.000380639712617017	0.000547169586886962	0.000630434524021934	0.00033305974853989	0.0010467592096968	0.000226004829366354	0.000249794811404917	0.00246226314099133	0.000725594452176189	0	0.00073748944319547	0.000107054919173536	0.000154634883250663	0.000142739892231381	0.000321164757520608	0.000463904649751989	0.000356849730578453	0.000892124326446134	0.000832649371349725	0.00020221484732779	0.000344954739559172	0.000570959568925526	0.00716078459360763	0.00020221484732779	0.000475799640771271	0.000118949910192818	0.000368744721597735	0.000154634883250663	0.00183182861696939	9.51599281542542e-05	0.00053527459586768	0.000285479784462763	0.000190319856308508	8.32649371349725e-05	0.00113002414683177	0.000368744721597735	0.000463904649751989	0.00101107423663895	3.56849730578453e-05	0	0.000226004829366354	0.000178424865289227	0.000226004829366354	0.000107054919173536	0.00020221484732779	0.000570959568925526	0.0014392939133331	0.00099917924561967	7.13699461156907e-05	0.00111812915581249	0.00237899820385636	0.00210541341041288	7.13699461156907e-05	0.000892124326446134	0.000808859389311161	0.000166529874269945	0.000154634883250663	4.75799640771271e-05	0.000107054919173536	0.000154634883250663	0.00240278818589492	0.000511484613829117	0.000904019317465415	0.000166529874269945	0.000880229335426852	0.0001308449012121	2.37899820385636e-05	0.000249794811404917	0.000380639712617017	0.000107054919173536	0.000297374775482045	0.00212920339245144	0.0001308449012121	0.000452009658732708	0.00234331323079851	0.000285479784462763	0.00217678335652857	0.000820754380330443	0.000261689802424199	0	5.94749550964089e-05	0.000249794811404917	0.000951599281542542	5.94749550964089e-05	0.00243847315895277	0.00020221484732779	0.00113002414683177
S1B2230	0.0798885540456019	0.00710752260192187	0.0132626371751862	0.00736339341559106	0.00444930914880309	0.007732984590891	0.00491840564052994	0.000852902712230625	0.000383806220503781	0.0585233411042247	0.0175840109171547	0.00396599761187241	0.00439244896798772	0.0724256553135839	0.0217774492522886	0.00390913743105703	0.00510320122817991	0.00615511457326434	0.00450616932961847	0.00645363052254506	0.00206118155455734	0.0214220731221925	0.0133052823107977	0.0102206175015637	0.0214220731221925	0.0118979928356172	0.00217490191618809	0.0100784670495252	0.00513163131858759	0.00827315630863706	0.00423608347074544	0.00143571956558822	0.00201853641894581	0.00260135327230341	0.00524535168021834	0.0417495877636891	0.028657531130949	0.00339739580371866	0.00548700744868369	0.00632569511571047	0.00503212600216069	0.0061408995280605	0.00444930914880309	0.00417922328993006	0.001819525786092	0.00325524535168022	0.0218911696139194	0.0149400125092398	0.00980838119065219	0.00558651276511059	0.00344004093933019	0.00597031898561437	0.00235969750383806	0.0011372036163075	0.00268664354352647	0.00372434184340706	0.00108034343549212	0.00184795587649969	0.00514584636379144	0.00102348325467675	0.000298515949280719	0.000398021265707625	0.00034116108489225	0.000639677034172969	0.0101637573207483	0.0252317052368227	0.0173850002843009	0.0122533689657133	0.000724967305396031	0.00288565417638028	0.00460567464604537	0.00260135327230341	0.00570023312674134	0.000867117757434469	0.00197589128333428	0.00267242849832262	0.00344004093933019	0.00251606300108034	0.0038664922954455	0.00240234263944959	0.00281457895036106	0.00757661909364872	0.00516006140899528	0.00167737533405356	0.00149257974640359	0.000938192983453687	0.001819525786092	0.000966623073861375	0.000724967305396031	0.000938192983453687	0.000369591175299937	0.0043213737419685	0.012551884914994	0.00299937453801103	0.00449195428441462	0.000398021265707625	0.00346847102973787	0.00605560925683744	0.000398021265707625	0.00712173764712572	0.00129356911354978	0.00218911696139194	0.000241655768465344	0.00247341786546881	0.00241655768465344	0.00221754705179962	0.00142150452038437	0.000383806220503781	0.000881332802638312	0.00203275146414966	0.0015920850628305	0.000540171717746062	0.000810257576619094	0.00197589128333428	0.000867117757434469	0.000440666401319156	0.000753397395803719	0.000440666401319156	0.00132199920395747	0.00464831978165691	0.000895547847842156	0.00287143913117644	0.0123813043725479	0.00154943992721897	0.00187638596690737	0.00170580542446125	0.00206118155455734	0.00251606300108034	0.00108034343549212	0.000966623073861375	0.000355376130096094	0.000255870813669187	0.000398021265707625	0.000355376130096094	0.000383806220503781	0.000312730994484562	0.00652470574856428	0.00281457895036106	0.00543014726786831	0.00533064195144141	0.00142150452038437	0.000923977938249844	0.00389492238585319	0.000127935406834594	0.00129356911354978	0.00123670893273441	0.000511741627338375	0.00894126343321772	0.000199010632853812	0.00103769829988059	0.00172002046966509	0.000881332802638312	0.00194746119292659	0.00119406379712287	7.10752260192187e-05	0.000298515949280719	0.000170580542446125	0.000355376130096094	0.00166316028884972	0.000398021265707625	0.00135042929436516	0.00179109569568431	0.000284300904076875	0.000369591175299937	2.84300904076875e-05	0.000312730994484562	0.00115141866151134	0.000824472621822937	0.00056860180815375	0.0006823221697845	0.00079604253141525	0.000781827486211406	0.0180673224540854	0.00103769829988059	0.000966623073861375	0.00079604253141525	0.00349690112014556	0.000724967305396031	0.00277193381474953	0.000184795587649969	0.00132199920395747	0.000142150452038437	9.95053164269062e-05	0.000213225678057656	0.0141439699778245	0.00638255529652584	0.0108887246261443	0.000284300904076875	0.00139307442997669	0.00144993461079206	0.00142150452038437	0.000213225678057656	0.00147836470119975	0.00119406379712287	0.000710752260192187	0.00011372036163075	0.000483311536930687	0.0011372036163075	0.00197589128333428	0
S1B3040	0.107538946889127	0.014098936481608	0.0149282856864084	0.00352879955768042	0.0057241356880346	0.00469964549386932	0.00603310892119556	0.0137574397502195	6.50469964549387e-05	0.0669496211012457	0.0102774254398803	0.0011708459361889	0.00437441051159463	0.0962207695059681	0.00250430936351514	0.000861872703027938	0.000585422968094448	0.00325234982274693	0.00240673886883273	0.00125215468175757	0.00473216899209679	0.0215630793248122	0.0163755813575308	0.0124564998211208	0.0355319218135103	0.0044557192571633	0.00619572641233291	0.00359384655413536	0.00489478648323414	0.00157738966403226	0.00188636289719322	0.00162617491137347	0.000130093992909877	0.00954564672976225	0.000894396201255407	0.0544768595310112	0.0399225940742186	0.00024392623670602	0.00255309461085634	0.0101798549451979	0.00356132305590789	0.00565908869157967	0.000195140989364816	0.00123589293264384	0.00232543012326406	0.0114807948742967	0.0291085309135851	0.0177903535304257	0.0111880833902495	0.0064233908999252	0.00517123621816763	0.000292711484047224	0.00169122190782841	0.00346375256122549	0.00274823560022116	0.00133346342732624	0.00180505415162455	0.00278075909844863	0.000878134452141672	0.00892770026344034	0.00232543012326406	0.000422805476957102	9.7570494682408e-05	0.000357758480502163	0.0148632386899535	0.0156112791491853	0.0153185676651381	0.0244901941652844	9.7570494682408e-05	0.00237421537060526	0.00299216183692718	0.00920414999837382	0.00123589293264384	3.25234982274693e-05	0.00372394054704524	0.00245552411617394	0.00203271863921683	0.000682993462776856	0.00304094708426838	0.00147981916934986	0.000991966695937815	0.00136598692555371	0.000455328975184571	0.00138224867466745	0.00139851042378118	0.00123589293264384	0.000455328975184571	0.00076430220834553	0.00048785247341204	0.000227664487592285	0.000715516961004326	0.00491104823234787	0.00491104823234787	0.00419553127134355	0.00489478648323414	0.000178879240251081	0.00429310176602595	0.000878134452141672	0.000276449734933489	0.001593651413146	0.00136598692555371	6.50469964549387e-05	0.000325234982274693	0.00395160503463753	0.00175626890428334	0.00200019514098936	0.00468338374475559	0.000276449734933489	0.00219533613035418	0.00152860441669106	0.000276449734933489	0.00112206068884769	0.000894396201255407	0.000634208215435652	0.000130093992909877	0.000439067226070836	0.000601684717208183	0.000439067226070836	0.000308973233160959	0.00424431651868475	0.00024392623670602	0.00463459849741438	0.00279702084756236	0.00226038312680912	0.00107327544150649	0.000455328975184571	0.00112206068884769	0.00250430936351514	8.13087455686734e-05	0.00112206068884769	0.000308973233160959	0.000178879240251081	0.00105701369239275	0.00024392623670602	0.000390281978729632	8.13087455686734e-05	0.0165707223468956	0.00346375256122549	0.0040329137802062	0.00364263180147657	8.13087455686734e-05	4.8785247341204e-05	0.00052037597163951	0.000439067226070836	0.000178879240251081	0.000552899469866979	0	0.000406543727843367	0.000699255211890591	0.000650469964549387	0.00170748365694214	0.00105701369239275	0.000308973233160959	0.00190262464630696	8.13087455686734e-05	0.00200019514098936	0.000666731713663122	0.000813087455686734	0.000748040459231795	3.25234982274693e-05	4.8785247341204e-05	0.003187302826292	0	0.000146355742023612	0.00681367287865483	0.000666731713663122	0.000146355742023612	0.000422805476957102	0.000195140989364816	0.000276449734933489	0.000162617491137347	0.000325234982274693	0.0117409828601164	0.000374020229615898	9.7570494682408e-05	0.000260187985819755	0.00226038312680912	0.000536637720753244	9.7570494682408e-05	0	0.00105701369239275	0.000178879240251081	0	0.000227664487592285	0.000439067226070836	0.00203271863921683	0.0157251113929814	0.00097570494682408	0	0.000406543727843367	0.00024392623670602	0.000178879240251081	0.000276449734933489	0.0011708459361889	0	4.8785247341204e-05	0.00409796077666114	0	0.00920414999837382	0
S1B6575	0.0682394162570374	0.0152229006854558	0.00913374041127345	0.0118721616518973	0.00525572772268808	0.00860646675624649	0.00406510979198204	0.00285748303369449	0.000238123586141207	0.0650247478441311	0.0186416750293402	0.00302757130950964	0.00335073903355842	0.0600921878454918	0.00265337710271631	0.0021771299304339	0.00236422703383056	0.00428622455054173	0.002874491861276	0.00362288027486265	0.00491555117105778	0.0171959246849115	0.0107325702039358	0.00797714013573044	0.0435085809535149	0.00853843144592043	0.00981409351453404	0.00370792441277023	0.00632728386032351	0.0033337302059769	0.0070076369635841	0.00134369737893967	0.000680353103260592	0.0087255285493171	0.00192199751671117	0.0353613525419693	0.0286598744748524	0.00153079448233633	0.00580001020529655	0.00867450206657255	0.00297654482676509	0.00954195227322981	0.00115660027554301	0.00372493324035174	0.00161583862024391	0.0174680659262157	0.0170598540642594	0.0105454731005392	0.00770499889442621	0.00440528634361234	0.0032146684129063	0.00202405048220026	0.00268739475787934	0.00185396220638511	0.00129267089619513	0.00307859779225418	0.001717891585733	0.00161583862024391	0.0012586532410321	0.00374194206793326	0.00158182096508088	0.000663344275679077	0.000255132413722722	0.000340176551630296	0.00809620192880105	0.0237103056486316	0.0297144217849064	0.0195431428911605	0.000408211861956355	0.00181994455122208	0.00559590427431837	0.0169407922711887	0.00267038593029782	0.000595308965353018	0.00340176551630296	0.00163284744782542	0.00238123586141207	0.0062082220672529	0.00386100386100386	0.00435425986086779	0.00790910482540439	0.00352082730937356	0.00153079448233633	0.00163284744782542	0.00164985627540694	0.000612317792934533	0.00124164441345058	0.000493255999863929	0.000578300137771503	0.000391203034374841	0.000153079448233633	0.00518769241236202	0.0104094024798871	0.0032146684129063	0.00323167724048781	0.000391203034374841	0.00280645655094994	0.00144575034442876	0.000323167724048781	0.00306158896467267	0.00170088275815148	0.000935485516983314	0.000221114758559692	0.00736482234279591	0.0018369533788036	0.00369091558518871	0.00372493324035174	0.000204105930978178	0.00387801268858538	0.00176891806847754	0.00085044137907574	0.0009184766894018	0.000901467861820285	0.000714370758423622	0.000527273655026959	0.000408211861956355	0.00110557379279846	0.000697361930842107	0.00671848689469835	0.00452434813668294	0.00113959144796149	0.00744986648070349	0.00455836579184597	0.00129267089619513	0.00163284744782542	0.00088445903423877	0.00180293572364057	0.00244927117173813	0.000578300137771503	0.00188797986154814	0.0004592383447009	0.000357185379211811	0.000323167724048781	0.000578300137771503	0.000170088275815148	0.0004592383447009	0.00547684248124777	0.00668446923953532	0.00952494344564829	0.00401408330923749	0.000476247172282415	0.000374194206793326	0.00209208579252632	0.000680353103260592	0.000391203034374841	0.00113959144796149	0.000204105930978178	0.000442229517119385	0.000221114758559692	0.00115660027554301	0.00212610344768935	0.000765397241168166	0.00144575034442876	0.0018369533788036	0.00173490041331451	0.00178592689605905	0.000697361930842107	0.00112258262037998	0.000697361930842107	0.000408211861956355	0.000323167724048781	0.0112258262037998	0.000255132413722722	0.000238123586141207	3.40176551630296e-05	0.00205806813736329	0.000476247172282415	0.000901467861820285	0.000289150068885752	0.000476247172282415	0.000612317792934533	0.000306158896467267	0.0232000408211862	8.5044137907574e-05	0.000255132413722722	0.000544282482608474	0.00176891806847754	0.000493255999863929	0.000867450206657255	0.000153079448233633	0.00115660027554301	3.40176551630296e-05	5.10264827445444e-05	8.5044137907574e-05	0.00273842124062388	0.00772200772200772	0.0170258364090963	0.000731379586005137	0.000340176551630296	0.000544282482608474	0.000986511999727859	0.000221114758559692	0.000952494344564829	0.00102052965489089	0.000306158896467267	0.000221114758559692	0.0055108601364108	0.0004592383447009	0.00935485516983314	0.000153079448233633
S2A1727	0.0618725324309081	0.0100770821583004	0.0165632637713856	0.00902425267907501	0.0040797142319985	0.00966347057717616	0.00329009212257943	0.000432412107539011	0.000263207369806355	0.0651438240270728	0.0180673058845648	0.00599736792630194	0.00321489001692047	0.0516826471141192	0.00282007896221094	0.00197405527354766	0.00285768001504042	0.00924985899605189	0.00312088738484678	0.0129347621733409	0.00349689791314157	0.0182929122015416	0.0131603684903177	0.0109607068997932	0.0214137995863884	0.0300056401579244	0.00263207369806355	0.0252491069749953	0.00650498213949991	0.00695619477345366	0.00473773265651438	0.00188005264147396	0.00050761421319797	0.000846023688663283	0.00434292160180485	0.0314344801654446	0.0266591464561008	0.00306448580560256	0.011844331641286	0.0130287648054146	0.00357210001880053	0.00947546531302876	0.0060725700319609	0.00323369054333521	0.00214326001128032	0.00340289528106787	0.0161496521902613	0.00973867268283512	0.00789622109419064	0.00505734160556496	0.00330889264899417	0.00319608949050573	0.00733220530174845	0.00313968791126152	0.00124083474337281	0.00204925737920662	0.000770821583004324	0.00131603684903177	0.00131603684903177	0.00248166948674563	0.000338409475465313	0.000169204737732657	0.000639217898101147	0.000263207369806355	0.00761421319796954	0.0292912201541643	0.0227862380146644	0.0231810490693739	0.000188005264147396	0.00282007896221094	0.00838503478097387	0.00283887948862568	0.0094942658394435	0.00107163000564016	0.00533934950178605	0.00210565895845084	0.00635457792818199	0.00475653318292912	0.00283887948862568	0.00259447264523407	0.00133483737544651	0.00941906373378455	0.00285768001504042	0.00097762737356646	0.00141003948110547	0.000733220530174845	0.00313968791126152	0.0020868584320361	0.00159804474525287	0.00125963526978755	0.000244406843391615	0.00567775897725136	0.00682459108855048	0.00253807106598985	0.00300808422635834	0.000695619477345366	0.0028012784357962	0.0105470953186689	0.000263207369806355	0.00415491633765745	0.00304568527918782	0.0021808610641098	0.000244406843391615	0.000658018424515886	0.0017108479037413	0.00188005264147396	0.00413611581124271	0.000150404211317917	0.00221846211693927	0.00201165632637714	0.00216206053769506	0.000752021056589585	0.000432412107539011	0.00114683211129912	0.00116563263771386	0.000112803158488438	0.000394811054709532	0.00050761421319797	0.000169204737732657	0.00357210001880053	0.00116563263771386	0.00242526790750141	0.000902425267907501	0.00302688475277308	0.00676818950930626	0.000921225794322241	0.00387290844143636	0.00157924421883813	0.000714420003760105	0.00172964843015604	0.000714420003760105	0.000150404211317917	0.00101522842639594	0.00095882684715172	0.000319608949050573	0.000188005264147396	0.00526414739612709	0.00291408159428464	0.00255687159240459	0.00543335213385975	0.00159804474525287	0.00125963526978755	0.000902425267907501	0	0.000733220530174845	0.000883624741492762	0.000263207369806355	9.40026320736981e-05	0.00244406843391615	0.00112803158488438	0.000996427899981199	0.00238766685467193	0.00146644106034969	0.00127843579620229	0.000131603684903177	3.76010528294792e-05	0.000338409475465313	0.000394811054709532	0.000582816318856928	0.000639217898101147	9.40026320736981e-05	0.00381650686219214	0.00203045685279188	0.000131603684903177	0	0.00048881368678323	0.000282007896221094	0.0010904305320549	0.000789622109419064	0.000864824215078022	0.00188005264147396	0.00107163000564016	0.0242526790750141	0.00154164316600865	0.00434292160180485	0.000883624741492762	0.00142884000752021	0.00114683211129912	0.00110923105846964	5.64015792442188e-05	0.000376010528294792	3.76010528294792e-05	0.000112803158488438	0	0.0138935890204926	0.013141567963903	0.00757661214514006	0.000996427899981199	0.000846023688663283	0.000319608949050573	0.00186125211505922	0.000451212633953751	0.000206805790562136	0.00182365106222974	0.000225606316976875	0	0.00406091370558376	0.000263207369806355	0.000789622109419064	0
S2A3545	0.117021787503802	0.00499463716842493	0.0161205116301407	0.0039861046632622	0.00707573598860198	0.00938095314325964	0.00691565146397298	0.000144076072166104	0.000256135239406407	0.0758960731266109	0.00470648502409272	0.00288152144332207	0.00364992716154129	0.113627995581667	0.00941297004818544	0.00228920870219476	0.00233723405958346	0.00352185954183809	0.00356988489922679	0.00614724574575376	0.00451438359453792	0.0270863015672275	0.0176573230665792	0.0145356748363136	0.00899675028415003	0.00550690764723774	0.000896473337922423	0.0039380793058735	0.00321769894504298	0.00168088750860454	0.00291353834824787	0.00254534394160117	0.000432228216498311	0.00121664238718043	0.000832439528070821	0.064289945091008	0.0453999711847856	0.00195303120047385	0.00816431075607921	0.00753998111002609	0.00323370739750588	0.00212912417756575	0.00233723405958346	0.00598716122112475	0.00249731858421246	0.000656346550978917	0.0291994172923303	0.0210991403461027	0.0140394128099637	0.00693165991643588	0.00521875550290553	0.00356988489922679	0.00160084524629004	0.00118462548225463	0.00320169049258008	0.00246530167928666	0.00235324251204636	0.0038100116861703	0.00112059167240303	0.00158483679382714	0.000160084524629004	0.000272143691869307	0.000224118334480606	0.000688363455904718	0.0153521059119215	0.00997326588438696	0.0145036579313878	0.0145196663838507	0.000512270478812813	0.00422623145020571	0.00350585108937519	0.00188899739062225	0.00838842909055982	0.00553892455216354	0.00565098371940385	0.00251332703667536	0.00413018073542831	0.00422623145020571	0.0039060624009477	0.00158483679382714	0.00268942001376727	0.00302559751548818	0.00308963132533978	0.00177693822338195	0.00177693822338195	0.00260937775145277	0.000464245121424112	0.000592312741127315	0.000912481790385323	0.000592312741127315	0.000752397265756319	0.00581106824403285	0.00803624313637601	0.00510669633566523	0.00544287383738614	0.000816431075607921	0.00478652728640722	0.00315366513519138	0.000144076072166104	0.00344181727952359	0.00113660012486593	0.000672355003441817	0.00246530167928666	0.000704371908367618	0.00204908191525125	0.00126466774456913	0.00131269310195783	0.000512270478812813	0.00171290441353034	0.00248131013174956	0.00176092977091905	0.000928490242848224	0.00121664238718043	0.000464245121424112	0.000192101429554805	0.000320169049258008	0.000432228216498311	0.000480253573887012	0.00078441417068212	0.00472249347655562	0.000528278931275714	0.00153681143643844	0.00347383418444939	0.00104054941008853	0.00100853250516273	0.000608321193590216	0.000944498695311124	0.000880464885459523	0.000736388813293419	0.000880464885459523	0.000944498695311124	0.00180895512830775	0.000352185954183809	0.000560295836201514	0.000512270478812813	0.00244929322682376	0.00161685369875294	0.00232122560712056	0.00179294667584485	0.00353786799430099	0.00140874381673524	0.000688363455904718	0.00153681143643844	3.20169049258008e-05	0.000928490242848224	0.000704371908367618	8.00422623145021e-05	0.000560295836201514	0.000160084524629004	0.000432228216498311	0.00123265083964333	0.000544287383738614	0.00116861702979173	0.000832439528070821	0.000448236668961212	0.000144076072166104	0.00038420285910961	0.000448236668961212	0.00156882834136424	0.000704371908367618	0.000352185954183809	0.00300958906302528	0.000352185954183809	0.000304160596795108	0.000240126786943506	0.00118462548225463	0.000848447980533722	0.00112059167240303	0.000432228216498311	0.000464245121424112	0.000144076072166104	0.00076840571821922	0.00810027694622761	0.000544287383738614	0.000976515600236925	0.000976515600236925	0.00201706501032545	0.000640338098516016	0.000464245121424112	4.80253573887012e-05	0.000208109882017705	0.000160084524629004	0.000112059167240303	8.00422623145021e-05	0.00590711895881025	0.00160084524629004	0.00289752989578497	0.00136071845934653	0.000272143691869307	0.000192101429554805	0.00196903965293675	0.000496262026349913	0.000736388813293419	0.000864456432996622	0.000144076072166104	0.00076840571821922	0.000640338098516016	0.000304160596795108	0.00196903965293675	0.000912481790385323
S2A5060	0.102738764940747	0.011659204265687	0.0165320883242126	0.0042478282499713	0.00696490758103402	0.0082405316801245	0.00561274603599811	0.000459224675672573	0.000165831132881762	0.0883624813439975	0.00871251259678798	0.00325284145268072	0.00552345234906178	0.0962841069993494	0.0107407549143418	0.00181138622070848	0.00102049927927238	0.00672253900220683	0.00415853456303497	0.00383962853826234	0.0031890602477262	0.0224892528669652	0.0155881264908857	0.0125393848940594	0.0169658005179034	0.00765374459454288	0.00151799267791767	0.00840636281300626	0.0042478282499713	0.00359725995943515	0.00288291046394448	0.00232163586034467	0.000280637301799906	0.00267881060809001	0.00179862997971758	0.054941129947827	0.0394805658668504	0.00174760501575396	0.0053065962522164	0.00997538045488755	0.00330386641664434	0.00348245379051701	0.00248746699322644	0.00252573571619915	0.00244919827025372	0.00195170487160843	0.0282933425178268	0.0170423379638488	0.0106642174683964	0.00665875779725231	0.00474532164861659	0.00272983557205363	0.00248746699322644	0.001339405304045	0.00271707933106272	0.00215580472746291	0.00195170487160843	0.0026660543670991	0.00113530544819053	0.0029339354279081	0.000369930988736239	0.000382687229727144	0.00031890602477262	0.000459224675672573	0.0130751470156774	0.0144017960787315	0.0167617006620489	0.0214177286237292	0.000178587373872667	0.00349521003150792	0.00428609697294401	0.00429885321393492	0.010051917900833	0.00197721735359024	0.00350796627249882	0.00237266082430829	0.0045284655517712	0.00221958593241744	0.0032018164887171	0.0023854170652992	0.00183689870269029	0.00382687229727144	0.00137767402701772	0.0018624111846721	0.00168382381079943	0.00113530544819053	0.000471980916663478	0.000752618218463383	0.000548518362608906	0.00063781204954524	0.000446468434681668	0.00482185909456201	0.0114806168918143	0.00443917186483487	0.00508974015537102	0.000701593254499764	0.00428609697294401	0.0047708341305984	0.000153074891890858	0.00359725995943515	0.00119908665314505	0.00066332453152705	0.000688837013508859	0.00169658005179034	0.0018496549436812	0.00128838034008138	0.00248746699322644	0.000267881060809001	0.00272983557205363	0.0026532981261082	0.001339405304045	0.00131389282206319	0.000816399423417907	0.00104601176125419	5.10249639636192e-05	0.000216856096845382	0.000688837013508859	0.000446468434681668	0.000727105736481574	0.00438814690087125	0.000497493398645287	0.00110979296620872	0.00449019682879849	0.00123735537611777	0.00278086053601725	0.000892936869363336	0.0026532981261082	0.00108428048422691	0.000994986797290574	0.000701593254499764	0.000676080772517954	0.000408199711708954	0.000701593254499764	0.000408199711708954	0.000459224675672573	0.000714349495490669	0.00246195451124463	0.00339316010358068	0.00313803528376258	0.00299771663286263	0.000816399423417907	0.000625055808554335	0.00246195451124463	0.000140318650899953	0.000484737157654382	0.00104601176125419	2.55124819818096e-05	0.000114806168918143	6.3781204954524e-05	0.000676080772517954	0.000905693110354241	0.000599543326572526	0.000854668146390622	0.00095671807431786	0.00034441850675443	0.000165831132881762	0.000739861977472478	0.000535762121618002	0.000816399423417907	0.000408199711708954	7.65374459454288e-05	0.00168382381079943	0.000242368578827191	0.000216856096845382	0.000140318650899953	0.000765374459454288	0.000867424387381526	0.000854668146390622	0.000395443470718049	0.000408199711708954	0.000484737157654382	0.00131389282206319	0.0162769635043945	0.00093120559233605	0.00145421147296315	0.000688837013508859	0.00244919827025372	0.000739861977472478	0.00029339354279081	0.000153074891890858	0.000523005880627097	0	0	8.92936869363336e-05	0.00343142882655339	0.00359725995943515	0.00994986797290574	0.000829155664408812	0.000127562409909048	0.000306149783781715	0.00125011161710867	0.000204099855854477	0.00095671807431786	0.000994986797290574	0.000395443470718049	7.65374459454288e-05	0.000599543326572526	0.000114806168918143	0.00262778564412639	0.000357174747745334
S2A515	0.0711559314682282	0.0132726089785296	0.0146389069616135	0.0130774235523748	0.00438082845369768	0.00991108219475168	0.00379527217523314	0.000433745391455216	0.0028193450444589	0.0615050965083496	0.0144003469963132	0.00433745391455216	0.00266753415744958	0.0640641943179354	0.0037085230969421	0.00520494469746259	0.00509650834959879	0.0113424419865539	0.00388202125352418	0.0158533940576881	0.00351333767078725	0.0156365213619605	0.0137497289091303	0.00752548254174799	0.0196486662329213	0.0137931034482759	0.00130123617436565	0.0230101930166992	0.00507482108002603	0.00535675558447191	0.00407720667967903	0.00177835610496638	0.000260247234873129	0.00082411624376491	0.00548687920190848	0.0353068748644546	0.0309477336803296	0.00238559965300369	0.00672305356755584	0.00316634135762308	0.00225547603556712	0.00383864671437866	0.00507482108002603	0.0021036651485578	0.0037085230969421	0.00106267620906528	0.0171112556929083	0.0119279982650184	0.00904359141184125	0.00466276295814357	0.00290609412274995	0.00596399913250922	0.00433745391455216	0.00119279982650184	0.00164823248752982	0.00624593363695511	0.00125786163522013	0.00151810887009326	0.00143135979180221	0.00260247234873129	0.00056386900889178	0.000151810887009326	0.000346996313164173	0.000368683582736933	0.00739535892431143	0.0165473866840165	0.0183040555194101	0.0369984818911299	0.00290609412274995	0.00390370852309694	0.00561700281934504	0.00294946866189547	0.00620255909780959	0.00193016699197571	0.00182173064411191	0.00292778139232271	0.00483626111472566	0.00353502494036001	0.00288440685317719	0.00156148340923878	0.00351333767078725	0.00670136629798308	0.00457601387985253	0.00164823248752982	0.000802428974192149	0.00082411624376491	0.00180004337453915	0.00208197787898504	0.000780741704619388	0.000693992626328345	0.000238559965300369	0.00566037735849057	0.0143569724571676	0.00448926480156148	0.00290609412274995	0.00268922142702234	0.00329646497505964	0.0125569290826285	0.000433745391455216	0.00344827586206897	0.00175666883539362	0.0032097158967686	0.000151810887009326	0.000889178052483192	0.0016048579483843	0.00156148340923878	0.00262415961830406	0.000867490782910432	0.00279765777488614	0.00151810887009326	0.00199522880069399	0.000954239861201475	0.000477119930600737	0.00182173064411191	0.00143135979180221	0.000216872695727608	0.000845803513337671	0.000780741704619388	0.000303621774018651	0.00164823248752982	0.00147473433094773	0.00203860333983951	6.50618087182824e-05	0.00351333767078725	0.00377358490566038	0.00303621774018651	0.00338321405335068	0.000737367165473867	0.00132292344393841	0.00303621774018651	0.000628930817610063	0.000455432661027977	0.00138798525265669	0.000498807200173498	0.000216872695727608	0.00136629798308393	0.00607243548037302	0.00459770114942529	0.00340490132292344	0.00522663196703535	0.00349165040121449	0.00188679245283019	0.00368683582736933	0.000390370852309694	0.00108436347863804	0.0011060507482108	0.000672305356755584	0.000195185426154847	0.00130123617436565	0.000650618087182824	0.00114942528735632	0.00203860333983951	0.000693992626328345	0.00173498156582086	0.000303621774018651	8.67490782910432e-05	0.000195185426154847	0.000390370852309694	0.000325309043591412	0.00184341791368467	0.00114942528735632	0.00175666883539362	0.0012144870960746	0.000498807200173498	0.000108436347863804	0.00164823248752982	0.00403383214053351	0.000867490782910432	0.00117111255692908	0.00145304706137497	0.000607243548037302	0.000607243548037302	0.0172196920407721	0.00284103231403166	0.00691823899371069	0.000672305356755584	0.00216872695727608	0.000672305356755584	0.0037085230969421	0.000173498156582086	0.000672305356755584	6.50618087182824e-05	0.000412058121882455	6.50618087182824e-05	0.0219041422684884	0.00639774452396443	0.00123617436564737	0.000932552591628714	0.00108436347863804	0.00134461071351117	0.00242897419214921	0.000693992626328345	8.67490782910432e-05	0.00153979613966602	0.000628930817610063	4.33745391455216e-05	8.67490782910432e-05	0.00258078507915853	0.000260247234873129	0.000867490782910432
S2B07	0.104106877783276	0.0291934685799109	0.0132409698169223	0.00522513607125186	0.00516575952498763	0.0114200890648194	0.00451261751608115	0.000633349826818407	0.0303216229589312	0.060267194458189	0.0184858980702622	0.00837209302325581	0.00358238495794161	0.0903908955962395	0.00815437902028699	0.0156160316674913	0.00767936665017318	0.000376051459673429	0.00304799604156358	0.00429490351311232	0.00112815437902029	0.0188421573478476	0.012093023255814	0.00849084611578427	0.00116773874319644	0.0019198416625433	0.00484908461157843	0.00682830282038595	0.000653142008906482	0.00283028203859475	0.00330529440870856	0.0027115289460663	0.000376051459673429	0.000296882731321128	0.000851063829787234	0.0436417615042058	0.0322612568035626	0.00170212765957447	0.00845126175160811	0.00140524492825334	0.00368134586838199	0.00164275111331024	0.00959920831271648	0.00251360712518555	0.000178129638792677	0.000158337456704602	0.0194952993567541	0.0170212765957447	0.0209995051954478	0.00571994062345374	0.00413656605640772	0.000277090549233053	0.00712518555170708	0.00134586838198911	0.00728352300841168	0.00233547748639287	0.00168233547748639	0.00197921820880752	0.000573973280554181	0.000593765462642256	0.00178129638792677	0.000118753092528451	0.000851063829787234	0.000376051459673429	0.0113013359722909	0.0049480455220188	0.00205838693715982	0.00334487877288471	0.0205838693715982	0.00482929242949035	0.00571994062345374	0.000554181098466106	0.00520534388916378	0.00811479465611084	0.00205838693715982	0.00975754576942108	0.00140524492825334	0.00320633349826818	5.93765462642256e-05	0.00312716476991588	0.000930232558139535	0.000593765462642256	0.00336467095497279	0.00296882731321128	0.00395843641761504	0.00138545274616526	0.00366155368629391	0.00724393864423553	0.000395843641761504	0.00188025729836714	0.000534388916378031	0.0047897080653142	0.00233547748639287	0.00269173676397823	0.0046313706086096	0.000593765462642256	0.00514596734289955	0.00668975754576942	0.0047105393369619	0.00233547748639287	0.000178129638792677	0.00570014844136566	0.000277090549233053	0	0.00237506185056903	9.8960910440376e-05	0.00449282533399307	0.000316674913409203	0	0.00091044037605146	0.000316674913409203	0.00108857001484414	0.000672934190994557	0.00144482929242949	0.00294903513112321	0.00326571004453241	0	0.000890648193963384	5.93765462642256e-05	0.00237506185056903	0.00427511133102425	0.000316674913409203	0.000356259277585354	0.00405739732805542	0.000653142008906482	0.000257298367144978	0.00162295893122217	5.93765462642256e-05	0.00152399802078179	0.000672934190994557	0.00108857001484414	0.00049480455220188	0.000435428005937655	0.000277090549233053	0.000514596734289955	0.00316674913409203	0.0024740227610094	0	0.000138545274616526	0.00148441365660564	0.0133003463631865	0.000534388916378031	0.000771895101434933	0.00666996536368135	0.000791687283523008	0	0.00186046511627907	0.000771895101434933	0.00310737258782781	0.000573973280554181	0.000277090549233053	0.000197921820880752	0.000316674913409203	0	0.000851063829787234	0.00154379020286987	0.000653142008906482	9.8960910440376e-05	0.00128649183572489	3.95843641761504e-05	0.00878772884710539	9.8960910440376e-05	0.00356259277585354	0.0043146956952004	0.000633349826818407	9.8960910440376e-05	3.95843641761504e-05	0.000514596734289955	0.00134586838198911	0.00116773874319644	0	0.000870856011875309	7.91687283523008e-05	0.00296882731321128	0.000138545274616526	0.000217714002968827	0	0	0.00174171202375062	0.000376051459673429	0.000138545274616526	0.000138545274616526	0.000593765462642256	7.91687283523008e-05	0.00892627412172192	0.00573973280554181	0.000138545274616526	0.0047105393369619	0.0042355269668481	0.00269173676397823	0.0024740227610094	0.000316674913409203	0.000415635823849579	3.95843641761504e-05	0.00132607619990104	0.00342404750123701	7.91687283523008e-05	0.0100148441365661	0.000336467095497279	0.00581890153389411
S2B1522	0.0801600317179982	0.041557786227901	0.0136243219376813	0.00627151327290094	0.00392870659049541	0.00823586656814864	0.00513615311142749	0.000324388617563841	0.00960550739786264	0.0505325379805006	0.00883057903368235	0.0040188145398187	0.00300960550739786	0.0679774369694894	0.0602641965074159	0.00830795292760727	0.00650579394114149	0.0122006163383734	0.00291949755807457	0.00365838274252555	0.00290147596820992	0.0186163023301916	0.00937122672962209	0.0068842473282993	0.012957523112689	0.025230225810521	0.00230676350267621	0.0166339274450792	0.0053884553695327	0.00383859864117212	0.00228874191281155	0.00432518156751789	0.00459550541548775	0.000360431797293157	0.00596514624520175	0.0316819549820685	0.024545405395664	0.00490187244318694	0.0174268773991242	0.00690226891816396	0.00268521688983402	0.00464957018508173	0.00200039647497702	0.001369640829714	0.000702842004721657	0.000468561336481104	0.0154084593342825	0.0119843572599975	0.00765917569247959	0.00439726792697652	0.00250500099118744	0.0017120510371425	0.00481176449386365	0.00151381354863126	0.00259510894051073	0.00126151129052605	0.00234280668240552	0.00162194308781921	0.000702842004721657	0.000919101083097551	7.20863594586314e-05	9.01079493232893e-05	0.000576690875669052	0.000306367027699184	0.00664996666005875	0.0233019156950026	0.00819982338841933	0.0038926634107661	0.000594712465533709	0.00917298924111085	0.0142190344032151	0.000666798824992341	0.00610931896411901	0.00210852601416497	0.0035502532033376	0.00340608048442034	0.00351421002360828	0.00719061435599849	0.00154985672836058	0.00553262808844996	0.0029915839175332	0.00564075762763791	0.00324388617563841	0.00212654760402963	0.00214456919389429	0.00126151129052605	0.00153183513849592	0.00138766241957866	0.00210852601416497	0.00147777036890194	0.000486582926345762	0.00327992935536773	0.010326370992449	0.00230676350267621	0.00311773504658581	0.000450539746616447	0.00245093622159347	0.00400079294995404	0.000360431797293157	0.00230676350267621	0.00127953288039071	0.00746093820396835	0.000216259078375894	0.000955144262826867	0.00187424534592442	0.00194633170538305	0.0032078429959091	0.000558669285804394	0.000955144262826867	0.00108129539187947	0.00118942493106742	0.000919101083097551	0.000612734055398367	0.00178413739660113	0.00194633170538305	0.000432518156751789	0.00109931698174413	0.000270323847969868	0.000180215898646579	0.00216259078375894	0.00293751914793923	0.00237884986213484	0.000594712465533709	0.00120744652093208	0.00156787831822523	0.00180215898646579	0.00201841806484168	0.000792949954044946	0.000360431797293157	0.00279334642902197	0.000414496566887131	0.000108129539187947	0.00025230225810521	0.000738885184450972	0.000126151129052605	0.000414496566887131	0.00414496566887131	0.000144172718917263	0.00268521688983402	0.00396474977022473	0.00198237488511236	0.00142370559930797	0.00322586458577376	0.000324388617563841	0.00158589990808989	0.00109931698174413	0.000919101083097551	0.00331597253509705	0.000991187442556182	0.00349618843374362	0.00138766241957866	0.000306367027699184	0.00200039647497702	0.00156787831822523	0	5.40647695939736e-05	0	0.00144172718917263	0.0035502532033376	0.000144172718917263	0.000468561336481104	0.00196435329524771	0.00100920903242084	0.000288345437834526	0.000180215898646579	0.000324388617563841	0.010848997098524	0.000144172718917263	0.000883057903368235	0.00106327380201481	0.000901079493232893	0.000991187442556182	0.0109931698174413	0.000937122672962209	0.00749698138369767	0.00109931698174413	0.00243291463172881	0.001369640829714	0.00173007262700715	0.000288345437834526	9.01079493232893e-05	0.000162194308781921	0.000162194308781921	0.000126151129052605	0.0103804357620429	0.0126151129052605	0.000630755645263025	0.000973165852691524	0.00293751914793923	0.000901079493232893	0.00230676350267621	0.000288345437834526	0.00135161923984934	0.000540647695939736	0.000288345437834526	0.00100920903242084	0.00131557606012002	0.00050460451621042	9.01079493232893e-05	0.000306367027699184
S2B3040	0.0627468068302514	0.0477409515509682	0.0100901440671042	0.00648165799722215	0.00435741714098968	0.0118058770663689	0.00386720771262834	0.00069446335684523	0.00141616057082165	0.0542089926196247	0.00551485606906506	0.00257359949889703	0.00332253057000463	0.0851330373920858	0.170674582641139	0.00153871292791198	0.00315912742721752	0.00883738663906969	0.0014978621422152	0.00133445899942809	0.00279147035594651	0.016816906778507	0.00966801928157085	0.00849696342492987	0.020629646776873	0.0106348212097279	0.00322721207004548	0.00908249135325036	0.00354040142705411	0.00307742585582396	0.00202892235627332	0.00442550178381764	0.00302295814156159	0.00142977749938724	0.00202892235627332	0.0404967455540728	0.0262262044173316	0.00115743892807538	0.00889185435333206	0.00772079849669109	0.00524251749775321	0.00307742585582396	0.000776164928238786	0.00117105585664098	0.00144339442795283	0.000517443285492524	0.0180832811351072	0.0101582287099322	0.00814292328222446	0.00415316321250579	0.0031863612843487	0.00084424957106675	0.00261445028459381	0.00277785342738092	0.00122552357090335	0.00103488657098505	0.00160679757073994	0.00142977749938724	0.000776164928238786	0.00324082899861107	0.00054467714262371	0.000422124785533375	0.000422124785533375	0.000258721642746262	0.00883738663906969	0.0117786432092377	0.0215555979193333	0.00511996514066287	0.000177020071352706	0.00533783599771236	0.00358125221275089	0.0045072033552112	0.00191998692774858	0.000680846428279637	0.00144339442795283	0.00213785778479806	0.00144339442795283	0.00234211171328195	0.00235572864184754	0.0046842234265639	0.00253274871320025	0.00221955935619162	0.00219232549906043	0.000885100356763528	0.000817015713935565	0.00102126964241946	0.00099403578528827	0.000871483428197936	0.00069446335684523	0.000639995642582859	0.000381273999836597	0.00277785342738092	0.00663144421144367	0.00382635692693156	0.0041259293553746	0.000449358642664561	0.00388082464119393	0.00183828535635502	0.000354040142705411	0.000966801928157085	0.000925951142460307	0.00189275307061739	0.000177020071352706	0.000422124785533375	0.00181105149922384	0.00241019635610992	0.00381273999836597	0.000313189357008633	0.00439826792668646	0.000871483428197936	0.00118467278520657	0.000626378714017266	0.000748931071107601	0.000680846428279637	0.000558294071189303	0.000599144856886081	0.00102126964241946	0.000462975571230153	0.000367657071271004	0.00354040142705411	0.000585527928320488	0.00275061957024973	0.00111658814237861	0.00125275742803453	0.00584166235463929	0.000476592499795746	0.00153871292791198	0.000354040142705411	2.72338571311855e-05	0.00415316321250579	0.000408507856967782	0.000217870857049484	5.4467714262371e-05	0.000408507856967782	0.000435741714098968	0.000354040142705411	0.00325444592717667	0.00084424957106675	0.00379912306980038	0.00200168849914213	0.000435741714098968	0.00103488657098505	0.00415316321250579	0.000517443285492524	0.000517443285492524	0.000803398785369972	0.000136169285655927	0.00916419292464392	0.000490209428361339	0.00102126964241946	0.00151147907078079	0.000272338571311855	0.00108935428524742	0.000885100356763528	0.000108935428524742	9.53184999591492e-05	0.000354040142705411	0.000980418856722678	0.00456167106947357	0.000367657071271004	0.000231487785615077	0.0111250306380893	0.000735314142542008	0.000245104714180669	0.000163403142787113	0.000748931071107601	0.00125275742803453	9.53184999591492e-05	0.000762547999673194	0.00029957242844304	0.000789781856804379	0.000490209428361339	0.0123641711375582	0.000503826356926932	0.00106212042811623	0.00039489092840219	0.000830632642501157	0.000476592499795746	0.000354040142705411	9.53184999591492e-05	0.00014978621422152	0.000136169285655927	6.80846428279637e-05	9.53184999591492e-05	0.00121190664233775	0.00705356899697704	0.00171573299926469	0.00151147907078079	0.000531060214058117	0.00029957242844304	0.00106212042811623	0.000163403142787113	0.000531060214058117	0.000258721642746262	0.00014978621422152	0.000272338571311855	0.00294125657016803	0.000245104714180669	0.00140254364225605	0.000435741714098968
S2B5565	0.104659306253605	0.00659141468237621	0.0152220482821125	0.00797149213149872	0.00523193540413611	0.00764192139737991	0.00537612260031309	0.000267776221471533	0.000288374392353959	0.0746477712779105	0.00793029578973387	0.00525253357501854	0.00414023234736755	0.0944014171541567	0.00861003542885392	0.00197742440471286	0.00173024635412375	0.00673560187855318	0.00162725549971163	0.000617945126472769	0.00259536953118563	0.0180439976930049	0.0167669110982945	0.0176526324462388	0.0315563977918761	0.0189091208700667	0.00175084452500618	0.0112877976435693	0.00391365246766087	0.00335750185383538	0.00376946527148389	0.00144187196176979	0.000926917689709154	0.00170964818324133	0.00185383537941831	0.0545851528384279	0.0373650819807201	0.00177144269588861	0.0120087336244541	0.00825986652385268	0.00278075306912746	0.00832166103649996	0.00288374392353959	0.00129768476559282	0.00187443355030073	0.00117409574029826	0.0255623300650902	0.0155310208453489	0.0117203592321002	0.00521133723325369	0.0048199719864876	0.000700337810002472	0.00434621405619181	0.000453159759413364	0.00296613660706929	0.00199802257559529	0.00203921891736014	0.0024099859932438	0.00154486281618192	0.00383125978413117	0.000267776221471533	4.11963417648513e-05	0.000288374392353959	0.000720935980884897	0.0125442860673972	0.015386833649172	0.0162931531679987	0.00879541896679575	0.000164785367059405	0.00317211831589355	0.00339869819560023	0.00271895855648018	0.00659141468237621	0.000432561588530938	0.00065914146823762	0.00228639696794925	0.00446980308148636	0.0057880860179616	0.00383125978413117	0.00311032380324627	0.00271895855648018	0.00220400428441954	0.00189503172118316	0.0023275933097141	0.000391365246766087	0.00166845184147648	0.00156546098706435	0.00105050671500371	0.000267776221471533	0.00138007744912252	0.000823926835297026	0.00290434209442202	0.00698277992914229	0.00385185795501359	0.00451099942325122	0	0.00428441954354453	0.00391365246766087	0.000226579879706682	0.00150366647441707	0.00181263903765346	0.00226579879706682	0.000144187196176979	0.00150366647441707	0.00129768476559282	0.00138007744912252	0.00311032380324627	0.000391365246766087	0.0032957073411881	0.00195682623383044	0.00138007744912252	0.00125648842382796	0.00065914146823762	0.00129768476559282	0.000617945126472769	0.000308972563236385	0.00109170305676856	0.000597346955590344	0.000576748784707918	0.00597346955590344	0.00133888110735767	0.0041814286891324	0.00432561588530938	0.00278075306912746	0.00276015489824504	0.000782730493532174	0.00195682623383044	0.000576748784707918	0.00115349756941584	0.00228639696794925	0.000267776221471533	8.23926835297026e-05	0.000700337810002472	0.000453159759413364	0.000535552442943067	6.17945126472769e-05	0.00339869819560023	0.00391365246766087	0.00276015489824504	0.00265716404383291	0.000844525006179451	0.00100931037323886	0.00107110488588613	0.000576748784707918	0.000597346955590344	0.000720935980884897	0.000102990854412128	0.000247178050589108	0.00115349756941584	0.000782730493532174	0.000700337810002472	0.000885721347944303	0.00142127379088737	0.000576748784707918	0.00065914146823762	0.000226579879706682	0.000391365246766087	0.000844525006179451	0.000906319518826728	0.000226579879706682	0	0.00636483480266952	0.000391365246766087	0	0	0.000617945126472769	0.000370767075883662	0.00065914146823762	0.000741534151767323	0.000638543297355195	0.00259536953118563	0.0008033286644146	0.0205157781988959	0.000720935980884897	0.00224520062618439	0.000885721347944303	0.00111230122765098	0.00111230122765098	0.000308972563236385	0	6.17945126472769e-05	0.000123589025294554	0	8.23926835297026e-05	0.0047375793029579	0.00966054214385762	0.00444920491060394	0.000576748784707918	0.000494356101178215	0.000782730493532174	0.00127708659471039	0.000205981708824256	0.000968114031474005	0.000247178050589108	8.23926835297026e-05	0	0.00422262503089726	0	0.00276015489824504	0
S3A07	0.152212106692222	0.00117127189479849	0.0199116222115743	0.00175690784219773	0.00821664980745	0.00938792170224849	0.00708087100037268	0.000124225807024082	0.00379776038616479	0.0815098759516584	0.00269747466680864	0.00367353457914071	0.00534170970203553	0.134483309375499	0.0306660277910877	0.00188113364922181	0.00289268664927505	0.00131324424568315	0.00159718894745248	0.00120676498251965	0.000106479263163499	0.023798115317042	0.0179417558430496	0.0179595023869101	0.00191662673694298	0.00580311984241069	0.00133099078954374	0.00299916591243855	0.00033718433335108	0.000976059912332073	0.00188113364922181	0.00140197696498607	0.0028394470176933	0.000603382491259827	0.00461410140375162	0.0814211432323555	0.0496725762657722	0.00095831336847149	0.0108786313865375	0.00244902305276048	0.00310564517560205	0.000141972350884665	0.00101155300005324	0.000461410140375162	0.000922820280750324	5.32396315817495e-05	0.0380663365809509	0.0257324885978456	0.0140020231060001	0.00724058989511793	0.00596283873715594	0.000461410140375162	7.09861754423326e-05	0.000141972350884665	0.00445438250900637	0.000390423964932829	0.00420593089495821	0.00301691245629914	0.00129549770182257	0.000567889403538661	0.000177465438605832	0.000479156684235745	0.00028394470176933	0.0011535253509379	0.0191485208255692	0.00486255301779978	0.0035848018598378	0.00141972350884665	0.000922820280750324	0.0275071429839039	0.00188113364922181	7.09861754423326e-05	0.00170366821061598	0.000532396315817495	0.000763101386005076	0.0035848018598378	0.00243127650889989	0.00236029033345756	0.000479156684235745	0.00924594935136382	0.00127775115796199	0.000745354842144492	0.00173916129833715	0.00184564056150065	0.00143747005270724	0.00161493549131307	0.000532396315817495	0.000550142859678078	0.000212958526326998	0.000869580649168574	0.000745354842144492	0.00177465438605832	0.00424142398267937	0.00472058066691512	0.0062112903512041	0.00033718433335108	0.00614030417576177	0.00159718894745248	0.00129549770182257	0.00108253917549557	0.000106479263163499	0.0105059539654652	0	0.000372677421072246	0.00243127650889989	0.000976059912332073	0.000230705070187581	0.000106479263163499	0	0.00033718433335108	0.000479156684235745	0.00120676498251965	0.00131324424568315	0.000567889403538661	0.000496903228096328	0.000266198157908747	0.000443663596514579	0.000745354842144492	0.000354930877211663	0.000638875578980993	0.0012600046141014	0.00120676498251965	0.000372677421072246	0.000443663596514579	0.000212958526326998	0.000141972350884665	0.00266198157908747	0	0.000656622122841577	0.00113577880707732	0.000461410140375162	0.000159718894745248	0.000230705070187581	0.000479156684235745	0.000532396315817495	0.000692115210562743	0.00257324885978456	0	0.00312339171946263	0.000106479263163499	0.00095831336847149	0.00134873733340432	0.000514649771956911	5.32396315817495e-05	0.00131324424568315	0.000248451614048164	0.000922820280750324	0.000248451614048164	0.000887327193029158	0.000603382491259827	0.000124225807024082	0	0.000408170508793412	0.000124225807024082	5.32396315817495e-05	0	7.09861754423326e-05	0.000212958526326998	0.00102929954391382	0	0.000887327193029158	0.000425917052653996	0.000106479263163499	0.000603382491259827	0.000212958526326998	0	0.000514649771956911	0	0.000195211982466415	0.000301691245629914	5.32396315817495e-05	0.000443663596514579	0.000656622122841577	7.09861754423326e-05	0.000159718894745248	0	0.000106479263163499	0.000479156684235745	0.00124225807024082	0.000159718894745248	7.09861754423326e-05	0.000230705070187581	0.000195211982466415	0.000106479263163499	0.000266198157908747	0.0033718433335108	3.54930877211663e-05	0.000266198157908747	0.00312339171946263	0	0.0011535253509379	0.000141972350884665	0.000514649771956911	0	0.000124225807024082	0.000425917052653996	0.000319437789490497	0.000940566824610907	0	0.0012600046141014
S3A1522	0.0942062323641271	9.20132499079867e-05	0.0129278616120721	0.000766777082566556	0.00555146607778187	0.00637958532695375	0.00484603116182064	0.00013801987486198	0.000260704208072629	0.0528002699055331	0.00191694270641639	0.00239234449760766	0.0041405962458594	0.0874432584958901	0.00435529382897804	0.00133419212366581	0.00013801987486198	0.00285241074714759	0.000889461415777205	0.000889461415777205	0.00406391853760275	0.0173905042326095	0.0154275549012391	0.0115169917801497	0.0251809593914857	0.0184639921482027	0.0511900380321433	0.0050760642865906	0.00259170653907496	0.000966139124033861	0.0081278370752055	0.00107348791559318	0.000368052999631947	0.00446264262053736	0.00081278370752055	0.0561740890688259	0.0360231873389768	0.000184026499815973	0.00932400932400932	0.00461599803705067	0.00354251012145749	0.00404858299595142	6.13421666053245e-05	0.0011348300821985	0.00243835112256165	0.00257637099742363	0.0249815973500184	0.0153508771929825	0.0114709851551957	0.00547478836952521	0.00516807753649859	3.06710833026623e-05	0.000644092749355907	0.000107348791559318	0.00213164028953503	0.000245368666421298	0.002315666789351	0.00214697583118636	0.000582750582750583	0.00153355416513311	0.0099527665317139	0.00041405962458594	9.20132499079867e-05	0.000506072874493927	0.0116090050300577	0.00653294074346706	0.0108575634891424	0.0036958655379708	4.60066249539934e-05	0.0277113237639553	0.00912464728254202	0.00496871549503128	0.000398724082934609	3.06710833026623e-05	0.00242301558091032	0.0018709360814624	0.00119617224880383	0.000521408416145258	0.00234633787265366	0.00395656974604343	0.000506072874493927	0.00217764691448902	4.60066249539934e-05	0.00176358728990308	0.000352717457980616	0.00131885658201448	0.00013801987486198	0.000460066249539934	0.000199362041467305	0	0.000536743957796589	0.00133419212366581	0.000368052999631947	0.00447797816218869	0.00461599803705067	0	0.00338915470494418	0.000981474665685192	0.00013801987486198	0.000766777082566556	0.00305177278861489	0.000874125874125874	0.000475401791191265	0.000536743957796589	0.00142620537357379	0.0104895104895105	0.0011348300821985	0.00171758066494909	0.00243835112256165	0.000690099374309901	0.000322046374677954	0.00141086983192246	0.000904796957428536	0.000444730707888603	0.000184026499815973	0.000306710833026622	0.00122684333210649	0.000567415041099252	0.000337381916329285	0.000628757207704576	7.66777082566556e-05	0.00460066249539934	0.00176358728990308	0.00107348791559318	6.13421666053245e-05	0.000352717457980616	0.000368052999631947	0.000153355416513311	4.60066249539934e-05	0.000720770457612563	7.66777082566556e-05	0	0.000230033124769967	0.000168690958164642	0.000214697583118636	0	0.0913998282419335	0	0.00604220341062446	0	7.66777082566556e-05	0.000506072874493927	0.000107348791559318	0.000153355416513311	0.000107348791559318	0.000858790332474543	0	0.000429395166237272	0.00219298245614035	0.000490737332842596	0.000782112624217887	4.60066249539934e-05	0.000644092749355907	0.000521408416145258	9.20132499079867e-05	0.00332781253833885	0	0.000659428291007238	0.00141086983192246	0	0	0.00900196294933137	0.000199362041467305	0	0	0.000552079499447921	4.60066249539934e-05	0.00177892283155441	0.000567415041099252	0.000674763832658569	0.000260704208072629	0.00101214574898785	0.0107808857808858	0	0	0	0.000874125874125874	0.00127284995706048	6.13421666053245e-05	0.000184026499815973	0.000107348791559318	0.0217611336032389	0	7.66777082566556e-05	0	0.0036958655379708	0	6.13421666053245e-05	0.00013801987486198	4.60066249539934e-05	0	0	0	0.000582750582750583	0	0.000199362041467305	0.0228499570604834	0	0.00912464728254202	0
S3A3040	0.090235506007341	0.000934728586735973	0.0112851378154709	0.00125390420171899	0.00613273145931651	0.015411622552037	0.00524359938900668	0.00045596516426145	0.00234822059594647	0.0516608531108223	0.00460524815904065	0.0068850739803479	0.00383010737979618	0.0869069603082324	0.0255112509404282	0.00113991291065363	0.000410368647835305	0.00175546588240658	0.00102592161958826	0.00127670245993206	0.00973485625698197	0.0180334222465404	0.0132229897635821	0.00932448760914666	0.00610993320110344	0.0151380434534802	0.0372067574037344	0.00672548617285639	0.00487882725759752	0.000569956455326813	0.00553997674577662	0.000980325103162118	0.00344253699017395	0.0100996283883911	0.00198344846453731	0.0483779039281399	0.0352689054556232	0.000387570389622233	0.0129266124068121	0.00515240635615439	0.00332854569910859	0.00180106239883273	0.00027357909855687	0.000706746004605248	0.00205184323917653	0.00212023801381574	0.0240065658983654	0.0154344208102501	0.0105783918108657	0.00560837152041584	0.00471923945010601	4.5596516426145e-05	0.000729544262818321	0.00018238606570458	0.00296377356769943	0.000866333812096756	0.00310056311697786	0.00218863278845496	0.000592754713539886	0.00239381711237261	0.0150468504206279	0.000410368647835305	0.000592754713539886	0.000615552971752958	0.0107379796183572	0.00501561680687595	0.0186717734765064	0.00264459795271641	0.000410368647835305	0.0359300549438023	0.00941568064199895	0.0100312336137519	0.000866333812096756	0.000866333812096756	0.00321455440804323	0.0018238606570458	0.00150468504206279	0.00123110594350592	0.00264459795271641	0.0134737706039259	0.00127670245993206	0.00287258053484714	0.000683947746392176	0.00132229897635821	0.00152748330027586	0.000683947746392176	0.000410368647835305	0.000797939037457538	0.000478763422474523	0.000387570389622233	0.00045596516426145	0.00408088822013998	0.00227982582130725	0.00430887080227071	0.00435446731869685	0.000296377356769943	0.00275858924378178	0.00132229897635821	0.000775140779244466	0.000547158197113741	0.00652030184893874	0.00604153842646422	0.000250780840343798	0.0011627111688667	0.00177826414061966	0.0115587169140278	0.00175546588240658	0.00316895789161708	0.00624672275038187	0.000775140779244466	0.000433166906048378	0.00118550942707977	0.000752342521031393	0.000569956455326813	0.000661149488179103	0.000319175614983015	0.00186945717347195	0.000433166906048378	0.000843535553883683	0.0011627111688667	0.00125390420171899	0.00718145133711784	0.000569956455326813	0.000706746004605248	0.000980325103162118	0.00216583453024189	0.000775140779244466	0.000524359938900668	0.000159587807491508	0.00036477213140916	0.000569956455326813	0.000843535553883683	0.000159587807491508	0.000113991291065363	0.00027357909855687	0.000341973873196088	0.00202904498096345	0	0.00569956455326813	0	0.000797939037457538	0.00100312336137519	0.000501561680687595	0.00118550942707977	0.000638351229966031	0.00241661537058569	0.000569956455326813	0.000820737295670611	0.00214303627202882	0.000752342521031393	0.000775140779244466	0	0.00111711465244055	0.00100312336137519	0.000889132070309828	0.00305496660055172	0.000159587807491508	0.000547158197113741	0.00435446731869685	0	0.000227982582130725	0.0164147459134122	0.000136789549278435	0.00036477213140916	0.000113991291065363	0.000797939037457538	0.000524359938900668	0.00189225543168502	0.000729544262818321	0.000227982582130725	0	0.000843535553883683	0.0257620317807719	0.000205184323917653	0	0	0.00166427284955429	0.000615552971752958	0.000478763422474523	0.000205184323917653	0.000113991291065363	9.11930328522901e-05	0.000159587807491508	0	0.000296377356769943	0.0066342931400041	0	0.00036477213140916	0.00118550942707977	0	0.000524359938900668	0.00027357909855687	0.000113991291065363	0.00139069375099742	6.83947746392176e-05	0.000592754713539886	0.0179878257301142	0.00036477213140916	0.00927889109272052	0.000547158197113741
S3A6070	0.0813665876533031	0	0.0182675461197568	0.000566834999484695	0.00747191590229826	0.0126249613521591	0.00672472431206843	0.000463774090487478	0	0.0517623415438524	0.000283417499742348	0.0202514686179532	0.00432855817788313	0.064258476759765	0.00164897454395548	0.000644130681232608	0.000103060908997217	7.7295681747913e-05	0.00105637431722148	0	0.0116974131711842	0.0238070699783572	0.0199422858909616	0.018370607028754	0.00193239204369783	0.000669895908481913	0.0354014222405442	0.00105637431722148	0.001777800680202	0	0.015072657940843	0.00128826136246522	0.000103060908997217	0.00718849840255591	0.00103060908997217	0.0986550551375863	0.056554673812223	0	0.00077295681747913	0.00213851386169226	0.00149438318045965	0	0	0.000283417499742348	0.003555601360404	0.000128826136246522	0.0498557147274039	0.010331856126971	0.0223384520251469	0.0115428218076883	0.00943007317324539	0	0.00288570545192209	0	0.00198392249819643	0.000412243635988869	0.00133979181696383	0.00159744408945687	0.000747191590229826	0.0018035659074513	0.0212047820261775	0	0	0.00018035659074513	0.0225961042976399	0.000618365453983304	0.00605482840358652	0.00211274863444296	0	0.00249922704318252	0.0712923837988251	0.00932701226424817	0	0	0.00556528908584974	0.00309182726991652	0.00105637431722148	7.7295681747913e-05	0.000927548180974956	0.00698237658456148	0	0.00221580954344017	0.000103060908997217	0.00182933113470061	0	0.00164897454395548	5.15304544986087e-05	0.000360713181490261	0	0	0.000747191590229826	0.00894053385550861	0.00203545295269504	0.00754921158404617	0.00633824590332887	0	0.00340100999690817	0.000901782953725652	0.000463774090487478	0	0.00834793362877461	0	0.000463774090487478	0.00110790477172009	0.00391631454189426	0.00852829021951974	0.00144285272596104	0.00105637431722148	0.00528187158610739	0.000876017726476347	0.000128826136246522	0.00213851386169226	0.001777800680202	0.00077295681747913	0	0.000438008863238174	0.000128826136246522	0.000876017726476347	0.000128826136246522	0.00018035659074513	0	0.00466350613212409	0	0	0.00108213954447078	0.000747191590229826	0	7.7295681747913e-05	0	5.15304544986087e-05	0.000489539317736782	0.000128826136246522	0.000128826136246522	0.000231887045243739	0.000566834999484695	0	0.0029887663609193	0	0.00123673090796661	0	0	0	5.15304544986087e-05	0.000334947954240956	7.7295681747913e-05	0.001185200453468	0	0.000412243635988869	0.000309182726991652	0	0.000103060908997217	0	0.000154591363495826	0.000231887045243739	0.000103060908997217	0	0.00018035659074513	0.000695661135731217	0.000953313408224261	0	0	0.00404514067814078	0.000206121817994435	0	0.00170050499845409	0.00100484386272287	0	0.00167473977120478	0.000154591363495826	0.000257652272493043	0	0	0.0250438008863238	0	5.15304544986087e-05	0	0.000747191590229826	0.000901782953725652	0	0.000128826136246522	0	0.000463774090487478	0	0.000360713181490261	0	0.000669895908481913	0	0	0	0	0	0	0	0.000901782953725652	0	0.000257652272493043	0.012444604761414	0	0.0148665361228486	7.7295681747913e-05
S3B2030	0.0928437126089681	0.0147712381060908	0.0147285054982622	0.0077773346248077	0.00529884337074811	0.00633867016124437	0.00538430858640533	0.000740698535695972	0.000142442026095379	0.0801663722864794	0.0158965301122443	0.00148139707139194	0.0050709361289955	0.0869466127286194	0.00257820067232636	0.000968605777448578	0.000840407953962737	0.00797675346134123	0.00388866731240385	0.00178052532619224	0.00242151444362145	0.0167369380662071	0.0182325793402085	0.0101276280553815	0.0277334624807703	0.00998518602928608	0.00239302603840237	0.0171215315366646	0.00555523901771979	0.00257820067232636	0.00357529485499402	0.00188023474445901	0.000384593470457524	0.00326192239758418	0.00220785140447838	0.0461654606575124	0.0352544014586063	0.00145290866617287	0.00646686798473022	0.00648111218733975	0.00290581733234574	0.00405959774371831	0.00237878183579283	0.00331889920802233	0.00200843256794485	0.00172354851575409	0.0238875277761951	0.0144436214460714	0.0117372229502592	0.00584012306991055	0.00434448179590907	0.00160959489487778	0.00290581733234574	0.000726454333086434	0.00264942168537405	0.00276337530625036	0.00138168765312518	0.00202267677055438	0.000769186940915048	0.00475756367158566	0.000242151444362145	0.000327616660019372	0.000227907241752607	0.000498547091333827	0.0123497236624694	0.0254116574554156	0.0275767762520654	0.0192866503333143	8.54652156572275e-05	0.00274913110364082	0.00528459916813857	0.00999943023189562	0.00977152299014301	0.000242151444362145	0.00232180502535468	0.00272064269842174	0.00418779556720415	0.00313372457409834	0.00331889920802233	0.00225058401230699	0.00068372172525782	0.00562646003076748	0.00158110648965871	0.00179476952880178	0.000997094182667654	0.0015383738818301	0.00139593185573472	0.00125348982963934	0.000213663039143069	0.000726454333086434	0.000427326078286138	0.00551250640989117	0.00989972081362885	0.00321918978975557	0.00386017890718478	0.000512791293943365	0.00428750498547091	0.00740698535695972	9.97094182667654e-05	0.00282035211668851	0.00118226881659165	0.000783431143524585	0.000227907241752607	0.00418779556720415	0.00196569996011623	0.00106831519571534	0.00427326078286138	0.000313372457409834	0.00156686228704917	0.00133895504529656	0.0012392456270298	0.00119651301920119	0.00068372172525782	0.00126773403224887	0.000156686228704917	0.000128197823485841	0.0012392456270298	0.000555523901771979	0.000555523901771979	0.00339012022107002	0.000897384764400889	0.00603954190644408	0.00380320209674662	0.002065409378383	0.00273488690103128	0.00146715286878241	0.00239302603840237	0.00152412967922056	0.000740698535695972	0.00223633980969745	0.000883140561791351	0.000199418836533531	0.00143866446356333	0.000541279699162441	0.00034186086262891	0	0.00541279699162441	0.00319070138453649	0.00205116517577346	0.00381744629935616	0.000185174633923993	0.000142442026095379	0.00175203692097316	0	0.000398837673067062	0.000811919548743661	0	0.000185174633923993	0.000327616660019372	0.000797675346134123	0.0022933166201356	0.00155261808443963	0.000726454333086434	0.000826163751353199	0.00138168765312518	0.000640989117429206	0.000242151444362145	0.00113953620876303	0.000213663039143069	0.000484302888724289	8.54652156572275e-05	0.00156686228704917	0.000512791293943365	9.97094182667654e-05	2.84884052190758e-05	0.00061250071221013	0.000726454333086434	0.00061250071221013	0.000156686228704917	0.000427326078286138	0.000626744914819668	0.000982849980058116	0.0217224089795453	0.00139593185573472	0.00125348982963934	0.000669477522648282	0.00139593185573472	0.000797675346134123	0.0004130818756766	0.000156686228704917	0.000185174633923993	0.000142442026095379	5.69768104381517e-05	0	0.00337587601846049	0.00566919263859609	0.00746396216739787	0.00121075722181072	7.12210130476896e-05	0.000227907241752607	0.0015383738818301	0.000470058686114751	0.000441570280895675	0.000968605777448578	0.000185174633923993	7.12210130476896e-05	0.000299128254800296	0	0.00246424705145006	0
S3B3545	0.102736307119844	0.00642858223291132	0.0148991847045121	0.00615631286775272	0.00570253059248839	0.00620169109527915	0.006080682488542	0.000196638985947876	0.000136134682579298	0.100301008909259	0.00978657106986734	0.00204202023868948	0.0065949690671749	0.0915883892241836	0.003040341244271	0.00113445568816082	0.000514286578632905	0.00721513817670282	0.00204202023868948	0.000801682019633646	0.00255630681732238	0.0274992058810183	0.0154437234348293	0.0119949781428204	0.0257143289316453	0.00762354222444071	0.000756303792107214	0.0123277518113476	0.00411429262906324	0.00204202023868948	0.00293445871337599	0.00187563340442589	0.000937816702212945	0.00269244149990168	0.00202689416284733	0.0567379104838832	0.0360605648076719	0.00155798581174086	0.00456807490432757	0.00589916957843627	0.0027680718791124	0.00399328402232609	0.00122521214321369	0.00284370225832312	0.00210252454205805	0.000998321005581522	0.0270302975299118	0.0183933082240474	0.0119042216877675	0.00592942173012055	0.00458320098016971	0.00163361619095158	0.00319160200269244	0.000559664806159338	0.00257143289316453	0.0013310946741087	0.00782018121038859	0.00238991998305879	0.00107395138479224	0.00363025820211463	0.000635295185370059	0.00031764759268503	0.000242017213474308	0.000680673412896492	0.014158006988247	0.0212067583306863	0.0144454024292478	0.00928741056707658	9.07564550528656e-05	0.00320672807853459	0.00432605769085326	0.0148689325528278	0.00803194627217861	0.000514286578632905	0.00204202023868948	0.00148235543253014	0.0035546278229039	0.0027680718791124	0.00181512910105731	0.00297983694090242	0.000983194929739378	0.0036907625054832	0.000393277971895751	0.00229916352800593	0.000816808095475791	0.0010588253089501	0.000831934171317935	0.000983194929739378	7.56303792107214e-05	0.000559664806159338	0.000605043033685771	0.00506723540711833	0.00907564550528656	0.00473446173859116	0.00766892045196715	0.000196638985947876	0.00344874529200889	0.00582353919922554	0.000121008606737154	0.00252605466563809	0.00107395138479224	0.000484034426948617	0.000151260758421443	0.0011949599915294	0.00195126378363661	0.00122521214321369	0.00384202326390465	0.000393277971895751	0.00108907746063439	0.00151260758421443	0.00190588555611018	0.00151260758421443	0.00121008606737154	0.000332773668527174	0	0.000151260758421443	0.00154285973589872	0.000680673412896492	0.000801682019633646	0.00329748453358745	0.00111932961231868	0.0113596829574503	0.00471933566274901	0.00189075948026803	0.00173949872184659	0.000952942778055089	0.0017092465701623	0.00279832403079669	0.000393277971895751	0.00158823796342515	0.000468908351106472	6.05043033685771e-05	0.00117983391568725	0.000363025820211463	0.000589916957843627	6.05043033685771e-05	0.00335798883695603	0.00349412351953533	0.00237479390721665	0.00328235845774531	0.000302521516842885	0.000136134682579298	0.00155798581174086	7.56303792107214e-05	0.000166386834263587	0.000710925564580781	0	0.000136134682579298	0.000393277971895751	0.000710925564580781	0.00186050732858375	0.000862186323002224	0.000801682019633646	0.000484034426948617	0.000453782275264328	0.000166386834263587	0	0.000786555943791502	0.000332773668527174	0.000438656199422184	3.02521516842885e-05	0.00231428960384807	0.00052941265447505	7.56303792107214e-05	0	0.00031764759268503	0.000484034426948617	0.000650421261212204	0.00052941265447505	0.000332773668527174	0.000393277971895751	0.000937816702212945	0.0200420504908412	0.00130084252242441	0.000680673412896492	0.000484034426948617	0.00104369923310795	0.000922690626370801	0.000121008606737154	0	0.000287395441000741	0.000196638985947876	3.02521516842885e-05	0.00010588253089501	0.00166386834263587	0.00606555641269985	0.010588253089501	0.00139159897747727	4.53782275264328e-05	0.000196638985947876	0.00114958176400296	0.000166386834263587	0.000408404047737895	0.000998321005581522	0.000151260758421443	3.02521516842885e-05	0.000363025820211463	0.00010588253089501	0.00408404047737895	0
S3B515	0.0891671799083008	0.0215789593740733	0.013572389881156	0.0102420219439312	0.00533771299527818	0.00716257213896302	0.00529209151668606	0.000479025525217272	0.000752754396769999	0.0875476174182805	0.0108579119049248	0.0048586874700609	0.00515522708090969	0.0889162617760442	0.0114053696480303	0.00193891284016515	0.00114053696480303	0.00727662583544333	0.00282853167271151	0.00118615844339515	0.00376377198385	0.0198909646661648	0.0137776865348206	0.0103104541618194	0.017678322954447	0.00951207828645726	0.00193891284016515	0.0134583361846757	0.00426560824836333	0.00531490225598212	0.00317069276215242	0.00136864435776364	0.000638700700289696	0.00223545245101394	0.00225826319031	0.0477200666073587	0.0366112365701772	0.00282853167271151	0.00577111704190333	0.00508679486302151	0.00358128606948151	0.00725381509614727	0.00168799470790848	0.00298820684778394	0.000707132918177878	0.00134583361846757	0.0236547366500148	0.0151007094139921	0.0107210474691485	0.00522365929879787	0.00376377198385	0.00228107392960606	0.00401469011610666	0.00223545245101394	0.00198453431875727	0.00130021213987545	0.00196172357946121	0.00157394101142818	0.000958051050434545	0.00494993042724515	0.000364971828736969	4.56214785921212e-05	0.000273728871552727	0.000524647003809393	0.0109947763407012	0.0200278291019412	0.0156937886356897	0.0233125755605739	0.000319350350144848	0.00301101758708	0.0053833344738703	0.010903533383517	0.00618171034923242	0.000958051050434545	0.00191610210086909	0.00203015579734939	0.00410593307329091	0.00253199206186272	0.0039918793768106	0.000980861789730605	0.000661511439585757	0.00508679486302151	0.000547457743105454	0.00111772622550697	0.00164237322931636	0.000752754396769999	0.000661511439585757	0.000273728871552727	6.84322178881818e-05	0.000524647003809393	0.000456214785921212	0.00497274116654121	0.0105157508154839	0.00426560824836333	0.00449371564132394	0.000136864435776364	0.00408312233399484	0.00599922443486393	0.000273728871552727	0.00223545245101394	0.00193891284016515	0.00120896918269121	0.000250918132256666	0.00453933711991606	0.00130021213987545	0.000866808093250302	0.00417436529117909	0.000479025525217272	0.00152831953283606	0.000980861789730605	0.00182485914368485	0.00107210474691485	0.000958051050434545	0.00148269805424394	9.12429571842423e-05	0.000479025525217272	0.00125459066128333	0.000798375875362121	0.000296539610848788	0.00250918132256666	0.000980861789730605	0.00431122972695545	0.00234950614749424	0.00230388466890212	0.0032391249800406	0.00159675175072424	0.0031250712835603	0.00152831953283606	0.00152831953283606	0.00203015579734939	0.000524647003809393	4.56214785921212e-05	0.00241793836538242	0.000456214785921212	0.000615889960993636	0.000228107392960606	0.00342161089440909	0.00276009945482333	0.00200734505805333	0.00424279750906727	0.000547457743105454	0	0.00244074910467848	0	0.000752754396769999	0.00109491548621091	0.000273728871552727	0.000319350350144848	0.00077556513606606	0.000821186614658181	0.00180204840438879	0.00100367252902667	0.00109491548621091	0.00130021213987545	0.000159675175072424	0	0.000364971828736969	0.000752754396769999	0.0167202719040124	0.00102648326832273	0.000410593307329091	0.00127740140057939	0.000342161089440909	0.000296539610848788	0	0.000296539610848788	0.000843997353954242	0.000752754396769999	0.000182485914368485	0.000843997353954242	0.000456214785921212	0.000912429571842423	0.0178608088688154	0.00136864435776364	0.000866808093250302	0.000570268482401515	0.00221264171171788	0.000843997353954242	0.000364971828736969	0.000182485914368485	0.000524647003809393	0.000228107392960606	6.84322178881818e-05	4.56214785921212e-05	0.00583954925979151	0.00342161089440909	0.00597641369556787	0.000729943657473939	0.000228107392960606	0.000433404046625151	0.00216702023312576	0.000433404046625151	0.000729943657473939	0.0013914550970597	6.84322178881818e-05	0	0.00198453431875727	0.000205296653664545	0.00148269805424394	0.000250918132256666
S3B6070	0.0644406059082256	0.008649767674228	0.00901874606123735	0.00288978648232985	0.00336651961952777	0.00378121214298076	0.00281468468674388	0.00035591720516831	5.22447273641555e-05	0.0427982275976242	0.00373223271107686	0.00167509657111324	0.00407182343894387	0.0581385856699243	0.397291763945261	0.000692242637575061	0.0136522003193459	0.00299754123251842	0.00186774900326856	0.000280815409582336	0.00230529859494336	0.0128097540905989	0.00940731622100826	0.00576324648735841	0.0127771011359963	0.00456488305344309	0.00208652379910596	0.00433304707576465	0.00400978282519894	0.00082285445598545	0.00200815670805973	0.000839180933286748	0.000868568592429086	0.00255672634538336	0.000767344433161035	0.0280423574127105	0.021913397833803	0.00111020045648831	0.0030236635962005	0.00359509030174595	0.00184489193504674	0.00380080391574232	0.000293876591423375	0.000721630296717398	0.00127673052496155	0.00249468573163843	0.0137762815468358	0.0106644549732083	0.00664814155708879	0.00394447691599374	0.00344162141511375	0.000741222069478957	0.00093713979709454	0.00237060450414856	0.00179264720768259	0.000620406137449347	0.0011428534110909	0.0016457089119709	0.000662854978432723	0.00155754593454389	0.00093387450163428	0.000192652432155324	6.20406137449347e-05	0.000388570159770907	0.0065338562159797	0.00964894808506748	0.011075882201201	0.00290284766417089	0	0.00278203173214128	0.00234448214046648	0.00919180672063112	0.00168815775295428	0.000378774273390128	0.00131591407048467	0.00114938400201142	0.002099584980947	0.00129958759318337	0.00157060711638493	0.000855507410588047	0.000486529023578699	0.00127019993404103	0.000421223114373504	0.00100244570629973	0.000688977342114801	0.000623671432909607	0.000368978387009349	0.000163264773012986	0.000208978909456622	0.000306937773264414	0.000293876591423375	0.00179917779860311	0.00385957923402699	0.00257958341360518	0.00302692889166076	9.79588638077917e-05	0.00304978595988258	0.000669385569353243	0.000156734182092467	0.00116571047931272	0.00135836291146804	0.00023183597767844	5.22447273641555e-05	0.00195917727615583	0.00119509813845506	0.00106448632004467	0.00277550114122076	0.000176325954854025	0.002099584980947	0.000737956774018697	0.000636732614750646	0.000675916160273762	0.000626936728369867	0.000267754227741297	0.000140407704791168	0.000133877113870649	0.000715099705796879	0.000424488409833764	0.000382039568850387	0.00302692889166076	0.000326529546025972	0.00712160939882645	0.00607671485154334	0.000760813842240515	0.00131591407048467	0.000793466796843112	0.000724895592177658	0.00582528710110334	0.00373549800653712	0.000643263205671165	8.81629774270125e-05	0.000192652432155324	0.000715099705796879	0.000195917727615583	0.000267754227741297	2.28570682218181e-05	0.00133550584324623	0.00289631707325037	0.00225631916303947	0.001596729480067	0.000186121841234804	0.000186121841234804	0.00128979170680259	0.00035265190970805	0.000127346522950129	0.000751017955859736	6.53059092051944e-06	0.00094367038801506	0.000303672477804154	0.00047346784173766	0.00106448632004467	0.000264488932281037	0.000845711524207268	0.000368978387009349	0.000323264250565712	0.000280815409582336	7.18365001257139e-05	0.000607344955608308	0.0173060659393765	0.000133877113870649	1.30611818410389e-05	0.00165877009381194	0.000179591250314285	3.91835455231167e-05	3.26529546025972e-05	0.000319998955105453	0.000571426705545451	0.000362447796088829	0.000202448318536103	0.000222040091297661	0.000995915115379215	0.00035591720516831	0.00749711837675632	0.000222040091297661	9.79588638077917e-05	0.00011428534110909	0.000688977342114801	0.000372243682469608	9.79588638077916e-06	8.48976819667528e-05	0.000241631864059219	0.000104489454728311	9.79588638077916e-06	5.22447273641555e-05	0.000166530068473246	0.0023020332994831	0.00562936937348776	0.000424488409833764	1.95917727615583e-05	0.000385304864310647	0.000525712569101815	7.18365001257139e-05	0.00070856911487636	0.000336325432406751	8.48976819667528e-05	0.000124081227489869	0.00450937303061868	5.22447273641555e-05	0.00351345791523946	3.26529546025972e-05
S4B07	0.0861277698003773	0.00513838443562238	0.0120928006306839	0.074217980122195	0.0041107075484979	0.00585635048005181	0.00429371850099952	0.00299856406791114	0.00833403722161219	0.0512008334037222	0.00477236253061914	0.00143593208885886	0.00332235267618324	0.0680378410338711	0.00515246220119943	0.0168088520989948	0.00937579187431371	0.000492721795196666	0.00270293099079314	0.000844665934622857	0.00430779626657657	0.0188923614043979	0.0102063800433595	0.00820733733141876	0.00101359912154743	0.000478644029619619	0.00771461553622209	0.00175972069713095	0.00398400765830447	0.0150491314018639	0.00275924205310133	0.00360390798772419	0.00121068783962609	0.000309710842695047	0.00111214348058676	0.0365458794380156	0.0248894895402202	0.0402483317847791	0.000422332967311428	0.00681363853929104	0.00637722780640257	0.000802432637891714	0.00488498465523552	0.00720781597544838	0.00197088718078667	0.000577188388658952	0.0152321423543655	0.0129233887997297	0.0123321226454937	0.00471605146831095	0.00342089703522257	0.00218205366444238	0.0114593011797168	0.00197088718078667	0.00267477545963905	0.00454711828138638	0.00181603175943914	0.00181603175943914	0.000168933186924571	0.00094321029366219	0.000267477545963905	0.000112622124616381	0.000619421685390095	0.000253399780386857	0.00798209308218599	0.00259030886617676	0.000366021905003238	0.002365064616944	0.023946279246558	0.00326604161387505	0.003547596925416	0.000450488498465524	0.00142185432328181	0.0129233887997297	0.00363206351887828	0.00456119604696343	0.00105583241827857	0.00344905256637666	0.00101359912154743	0.000549032857504857	0.00358983022214714	0.000112622124616381	0.00183010952501619	0.00116845454289495	0.00378691894022581	0.00250584227271447	0.000506799560773714	0.00447672945350114	0.00209758707098009	0.000408255201734381	0.000295633077118	0.0388264774614973	0.00137962102655067	0.0020412760086719	0.00316749725483571	0.00402624095503562	0.00333643044176028	0.00485682912408143	0.00353351915983895	0.00523692879466171	0.00209758707098009	0.00105583241827857	0.00366021905003238	0	0.00297040853675705	0.000450488498465524	0.00160486527578343	0.000774277106737619	9.85443590393333e-05	0.00306895289579638	0.000732043810006476	0.00129515443308838	0.000746121575583523	0.000534955091927809	0.00104175465270152	0.00630683897851733	0.000183010952501619	0.000267477545963905	0.000126699890193428	0.00744713799025819	0.00844665934622857	0.000168933186924571	0	0.00446265168792409	0.000239322014809809	0.000366021905003238	0	0.000225244249232762	0.00333643044176028	0.00064757721654419	0.002660697694062	0.00153447644789819	0.000872821465776952	0.000281555311540952	0.00035194413942619	0.0111073570402906	0.000577188388658952	0.000239322014809809	4.22332967311428e-05	0.00130923219866543	0.00230875355463581	0.00480051806177324	0.000168933186924571	0.00544809527831743	0.000239322014809809	0.00106991018385562	0.00216797589886533	0.000295633077118	0.000450488498465524	0.000126699890193428	0.000886899231353999	9.85443590393333e-05	0.000760199341160571	0.000619421685390095	0.000520877326350762	0.000408255201734381	0.000900976996931047	0	0.00147816538559	0.00163302080693752	0.0129374665653068	0.000239322014809809	0.00319565278598981	0.00221020919559648	0.00244953121040628	0.000183010952501619	0.000549032857504857	0.000844665934622857	0.000408255201734381	0.00099952135597038	4.22332967311428e-05	0.000281555311540952	2.81555311540952e-05	0.0151195202297491	0.000211166483655714	0.0029281752400259	0.000112622124616381	0.000746121575583523	0.000112622124616381	0.000140777655770476	0.000267477545963905	0	0.000450488498465524	9.85443590393333e-05	0.01034715769913	2.81555311540952e-05	0.000774277106737619	0.00946025846777599	0.00035194413942619	0.00696849396063857	0.00130923219866543	0.00191457611847848	0.000394177436157333	0.000239322014809809	0.000717966044429428	0.000168933186924571	8.44665934622857e-05	0.00644761663428781	0.00035194413942619	0.00374468564349466
S4B1522	0.0871734999885539	0.00897374264588055	0.0123160039374585	0.00961472426344344	0.00448687132294027	0.0108280108966875	0.00327358468969622	0.000640981617562896	0.00542545154865737	0.0478904837121993	0.0135750749719571	0.00467000892795824	0.00254103426962434	0.0608016848659662	0.00393745850788636	0.0230066616303825	0.00576883455806607	0.00018313760501797	0.00144220863951652	0.0169402284641623	0.00128196323512579	0.0132545841631756	0.0120412975299316	0.00746285740448229	0.00151088524139826	0.00224343566147014	0.00597486436371128	0.000320490808781448	0.00196872925394318	0.0127509557493762	0.0034109378934597	0.00315912368655999	0.00043495181191768	0.000389167410663187	0.000938580225717098	0.0326671702950805	0.027882700363986	0.0179017008905066	0.00210608245770666	0.00114461003136231	0.00544834374928462	0.00540255934803013	0.00684476798754664	0.00265549527276057	0.00157956184327999	0.000595197216308404	0.015246205617746	0.0122015429343223	0.012087081931186	0.00473868552983998	0.00325069248906897	0.0121557585330678	0.0159558638371907	0.0012361788338713	0.00331936909095071	0.00320490808781448	0.00146510084014376	0.0018771604514342	0.00201451365519767	0.00141931643888927	0.00107593342948058	0.000297598608154202	0.00100725682759884	0.000526520614426665	0.00824119222580867	0.0071194743950736	0.0018771604514342	0.00260971087150608	0.0429457683767141	0.00748574960510954	0.00215186685896115	0.00114461003136231	0.00650138497813795	0.00457844012544926	0.00359407549847767	0.00597486436371128	0.00107593342948058	0.0055399125517936	0.00135063983700753	0.000778334821326374	0.00130485543575304	0.00171691504704347	0.00343383009408694	0.00155666964265275	0.00258681867087883	0.00164823844516173	0.00396035070851361	0.0052423139436394	0.000297598608154202	0.000961472426344344	0.000480736213172172	0.0111485017054689	0.00208319025707941	0.00272417187464231	0.00377721310349564	0.00361696769910492	0.00274706407526956	0.00899663484650779	0.0052423139436394	0.00393745850788636	0.000915688025089852	0.00295309388091477	0.0018771604514342	0	0.00297598608154202	0.00567726575555708	0.000343383009408694	0.000274706407526956	0.000137353203763478	0.00199162145457043	0.000572305015681157	0.000732550420071881	0.000389167410663187	0.00210608245770666	0.00171691504704347	0.000892795824462606	0.000595197216308404	0.000503628413799419	0.000114461003136231	0.0106677654922968	0.00281574067715129	0.000366275210035941	0.00061808941693565	0.00766888721012751	0.000686766018817389	0.00254103426962434	0.000320490808781448	0.000686766018817389	0.00107593342948058	0.00103014902822608	0.00190005265206144	0.00114461003136231	0.000984364626971591	0.00043495181191768	0.000228922006272463	0.00611221756747476	0.00489893093423071	0.0055399125517936	0.00114461003136231	0.00119039443261681	0.00537966714740288	0.00293020168028753	0.000595197216308404	0.000984364626971591	0.0012361788338713	0.00173980724767072	0.00377721310349564	0.000457844012544926	0.00208319025707941	4.57844012544926e-05	0.000389167410663187	0.00382299750475013	0.000320490808781448	0.000228922006272463	6.86766018817389e-05	0.00043495181191768	0.0015337774420255	0.00018313760501797	0.00366275210035941	0.00304466268342376	0.0158642950346817	0	0.0018771604514342	0.0040061351097681	0.000663873818190143	0.00114461003136231	0.000320490808781448	0.000274706407526956	0.00192294485268869	0.00215186685896115	0.000320490808781448	0.00105304122885333	0.000640981617562896	0.00650138497813795	0.00203740585582492	0.00061808941693565	6.86766018817389e-05	0.00155666964265275	0.00345672229471419	0.00018313760501797	0.000915688025089852	6.86766018817389e-05	0.000526520614426665	0.00139642423826202	0.0582835427969691	0.00151088524139826	0.000457844012544926	0.00164823844516173	0.00267838747338782	0.0021747590595884	0.00240368106586086	0.00235789666460637	0.000137353203763478	0.00061808941693565	0.00167113064578898	0.000274706407526956	0.00130485543575304	0.00778334821326374	0.000114461003136231	0.000892795824462606
S4B3040	0.0927988237870304	0.00642850439515751	0.0190821784965746	0.00727312541057966	0.0051772140019395	0.00938467794913505	0.00466105671473707	0.000265899208558826	0.00125129039321801	0.0522257327869365	0.0122157224637908	0.0044890042856696	0.00345668971126474	0.0790033472018019	0.00361310101041699	0.0170488316075953	0.0046766978446523	0.00336284293177339	0.00148590734194638	0.0176744768042043	0.00128257265304846	0.0175493477648825	0.0144993274314136	0.0107141739919292	0.00248693965652079	0.0115900772671818	0.00129821378296368	0.00539618982075265	0.00214283479838584	0.0114180248381143	0.00236181061719899	0.00239309287702944	0.00118872587355711	0.000625645196609003	0.00203334688897926	0.0460787687302531	0.0339256107861232	0.00883723840210217	0.0139206056245503	0.00154847186160728	0.00403541151812807	0.00527106078143085	0.00944724246879595	0.00159539525135296	0.00106359683423531	0.000735133106015579	0.0221478399599587	0.0160634404229362	0.0132480370381956	0.00531798417117653	0.00366002440016267	0.0106516094722683	0.0125285450620953	0.000594362936778553	0.00214283479838584	0.00425438733694122	0.00208027027872494	0.00154847186160728	0.00109487909406576	0.00147026621203116	3.12822598304502e-05	0.000656927456439453	0.000844621015422154	0.000281540338474051	0.0123877748928583	0.0164388275409016	0.0058028591985485	0.00265899208558826	0.00294053242406231	0.00466105671473707	0.00419182281728032	0.00175180655050521	0.00387900021897582	0.00275283886507961	0.0043013107266869	0.00639722213532706	0.00397284699846717	0.00563080676948103	0.00447336315575437	0.00500516157287202	0.00348797197109519	0.00294053242406231	0.00269027434541871	0.00189257671974223	0.00153283073169206	0.00106359683423531	0.00597491162761598	0.00300309694372321	0.00193950010948791	0.00190821784965746	0.000422310507711077	0.00581850032846373	0.0113711014483686	0.00422310507711077	0.0046766978446523	0.00392592360872149	0.004238746207026	0.00958801263803297	0.00104795570432008	0.00578721806863328	0.00162667751118341	0.00212719366847061	0.000547439547032878	0.00150154847186161	0.00161103638126818	0.00289360903431664	0.000250258078643601	0.000344104858134952	0	0.00162667751118341	0.00131385491287891	0.000860262145337379	0.000969750054743955	0.00183001220008133	0.00222104044796196	0.000500516157287202	0.00129821378296368	0.000484875027371977	0.000172052429067476	0.00176744768042043	0.00336284293177339	0.00106359683423531	0.00111052022398098	0.00203334688897926	0.00104795570432008	0.00236181061719899	0.00265899208558826	0.000328463728219727	0.00118872587355711	0.000625645196609003	0.00195514123940313	0.000172052429067476	0.000375387117965402	0.000422310507711077	0.000375387117965402	0.00142334282228548	0.00247129852660556	0.00297181468389276	0.00522413739168517	0.00192385897957268	0.00577157693871805	0.00342540745143429	0.00192385897957268	0.000547439547032878	0.00203334688897926	0.00156411299152251	0.00192385897957268	0.000531798417117653	0.00276847999499484	0.000437951637626302	0.000312822598304502	0.00254950417618169	0.00098539118465918	0.000422310507711077	0.000140770169237026	0.000531798417117653	0.000172052429067476	0.000187693558982701	0.00143898395220071	0.000719491976100353	0.00597491162761598	0.000406669377795852	0.00142334282228548	0.000656927456439453	0.000359745988050177	0.000907185535083054	0.00098539118465918	0.000218975818813151	0.00104795570432008	0.00217411705821629	0.000437951637626302	0.000907185535083054	0.00519285513185473	0.00162667751118341	0.00251822191635124	0.000563080676948103	0.00150154847186161	0.000782056495761254	0.00749210122939281	0.000125129039321801	0.00098539118465918	9.38467794913504e-05	0.000312822598304502	0.000125129039321801	0.0266055619857979	0.00508336722244815	0.00123564926330278	0.000782056495761254	0.00176744768042043	0.00117308474364188	0.00284668564457096	0.00098539118465918	0.000516157287202427	0.00147026621203116	0.00104795570432008	0.000375387117965402	0.00142334282228548	0.00946288359871117	0.000140770169237026	0.000422310507711077
S4B5565	0.0895517441378739	0.00336399038859889	0.0126605352556136	0.0145993868588947	0.00419255944983014	0.0104399701715138	0.00415941668738089	0.000430855911840252	0.00167370950368713	0.0535918468804375	0.0114508244262159	0.00286684895186014	0.00362913248819289	0.0708260833540476	0.00825254784986329	0.00744055016985666	0.0060154113845389	0.00591598309719115	0.00291656309553401	0.0148479575772641	0.00134228187919463	0.0164388101748281	0.0130913911674538	0.0106553981274339	0.0177976634352473	0.0170850940425884	0.00329770486370039	0.00873311790537741	0.00485541469881515	0.0121302510564256	0.00326456210125114	0.00296627723920789	0.00200513712817963	0.00101085425470213	0.00238627889634601	0.0412130251056426	0.0296627723920789	0.0114176816637667	0.0130582484050046	0.00271770652083851	0.00455712983677189	0.00381141768166377	0.0058828403347419	0.00366227525064214	0.00185599469715801	0.00173999502858563	0.0208136548181291	0.0148645289584887	0.010340541884166	0.00429198773717789	0.00253542132736764	0.00758969260087828	0.00891540309884829	0.00175656640981026	0.00233656475267214	0.00493827160493827	0.00175656640981026	0.00200513712817963	0.00173999502858563	0.00135885326041926	9.94282873477504e-05	0.000265142099594001	0.000480570055514127	0.000231999337144751	0.0105725412213108	0.0167205236556467	0.00437484464330102	0.00513712817963377	0.0055514127102494	0.00717540807026266	0.00463998674289502	0.00127599635429613	0.00947883006048554	0.00357941834451902	0.00251884994614301	0.00427541635595327	0.00276742066451239	0.00512055679840915	0.00308227690778026	0.00593255447841578	0.00384456044411302	0.00465655812411964	0.00505427127351065	0.00319827657635264	0.00227027922777364	0.001060568398376	0.00289999171430939	0.00369541801309139	0.00258513547104151	0.00281713480818626	0.000364570386941752	0.0105228270776369	0.0117822520507084	0.00303256276410639	0.00402684563758389	0.00213770817797663	0.00311541967022951	0.00702626563924103	0.00102742563592675	0.00714226530781341	0.00212113679675201	0.00230342199022288	0.000811997680006629	0.00175656640981026	0.00240285027757064	0.00193885160328113	0.000364570386941752	0.000331427624492501	0.000629712486535753	0.00200513712817963	0.00135885326041926	0.000712569392658878	0.000845140442455879	0.00154113845389013	0.00147485292899163	0.00193885160328113	0.000977711492252879	0.000381141768166377	0.000132571049797001	0.00372856077554064	0.00331427624492501	0.000463998674289502	0.00366227525064214	0.00192228022205651	0.00134228187919463	0.00159085259756401	0.00202170850940426	0.000546855580412627	0.00144171016654238	0.000646283867760378	0.000811997680006629	0.000331427624492501	0.000265142099594001	0.000695998011434253	0.000347999005717127	0.00422570221227939	0.00301599138288176	0.00185599469715801	0.00422570221227939	0.00311541967022951	0.00412627392493164	0.00235313613389676	0.00250227856491839	0.000811997680006629	0.00149142431021626	0.00162399536001326	0.001060568398376	0.000298284862043251	0.000795426298782003	0.000762283536332753	0.000994282873477504	0.00175656640981026	0.00142513878531776	0.000646283867760378	0.00540227027922777	3.31427624492501e-05	9.94282873477504e-05	0.000198856574695501	0.00102742563592675	0.000961140111028254	0.00366227525064214	0.00193885160328113	0.00193885160328113	0.001060568398376	0.00102742563592675	0.000679426630209628	0.00180628055348413	0.000513712817963377	0.00109371116082525	0.00147485292899163	0.00107713977960063	0.000762283536332753	0.00924683072334079	0.00288342033308476	0.00198856574695501	0.000861711823680504	0.00319827657635264	0.00127599635429613	0.00394398873146077	0.000149142431021626	0.000463998674289502	6.62855248985003e-05	0.000513712817963377	0.000149142431021626	0.0135719612229679	0.00412627392493164	0.00261827823349076	0.00139199602286851	0.000894854586129754	0.00222056508409976	0.00404341701880852	0.000944568729803629	0.000463998674289502	0.00173999502858563	0.000695998011434253	0.000132571049797001	0.00152456707266551	0.00460684398044577	0.000298284862043251	0.000729140773883503
S5A07	0.159523753333491	0.000884997522006938	0.0176173506714181	0.0348335024661931	0.00899157482359049	0.00763457862317986	0.00899157482359049	0.00134519623345055	0.000589998348004626	0.08163217142992	0.000908597455927123	0.00166379534137304	0.00571118400868478	0.141953602529913	0.00481438651971774	0.00200599438321573	0.00228919359025795	0.000153399570481203	0.00534538503292191	0.000306799140962405	0.00365798975762868	0.0283789205390225	0.0197885445920751	0.018620347863026	0.00254879286337998	0.000483798645363793	0.00117999669600925	0.000448398744483515	0.000271399240082128	0.00484978642059802	0.0004719986784037	0.00370518962546905	0.000766997852406013	0.000448398744483515	0.000743397918485828	0.0835909659452954	0.048592263941661	0.00136879616737073	0.00014159960352111	0.0034691902862672	0.00405918863427182	0.000353999008802775	0.000979397257687678	0.00224199372241758	0.00256059283034007	0.000117999669600925	0.0387038916291034	0.02678592499941	0.0176881504731787	0.00759917872229958	0.00601798314964718	0.000259599273122035	0.000542798480164256	0.000401198876643145	0.00403558870035164	0.000495598612323885	0.00269039246690109	0.00261959266514054	0.00674958110117292	0.000648998182805088	0.000212399405281665	0.000117999669600925	0.000247799306161943	0.00123899653080971	0.0201307436339178	0.00261959266514054	0	0.00218299388761711	0.00859037594694735	0.00274939230170156	0.00051919854624407	0.000294999174002313	0.000176999504401388	0.00195879451537536	0.00147499587001156	0.00322139098010526	0.0015693956056923	0.000401198876643145	0.00151039577089184	0	0.000837797654166568	0	5.89998348004626e-05	0.00253699289641989	0.00023599933920185	0.00237179335897859	0	0.000129799636561018	0.00546338470252283	0	0.000896797488967031	0.0121067661010549	0.00100299719160786	0.00536898496684209	0.0069265806055743	0.00859037594694735	0.00703278030821514	0.00241899322681897	0.00042479881056333	0.000672598116725273	0.000601798314964718	4.719986784037e-05	0.00227739362329785	0	0.00197059448233545	0	0.00230099355721804	3.53999008802775e-05	0	0.00100299719160786	0.00037759894272296	0.00148679583697166	0.00174639511009369	0.000247799306161943	0.0022065938215373	0.0015693956056923	0.000259599273122035	0.000979397257687678	0.000401198876643145	0.00129799636561018	0.00142779600217119	0.000365798975762868	7.07998017605551e-05	0.000814197720246383	0	2.3599933920185e-05	0.00014159960352111	0	0.000755197885445921	0.000259599273122035	0.000165199537441295	0.00135699620041064	0.00115639676208907	0.00028319920704222	0.000637198215844996	0.00486158638755812	3.53999008802775e-05	5.89998348004626e-05	0.000176999504401388	0.000247799306161943	8.25997687206476e-05	0.000389398909683053	2.3599933920185e-05	0.000153399570481203	0	0.000507398579283978	0.00123899653080971	0.000259599273122035	0	0	0.000212399405281665	8.25997687206476e-05	9.43997356807401e-05	0.000271399240082128	0.00023599933920185	2.3599933920185e-05	0.000165199537441295	0.00014159960352111	0.000294999174002313	0	0.00211219408585656	0.000530998513204163	0.000117999669600925	0.000932197389847308	0.00191159464753499	0	8.25997687206476e-05	0.00228919359025795	0	0.000106199702640833	2.3599933920185e-05	2.3599933920185e-05	0	0.00136879616737073	4.719986784037e-05	0.000625398248884903	0	0	0.000153399570481203	0	0	0.000212399405281665	2.3599933920185e-05	2.3599933920185e-05	0.000778797819366106	0	0.000401198876643145	0.00211219408585656	0.00146319590305147	0.00121539659688953	0	0.000625398248884903	0	0	0	0.000271399240082128	0.000165199537441295	0.0015693956056923	0.000648998182805088	0.00176999504401388
S5A1522	0.139688447339196	0.00160578683554942	0.014917309481646	0.060404598253144	0.00864423567548099	0.00642314734219768	0.00630308851337155	0.000900441216195936	0.000195095596842453	0.0690338265750218	0.00579283849086052	0.00474232373863193	0.0047123090314254	0.125761623195366	0.00483236786025152	0.00432211783774049	0.00529759582195276	0.000210102950445718	0.002881411891827	0.00243119128372903	0.000945463277005733	0.0209202509229522	0.0150373683104721	0.0153225080289342	0.0028363898310172	3.00147072065312e-05	0.00820902242098628	0.000930455923402467	0.00138067653150044	0.0110304048984002	0.000900441216195936	0.00432211783774049	0.000675330912146952	0.000300147072065312	0.00129063240988084	0.0790737461356064	0.0403697811927845	0.0041870516553111	0.000570279436924093	0.00432211783774049	0.00426208842332743	4.50220608097968e-05	0.00282138247741393	0.00204100009004412	0.00219107362607678	0.00037518384008164	0.0346069574091305	0.0227511480625507	0.0186241258216526	0.00796890476333403	0.00495242668907765	0.000825404448179608	0.0037068163400066	6.00294144130624e-05	0.00396194135126212	0.00150073536032656	0.00195095596842453	0.00343668397514782	0.00160578683554942	0.00160578683554942	0.000795389740973077	0.00037518384008164	0.000675330912146952	0.00115556622745145	0.0165681183780052	0.00555272083320827	0	0.00387189722964252	0.0147672359456133	0.00289641924543026	0.00117057358105472	0.000270132364858781	0.00165080889635922	0.00151574271392983	0.00393192664405559	0.00280637512381067	0.00271633100219107	0.000660323558543686	0.000870426508989405	4.50220608097968e-05	0.000855419155386139	9.00441216195936e-05	0.000525257376114296	0.00153075006753309	0.00051025002251103	0.00216105891887025	0.000330161779271843	0.00102050004502206	0.000660323558543686	0	0.000705345619353483	0.0180388390311253	0.000810397094576342	0.00474232373863193	0.00588288261248012	0.0135966623645586	0.00549269141879521	0.00136566917789717	0.00106552210583186	0.00424708106972416	0.00136566917789717	0.000150073536032656	0.00114055887384819	6.00294144130624e-05	0.00177086772518534	0.000285139718462046	0.00147072065312003	0.00037518384008164	7.5036768016328e-05	0.00088543386259267	0.000360176486478374	0.00124561034907104	0.00184590449320167	9.00441216195936e-05	0.000105051475222859	0.00103550739862533	0.000435213254494702	0.000600294144130624	0.000180088243239187	0.00364678692559354	0.00252123540534862	0.000180088243239187	3.00147072065312e-05	0.00118558093465798	0.000270132364858781	0.000120058828826125	7.5036768016328e-05	0.00013506618242939	0.00201098538283759	0.000330161779271843	0.00114055887384819	0.000585286790527358	0.000570279436924093	0.00024011765765225	0.00075036768016328	0.00336164720713149	3.00147072065312e-05	9.00441216195936e-05	0.000660323558543686	0.000345169132875109	0.000540264729717562	0.00234114716210943	4.50220608097968e-05	0.00237116186931596	7.5036768016328e-05	0.00142569859231023	0.000840411801782874	0	6.00294144130624e-05	0.000150073536032656	0.000225110304048984	0.000165080889635922	0.000195095596842453	0.00061530149773389	0.000165080889635922	0.000255125011255515	0.000225110304048984	0.000165080889635922	0.00193594861482126	0.000120058828826125	0.00342167662154456	0.000630308851337155	0.00111054416664165	0.00115556622745145	0.00339166191433803	0.000150073536032656	0.000225110304048984	0.00024011765765225	4.50220608097968e-05	6.00294144130624e-05	0	3.00147072065312e-05	6.00294144130624e-05	0.00369180898640334	0.000150073536032656	0.00159077948194615	0	0.000390191193684906	0.000120058828826125	3.00147072065312e-05	0	0.000120058828826125	0.000150073536032656	6.00294144130624e-05	0.00250622805174536	7.5036768016328e-05	0.000285139718462046	0.00102050004502206	0.000660323558543686	0.00157577212834289	0.000360176486478374	0.00210102950445718	0.000810397094576342	0.000180088243239187	4.50220608097968e-05	0.000120058828826125	0.000210102950445718	0.0023111324549029	0.000270132364858781	0
S5A3040	0.137652760990856	0.00361376649696615	0.0191554041680401	0.0102674919727991	0.00711765495855156	0.0205716099573917	0.00686127287599653	0.000817980930056526	0.00230743874299528	0.0690034062190968	0.00744728906469375	0.00338180175560683	0.0045416254624034	0.115787031950091	0.00303995897886679	0.00586016188697213	0.00744728906469375	0.000317425435544324	0.00242952544897386	0.00441953875642481	0.00123307573038372	0.0199855937686945	0.0152486295767254	0.0136248763872102	0.00188013527207022	0.00324750637903039	0.00755716710007447	0.00052497283570792	0.000793563588860809	0.0081676006299674	0.00197780463685309	0.00293008094348606	0.000207547400163596	0.000427303470925051	0.00166037920130877	0.0666837588055037	0.0384817297244503	0.00644617807566934	0.005957831251755	0.00139178844815588	0.0043951214152291	0.00261265550794174	0.00544506708664494	0.00129411908337301	0.00214872602522311	0.000488346823914344	0.0312908227423116	0.0211087914636975	0.0162009058833584	0.01208658389188	0.00493230292153487	0.00153829249533018	0.00703219426436655	0.000512764165110061	0.00410211332088049	0.00255161215495245	0.00238069076658243	0.00340621909680255	0.000940067636035112	0.000683685553480082	0.0017702572366895	0.00017092138837002	0.000598224859295071	0.000842398271252243	0.0163107839187391	0.00545727575724279	0.000988902318426546	0.00379689655593402	0.017873493755265	0.00455383413300126	0.00385793990892332	0.000268590753152889	0.0038335225677276	0.0032719237202261	0.00319867169663895	0.00502997228631774	0.00231964741359313	0.00405327863848905	0.000598224859295071	0.00126970174217729	0.000549390176903637	0.000927858965437254	0.00245394279016958	0.00230743874299528	0.00185571793087451	0.00214872602522311	0.00238069076658243	0.00224639539000598	8.54606941850102e-05	0.00103773700081798	0.000854606941850102	0.00502997228631774	0.00295449828468178	0.00389456592071689	0.00538402373365564	0.00472475552137128	0.00445616476821839	0.00314983701424752	0.00260044683734388	0.00168479654250449	0.00129411908337301	0.0034794711203897	0.000940067636035112	0.000293008094348606	0.00189234394266808	0.000732520235871516	0.00122086705978586	0.000280799423750748	2.44173411957172e-05	0.000756937577067233	0.000451720812120768	0.000708102894675799	0.00112319769500299	0.000219756070761455	0.000256382082555031	0.00043951214152291	0.000634850871088647	0.00052497283570792	0.000256382082555031	0.00623863067550574	0.00197780463685309	0.000317425435544324	0.000109878035380727	0.00271032487272461	0.000378468788533617	0.000842398271252243	0.000415094800327192	0.000305216764946465	0.00166037920130877	0.000293008094348606	0.00102552833022012	0.000451720812120768	0.00043951214152291	0.000341842776740041	0.000402886129729334	0.0058967878987657	0.000964484977230829	0.000488346823914344	0.000903441624241536	0.00117203237739443	0.00211210001342954	0.00140399711875374	0.000219756070761455	0.00324750637903039	0.000988902318426546	0.00113540636560085	0.00196559596625523	0.000219756070761455	0.000244173411957172	0.000183130058967879	0.000207547400163596	7.32520235871516e-05	0.000305216764946465	0.000415094800327192	0.000573807518099354	0.000268590753152889	6.1043352989293e-05	0.000146504047174303	0.00222197804881027	0.000512764165110061	0.00562819714561281	0.000158712717772162	0.00211210001342954	0.00412653066207621	0.000659268212284364	8.54606941850102e-05	6.1043352989293e-05	0.000537181506305778	0.00145283180114517	0.000903441624241536	0.000231964741359313	0.000915650294839395	0.000488346823914344	0.00218535203701669	0.000671476882882223	0.00069589422407794	4.88346823914344e-05	0.000622642200490789	0.000586016188697213	0.000134295376576445	6.1043352989293e-05	0.000219756070761455	0.000879024283045819	0.0013551624363623	0.00988902318426547	0.000573807518099354	0.000854606941850102	0.00115982370679657	0.000988902318426546	0.001208658389188	0.00169700521310235	0.00195338729565738	0.000756937577067233	0.000134295376576445	0.000256382082555031	0.000134295376576445	0.00197780463685309	0.0069589422407794	0.000219756070761455	0.000634850871088647
S5A5565	0.0914562782143454	0.00172769325084991	0.0163852198628992	0.00169982723067492	0.0059075962770997	0.0370618068327481	0.00448642924817478	0	0.00381764476397481	0.0610823162235969	0.00423563506659979	0.00462575934904977	0.00381764476397481	0.0818703672741459	0.00281446803767486	0.00986457114194951	0.0059633283174497	0.00342752048152483	0.00119823886752494	0.000696650504374965	0.000167196121049992	0.019561946162849	0.0147132586523993	0.0139608761076743	0.00225714763417489	0.0222928161399989	0.00919578665774954	0.00749595942707463	0.0019506214122499	0.0019506214122499	0.00287020007802486	0.00234074569469988	0.00326032436047484	0.000417990302624979	0.00119823886752494	0.0570974753385721	0.040489327314273	0.00568466811569972	0.0213732374742239	0.00270300395697487	0.00278660201749986	0.00919578665774954	0.00509948169202475	0.00019506214122499	0.00300953017889985	0.00178342529119991	0.0280332162960486	0.0162737557821992	0.0130970294822493	0.00688290698322466	0.00585186423674971	0.00142116702892493	0.00473722342974976	0.00412417098589979	0.00217354957364989	0.00114250682717494	0.00111464080699994	0.0020620854929499	0.000752382544724962	0.00161622917014992	0.000362258262274982	0.00133756896839993	0.000863846625424957	0.000250794181574987	0.0155213732374742	0.0123446469375244	0.00487655353062476	0.00239647773504988	0.00292593211837485	0.0266399152872987	0.00295379813854985	0	0.00142116702892493	0.000752382544724962	0.0019784874324249	0.00345538650169983	0.00217354957364989	0.00270300395697487	0.000947444685949953	0.00540600791394973	0.000975310706124951	0.00331605640082483	0.00144903304909993	0.00164409519032492	0.00175555927102491	0.000863846625424957	0.000278660201749986	0.000752382544724962	0.000362258262274982	0.00217354957364989	0.000250794181574987	0.00225714763417489	0.00710583514462464	0.0039012428244998	0.00459789332887477	0.00643705066042468	0.00451429526834977	0.00314886027977484	0.00136543498857493	0.000557320403499972	5.57320403499972e-05	0.00509948169202475	0	0.00105890876664995	0.00186702335172491	0.00331605640082483	0.000250794181574987	0.000724516524549964	0.000111464080699994	0.000473722342974976	0.000557320403499972	0.000975310706124951	0.000975310706124951	0.000557320403499972	0.000891712645599955	0.000473722342974976	0.00317672629994984	0.00080811458507496	5.57320403499972e-05	0.00281446803767486	0.00228501365434989	0.00147689906927493	0.00958591094019952	0.000835980605249958	0.00100317672629995	0.000863846625424957	0.00156049712979992	0.00019506214122499	0.00925151869809954	0.000640918464024968	0	0.000167196121049992	8.35980605249958e-05	0.00039012428244998	0.000362258262274982	0.000417990302624979	0.00080811458507496	0.000668784484199967	0.0079418157498746	0.00181129131137491	0.000250794181574987	0.00108677478682495	0.00312099425959984	0.000278660201749986	0.00161622917014992	0.00156049712979992	0.00122610488769994	0	0.00125397090787494	0.00125397090787494	0.000278660201749986	0.000167196121049992	0.00222928161399989	0.000362258262274982	0.000139330100874993	8.35980605249958e-05	0.00150476508944992	0.000278660201749986	0.0039569748648498	0	0.000167196121049992	0.0020063534525999	0.000222928161399989	0.000139330100874993	0.000111464080699994	5.57320403499972e-05	0.00574040015604971	0.00122610488769994	0.00164409519032492	0.000585186423674971	0.00231287967452488	0.00144903304909993	0.0127347712199744	0	0.00267513793679987	8.35980605249958e-05	0.000613052443849969	0.000919578665774954	0.000891712645599955	0.000222928161399989	0.000362258262274982	0.000250794181574987	0.000250794181574987	0	0.0353898456222482	0.00496015159114975	0.000891712645599955	0.000473722342974976	0.00128183692804994	0.000139330100874993	0.00178342529119991	0.000640918464024968	0.00281446803767486	0.000445856322799978	0.000111464080699994	0.000334392242099983	0.0079418157498746	0.000613052443849969	0.000780248564899961	0
S5B07	0.125987389874895	0.00266150496007743	0.0173638291513073	0.048647186917351	0.00730134783165625	0.00688860107314157	0.00619120137772021	0.00135210145030671	0.00259034172585076	0.0670073013478317	0.00380011670770413	0.00463984287157883	0.00495296110217617	0.106958341042684	0.00489603051479484	0.00812684134868561	0.00641892372724556	0.000227722349525341	0.00278959878168543	0.00254764378531476	0.00253341113846942	0.0224021861345554	0.0166094988685046	0.0141045530237258	0.00199257055834674	0.000256187643216009	0.00607734020295754	0.0010959138070907	0.00159405644667739	0.0124677986365124	0.00169368497459473	0.00372895347347746	0.00128093821608004	0.000284652936906677	0.000868191457565363	0.0614423364313061	0.0402072273380681	0.019911472936622	0.000583538520658687	0.00394244317615747	0.00597771167504021	0.000355816171133346	0.0038712799419308	0.00380011670770413	0.00226299084840808	0.000441212052205349	0.029333485148233	0.0204807788104354	0.0162394500505259	0.00906619604047765	0.00546533638860819	0.0010959138070907	0.00801298017392294	0.00029888558375201	0.00274690084114943	0.00276113348799476	0.00226299084840808	0.00244801525739742	0.000654701754885356	0.000953587338637366	0.000626236461194688	0.000199257055834674	0.000725864989112025	0.000697399695421357	0.0139764592021178	0.00250494584477875	7.11632342266691e-05	0.00261880701954142	0.0129374759824084	0.0037858840608588	0.00308848436543744	0.000640469108040022	0.00293192525013877	0.00687436842629624	0.00375741876716813	0.00398514111669347	0.00170791762144006	0.00152289321245072	0.00112437910078137	7.11632342266691e-05	0.0018075461493574	4.26979405360015e-05	0.00129517086292538	0.00220606026102674	0.00183601144304806	0.00213489702680007	0.00048390999274135	0.00257610907900542	0.00186447673673873	0.000156559115298672	0.000526607933277352	0.0208223623347234	0.00150866056560539	0.00425556140675481	0.0067747398983789	0.00640469108040022	0.00451174904997082	0.00421286346621881	0.00103898321970937	0.00308848436543744	0.0020210358520374	0.000640469108040022	0.00140903203768805	0	0.00288922730960277	0	0.0010532158665547	0.00048390999274135	8.5395881072003e-05	0.00150866056560539	0.000426979405360015	0.00143749733137872	0.000896656751256031	0.000170791762144006	7.11632342266691e-05	0.00350123112395212	0.000341583524288012	0.000626236461194688	0.000170791762144006	0.00280383142853076	0.00602040961557621	0.000156559115298672	0	0.00236261937632542	0.00029888558375201	0.000384281464824013	4.26979405360015e-05	0.000170791762144006	0.00233415408263475	0.000128093821608004	0.00120977498185338	0.00157982379983205	0.000256187643216009	0.000583538520658687	0.000455444699050682	0.00562189550390686	2.84652936906677e-05	0.000313118230597344	4.26979405360015e-05	0.000711632342266691	0.000896656751256031	0.00320234554020011	0.00123824027554404	0.00207796643941874	0.000128093821608004	0.00133786880346138	0.000612003814349355	0.000128093821608004	5.69305873813353e-05	0.000156559115298672	0.000398514111669347	0.000128093821608004	0.000426979405360015	0.000256187643216009	0.000327350877442678	0.000341583524288012	0.000170791762144006	9.96285279173368e-05	0.000768562929648027	0.00156559115298672	0.00485333257425884	0.000498142639586684	0.00194987261781073	0.00190717467727473	0.00261880701954142	0.000128093821608004	5.69305873813353e-05	0.000811260870184028	0.000284652936906677	0.000555073226968019	0	8.5395881072003e-05	0	0.00593501373450421	0.000128093821608004	0.00271843554745876	0	0.000355816171133346	0	0.000142326468453338	0	0.00018502440898934	0.000256187643216009	0.000284652936906677	0.00371472082663213	0.000128093821608004	0.000654701754885356	0.00422709611306415	0	0.00355816171133346	0.000313118230597344	0.00130940350977071	0.000241954996370675	0.000156559115298672	0.000213489702680007	0.000128093821608004	0.000469677345896016	0.00600617696873088	0.000512375286432018	0.00270420290061343
S5B1522	0.111297842350645	0.0061802016697387	0.0154505041743467	0.0306480176370668	0.00623441396508728	0.00917994867902707	0.00390328526509812	0.000596335248834436	0.00200585492789765	0.0619646535834327	0.0100292746394882	0.00368643608370378	0.00375871914416856	0.0841013408507716	0.0100292746394882	0.00596335248834436	0.00894502873251653	0.00225884563952438	0.00157215656510897	0.0097943546929777	0.00175286421627092	0.0207813798836243	0.0126676063464527	0.0108243883046008	0.00162636886045755	0.00571036177671763	0.00708373992554845	0.00243955329068633	0.00215042104882721	0.00742708446275615	0.00200585492789765	0.00227691640464057	0.000795113665112581	0.000379486067440095	0.0014456612092956	0.050218656257906	0.0331417832231017	0.0191188694929343	0.00746322599298854	0.00236727023022155	0.00710181069066464	0.00272868553254545	0.00433698362788681	0.0021684918139434	0.00162636886045755	0.000614406013950631	0.0247569482091872	0.0147457443348151	0.0155227872348115	0.00974014239762912	0.0039755683255629	0.00650547544183021	0.00675846615345694	0.00115652896743648	0.00271061476742925	0.00355994072789042	0.000957750551158336	0.00213235028371101	0.00206006722324623	0.00130109508836604	0.00162636886045755	0.00021684918139434	0.000596335248834436	0.000560193718602046	0.0124688279301746	0.00809570277205537	0.000849325960461166	0.00227691640464057	0.0235281361812859	0.00413820521160866	0.00202392569301384	0.000650547544183021	0.00809570277205537	0.00482489428602407	0.00627055549531967	0.00473454046044309	0.00184321804185189	0.00186128880696809	0.00112038743720409	0.000939679786042141	0.00265640247208067	0.00103003361162312	0.00307203006975315	0.00148180273952799	0.0025479778813835	0.00224077487440818	0.00276482706277784	0.00336116231161227	0.000722830604647801	0.00101196284650692	0.00032527377209151	0.0192995771440963	0.00401170985579529	0.00292746394882359	0.00458997433951353	0.00677653691857313	0.004355054393003	0.00341537460696086	0.00229498716975677	0.00283711012324262	0.00169865192092233	0.00267447323719686	0.00184321804185189	0.000542122953485851	0.00155408579999277	0.00119267049766887	0.00119267049766887	0.000560193718602046	0	0.0018070765116195	0.000632476779066826	0.00137337814883082	0.000867396725577361	0.000722830604647801	0.000542122953485851	0.00173479345115472	0.00039755683255629	0.000524052188369656	0.00014456612092956	0.00556579565578807	0.00408399291626007	0.000307203006975315	0.00025299071162673	0.00294553471393979	0.000650547544183021	0.00149987350464419	0.000722830604647801	0.000560193718602046	0.00233112869998916	0.00122881202790126	0.000939679786042141	0.000777042899996386	0.00039755683255629	0.000650547544183021	0.00028913224185912	0.00789692435577722	0.00101196284650692	0.00149987350464419	0.00148180273952799	0.00130109508836604	0.00238534099533774	0.00191550110231667	0.00196971339766526	0.000560193718602046	0.000686689074415411	0.000469839893021071	0.00233112869998916	0.00039755683255629	0.000343344537207705	0.000758972134880191	0.00028913224185912	0.00021684918139434	0.00039755683255629	0.000650547544183021	0.000271061476742925	0.000668618309299216	0.000307203006975315	3.614153023239e-05	0.00402978062091149	0.00117459973255268	0.00715602298601323	0.00025299071162673	0.00142759044417941	0.00206006722324623	0.00169865192092233	0.00121074126278507	0.000343344537207705	0.00025299071162673	0.000650547544183021	0.000975821316274531	0.000271061476742925	0.000487910658137266	0.00133723661859843	0.00562000795113665	0.00265640247208067	0.00202392569301384	0.000704759839531606	0.00115652896743648	0.000704759839531606	0.000162636886045755	5.42122953485851e-05	5.42122953485851e-05	0.000740901369763996	0.000632476779066826	0.0112219451371571	0.00128302432324985	0.00112038743720409	0.00240341176045394	0.000813184430228776	0.00243955329068633	0.00178900574650331	0.000343344537207705	0.000650547544183021	0.000469839893021071	0.0003614153023239	0.000198778416278145	0.00954136398135097	0.00569229101160143	0	0.000596335248834436
S5B3040	0.0572680885917629	0.0190819839064939	0.015230168129545	0.0245055176154161	0.00333159927833796	0.0138134083035408	0.00401784231905874	0.00940817071955903	0.00197018163303707	0.0456794359524943	0.0182075774513819	0.00499186469943662	0.00312129899166547	0.050084673536476	0.0423699735464376	0.00863338018971299	0.00545673901734424	0.00688456727948908	0.00211407130286562	0.00658571950369132	0.0023797137702414	0.0164144907965953	0.0085005589560251	0.0101940296855457	0.00666319855667593	0.0133706708579145	0.00574451835700134	0.0116329263838312	0.00434989540327847	0.0083456008500559	0.00273390372674245	0.00325412022535336	0.0032430517892127	0.000442737445626307	0.0015163757512701	0.0295969982401187	0.0208418652528584	0.0156839740113119	0.012352374732974	0.00315450430008744	0.00514682280540582	0.0135256289638837	0.00426134791415321	0.0025125350039293	0.00126180172003498	0.000874406455111957	0.0149091834814659	0.00961847100623153	0.00934176010271509	0.00561169712331345	0.00296634088569626	0.00436096383941913	0.00617618736648699	0.00242398751480403	0.00144996513442616	0.00284458808814903	0.00184842883548983	0.00131714390073826	0.00903184389077667	0.00108470674178445	0.000597695551595515	0.000730516785283407	0.000807995838268011	0.000298847775797758	0.0069067041517704	0.0165251751580019	0.00774790529846038	0.00416173198888729	0.0111459151936423	0.0046044694345136	0.00847842208374379	0.00106256986950314	0.00541246527278161	0.00529071247523437	0.00885474891252615	0.00343121520360388	0.00199231850531838	0.00265642467375784	0.00203659224988101	0.00567810774015739	0.00204766068602167	0.00480370128504544	0.00220261879199088	0.00119539110319103	0.00208086599444364	0.00163812854881734	0.00255680874849193	0.00166026542109865	0.00171560760180194	0.0019369763246151	0.000398463701063677	0.013547765836165	0.00567810774015739	0.00206979755830299	0.00326518866149402	0.0114890367140027	0.00322091491693139	0.00348655738430717	0.00106256986950314	0.00384074734080822	0.00211407130286562	0.00349762582044783	0.00171560760180194	0.000852269582830642	0.00127287015617563	0.00250146656778864	0.000664106168439461	0.000564490243173542	0.000741585221424065	0.00150530731512945	0.00254574031235127	0.00090761176353393	0.000586627115454857	0.000929748635815246	0.00117325423090971	0.00183736039934918	0.00118432266705037	0.000387395264923019	0.000154958105969208	0.00354189956501046	0.00427241635029387	0.00257894562077324	0.00198125006917773	0.00285565652428968	0.000885474891252615	0.00137248608144155	0.00192590788847444	0.000442737445626307	0.00242398751480403	0.00288886183271166	0.00126180172003498	0.000830132710549326	0.000453805881766965	0.00071944834914275	0.000265642467375784	0.00472622223206083	0.00162706011267668	0.00117325423090971	0.00208086599444364	0.00268962998217982	0.00183736039934918	0.00346442051202586	0.00191483945233378	0.000641969296158146	0.00127287015617563	0.00117325423090971	0.00121752797547235	0.000940817071955903	0.001228596411613	0.00216941348356891	0.00076372209370538	0.000409532137204334	0.00110684361406577	0.00132821233687892	0.000332053084219731	0.000387395264923019	0.000409532137204334	0.000199231850531838	0.00344228363974454	0.00130607546459761	0.00350869425658849	0.00263428780147653	0.00219155035585022	0.00123966484775366	0.00161599167653602	0.000365258392641704	0.0017266760379426	0.000741585221424065	0.00100722768879985	0.000918680199674588	0.000520216498610911	0.000796927402127353	0.00796927402127353	0.00506934375242122	0.00240185064252272	0.00187056570777115	0.0011511173586284	0.000874406455111957	0.00132821233687892	8.85474891252615e-05	0.000110684361406577	8.85474891252615e-05	0.000420600573344992	0.000320984648079073	0.00886581734866681	0.00696204633247368	0.00128393859231629	0.00178201821864589	0.0014388966982855	0.00169347072952063	0.0020144553775997	0.000542353370892227	0.000608763987736173	0.000520216498610911	0.000520216498610911	0.000177094978250523	0.0464099527377777	0.00346442051202586	0.000265642467375784	0.000752653657564723
S5B5060	0.072775713384281	0.00793661922456706	0.0124938652457407	0.00537053915726004	0.00347752927154175	0.00694103624763374	0.00412255486223095	0.00562294047535582	0.000280445908995303	0.0532005889364089	0.0251980649232279	0.00510411554371451	0.00708125920213139	0.0627918390240482	0.025492533127673	0.00129005118137839	0.0021313889083643	0.00527238308911169	0.00130407347682816	0.00114982822688074	0.00130407347682816	0.0249176190142326	0.00960527238308911	0.0102362756783285	0.00710930379303092	0.0105167215873238	0.0170370889714646	0.0112739255416112	0.00524433849821216	0.00258010236275678	0.00315501647619715	0.00179485381756994	0.00349155156699152	0.00311294958984786	0.00100960527238309	0.0339619995793311	0.024118348173596	0.00565098506625535	0.00774030708827035	0.00384210895323564	0.00553880670265723	0.0138540279043679	0.00110776134053144	0.000799270840636612	0.00242585711280937	0.0163499964944261	0.0159713945172825	0.0111757694734628	0.00824510972446189	0.00527238308911169	0.00332328402159433	0.00109373904508168	0.00175278693122064	0.0024118348173596	0.00186496529481876	0.00144429643132581	0.00193507677206759	0.00141625184042628	0.00516020472551357	0.000869382317885438	0.00211736661291453	0.00234172334011078	0.000154245249947416	0.000448713454392484	0.00814695365631354	0.0183972516300918	0.0267405174227021	0.00178083152212017	0.0026922807263549	0.00659047886138961	0.00889013531515109	0.00130407347682816	0.000504802636191545	0.000911449204234733	0.00367384140783846	0.00154245249947416	0.00302881581714927	0.00166865315852205	0.00234172334011078	0.00659047886138961	0.00161256397672299	0.00342144008974269	0.000294468204445068	0.000939493795134263	0.00193507677206759	0.00106569445418215	0.00121993970412957	0.00246792399915866	0.000616980999789666	0.000715137067938021	0.000420668863492954	0.00342144008974269	0.00516020472551357	0.00238379022646007	0.00457126831662343	0.00925471499684498	0.0030147935216995	0.00225758956741219	0.000448713454392484	0.00121993970412957	0.00173876463577088	0.00103764986328262	0.000406646568043189	0.00747388347472481	0.00168267545397182	0.00328121713524504	0.000673070181588726	0.000659047886138961	0.00051882493164131	0.00110776134053144	0.00154245249947416	0.000715137067938021	0.000645025590689196	0.00103764986328262	0.000378601977143658	0.000687092477038491	0.00319708336254645	0.000434691158942719	0.000154245249947416	0.00708125920213139	0.00144429643132581	0.00300077122624974	0.0199537264250158	0.00134614036317745	0.00106569445418215	0.00051882493164131	0.00183692070391923	0.000182289840846947	0.0085255556334572	0.00157049709037369	0.000420668863492954	0.000196312136296712	0.000294468204445068	0.0006029587043399	0.000280445908995303	0.00114982822688074	0.00112178363598121	0.00478160274836991	0.00919862581504592	0.00293065974900091	0.00182289840846947	0.00113580593143098	0.00207529972656524	0.000224356727196242	0.000504802636191545	0.00573511883895394	0.000126200659047886	0.00105167215873238	0.000560891817990605	0.00183692070391923	0.00129005118137839	0.000757203954287317	0.00175278693122064	0.00311294958984786	9.81560681483559e-05	0.0021313889083643	7.01114772488256e-05	0.000813293136086377	0.00224356727196242	0.000308490499894833	0.000616980999789666	0.00330926172614457	0.000532847227091075	0.000238379022646007	0.000392624272593424	4.20668863492954e-05	0.00183692070391923	0.000813293136086377	0.000560891817990605	0.000645025590689196	0.0036177522260394	0.00102362756783285	0.0204865736521068	0.000841337726985908	0.000687092477038491	0.000294468204445068	0.0026922807263549	0.000434691158942719	4.20668863492954e-05	0.000392624272593424	0.000364579681693893	9.81560681483559e-05	7.01114772488256e-05	7.01114772488256e-05	0.00193507677206759	0.00330926172614457	0.00738974970202622	0.000336535090794363	8.41337726985908e-05	0.00238379022646007	0.000645025590689196	0.000504802636191545	0.00222954497651265	0.000673070181588726	0.000126200659047886	4.20668863492954e-05	0.0612914534109234	0.000434691158942719	0.0106990114281708	0.000224356727196242
S6A07	0.0930959720358107	0.00615035176472323	0.0100588486895474	0.00351027270984204	0.00592911608973319	0.00522116192976505	0.00752201294966151	0.00800873143463961	0.000176988539992036	0.0805592837863748	0.0145573074143449	0.00306780135986195	0.00386424978982611	0.0841433017212136	0.00206486629990708	0.0311647320835976	0.00309729944986062	0.0168581584342414	0.0115632512794797	0.00113567646494889	0.00688780401469005	0.0151177711243197	0.0131856462294066	0.0143508207843542	0.000840695564962169	0	0.000457220394979425	0.000870193654960841	0.00340702939484668	0.00104718219495288	0.00587011990973584	0.00585537086473651	0.00379050456482943	0.000678456069969469	0.000825946519962832	0.0501320039527441	0.0338490582734768	0.0207814044040648	0.000501467529977434	0.0036577631598354	0.00640108552971195	0.000206486629990708	0.00321529180985531	0.00258108287488385	0.00113567646494889	0.000250733764988717	0.0233919853689474	0.0150292768543237	0.00766950339965487	0.00460170203979292	0.00345127652984469	0.00558988805474846	0.00339228034984735	0.00859869323461306	0.00228610197489713	0.00377575551983009	0.00376100647483075	0.001666642084925	0.000648957979970797	0.00079644842996416	0.00131266500494093	0.000737452249966815	0.000988186014955532	0.00091444078995885	0.0104128257695314	0.00424772495980885	0.00367251220483474	0.0114305098744856	0.00119467264494624	0.00417397973481217	0.00259583191988319	0.00507367147977169	0.00386424978982611	0.00803822952463828	0.00272857332487721	0.00184363062491704	0.00174038730992168	0.000147490449993363	0.0013421630949396	0	0.00777274671465023	0	0.000383475169982744	0.00210911343490509	0.00212386247990443	0.00179938348991903	0.000353977079984071	0.00131266500494093	0.00128316691494226	0.000412973259981416	0.00051621657497677	0.00907066267459182	0.00196162298491173	0.0091444078995885	0.00393799501482279	0.00362826506983673	0.00377575551983009	0.00380525360982876	0.0088199289096031	0.000309729944986062	0.00442471349980089	0.000442471349980089	0.0112387722894943	0.00258108287488385	0.00176988539992036	0.00028023185498739	0.000103243314995354	0.011799235999469	0.000191737584991372	0.000250733764988717	0.00162239494992699	0.000752201294966151	0.00109142932995089	0.000427722304980753	0.000899691744959514	8.84942699960178e-05	0.000191737584991372	0.000324478989985398	0.000162239494992699	7.37452249966815e-05	0.00910016076459049	0.00011799235999469	0.000147490449993363	0.00122417073494491	0.00436571731980354	0.00103243314995354	0.000221235674990044	0.000545714664975443	0.000530965619976107	0.00492618102977832	0.00209436438990575	0.00296455804486659	0.000265482809988053	0.000884942699960178	0.000250733764988717	0.019911210749104	0.000707954159968142	0.0101473429595434	0.000250733764988717	0.000825946519962832	7.37452249966815e-05	0.00308255040486129	0.000103243314995354	0.00396749310482146	0.00146015545493429	0.000103243314995354	0.00119467264494624	0.00222710579489978	0.000294980899986726	0.0028023185498739	0.000442471349980089	0.000958687924956859	0.000471969439978761	0.000132741404994027	0.000132741404994027	4.42471349980089e-05	0.00153390067993097	0.000235984719989381	0	0.0423297591480952	0.000250733764988717	0	0.00672556451969735	0.00129791595994159	0.0023156000648958	0.00120942168994558	0.00187312871491571	0.00051621657497677	0.000162239494992699	0.00175513635492102	0.00079644842996416	0.000781699384964824	0	0.00039822421498208	0.00110617837495022	0.000103243314995354	0.000103243314995354	0	0.00028023185498739	0.00733027536467014	0.000943938879957523	0.000265482809988053	0.000162239494992699	0.000604710844972788	0.000884942699960178	0	0.000486718484978098	0	0.00109142932995089	0.000324478989985398	0.00011799235999469	0	0.00100293505995487	0.000899691744959514	0.000353977079984071	0.000560463709974779	0	0.000162239494992699	0	0.00302355422486394
S6A1522	0.0781993522589517	0.00767156995784255	0.0189075250140223	0.00390815828041036	0.00808771644140477	0.0125929544591	0.00405290488338852	0.00244259892525647	0.000126653277605891	0.0551122690839349	0.0194322314498182	0.00770775660858709	0.00302158533716912	0.0701297291429192	0.0017007725849934	0.0398595957951112	0.00110369284770848	0.0184370985543433	0.00977039570102589	0.00204454576706653	0.00389006495503809	0.0139499538620203	0.0156869130977582	0.0109464618502235	0.00115797282382529	0	0.000506613110423565	0.00215310571930015	0.00736398342651396	0.00463189129530116	0.00401671823264398	0.00571749081763737	0.0178581121424307	0.000488519785051295	0.0010313195462194	0.0406195154607465	0.0326403589715754	0.00638694385641137	0.00352819844759268	0.00119415947456983	0.00332917186849771	0.00113987949845302	0.00367294505057084	0.00389006495503809	0.00101322622084713	0.000850386292496698	0.019757911306519	0.0133347807993631	0.00866670285331741	0.00468617127141797	0.00323870524163636	0.00944471584432503	0.000524706435795835	0.0029130253849355	0.00215310571930015	0.00390815828041036	0.00665834373699542	0.0013931860536648	0.000850386292496698	0.000886572943241238	0.000814199641752158	0.00383578497892128	0.00126653277605891	0.000868479617868968	0.0107655285965008	0.00421574481173895	0.00106750619696394	0.0202464310915703	0.00282255875807415	0.00508422442960792	0.00611554397582732	0.0152345799634515	0.00886572943241238	0.00155602598201523	0.0026054388536069	0.00296730536105231	0.00115797282382529	0.000796106316379887	0.00455951799381208	0.000217119904467242	0.00778012991007617	0.0013931860536648	0.000578986411912645	0.00177314588648248	0.00294921203568004	0.00269590548046826	0.00262353217897917	0.000398053158189944	3.61866507445403e-05	0.000379959832817674	0.000289493205956323	0.00389006495503809	0.00986086232788724	0.0114349816352747	0.00367294505057084	0.000434239808934484	0.00325679856700863	0.00133890607754799	0.00714686352204672	0.000126653277605891	0.00629647722955002	0.0024245055998842	0.00685737031609039	0.00680309033997358	0.00124843945068664	0.00101322622084713	3.61866507445403e-05	0.0139499538620203	0.00150174600589842	0.000488519785051295	0.00218929237004469	0.000958946244730319	0.000868479617868968	0.000886572943241238	0.00108559952233621	0.000180933253722702	0.000144746602978161	0.000235213229839512	7.23733014890807e-05	0.000434239808934484	0.00338345184461452	0.00117606614919756	0.0032748918923809	0.00913712931299644	0.00153793265664296	0.00441477139083392	0.00217119904467242	0.0024245055998842	0	0.00307586531328593	0.00258734552823463	0.000705639689518537	0.000217119904467242	0.000217119904467242	0.000162839928350432	0.00768966328321482	0.00653169045938953	0.0101684488592158	0.00365485172519857	0.000162839928350432	0.000144746602978161	0.000488519785051295	0.000379959832817674	0.00640503718178364	0.0029130253849355	0.00940852919358049	0.00126653277605891	0.000524706435795835	0.000271399880584053	0.000126653277605891	0	0.00231594564765058	0.000253306555211782	0.000108559952233621	0.000180933253722702	0.000832292967124428	0.00175505256111021	0.000578986411912645	0	0.0212234706616729	0.000126653277605891	7.23733014890807e-05	0.0034558251461036	0.00256925220286236	0.000470426459679024	0.00215310571930015	0.000669453038773996	0.000199026579094972	0.000434239808934484	0.000253306555211782	0.000723733014890807	0.000162839928350432	0.000723733014890807	0.000597079737284916	0.00669453038773996	0.0010313195462194	0.000271399880584053	0.00227975899690604	0.00199026579094972	0.00788868986230979	0.00280446543270188	7.23733014890807e-05	0.000850386292496698	0.000940852919358049	0.0102770088114495	0.000307586531328593	0.000741826340263077	0	0.00146555935515388	0	0.000253306555211782	0	0.000199026579094972	0.000814199641752158	0.000741826340263077	0	0	0.000343773182073133	0	0.000361866507445403
S6A3040	0.12034666431241	0.00407580706865601	0.0180836349724846	0.00180983490774256	0.00844589623613196	0.00756304993967217	0.00595921250110356	0.00120655660516171	0.000117712839527972	0.0712898384391277	0.00737176657543922	0.00219240163620847	0.00463494305641388	0.108987375297961	0.00285453635855331	0.0135516906506577	0.0157146640769842	0.00160383743856861	0.00509108030958477	0.000588564197639858	0.00306053382772726	0.0193196197875283	0.0221888702510226	0.0144933933668815	0.0016626938583326	0.000441423148229893	0.0020746887966805	0.00311939024749125	0.0143756805273535	0.0037079544451311	0.00153026691386363	0.00357552750066213	0.00113298608045673	0.000691562932226833	0.000720991142108826	0.0630940819869927	0.0448044495453342	0.00153026691386363	0.00523822135899473	0.00203054648185751	0.00326653129690121	0.000956416821164769	0.00100055913598776	0.00559135987757865	0.00258968246961537	0.00129484123480769	0.0326064565492481	0.020702745651982	0.0139931137988876	0.00687148700744534	0.00712162679144228	0.0119037108972661	0.000426709043288897	0.0057973573467526	0.00283982225361231	0.00279567993878932	0.00158912333362762	0.00283982225361231	0.00147141049409964	0.00105941555575174	0.00167740796327359	0.00111827197551573	0.000750419351990818	0.000529707777875872	0.0157440922868662	0.00451723021688591	0.0213354521644448	0.00385509549454107	0.00375209675995409	0.00269268120420235	0.00344310055619317	0.00201583237691651	0.000809275771754804	0.00061799240752185	0.00172155027809658	0.00336953003148818	0.0020746887966805	0.00244254142020541	0.00286925046349431	0.0012212707101027	0.000956416821164769	0.00129484123480769	0.00522350725405374	0.00192754774727053	0.00211883111150349	0.00431123274771196	0.000250139783996939	0.000338424413642918	0.000147141049409964	0.00126541302492569	0.000544421882816868	0.00747476531002619	0.0136252611753627	0.00840175392130897	0.00647420617403843	0.000279567993878932	0.00531179188369971	0.000500279567993879	0.00376681086489509	0.00147141049409964	0.00245725552514641	0.00598864071098555	0.00180983490774256	0.00148612459904064	0.00154498101880463	0.00180983490774256	0.00100055913598776	0.0037226685500721	0.000926988611282776	0.000676848827285836	0.00128012712986669	0.00148612459904064	0.00132426944468968	0.00138312586445367	0.000161855154350961	0.000176569259291957	0.00061799240752185	0.000971130926105765	0.000117712839527972	0.000853418086577793	0.0032959595067832	0.000573850092698861	0.00278096583384833	0.00336953003148818	0.00102998734586975	0.00450251611194491	0.00232482858067744	0.00179512080280157	0	0.000235425679055943	0.00195697595715253	0.000279567993878932	5.88564197639858e-05	0.000176569259291957	0.000367852623524911	0.000191283364232954	0.00363438392042612	0.00108884376563374	0.00175097848797858	0.000264853888937936	0.000176569259291957	4.41423148229893e-05	0.00061799240752185	0.00141255407433566	0.00108884376563374	0.000573850092698861	0.000220711574114947	0.000102998734586975	0	0.000191283364232954	4.41423148229893e-05	0.000632706512462847	0.000308996203760925	0.000220711574114947	4.41423148229893e-05	0.000191283364232954	0.000176569259291957	0.000588564197639858	0.000367852623524911	0.000559135987757865	0	0.00676848827285836	0	0.000382566728465907	0	0.00279567993878932	0	0	0.00101527324092875	0.000676848827285836	0.000147141049409964	0.000706277037167829	0.00694505753215032	0.000117712839527972	0.00384038138960007	0.000529707777875872	0.00120655660516171	0.00244254142020541	0.000897560401400783	0.000132426944468968	0.000823989876695801	0.000338424413642918	0.000191283364232954	0.00086813219151879	0.0162738000647421	0.00398752243901004	0	0	0.000500279567993879	0.000161855154350961	4.41423148229893e-05	0.000470851358111886	0	0.000176569259291957	0.00102998734586975	0	0	2.94282098819929e-05	0	0.000220711574114947
S6B07	0.126217695183399	0.00527713062794604	0.0175651514330606	0.00249227935200737	0.00932979357425367	0.00536381860540716	0.00929728558270575	0.00395513897166387	0.00088855176897654	0.083003738419028	0.0043885788589695	0.0026331473153817	0.00560221054342526	0.114872406133174	0.00267649130411226	0.0231240179877553	0.00165790756894403	0.00425854689277781	0.00931895757707103	4.33439887305629e-05	0.0026873273012949	0.0261255892073468	0.0183561792273934	0.0185078831879504	0.00197215148724061	0.000108359971826407	0	0.00112694370699464	0.00235141138863304	0.0017012515576746	0.00411767892940348	0.00188546350977949	0.00274150728720811	0.00100774773798559	0.000791027794332774	0.070878257571653	0.0489245272796229	0.0165140597063445	8.66879774611259e-05	0.00335915912661863	0.00611150241100937	6.50159830958444e-05	0.00462697079698759	0.00110527171262935	0.00158205558866555	0.000205883946470174	0.0301240721677412	0.0189521590724386	0.0163081757598743	0.0094164815517148	0.00493037871810153	0.00110527171262935	0.00312076718860053	0.00808365389824999	0.00282819526466923	0.000465947878853551	0.00299073522240884	0.00228639540553719	0.000552635856314677	0.000433439887305629	0.00120279568727312	0.000422603890122989	7.58519802784851e-05	0.000780191797150133	0.0152354120387929	0.00221054342525871	0.00657745028986292	0.00488703472937097	0	0.00354337107872352	0.00147369561683914	0.00257896732946849	0.00344584710407975	0.0110527171262935	0.000509291867584114	0.00238391938018096	0.00126781167036897	0	0.00126781167036897	0	0.00218887143089343	0	7.58519802784851e-05	0.00224305141680663	0.00127864766755161	0.00169041556049195	9.75239746437666e-05	7.58519802784851e-05	0.00357587907027144	5.41799859132037e-05	0.000487619873218833	0.00604648642791353	0.00147369561683914	0.0043885788589695	0.00572140651243431	0.0035650430730888	0.00642574632930595	0.0039117949829333	0.0117462209459826	2.16719943652815e-05	0.00270899929566018	0.0002925719239313	0.00711925014899496	0.000823535785880696	0.001809611529501	3.25079915479222e-05	8.66879774611259e-05	0.0005851438478626	0.000184211952104892	0.000465947878853551	0.000335915912661863	0.0014086796337433	0.00101858373516823	0.000650159830958444	0.000693503819689007	0.000390095898575066	0.000281735926748659	0.00104025572953351	0.000325079915479222	0.000119195969009048	0.00927561358834047	0.000184211952104892	0	0.000162539957739611	0.00491954272091889	9.75239746437666e-05	0.00030340792111394	6.50159830958444e-05	0.00030340792111394	0.00121363168445576	0.000877715771793899	0.00926477759115783	0.000325079915479222	0.00144118762529122	0.000433439887305629	0.00813783388416319	0	0.00436690686460421	0	0.000845207780245977	0	0.00139784363656065	0	0.000942731754889744	0.000910223763341822	4.33439887305629e-05	0.000216719943652815	0.0026873273012949	9.75239746437666e-05	0.000693503819689007	0	0.000216719943652815	0	0	0.000606815842227881	0.000184211952104892	0.000845207780245977	0.00015170396055697	0	0.0152245760416102	0.000260063932383378	0	0.0122230048220187	0.00088855176897654	0.000465947878853551	0	0.00254645933792057	0.00132199165628217	8.66879774611259e-05	0.00123530367882104	8.66879774611259e-05	0	0	0	0.000108359971826407	4.33439887305629e-05	0	2.16719943652815e-05	0	0.000346751909844503	0.000953567752072385	8.66879774611259e-05	0.000249227935200737	0.00059597984504524	0	5.41799859132037e-05	0.000931895757707103	0	0.00198298748442325	0	0	0	0.000433439887305629	0.000216719943652815	0.000281735926748659	0.00189629950696213	0	0	0	0.00138700763937801
S6B1522	0.102781415025109	0.00825934932443127	0.0177273839158525	0.00274832007136999	0.0063455976516972	0.00623048476912672	0.00584197879045139	0.00494985395053024	0.000201447544498324	0.076363008475186	0.00997165345266702	0.00713699871936918	0.00437428953767789	0.0939896686187893	0.0022878685410881	0.0435846151632445	0.0013094090392391	0.00240298142365858	0.0122307437731125	0.00589953523173662	0.00404334000028778	0.0207059297523634	0.0166194224211117	0.0141732736664892	0.00159719124566528	0	0.000259003985783559	0.000546786192209736	0.00991409701138179	0.00238859231333727	0.00470523907506799	0.00234542498237334	0.00946803459142121	0.00061873174381628	0.00103601594313424	0.0523188051282789	0.0414838050563334	0.00892124839921148	0.00012950199289178	0.00168352590759313	0.00359727758032721	0.000532397081888427	0.00238859231333727	0.00289221117458308	0.000978459501849001	0.000546786192209736	0.0253680014964675	0.0177129948055312	0.012719973524037	0.00699310761615609	0.00434551131703527	0.00610098277623495	0.00191375167273407	0.000647509964458898	0.00230225765140941	0.00424478754478611	0.00320877160165187	0.00233103587205203	0.000719455516065442	0.00116551793602602	0.000417284199317956	0.00369800135257637	0.000359727758032721	0.000503618861245809	0.0129214210685353	0.00624487387944803	0.00012950199289178	0.0214397743787502	0.000201447544498324	0.00420162021382218	0.00479157373699584	0.00349655380807805	0.00513691238470725	0.00171230412823575	0.00061873174381628	0.00404334000028778	0.00119429615666863	0.000431673309639265	0.00184180612112753	0.000143891103213088	0.00496424306085155	4.31673309639265e-05	0	0.00247492697526512	0.0012950199289178	0.00126624170827518	0.00105040505345554	0.000259003985783559	0.000302171316747486	0.000417284199317956	0.00061873174381628	0.00496424306085155	0.00397139444868124	0.0123890239866469	0.00476279551635322	0.000690677295422824	0.00388505978675338	0.00447501330992705	0.00851835331021483	0.000100723772249162	0.00375555779386161	0.00105040505345554	0.00764061758061499	0.00497863217117286	0.00148207836309481	0.000575564412852353	0	0.00418723110350087	0.000187058434177015	0.000589953523173662	0.00116551793602602	0.00123746348763256	0.00119429615666863	0.000431673309639265	0.00128063081859649	0.000187058434177015	8.6334661927853e-05	0.0004892297509245	0.000316560427068794	0.00012950199289178	0.00238859231333727	0.000805790177993295	0.000777011957350677	0.00158280213534397	0.00621609565880542	0.00156841302502266	0.000460451530281883	0.000892124839921148	0.000431673309639265	0.000791401067671986	0.00184180612112753	0.0013094090392391	0.000187058434177015	0.000604342633494971	0.000417284199317956	0.00978459501849001	0.00172669323855706	0.0114105644847979	0.000546786192209736	0	0.000143891103213088	0.00241737053397988	0.000100723772249162	0.00467646085442537	0.00273393096104868	0.000417284199317956	0.000503618861245809	0.00112235060506209	0.00012950199289178	0.000518007971567118	0	0.000633120854137589	0.000575564412852353	0.000690677295422824	0.000302171316747486	0.000388505978675339	0.00123746348763256	0.00012950199289178	0	0.0262601263363886	0.000201447544498324	0	0.0102594356590932	0.00102162683281293	0.000935292170885074	0.00115112882570471	0.000503618861245809	0.000143891103213088	0.000446062419960574	0	0.00128063081859649	0.000158280213534397	5.75564412852353e-05	0.000100723772249162	0.00326632804293711	0.000906513950242457	0.00012950199289178	0.000805790177993295	0.000359727758032721	0.00510813416406464	0.00164035857662921	8.6334661927853e-05	0.000316560427068794	0.000518007971567118	0.0100723772249162	0.000100723772249162	0.0011367397153834	0.000330949537390103	0.000546786192209736	0.00012950199289178	0.000230225765140941	0	0.00102162683281293	0.000330949537390103	0.000532397081888427	4.31673309639265e-05	0	0.000158280213534397	0	0
S6B3040	0.110111242522411	0.00469652559949264	0.0188889460242368	0.00323957422738726	0.00695908537735041	0.0106614559229358	0.00642772664164138	0.00275963730481137	0	0.0691966198728167	0.00983870691280575	0.0074390222999263	0.00443941653382698	0.0949932294612708	0.00210829433845837	0.030356010352925	0.00539929037897876	0.00947875422087383	0.00605063334533176	0.00157693560274935	0.00557069642275587	0.019471726573079	0.0194374453643235	0.0123755163607069	0.00250252823914571	0.00047993692257589	0.00310244939236557	0.00267393428292282	0.00807322466190158	0.00452511955571553	0.00353096450180833	0.00197116950343669	0.00135410774583912	0.000531358735709021	0.00101129565828491	0.0515589379681528	0.038823468915514	0.00944447301211841	0.00173120104214875	0.00125126411957286	0.00925592636396359	0.0004970775269536	0.000994155053907201	0.00406232323751736	0.00164549802026019	0.00094273324077407	0.0264993743679402	0.0173805728389983	0.0144495294904098	0.00615347697159802	0.00491935345640287	0.00620489878473115	0.00118270170206201	0.0064620078503968	0.00318815241425413	0.00383949538060712	0.00263965307416739	0.00185118527279272	0.000634202361975283	0.000857030218885518	0.0013198265370837	0.00294818395296618	0.000137124835021683	0.000548499340086731	0.0129068750964159	0.00557069642275587	0.00155979499837164	0.0198659604737663	0.00179976345965959	0.00377093296309628	0.00409660444627278	0.00702764779486125	0.002485387634768	0.0023139815909909	0.00639344543288596	0.00306816818361015	0.00207401312970295	0.00152551378961622	0.00318815241425413	0.000685624175108414	0.003136730601121	0.00215971615159151	0.000565639944464442	0.00251966884352342	0.0034795426886752	0.00193688829468127	0.00095987384515178	0.000154265439399393	0.000102843626266262	0.000188546648154814	0.000719905383863835	0.00375379235871857	0.00918736394645275	0.00971872268216177	0.00505647829142456	0.00130268593270599	0.0044736977425824	0.00142267016334996	0.00839889614507808	0.00173120104214875	0.00294818395296618	0.00176548225090417	0.00653057026790765	0.00337669906240894	0.00183404466841501	0.000737045988241545	6.85624175108414e-05	0.00257109065665655	0.00101129565828491	0.000634202361975283	0.00125126411957286	0.00178262285528188	0.000839889614507808	0.00121698291081744	0.000651342966352994	0.00046279631819818	0.00183404466841501	0.000582780548842152	0.000308530878798786	0.000154265439399393	0.00356524571056375	0.000634202361975283	0.00359952691931918	0.00334241785365352	0.00239968461287945	0.0018169040640373	0.00383949538060712	0.00335955845803123	0.000377093296309628	0.000737045988241545	0.00229684098661319	0.00137124835021683	0.0011655610976843	0.000171406043777104	0.000377093296309628	0.00308530878798786	0.00262251246978968	0.00586208669717694	0.000702764779486125	0.000102843626266262	0	0.000599921153219863	0.000617061757597573	0.00320529301863184	0.00238254400850174	0.000325671483176497	0.00107985807579575	0.000857030218885518	0.000342812087554207	0.000359952691931917	3.42812087554207e-05	0.000822749010130097	0.000582780548842152	0.000377093296309628	0.000102843626266262	0.000428515109442759	0.00185118527279272	0.0004970775269536	6.85624175108414e-05	0.0111756740542672	0.000188546648154814	0.000342812087554207	0.000394233900687338	0.00121698291081744	0.000874170823263228	0.00255395005227884	0.0013198265370837	0	0.00111413928455117	0.000102843626266262	0.000599921153219863	0.000617061757597573	0.00277677790918908	0.00498791587391371	0.00311958999674329	0.000137124835021683	0.00109699868017346	0.00109699868017346	0.00185118527279272	0.00353096450180833	0.00229684098661319	0.000308530878798786	0.000548499340086731	0.000119984230643973	0.00872456762825457	0.00395947961125109	0.000788467801374677	0.000325671483176497	0.00310244939236557	6.85624175108414e-05	0	5.14218131331311e-05	0.000171406043777104	0.000428515109442759	0.00097701444952949	3.42812087554207e-05	3.42812087554207e-05	0.000188546648154814	0.000239968461287945	5.14218131331311e-05
S7A07	0.0925141938236356	0.0153752748514981	0.012552919169046	0.00410226116635489	0.00610416461553608	0.00869679367267238	0.00928751928062748	0.00802402284139017	0.00851629418135276	0.0716911161432181	0.00182140395786157	0.0118801483377638	0.00357717173706147	0.0869023005480621	0.00173935873453448	0.0171802697646943	0.00390535263036986	0.00228085720849332	0.00656361786616783	0.00106658790325227	0.0052837123822651	0.0251550654720882	0.0128975091070198	0.00941879163795084	0.00131272357323357	0.0017557677791999	0.000607134652620524	0.00188704013652325	0.00466016868497916	0.00124708739457189	0.00513603098027633	0.00177217682386531	0.00375767122838108	0.000114863312657937	0.00105017885858685	0.0496865872468905	0.0321125004102261	0.0152604115388402	0.000754816054609301	0.00495553148895671	0.0170982245413672	0.000131272357323357	0.00323258179908766	0.00508680384628007	0.00244494765514752	0.000328180893308392	0.0226772997276099	0.0162941813527616	0.0148009582882085	0.00530012142693052	0.00431557874700535	0.00677693544681829	0.0108627875685078	0.00372485313905024	0.00380689836237734	0.000754816054609301	0.00303567326310262	0.00254340192314003	0.000508680384628007	0.000656361786616783	0.00551343900758098	0.00077122509927472	0.00118145121591021	0.000607134652620524	0.0103541071838798	0.00575957467756227	0.00106658790325227	0.0029372189951101	0.00177217682386531	0.00338026320107643	0.00479144104230252	0.000557907518624266	0.00267467428046339	0.00784352335007056	0.00169013160053822	0.00295362803977552	0.00255981096780545	0	0.00305208230776804	3.28180893308392e-05	0.00364280791572315	0	0.000443044205966329	0.00198549440451577	0.00147681401988776	0.0014275868858915	0.00196908535985035	0.00237931147648584	0.00666207213416035	0.000131272357323357	0.000410226116635489	0.00275671950379049	0.00426635161300909	0.00470939581897542	0.00431557874700535	0.0223163007449706	0.00447966919365955	0.00702307111679958	0.0129795543303469	0.00661284500016409	0.0092218831019658	0.000360998982639231	0.00464375964031374	0.000639952741951364	0.00336385415641101	0	0.000180499491319615	0.00127990548390273	0.000213317580650455	0.00116504217124479	0.00526730333759969	0.000607134652620524	0.000836861277936399	0.000131272357323357	0.000459453250631748	0.000147681401988776	0.000131272357323357	0.00137835975189524	0.000180499491319615	0.000721997965278461	0.00923829214663122	0.000541498473958846	0.000869679367267238	0.00157526828788028	0.00415148830035115	0.000295362803977552	0.000213317580650455	0.000164090446654196	0.000639952741951364	0.000508680384628007	0.00111581503724853	0.00264185619113255	0.000180499491319615	0.00078763414394014	0.000246135669981294	0.0315053657576056	0.000295362803977552	0.00283876472711759	8.20452233270979e-05	0.000918906501263496	0.000131272357323357	0.00123067834990647	0.000557907518624266	0.00136195070722983	0.00334744511174559	0.000147681401988776	0.000246135669981294	0.00141117784122608	0.000623543697285944	0.000951724590594336	0.000623543697285944	0.000492271339962587	0.000344589937973811	0.00039381707197007	0.000754816054609301	0.000574316563289685	0.000180499491319615	0.00037740802730465	4.92271339962587e-05	0.000246135669981294	0.000492271339962587	0.000902497456598077	0.000705588920613042	0.00410226116635489	0.00367562600505399	0.000508680384628007	0.00132913261789899	4.92271339962587e-05	0	0	0.000935315545928916	9.84542679925175e-05	0	0.00505398575694923	3.28180893308392e-05	0.00147681401988776	0.000344589937973811	8.20452233270979e-05	0	0.00530012142693052	0.000262544714646713	6.56361786616783e-05	0.00741688818876965	0.00109940599258311	0	0	0.00283876472711759	0.00144399593055692	0.00269108332512881	6.56361786616783e-05	0.000311771848642972	0	8.20452233270979e-05	0.000360998982639231	0.000196908535985035	0.000721997965278461	0	0.00246135669981294	0.00177217682386531	0.0228577992189295
S7A1522	0.0673345407893744	0.0116594973964229	0.0224511357633386	0.00113199003848766	0.00994264583804996	0.0121688929137424	0.00345256961738737	0.00790506376877217	0.000754660025658441	0.0554486453852539	0.0137536789676251	0.00798052977133801	0.00281110859557769	0.0645800316957211	0.00198098256735341	0.0489208361633084	0.0190740321485171	0.00656554222322844	0.0108105048675572	0.00501848917062863	0.00762206625915025	0.0110746358765376	0.0139612104746812	0.00899932080597691	0.00254697758659724	0	0.00277337559429477	0.00133952154554373	0.0139046109727568	0.00237717908082409	0.00369783412572636	0.0015470530525998	0.000132065504490227	0.000226398007697532	0.000867859029507207	0.0338465021507811	0.0310165270545619	0.00347143611802883	0.00560335069051392	0.0010187910346389	0.00416949664176289	0.00249037808467285	0.00186778356350464	0.00703720473926496	0.00169798505773149	0.00092445853143159	0.0188287676401781	0.0121500264131009	0.00950871632329636	0.00345256961738737	0.00252811108595578	0.0155459965285639	0.00126405554297789	0.010640706361784	0.00218851407440948	0.00375443362765074	0.00124518904233643	0.00175458455965588	0.00296204060070938	0.00232057957889971	0.00294317410006792	0.00552788468794808	0.00152818655195834	0.000301864010263376	0.00722586974567957	0.00516942117576032	0.00764093275979171	0.0164893215606369	0.0109803033733303	0.00584861519885292	0.00645234321937967	0.00603728020526753	0.00622594521168214	0.000811259527582824	0.00635801071617236	0.00366010112444344	0.00167911855709003	0.00303750660327522	0.00507508867255302	0.000150932005131688	0.00539581918345785	0.000981058033355973	0.000867859029507207	0.00216964757376802	0.00322617160968983	0.00309410610519961	0.0033393706135386	0.00313183910648253	5.65995019243831e-05	0.000981058033355973	0.000339597011546298	0.00469775865972379	0.0131499509470983	0.00715040374311373	0.00356576862123613	0.00207531507056071	0.00249037808467285	0.00103765753528036	0.00533921968153347	0.000339597011546298	0.00620707871104068	0.00167911855709003	0.00848992528865746	0.00586748169949438	0.000792393026941363	0.00281110859557769	0	0.00586748169949438	0.00073579352501698	0.000660327522451136	0.00313183910648253	0.000716927024375519	0.000773526526299902	0.00192438306542902	0.00235831258018263	0.000150932005131688	0.00205644856991925	0.000301864010263376	9.43325032073051e-05	0.00150932005131688	0.00628254471360652	0.00350916911931175	0.00149045355067542	0.00986717983548411	0.00216964757376802	0.00496188966870425	0.00369783412572636	0.00364123462380198	0.000264131008980454	0.00243377858274847	0.0044524941513848	0.00233944607954117	0.00198098256735341	9.43325032073051e-05	0.000169798505773149	0.00141498754810958	0.00809372877518678	0.0100558448418987	0.00275450909365331	0.000169798505773149	0.000528262017960909	0.000245264508338993	0.000622594521168214	0.00198098256735341	0.00575428269564561	0.000830126028224285	0.00120745604105351	0.000660327522451136	0.000207531507056071	0.00133952154554373	0.000301864010263376	0.00239604558146555	0.000509395517319448	0.000396196513470681	3.7733001282922e-05	0.00130178854426081	0.0040185646366312	0.000773526526299902	0.000301864010263376	0.000905592030790129	7.54660025658441e-05	0.000207531507056071	0	0.0065844087238699	0.0010187910346389	0.00490529016677987	0	0.00037733001282922	0.00199984906799487	0.0010187910346389	0.00092445853143159	0.00133952154554373	0.000301864010263376	0.000603728020526753	0.00118858954041204	0.00418836314240435	0.00150932005131688	0.00860312429250623	0.00201871556863633	0.00454682665459211	0.00162251905516565	7.54660025658441e-05	0.00132065504490227	0.00137725454682665	0.0135650139612105	0.00120745604105351	0.00205644856991925	5.65995019243831e-05	0	0.000226398007697532	0.000396196513470681	0.000396196513470681	0.000660327522451136	0.000622594521168214	0.00192438306542902	0	0	0	0	0.000113199003848766
S7A3040	0.0772081106397047	0.0168466582180836	0.0212683894429445	0.00181828199900821	0.00673590831450769	0.0152900986280236	0.00431153231583007	0.00278252245302772	0.000137748636288501	0.0498650063364373	0.0181552702628244	0.00243815086230646	0.00362278913438757	0.0707063750068874	0.00276874758939887	0.021130640806656	0.00989035208551435	0.00232795195327566	0.00837511708634085	0.00573034326960163	0.00471100336106673	0.0139401619923963	0.0177006997630723	0.00917405917681415	0.00155655959006006	0.000826491817731004	0.000303046999834702	0.00276874758939887	0.0331147721637556	0.00429775745220122	0.00232795195327566	0.00129483718111191	0.000440795636123202	0.00282384704391427	0.00115708854482341	0.0404705493415615	0.0369304093889471	0.00385696181607802	0.00644663617830183	0.00132238690836961	0.00216265358972946	0.00161165904457546	0.00129483718111191	0.00438040663397432	0.00117086340845226	0.00161165904457546	0.0204694473524712	0.0131825444928095	0.0090776351314122	0.00403603504325307	0.00265854868036806	0.0102760482671222	0.00143258581740041	0.0140779106286848	0.00190093118078131	0.00378808749793377	0.00322331808915092	0.00232795195327566	0.00349881536172792	0.00137748636288501	0.00679100776902309	0.00506914981541683	0.000854041544988705	0.000468345363380903	0.0111025400848532	0.00774147335941374	0.0194501074439363	0.00801697063199074	0.00129483718111191	0.00355391481624332	0.00819604385916579	0.00271364813488346	0.00301669513471817	0.00147391040828696	0.012865722629346	0.00296159568020277	0.00444928095211857	0.00309934431649127	0.00378808749793377	0.00141881095377156	0.00304424486197587	0.00256212463496611	0.00502782522453028	0.00114331368119456	0.00289272136205852	0.00183205686263706	0.00110198909030801	0.00152900986280236	0.000123973772659651	0.00179073227175051	0.000385696181607802	0.0090225356768968	0.0144085073557772	0.012590225356769	0.00327841754366632	0.00183205686263706	0.00325086781640862	0.00112953881756571	0.00442173122486087	0.00198358036255441	0.00378808749793377	0.00464212904292247	0.00174940768086396	0.00292027108931622	0.000743842635957904	0.00559259463331313	0.000110198909030801	0.00679100776902309	0.00177695740812166	0.000936690726761805	0.00212132899884291	0.000716292908700204	0.000840266681359854	0.00520689845170533	0.000785167226844454	0.000151523499917351	0.00118463827208111	0.000371921317978952	6.88743181442504e-05	0.00245192572593531	0.00641908645104413	0.00185960658989476	0.000757617499586754	0.00647418590555953	0.00546862086065348	0.00545484599702463	0.00351259022535677	0.00250702518045071	0.000399471045236652	0.00577166786048818	0.00279629731665657	0.000950465590390655	0.000702518045071354	0.000289272136205852	0.000495895090638603	0.000316821863463552	0.00723180340514629	0.00272742299851231	0.00224530277150256	0.000123973772659651	0.000661193454184804	5.50994545154003e-05	0.00170808308997741	0.00130861204474076	0.00195603063529671	0.000495895090638603	0.000234172681690451	0.000523444817896303	0.000192848090803901	9.64240454019505e-05	0.000578544272411703	0.00152900986280236	0.000261722408948151	0.000275497272577001	0.000234172681690451	0.00100556504490606	0.00172185795360626	0.00104688963579261	0.00177695740812166	0.000289272136205852	0	0.00174940768086396	0	0.00216265358972946	0.000179073227175051	0.00663948426910574	0.000385696181607802	0.000991790181277205	0.00162543390820431	0.000633643726927103	0.000550994545154003	0.000922915863132955	0.00296159568020277	0.000661193454184804	0.00249325031682186	0.00278252245302772	0.00199735522618326	0.00502782522453028	0.00154278472643121	0.000798942090473304	0.00122596286296766	0.000123973772659651	0.000881591272246405	0.000220397818061601	0.0291889360295333	0.00234172681690451	0.000220397818061601	0	0.000247947545319301	0.000743842635957904	0.000440795636123202	0.000247947545319301	0.000123973772659651	0.000316821863463552	0.00157033445368891	6.88743181442504e-05	0	8.26491817731005e-05	0	0.000330596727092402
S7A5060	0.0742261528742893	0.0202599043407635	0.0138976626658244	0.0107391029690461	0.00658785308185182	0.00857323346268387	0.0040610053244292	0.00103781247179857	0.00040610053244292	0.0596967782691093	0.0184550130854616	0.00221099178774479	0.00243660319465752	0.0624943597148272	0.00216586950636224	0.0108293475318112	0.000631711939355654	0.00185001353668441	0.00555004061005324	0.00342929338507355	0.00780615467918058	0.0121830159732876	0.0285624041151521	0.00870860030683151	0.013040339319556	0.00162440212977168	0	0.00189513581806696	0.0198989260897031	0.00383539391751647	0.0027975814457179	0.000451222813825467	0.000631711939355654	0.0088890894323617	0.00130854616009385	0.0422344553740637	0.033345365941702	0.00166952441115423	0.00767078783503294	0.00103781247179857	0.00198538038083205	0.00207562494359715	0.00302319285263063	0.00207562494359715	0.0027073368829528	0.000947567909033481	0.0228318743795686	0.0107842252504287	0.00785127696056313	0.00392563848028156	0.00239148091327498	0.00451222813825467	0.00108293475318112	0.0170562223626027	0.00139879072285895	0.00478296182654995	0.00166952441115423	0.00148903528562404	0.00162440212977168	0.00117317931594621	0.00194025809944951	0.000496345095208014	0.00121830159732876	0.000225611406912734	0.00979153506001263	0.0100622687483079	0.0535601480010829	0.00875372258821406	0.00054146737659056	0.00189513581806696	0.00694883133291219	0.00297807057124808	0.00112805703456367	0.000767078783503294	0.00487320638931504	0.00198538038083205	0.00342929338507355	0.00139879072285895	0.00591101886111362	0.00419637216857684	0.00437686129410703	0.00410612760581175	0.00780615467918058	0.00252684775742262	0.00234635863189243	0.00126342387871131	0.00239148091327498	0.00108293475318112	0.000496345095208014	0.00288782600848299	0.00054146737659056	0.00627199711217399	0.0240050536955148	0.0158830430466564	0.00275245916433535	0.000225611406912734	0.00266221460157026	0.000992690190416027	0.000496345095208014	0.00708419817705983	0.00356466022922119	0.00433173901272448	0.00166952441115423	0.000767078783503294	0.0020305026622146	0.00126342387871131	0.00388051619889902	0.00266221460157026	0.00198538038083205	0.000631711939355654	0.00121830159732876	0.00054146737659056	0.000721956502120747	0.00139879072285895	0.000360978251060374	0.00027073368829528	0	0.000360978251060374	0	0.000767078783503294	0.00622687483079144	0	0	0.00893421171374425	0.00460247270101976	0.0075354209908853	0.00311343741539572	0.000857323346268387	0.00027073368829528	0.000451222813825467	0.000315855969677827	0.000180489125530187	0	0	0	0.00144391300424149	0.0075354209908853	0.00166952441115423	0.00139879072285895	0.00054146737659056	0.000767078783503294	0.00013536684414764	0.000676834220738201	0.000180489125530187	0.00144391300424149	0.00103781247179857	0	9.02445627650934e-05	0.000360978251060374	0.000631711939355654	0.00117317931594621	0.00027073368829528	0.00027073368829528	0.000586589657973107	0	0.000676834220738201	9.02445627650934e-05	0.00130854616009385	0.000225611406912734	0.00112805703456367	0	0.0113256926270192	0	0.00027073368829528	0.000225611406912734	0.00112805703456367	0	0.00433173901272448	0.00180489125530187	0.00054146737659056	0.000451222813825467	0.00103781247179857	0.0316758415305478	0.00126342387871131	0.000225611406912734	0.000857323346268387	0.00496345095208014	0.000676834220738201	0.00148903528562404	0.000857323346268387	0.000812201064885841	9.02445627650934e-05	0.000360978251060374	9.02445627650934e-05	0.025087988448696	0.00816713293024095	0	0	0	0.000360978251060374	0.000676834220738201	0.00040610053244292	0	0	0.00040610053244292	0.00013536684414764	0.000180489125530187	9.02445627650934e-05	0	0.000631711939355654
S7B07	0.121995614035088	0.00796052631578947	0.0131140350877193	0.00440789473684211	0.00592105263157895	0.00815789473684211	0.00888157894736842	0.00833333333333333	0.00357456140350877	0.0794298245614035	0.00234649122807018	0.00304824561403509	0.00410087719298246	0.11030701754386	0.00260964912280702	0.0179385964912281	0.00370614035087719	0.00175438596491228	0.00923245614035088	0.00120614035087719	0.0107894736842105	0.0262280701754386	0.0145614035087719	0.0145833333333333	0.00153508771929825	0.000394736842105263	0.000767543859649123	0.000394736842105263	0.00668859649122807	0.00228070175438596	0.00322368421052632	0.00146929824561404	0.00984649122807018	0.00043859649122807	0.000307017543859649	0.0471052631578947	0.0368421052631579	0.0124780701754386	0.000241228070175439	0.00835526315789474	0.0118640350877193	0	0.00403508771929825	0.00339912280701754	0.00263157894736842	0	0.0219298245614035	0.0192324561403509	0.016030701754386	0.00651315789473684	0.00460526315789474	0.011359649122807	0.00657894736842105	0.00350877192982456	0.00383771929824561	0.00182017543859649	0.00302631578947368	0.00285087719298246	0.000416666666666667	0.000592105263157895	0.00116228070175439	0.000701754385964912	0.000614035087719298	0.000394736842105263	0.0104385964912281	0.00695175438596491	0.0018859649122807	0.00153508771929825	0.00103070175438596	0.00385964912280702	0.00210526315789474	0.000635964912280702	0.00344298245614035	0.00864035087719298	0.0025	0.00322368421052632	0.00173245614035088	4.3859649122807e-05	0.00473684210526316	0	0.00280701754385965	0	0.000241228070175439	0.00234649122807018	0.000548245614035088	0.00173245614035088	0.000394736842105263	0.00206140350877193	0.00589912280701754	0.000263157894736842	0.000394736842105263	0.00447368421052632	0.00225877192982456	0.00368421052631579	0.00519736842105263	0.0162061403508772	0.00508771929824561	0.00410087719298246	0.00701754385964912	0.00346491228070175	0.00774122807017544	0	0.00478070175438597	0.0012719298245614	0.00287280701754386	0	4.3859649122807e-05	0.000504385964912281	0.000350877192982456	0.00125	0.0012280701754386	0.00109649122807018	0.00114035087719298	0	0.00037280701754386	0.000197368421052632	8.7719298245614e-05	0.000855263157894737	0.000219298245614035	0	0.00800438596491228	0.000350877192982456	6.57894736842105e-05	0.0018640350877193	0.00243421052631579	0.000175438596491228	6.57894736842105e-05	4.3859649122807e-05	0.000175438596491228	0.00081140350877193	0.000679824561403509	0.00228070175438596	0.000614035087719298	0.00166666666666667	0.000328947368421053	0.0214035087719298	0	0.00635964912280702	0	0.00171052631578947	0	0.000723684210526316	0	0.000394736842105263	0.00324561403508772	0	0	0.00114035087719298	0	0.00210526315789474	0.000285087719298246	0.000328947368421053	0.000197368421052632	0	0.000175438596491228	0.000701754385964912	0.000153508771929825	0.000789473684210526	0	0.000241228070175439	6.57894736842105e-05	0.00166666666666667	0.00471491228070175	0.000570175438596491	0.00361842105263158	0.000328947368421053	0.00162280701754386	0.00043859649122807	0	0.000109649122807018	0.000263157894736842	0	0	0.00706140350877193	0	0.00182017543859649	0.000285087719298246	0	0	0.0037280701754386	6.57894736842105e-05	0	0.00427631578947368	0.00081140350877193	0	0	0.00210526315789474	0.000899122807017544	0.00322368421052632	4.3859649122807e-05	0.000241228070175439	0	0.000504385964912281	0.000767543859649123	0.000131578947368421	0.00149122807017544	0	0.00138157894736842	0.0012719298245614	0.00835526315789474
S7B1522	0.0798435033750882	0.0105954259999328	0.0179500957114552	0.00179668871948148	0.0053732746750848	0.00799274607918864	0.00575947879235652	0.011149544950801	0.00322396480505088	0.068794707324445	0.00550760654196192	0.00752258454511872	0.00376129227255936	0.0735970715653021	0.00129294421869228	0.0396782751788293	0.00668301037713672	0.00384524968935756	0.00985660073210867	0.0118547872519058	0.00794237162910972	0.0197635759142963	0.0135171441045102	0.00983980924874903	0.00231722470363032	0.00020149780031568	0.00177989723612184	0.001259361251973	0.00960472848171407	0.00314000738825268	0.0031064244215334	0.00266984585418276	0.00381166672263828	6.716593343856e-05	0.00065486785102596	0.0379487523927864	0.0321053161836317	0.00853007354669712	0.00169593981932364	0.0057091043422776	0.00710279746112772	0.00053732746750848	0.0014272760855694	0.00431541122342748	0.0031903818383316	0.00055411895086812	0.0187392954293582	0.0141384289888169	0.0124256976861336	0.0052053598414884	0.00374450078919972	0.0136850589381066	0.00408033045639252	0.00334150518856836	0.00246834805386708	0.00507102797461128	0.00219968432011284	0.00191422910299896	0.00191422910299896	0.0009235315847802	0.00114182086845552	0.00397958155623468	0.00063807636766632	0.00048695301742956	0.0101084729825033	0.00594418510931256	0.00497027907445344	0.00745541861168016	0.0052893172582866	0.00408033045639252	0.00518856835812876	0.00156160795244652	0.00300567552137556	0.00535648319172516	0.0036101689223226	0.00433220270678712	0.00139369311885012	0.0018470631695604	0.00664942741041744	0.00015112335023676	0.00208214393659536	0.00023508076703496	0.00164556536924472	0.00181348020284112	0.00169593981932364	0.00183027168620076	0.00179668871948148	0.00533969170836552	0.00250193102058636	0.0002518722503946	0.00015112335023676	0.00376129227255936	0.0023508076703496	0.00569231285891796	0.00372770930584008	0.010074890015784	0.00347583705544548	0.00364375188904188	0.00816066091278504	0.00102428048493804	0.00584343620915472	0.00149444201900796	0.0089834435974074	0.00292171810457736	0.00223326728683212	0.00055411895086812	0.00015112335023676	0.005037445007892	0.00063807636766632	0.0006716593343856	0.001259361251973	0.00073882526782416	0.0006716593343856	0.00055411895086812	0.0010074890015784	0.00018470631695604	0.00031903818383316	0.0003358296671928	0.00011754038351748	0.0001679148335964	0.00664942741041744	0.0241293615878027	0.00166235685260436	0.00829499277966216	0.00312321590489304	0.00325754777177016	0.00104107196829768	0.000856365651341639	0.00018470631695604	0.00199818651979716	0.00174631426940256	0.00391241562279612	0.00038620411727172	0.0010074890015784	0.00030224670047352	0.0172952278604292	0.00367733485576116	0.0121906169190986	0.000940323068139839	0.0009235315847802	0.00031903818383316	0.00198139503643752	0.003358296671928	0.000889948618060919	0.00483594720757632	0.00020149780031568	0.000957114551499479	0.00104107196829768	0.0001679148335964	0.00154481646908688	0.00010074890015784	0.00035262115055244	0.00038620411727172	0.00036941263391208	0.0062128488430668	0.00112502938509588	0.00120898680189408	0.00065486785102596	3.358296671928e-05	0.00312321590489304	6.716593343856e-05	0.00080599120126272	0.00107465493501696	0.000856365651341639	0.0022668502535514	0.00463444940726064	0.00070524230110488	0.00030224670047352	0.001259361251973	0	0.0013433186687712	0.000873157134701279	0.00038620411727172	0.00272022030426168	0.0013433186687712	0.00466803237397992	0.00073882526782416	0.00129294421869228	0.00040299560063136	0.00314000738825268	0.00144406756892904	8.39574167982e-05	0.002518722503946	0.00177989723612184	0.00743862712832052	0.00018470631695604	0.0015951909191658	0.00063807636766632	0.00124256976861336	0.00015112335023676	0.0005877019175874	0.00030224670047352	0.00124256976861336	0.00062128488430668	0.00090674010142056	0.00072203378446452	0	0.00070524230110488	0.000990697518218759	0.00446653457366424
S7B3040	0.116521139159192	0.00723275677476149	0.0200328329090433	0.00154647759986677	0.00838666698389284	0.00996883252837192	0.00651899788251529	0.00516285598724751	0.000832718707620566	0.0625371749423045	0.00714948490399943	0.00547215150722086	0.00373533820275511	0.104315862101782	0.00260521995669863	0.0333325402678975	0.00593609478718089	0.00166543741524113	0.00566248721181985	0.010516047679094	0.00398515381504128	0.0192476981275725	0.0207109038566772	0.0137160667126645	0.00237919630748733	3.568794461231e-05	0.000856510670695439	0.00110632628298161	0.0106825914206181	0.0029858913658966	0.00218886060288834	0.0019152530275273	0.000773238799933383	0.0003568794461231	0.000892198615307749	0.0624895910161547	0.0416716233256406	0.00355689847969356	0.00322381099664533	0.00190335704598986	0.00333087483048226	0.000785134781470819	0.00136803787680522	0.00460374485498798	0.00211748471366372	0.000416359353810283	0.0280983083914254	0.0192001142014228	0.0144417215864481	0.00515096000571007	0.00519854393185982	0.00926696961766315	0.00149889367371702	0.00975470486069806	0.00315243510742071	0.00266469986438581	0.00201042087982679	0.00295020342128429	0.00254574004901144	0.000797030763008256	0.000987366467607242	0.00350931455354381	0.000820822726083129	0.000737550855321073	0.0155480478694297	0.0036996502581428	0.0123123408912469	0.00886250624539031	0.00698294116247532	0.00256953201208632	0.0045442649473008	0.00233161238133758	0.00176060526754062	0.000987366467607242	0.0010706383383693	0.00417548951964027	0.00310485118127097	0.00165354143370369	0.00380671409197973	0.000344983464585663	0.00140372582141753	0.000190335704598986	0.00236730032594989	0.00158216554447908	0.00049963122457234	0.00235540434441246	0.000226023649211296	0.000582903095334396	0.00114201422759392	0.000678070947633889	0.000725654873783636	0.00413980157502796	0.0105755275867812	0.00912421783921391	0.00499631224572339	0.00384240203659204	0.00613832647331731	0.00162974947062882	0.00413980157502796	0.00124907806143085	0.00272417977207299	0.00121339011681854	0.00239109228902477	0.00346173062739407	0.00198662891675192	0.00148699769217958	4.75839261497466e-05	0.0026290119197735	0.000594799076871833	0.000582903095334396	0.000761342818395946	0.00109443030144417	0.000975470486069806	0.00165354143370369	0.000963574504532369	0.000416359353810283	8.32718707620566e-05	0.000832718707620566	0.000416359353810283	0.00196283695367705	0.00296209940282173	0.000951678522994932	0.00184387713830268	0.0064595179748281	0.00184387713830268	0.00397325783350384	0.00212938069520116	0.00039256739073541	0.000118959815374367	0.000547215150722086	0.0032119150151079	0.000844614689158002	0.000166543741524113	0.00028550355689848	0.000606695058409269	0.00234350836287502	0.00560300730413266	0.0069115652732507	0.00108253431990674	0.000202231686136423	0.00017843972306155	0.000523423187647213	0.000130855796911803	0.000785134781470819	0.00299778734743404	9.51678522994932e-05	0.000987366467607242	0.000297399538435916	5.94799076871833e-05	9.51678522994932e-05	9.51678522994932e-05	0.00042825533534772	0.000297399538435916	9.51678522994932e-05	7.13758892246199e-05	0.000654278984559016	0.000785134781470819	0.000452047298422593	0.000273607575361043	0.000832718707620566	0	0.00042825533534772	0.00039256739073541	0.000880302633770312	0.00117770217220623	0.00485356046727415	0.000237919630748733	0.000154647759986677	0.000868406652232876	0.000118959815374367	0.00046394327996003	0.000820822726083129	0.000975470486069806	0.000785134781470819	0.000773238799933383	0.00355689847969356	0.000856510670695439	0.00111822226451905	0.00116580619066879	0.00137993385834265	0.00141562180295496	0.00032119150151079	0.000880302633770312	0.00046394327996003	0.0198781851490566	0.000559111132259523	0.000547215150722086	0.000130855796911803	0.000261711593823606	0.000487735243034903	0.00014275177844924	0.000154647759986677	0.00024981561228617	3.568794461231e-05	0.00170112535985344	0.00014275177844924	0	0.00017843972306155	0.000297399538435916	0.001689229378316
S7B5060	0.122385506570251	0.00970375554000467	0.0156908483010652	0.00161729259000078	0.0077287924733691	0.00761993624134982	0.0079309540471192	0.0024103879947127	0.000202161573750097	0.0699790062981106	0.00937718684394682	0.00318793250913615	0.00339009408288625	0.111359925355727	0.00247259155586657	0.015053261799238	0.00278360936163595	0.00185055594432781	0.00354560298577094	0.00654692481144546	0.00317238161884768	0.0180079309540471	0.0217401446232797	0.0139646994790452	0.00877070212269652	0.000342119586346318	0.000901951636731203	0.00214602285980872	0.00853743876836949	0.00380996812067491	0.00281471114221289	0.001757250602597	0.000715340953269575	0.00323458518000156	0.00119741855221211	0.0653448409921468	0.041147655703289	0.00206826840836638	0.00534950625923334	0.00178835238317394	0.00427649482932898	0.000761993624134982	0.0019594121763471	0.00250369333644351	0.00228598087240495	0.000186610683461628	0.033123396314439	0.0210248036700101	0.0140891066013529	0.0057227276261566	0.00472747064769458	0.00471191975740611	0.000839748075577327	0.00959489930798538	0.00314127983827074	0.00309462716740533	0.00323458518000156	0.00315683072855921	0.00167949615115465	0.000886400746442734	0.000668688282404168	0.00203716662778944	0.000590933830961823	0.000404323147500194	0.0167949615115465	0.00513179379519477	0.0207137858642407	0.00749552911904207	0.00349895031490553	0.00320348339942462	0.00284581292278983	0.0019594121763471	0.00153953813855843	0.00111966410076977	0.00186610683461628	0.00357670476634787	0.00346784853432859	0.00125962211336599	0.00276805847134748	0.00169504704144312	0.00247259155586657	0.000715340953269575	0.00499183578259855	0.00287691470336677	0.00118186766192365	0.00177280149288547	0.000824197185288858	0.000715340953269575	0.000202161573750097	0.00136847834538527	0.000388772257211725	0.00488297955057927	0.0189565352616437	0.0114454552523132	0.00533395536894487	0.00113521499105824	0.0048674286602908	0.00172614882202006	0.00287691470336677	0.00335899230230931	0.00276805847134748	0.00203716662778944	0.00208381929865485	0.00160174169971231	0.00136847834538527	0.00127517300365446	0.000839748075577327	0.0024103879947127	0.00063758650182723	0.00104190964932742	0.000497628489231009	0.00133737656480834	0.00094860430759661	0.000933053417308141	0.000761993624134982	0.000139958012596221	0.000435424928077132	0.000839748075577327	9.33053417308141e-05	0.000482077598942539	0.00345229764404012	0.000373221366923256	0.000979706088173548	0.00541170982038722	0.00094860430759661	0.00309462716740533	0.00160174169971231	0.000622035611538761	0.000202161573750097	0.000450975818365601	0.00133737656480834	0.000590933830961823	0.000326568696057849	0.000264365134903973	0.000450975818365601	0.00209937018894332	0.00586268563875282	0.00342119586346318	0.00063758650182723	0.000373221366923256	9.33053417308141e-05	0.000404323147500194	0.000746442733846513	0.000388772257211725	0.0015550890288469	0.000404323147500194	0.000777544514423451	0.000575382940673354	0.00015550890288469	0.000482077598942539	0.00046652670865407	0.00063758650182723	0.00031101780576938	4.6652670865407e-05	0.000139958012596221	0.000264365134903973	0.000528730269807947	0.000668688282404168	0.000139958012596221	0.000622035611538761	0	0.00393437524298266	0.000264365134903973	0.000450975818365601	0.000435424928077132	0.00181945416375087	0.000108856232019283	0.00194386128605863	0.00115076588134671	0.00015550890288469	0.00046652670865407	0.00063758650182723	0.00819531918202317	0.000590933830961823	0.000326568696057849	0.00186610683461628	0.0013529274550968	0.00217712464038566	0.00164839437057772	0.000513179379519477	0.0011041132104813	0.000202161573750097	0.000497628489231009	0.00046652670865407	0.0141513101625068	0.00111966410076977	9.33053417308141e-05	0.000124407122307752	0.00031101780576938	0.000357670476634787	0.000202161573750097	0.000139958012596221	7.77544514423451e-05	0	0.000575382940673354	0.000233263354327035	0	7.77544514423451e-05	0	0.000404323147500194
zr2502_11_R1	0.181592039800995	0.0439469320066335	0.0360696517412935	0.00995024875621891	0.0298507462686567	0.013681592039801	0.00912106135986733	0.0265339966832504	0.0286069651741294	0.0153399668325041	0.0149253731343284	0.0269485903814262	0.00538971807628524	0	0	0.0223880597014925	0.00538971807628524	0	0.00829187396351575	0.00829187396351575	0.00165837479270315	0	0	0	0	0.0157545605306799	0.013681592039801	0.0149253731343284	0	0	0.00912106135986733	0	0.00290215588723051	0.00621890547263682	0.0145107794361526	0	0	0	0	0	0	0.0476782752902156	0	0.0033167495854063	0	0.00456053067993367	0	0	0	0	0.00953565505804312	0.00207296849087894	0.0161691542288557	0.0244610281923715	0	0	0.0298507462686567	0	0.00621890547263682	0	0.00538971807628524	0	0	0	0	0	0	0	0.0323383084577114	0	0	0.00497512437810945	0	0	0	0	0	0	0	0.00248756218905473	0	0.0178275290215589	0.00580431177446103	0.00248756218905473	0	0	0	0	0.0149253731343284	0.00290215588723051	0	0	0.00746268656716418	0	0.00995024875621891	0.013681592039801	0	0	0	0	0	0	0	0	0	0.00580431177446103	0	0	0	0	0	0	0	0	0	0	0.00704809286898839	0	0	0	0	0	0	0	0	0	0	0	0	0.00290215588723051	0	0	0	0	0	0.00497512437810945	0	0	0	0	0	0	0	0	0	0	0.00912106135986733	0	0.00580431177446103	0	0	0	0	0	0	0.00787728026533997	0	0	0	0.0232172470978441	0	0	0	0	0.00414593698175788	0.00248756218905473	0	0	0	0	0	0	0.00787728026533997	0	0.00787728026533997	0	0	0.00248756218905473	0	0	0	0	0	0	0	0	0	0	0	0	0.0066334991708126	0.00704809286898839	0	0	0	0	0.0281923714759536	0	0.0124378109452736	0.0248756218905473
zr2502_12_R1	0.339896858884201	0.00890764181903422	0.0070323488045007	0.0339896858884201	0.0236755743084857	0	0.0168776371308017	0.00281293952180028	0.00679793717768401	0	0.00726676043131739	0.0107829348335677	0.00351617440225035	0	0	0	0	0.0114861697140178	0.00750117205813408	0.0142991092358181	0.0046882325363338	0.0257852789498359	0	0	0	0.0206282231598687	0.0133614627285513	0.00796999531176746	0	0.0117205813408345	0	0	0	0	0.00890764181903422	0	0	0.00539146741678387	0	0.0159399906235349	0	0	0.00257852789498359	0.00773558368495077	0.0140646976090014	0.020393811533052	0	0	0.00773558368495077	0	0	0	0.00679793717768401	0.0161744022503516	0	0	0	0	0.00867323019221753	0	0	0.00304735114861697	0	0	0	0	0.0168776371308017	0	0	0	0.0023441162681669	0	0	0	0.00140646976090014	0.013595874355368	0	0.0070323488045007	0	0.00375058602906704	0	0.00187529301453352	0	0	0.00351617440225035	0	0	0	0	0.00562587904360056	0	0	0	0	0	0	0	0	0	0	0	0	0.00843881856540084	0.00398499765588373	0	0	0	0.0103141115799344	0.00281293952180028	0.0046882325363338	0	0.00281293952180028	0	0	0	0	0.00070323488045007	0	0	0	0	0	0.0070323488045007	0	0	0	0	0	0	0	0	0.00445382090951711	0	0	0	0.0142991092358181	0	0.0269573370839194	0.00632911392405063	0	0.012892639474918	0	0.00632911392405063	0.0171120487576184	0	0	0.00164088138771683	0	0	0	0	0	0	0	0	0	0.00632911392405063	0	0.0112517580872011	0	0.0070323488045007	0	0	0	0	0	0	0	0	0	0.00421940928270042	0	0.0168776371308017	0.0239099859353024	0	0.00164088138771683	0.00445382090951711	0	0	0	0	0	0	0	0	0	0	0	0	0	0.00164088138771683	0	0.00421940928270042	0	0	0.00093764650726676	0.0283638068448195	0	0	0.00586029067041725
zr2502_13_R1	0.286026997446188	0.00802626778547975	0	0	0	0	0.0127690623859905	0.0025538124771981	0	0	0	0	0.0153228748631886	0.0175118569865013	0	0	0.10726012404232	0.0134987230937614	0	0.025538124771981	0	0	0	0	0	0.0233491426486684	0	0	0	0.0153228748631886	0.0025538124771981	0	0.00729660707770887	0	0.0113097409704487	0	0	0.00693177672382342	0	0	0	0	0.00547245530828165	0	0	0	0.00401313389273988	0	0	0	0.00656694636993798	0	0	0	0	0	0.0175118569865013	0	0	0	0	0.0218898212331266	0	0	0	0	0.0197008391098139	0	0	0	0	0.0160525355709595	0	0	0.048522437066764	0	0	0	0.00218898212331266	0	0.00510762495439621	0	0	0	0.0142283838015323	0	0	0	0	0.00291864283108355	0	0	0	0	0	0.00474279460051076	0	0.013133892739876	0	0.0116745713243342	0.00547245530828165	0	0.013133892739876	0.013133892739876	0	0	0.00182415176942722	0	0.00474279460051076	0	0	0	0	0	0	0.0124042320321051	0.0105800802626779	0	0	0	0.0346588836191171	0	0.00802626778547975	0	0	0	0	0	0	0	0.00802626778547975	0	0.00291864283108355	0	0	0	0	0	0	0	0	0	0	0.0153228748631886	0	0	0	0.00510762495439621	0	0	0	0	0	0.00291864283108355	0	0	0	0	0	0	0.0102152499087924	0	0	0	0	0	0.00802626778547975	0	0	0	0.00291864283108355	0	0	0.0510762495439621	0	0	0	0	0	0	0	0.0215249908792412	0	0	0.00547245530828165	0	0	0	0	0	0	0	0	0	0	0	0.0134987230937614	0	0	0
zr2502_14_R1	0.0092540661805945	0.00757150869321368	0	0.0086932136848009	0.0305664610207515	0.0501962983735278	0	0.00785193494111049	0.00224340998317443	0	0	0.0089736399326977	0	0	0.00196298373527762	0.0148625911385306	0.0123387549074593	0	0.018508132361189	0	0.00532809871003926	0.00701065619742008	0	0.0092540661805945	0.0992708917554683	0	0.0249579360628155	0.0089736399326977	0.00644980370162647	0	0.0162647223780146	0.00841278743690409	0.0114974761637689	0	0	0	0.0552439708356702	0	0	0	0.0114974761637689	0	0.0305664610207515	0.00140213123948402	0	0	0	0	0.0364554122265844	0.00673022994952328	0.0630959057767807	0.00588895120583287	0	0	0	0	0	0.00813236118900729	0	0	0	0	0.00280426247896803	0	0.0131800336511497	0.0162647223780146	0	0.00308468872686483	0.00785193494111049	0.018508132361189	0.00280426247896803	0	0	0	0.00224340998317443	0	0	0	0.0089736399326977	0	0	0.0089736399326977	0	0	0	0	0	0.0204711160964666	0.00785193494111049	0	0	0.00673022994952328	0	0	0	0	0	0	0	0	0.00785193494111049	0.000841278743690409	0	0.00504767246214246	0.00280426247896803	0	0	0	0.00420639371845205	0	0.00252383623107123	0	0	0	0.00364554122265844	0.0243970835670219	0	0.0128996074032529	0	0	0	0	0	0	0.0364554122265844	0	0	0	0	0.00420639371845205	0.00813236118900729	0	0	0.00308468872686483	0.00420639371845205	0	0	0	0	0	0	0	0	0.00364554122265844	0.00785193494111049	0.00813236118900729	0.0089736399326977	0	0	0.0120583286595625	0	0	0	0	0.00448681996634885	0.00112170499158721	0	0.00112170499158721	0.00504767246214246	0.0218732473359506	0	0	0.00953449242849131	0	0.00308468872686483	0	0	0.0123387549074593	0	0.00196298373527762	0	0	0.00616937745372967	0	0	0	0	0	0	0	0	0	0	0	0	0	0	0	0	0	0	0	0.00532809871003926	0	0.00448681996634885	0	0	0.0457094784071789	0.00757150869321368	0
zr2502_1_R1	0.0899912203687445	0.014486391571554	0.0254609306409131	0	0.0171202809482002	0.0215100965759438	0	0.0316066725197542	0.0250219490781387	0.0276558384547849	0.0254609306409131	0.0272168568920105	0	0	0	0.0140474100087796	0.0258999122036874	0.0109745390693591	0	0.00307287093942054	0	0	0	0	0.00570676031606672	0.00790166812993854	0.0355575065847234	0	0.014486391571554	0	0.019315188762072	0.009657594381036	0.009657594381036	0.00614574187884109	0.00702370500438982	0	0	0	0	0	0	0.0478489903424056	0	0.00131694468832309	0	0	0	0	0	0.0184372256365233	0	0	0.0100965759438104	0.00877963125548727	0.0140474100087796	0	0.0166812993854258	0	0	0	0.00395083406496927	0	0.0127304653204565	0	0	0.0153643546971027	0	0	0.0237050043898156	0.00526777875329236	0	0.00877963125548727	0.00834064969271291	0	0	0	0	0	0	0	0	0.0122914837576822	0	0.009657594381036	0	0.0153643546971027	0.004828797190518	0	0	0	0	0	0	0	0.0114135206321334	0.0232660228270413	0	0	0.0105355575065847	0	0	0.0105355575065847	0	0.0100965759438104	0	0	0	0	0.0105355575065847	0	0.0179982440737489	0	0	0.00834064969271291	0.00658472344161545	0	0	0	0	0	0	0.004828797190518	0	0	0	0	0	0	0.00395083406496927	0	0	0	0	0	0	0	0	0	0	0	0	0	0	0	0	0	0	0	0	0	0	0	0.00614574187884109	0	0	0.0100965759438104	0	0	0	0.0364354697102722	0	0.0136084284460053	0	0	0.00746268656716418	0	0	0.00131694468832309	0.00351185250219491	0	0	0	0.00834064969271291	0	0	0	0	0	0	0	0	0	0	0	0	0	0	0.00307287093942054	0	0.0395083406496927	0	0.00570676031606672	0.00263388937664618	0	0	0	0.009657594381036	0	0.00921861281826163	0.0127304653204565
zr2502_33_R1	0.0577273911910347	0.0072973677352098	0.0638519676830858	0.0072973677352098	0.0191555903049257	0.00130310138128746	0.00221527234818869	0.0019546520719312	0.00182434193380245	0.00443054469637738	0.00143341151941621	0	0	0.217748240813135	0.240422204847537	0.00299713317696117	0	0	0	0	0	0	0.105290591608027	0.000651550690643732	0	0.00338806359134741	0	0.00325775345321866	0	0.0105551211884285	0	0	0	0.0016940317956737	0	0.129788897576231	0	0	0	0.000912170966901225	0	0.00547302580140735	0	0	0	0	0	0	0	0	0	0.000651550690643732	0	0.00416992442011989	0	0	0	0	0	0	0	0	0	0	0	0	0.00338806359134741	0.00586395621579359	0.00247589262444618	0	0	0	0	0	0	0.00586395621579359	0	0	0	0	0.000912170966901225	0	0.00443054469637738	0	0	0	0	0	0	0	0.00182434193380245	0	0.00234558248631744	0	0	0.00403961428199114	0	0	0	0.000912170966901225	0	0	0	0	0	0.00104248110502997	0	0.00664581704456607	0	0	0	0	0.00508209538702111	0	0.00377899400573365	0	0	0	0.00234558248631744	0	0	0	0.000912170966901225	0.00338806359134741	0	0	0	0.00182434193380245	0.00312744331508991	0	0	0	0	0	0	0	0	0.0019546520719312	0	0.0118582225697159	0.00247589262444618	0	0	0	0	0	0	0	0	0	0	0	0	0	0	0	0	0	0	0.00130310138128746	0.000390930414386239	0	0	0	0	0.00156372165754496	0	0	0	0	0	0	0	0	0.00416992442011989	0	0	0	0.00390930414386239	0.000260620276257493	0	0	0.00260620276257493	0	0	0	0	0.000781860828772478	0.00156372165754496	0	0	0	0	0	0	0	0	0	0.00325775345321866	0.00820953870211102
zr2502_34_R1	0.469638303900274	0.0150155822079516	0.00311644159032959	0.0196430257814713	0.00519406931721598	0.000283312871848144	0.0300311644159033	0	0.00528850694116536	0	0	0.00302200396638021	0.00264425347058268	0	0	0	0.00292756634243082	0	0.0010388138634432	0.0165265841911418	0.000377750495797526	0.139201057701388	0	0	0	0.0234205307394466	0.0010388138634432	0.0015110019831901	0.00481631882141845	0.00066106336764567	0.00217206535083577	0.000944376239493814	0	0	0.00160543960713948	0	0.00198319010293701	0.00245537822268392	0.00368306733402588	0.00623288318065917	0.00576069506091227	0.00434413070167155	0.00217206535083577	0.00226650297478515	0.00916044952309	0.00434413070167155	0	0	0.00500519406931722	0	0	0	0.00264425347058268	0	0	0	0.00585513268486165	0	0.00566625743696289	0.00198319010293701	0	0.00179431485503825	0	0.00236094059873454	0	0	0.00594957030881103	0	0.00141656435924072	0	0	0	0	0.00169987723108887	0	0.00519406931721598	0	0.00689394654830484	0	0.00226650297478515	0	0	0	0	0	0.000283312871848144	0	0	0	0.00434413070167155	0	0	0	0	0	0	0	0	0	0	0	0.0015110019831901	0	0.00443856832562093	0	0.00066106336764567	0	0	0.00358862971007649	0	0	0.00132212673529134	0	0.0010388138634432	0	0	0	0	0	0	0.00368306733402588	0	0.0145433940882047	0	0	0	0.00679950892435546	0	0	0	0	0.000755500991595051	0.0010388138634432	0.00160543960713948	0	0.00217206535083577	0	0.0249315327226367	0.00132212673529134	0	0	0.00424969307772216	0.00415525545377278	0	0	0	0.00141656435924072	0.00066106336764567	0	0.0010388138634432	0	0.00245537822268392	0	0	0	0	0.00217206535083577	0	0	0	0.0186986495419775	0	0	0.00160543960713948	0	0.000566625743696289	0.00188875247898763	0	0	0	0.00122768911134196	0.00141656435924072	0.00462744357351969	0	0	0	0.00576069506091227	0	0	0	0.0015110019831901	0	0.00528850694116536	0	0	0	0	0	0	0	0	0	0	0	0.000566625743696289	0.00179431485503825	0.0186986495419775	0	0	0.00491075644536783
zr2502_35_R1	0.068773922706507	0.020743301642178	0.0400049388813434	0.00592665761205087	0.0149401160637116	0.00296332880602544	0.00321027287319422	0.00481540930979133	0.0053092974441289	0.0018520805037659	0.00234596863810347	0.000987776268675145	0	0.198913446104457	0.300530929744413	0.00321027287319422	0	0.000493888134337573	0	0.00209902457093468	0.000987776268675145	0.00160513643659711	0.00333374490677861	0.00283985677244104	0	0.00283985677244104	0	0	0	0	0	0	0	0.000987776268675145	0	0.229657982466971	0	0.00123472033584393	0	0	0	0.00580318557846648	0	0	0	0.0018520805037659	0	0	0	0	0	0.00123472033584393	0	0.00234596863810347	0.00654401777997284	0.00123472033584393	0	0.000740832201506359	0	0.000617360167921966	0	0	0.000740832201506359	0.000864304235090752	0	0	0.000370416100753179	0	0	0	0	0	0	0	0	0	0	0	0	0.000740832201506359	0	0.00148166440301272	0.00135819236942832	0	0	0	0.00135819236942832	0	0	0	0.000493888134337573	0.00234596863810347	0	0	0	0	0	0	0.00111124830225954	0	0	0	0	0.0017286084701815	0	0.00197555253735029	0	0	0	0	0	0	0.0106185948882578	0	0	0	0.000246944067168786	0	0.00135819236942832	0	0	0	0.00197555253735029	0	0	0	0	0.00395110507470058	0.00160513643659711	0	0	0	0	0	0	0	0	0.00296332880602544	0	0	0	0	0	0	0	0	0	0	0.00135819236942832	0	0.000246944067168786	0	0	0.00148166440301272	0	0	0	0	0	0	0.00370416100753179	0.000987776268675145	0	0	0.00148166440301272	0	0	0	0	0	0	0	0	0	0	0	0	0	0	0	0	0	0	0	0	0	0	0	0	0	0	0.00197555253735029	0	0	0	0	0.00370416100753179	0	0.00679096184714162	0
zr2502_36_R1	0.669536695366954	0.0174251742517425	0	0.00574005740057401	0	0	0.043870438704387	0	0.0022550225502255	0.000820008200082001	0	0	0.000820008200082001	0.0038950389503895	0	0	0.00717507175071751	0.000820008200082001	0	0.027470274702747	0	0.0014350143501435	0.002460024600246	0	0	0.0395653956539565	0	0	0	0	0	0.025420254202542	0	0	0	0	0	0	0.0018450184501845	0	0	0	0	0	0	0	0	0.0022550225502255	0	0	0	0	0	0	0	0	0	0	0	0	0	0.0030750307503075	0	0	0	0	0	0	0	0	0	0	0	0	0	0	0	0.00963509635096351	0	0.002460024600246	0	0	0	0	0	0	0	0	0	0.0010250102501025	0	0	0	0	0	0	0	0	0	0	0	0	0	0.003690036900369	0	0	0.002870028700287	0	0	0	0	0	0	0	0	0	0	0	0	0	0	0	0.0202952029520295	0	0	0	0.00881508815088151	0	0	0	0	0	0	0	0	0	0	0.002050020500205	0	0	0.00635506355063551	0.00656006560065601	0	0	0	0	0.000615006150061501	0	0	0	0	0.002870028700287	0	0	0	0	0	0	0	0.001230012300123	0.0256252562525625	0	0	0.000615006150061501	0	0	0.001640016400164	0	0	0	0	0	0	0	0	0	0.0100451004510045	0	0	0	0	0	0	0.0038950389503895	0	0	0	0	0	0.0043050430504305	0	0	0	0	0	0	0.029520295202952	0	0	0
zr2502_37_R1	0.0380167486375116	0	0.127475741060747	0	0.00412069653063937	0	0.00146218263990429	0.00770969028313173	0.00132925694536754	0.0470556958660109	0	0	0	0.196065399441712	0.0757676458859498	0	0	0	0	0	0.00106340555629403	0	0.0552970889272896	0.00239266250166157	0.0455935132261066	0.00132925694536754	0.000930479861757278	0	0.00212681111258806	0.00770969028313173	0	0	0	0	0	0.111258806327263	0.023793699322079	0	0.0174132659843148	0	0.00797554167220524	0.00186095972351456	0.00265851389073508	0	0	0	0.0143559750099694	0.085338295892596	0	0.00119633125083079	0	0	0	0	0	0	0	0	0	0	0	0	0.00252558819619832	0	0	0	0	0	0	0	0	0	0.0148876777881164	0.00199388541805131	0	0	0.00252558819619832	0	0	0	0.00265851389073508	0.00146218263990429	0	0	0	0.00106340555629403	0	0.0034560680579556	0	0	0	0	0	0.00677921042137445	0	0	0.0103682041738668	0	0	0	0	0	0	0	0	0	0	0	0.00372191944702911	0	0	0	0	0	0	0	0	0.00119633125083079	0	0.0034560680579556	0	0	0	0	0.00438654791971288	0.0297753555762329	0	0	0	0	0	0	0	0	0	0	0	0	0	0.00571580486508042	0	0	0	0	0	0.00412069653063937	0	0	0	0	0.00132925694536754	0	0	0	0	0	0.000797554167220524	0	0	0.00478532500332314	0	0.00398777083610262	0.00212681111258806	0	0	0	0	0	0	0	0	0	0	0	0	0	0	0	0	0.00558287917054367	0	0	0	0	0	0	0	0	0	0	0	0	0	0	0	0	0	0	0	0
zr2502_38_R1	0.0126337067295545	0.00673797692242904	0.0179398635559673	0.00699065105702013	0.0038743367303967	0.00101069653836436	0	0.00715910048008086	0.00488503326876105	0.141413290659479	0.0045481344226396	0.00109492124989472	0.000758022403773267	0.0163395940368904	0.0185294365366799	0.00235829192285016	0	0.00244251663438053	0.00320053903815379	0	0.00101069653836436	0	0.184620567674556	0.0165922681714815	0.0182767624020888	0	0.00109492124989472	0	0.0022740672113198	0.0244251663438053	0	0	0	0.00235829192285016	0.000252674134591089	0.0117072349027205	0.0483449844184284	0.00109492124989472	0.0947528004716584	0.00800134759538449	0.0121283584603723	0.00800134759538449	0	0	0.0068222016339594	0.00303208961509307	0.0117072349027205	0.0664532973974564	0.00606417923018614	0.00193716836519835	0	0	0	0	0.00783289817232376	0.000758022403773267	0	0	0.00134759538448581	0.00471658384570033	0.000926471826833993	0	0	0	0.0016002695190769	0	0	0.00421123557651815	0.00749599932620231	0.00126337067295545	0.00673797692242904	0	0.0206350543249389	0.00320053903815379	0	0	0.0250147393245178	0	0	0.000758022403773267	0.00404278615345742	0.00084224711530363	0.00320053903815379	0.000589572980712541	0	0	0.00151604480754653	0	0.00370588730733597	0	0.000336898846121452	0	0	0	0	0.00496925798029142	0.00463235913416997	0	0	0	0	0.00117914596142508	0.00530615682641287	0	0.00185294365366799	0.00101069653836436	0	0	0.00151604480754653	0	0	0	0	0	0	0	0	0	0	0	0	0	0	0	0.00185294365366799	0.0112018866335383	0	0.00362166259580561	0	0	0	0	0	0	0	0	0.00328476374968416	0.00404278615345742	0	0.014149751537101	0.00269519076897162	0	0	0	0	0	0.00151604480754653	0	0	0	0	0	0	0	0	0	0	0.000758022403773267	0.00269519076897162	0	0	0.00522193211488251	0.0128021561526152	0	0	0	0	0	0	0	0.000926471826833993	0	0	0	0	0.00429546028804851	0	0	0.00404278615345742	0	0	0	0	0	0	0.00244251663438053	0.00918049355680957	0.00328476374968416	0	0	0	0.00252674134591089	0	0.00193716836519835	0	0	0	0.00193716836519835	0.00151604480754653	0
zr2502_39_R1	0.00836730315382965	0.00321819352070371	0.105234928127011	0.0022527354644926	0	0.00182364299506544	0	0	0	0.0330401201458914	0.00236000858184939	0	0.00203818922977902	0.155438747049989	0.122505900021455	0.00236000858184939	0	0	0.00321819352070371	0	0	0	0.0496674533361939	0.0961167131516842	0.00439819781162841	0	0	0	0	0.00632911392405063	0	0.0122291353786741	0.0022527354644926	0	0	0.163162411499678	0.00236000858184939	0	0.0763784595580348	0	0.0167346063076593	0	0	0	0.00826003003647286	0	0.00311092040334692	0.00954730744475434	0	0	0	0	0	0	0	0.00139455052563828	0	0.00911821497532718	0	0.00525638275048273	0.00139455052563828	0.000321819352070371	0	0.00182364299506544	0	0	0	0	0	0	0	0.000965458056211114	0.00160909676035186	0.00729457198026175	0	0	0	0.00278910105127655	0.000965458056211114	0.000858184938854323	0	0	0	0	0.00193091611242223	0	0	0	0	0.000750911821497533	0	0	0	0	0	0	0	0.00182364299506544	0	0	0	0	0	0.000965458056211114	0	0	0.00278910105127655	0	0	0	0	0	0	0	0.00278910105127655	0	0	0	0	0.00193091611242223	0	0	0	0.00182364299506544	0	0	0.00300364728599013	0	0.00268182793391976	0	0	0	0	0	0	0	0.00976185367946793	0	0	0.00525638275048273	0	0	0	0	0.00461274404634199	0	0	0	0	0	0.000858184938854323	0.00150182364299507	0	0	0.00150182364299507	0	0	0	0	0	0	0	0.00268182793391976	0	0	0	0	0	0	0	0	0.00482729028105557	0	0	0	0	0.00257455481656297	0	0	0	0.000643638704140742	0.00139455052563828	0.0010727311735679	0	0.0010727311735679	0	0.0128727740828148	0.000643638704140742	0	0	0	0	0	0.00118000429092469	0	0.000858184938854323	0	0	0	0
zr2502_3_R1	0.115448504983389	0.0473421926910299	0.0116279069767442	0.00941306755260244	0.0539867109634551	0.0143964562569214	0.00692137320044297	0.00664451827242525	0.0296234772978959	0	0.00276854928017719	0.0116279069767442	0.00636766334440753	0	0.00249169435215947	0	0.0362679955703211	0.00415282392026578	0.0127353266888151	0.00249169435215947	0	0.00664451827242525	0	0	0.0102436323366556	0.00802879291251384	0.00996677740863787	0.00609080841638981	0.00359911406423034	0	0.0168881506090808	0.00166112956810631	0.0102436323366556	0.00526024363233666	0	0	0	0.00692137320044297	0	0.008859357696567	0	0.0268549280177187	0.0401439645625692	0	0.0146733111849391	0.0110741971207087	0	0	0	0	0.0124584717607973	0.00387596899224806	0	0	0.0191029900332226	0.00359911406423034	0	0.00193798449612403	0	0	0	0	0.00221483942414175	0.00609080841638981	0.00581395348837209	0.00581395348837209	0.00968992248062015	0	0	0	0	0	0	0	0	0	0.00830564784053156	0.00221483942414175	0	0.00498338870431894	0	0.0116279069767442	0	0	0.00193798449612403	0	0.00526024363233666	0.00526024363233666	0.0124584717607973	0.00498338870431894	0	0	0	0.0182724252491694	0	0	0	0	0	0.00332225913621262	0	0	0.00941306755260244	0.0132890365448505	0	0.0044296788482835	0.008859357696567	0	0.0254706533776301	0.00692137320044297	0	0	0	0.000553709856035437	0	0	0	0	0.00332225913621262	0	0	0.00692137320044297	0.00498338870431894	0	0	0	0	0.00747508305647841	0	0	0	0	0	0	0.00387596899224806	0	0	0	0	0	0	0	0	0	0	0	0.00581395348837209	0	0.00636766334440753	0	0	0	0.00276854928017719	0.010797342192691	0	0	0	0	0.0127353266888151	0.0174418604651163	0.00166112956810631	0.00692137320044297	0	0	0.00581395348837209	0	0.00996677740863787	0	0.00276854928017719	0.00110741971207087	0	0	0	0	0	0	0	0.0105204872646733	0.00636766334440753	0	0	0	0	0.00166112956810631	0	0.0102436323366556	0	0	0.00415282392026578	0	0	0.00609080841638981	0	0	0	0	0.0174418604651163	0.0312846068660022	0.00775193798449612	0.0141196013289037
