sample_id	EU652571.1.1503	KX097089.1.1528	EU488457.1.1483	HQ727627.1.1522	AM176885.1.1418	KJ817533.1.1498	AM745219.1.1602	FJ712534.1.1514	KX504848.1.1523	AB806704.1.1485	HE804013.1.1479	KC357800.1.1438	GU180188.1.1514	JN498221.1.1394	DQ431903.1.1419	GQ143772.1.1554	AM997418.1.1513	JQ580309.1.1482	KC009895.1.1442	FJ545472.1.1559	KC009877.1.1515	FJ748816.1.1514	HQ727651.1.1475	EU283571.1.1333	DQ811808.1.1527	DQ363780.1.954	KY609501.1.1523	GU302442.1.1531	GQ249585.1.1531	LC004293.1.1337	KM356725.1.1424	GQ337314.1.1475	KJ817459.1.1525	KC009862.1.1289	KP728222.1.1525	EF444653.1.1279	JX240886.1.1472	KC470953.1.1371	AB266389.1.1525	KF268910.1.1377	AB694385.1.1409	KC009933.1.1519	EF125407.1.1477	GU982895.1.1212	JQ426267.1.1505	FJ685743.1.1209	EU491457.1.1489	DQ641854.1.916	JF747656.1.1535	AM882560.1.1458	KU578771.1.1356	JX504409.1.1551	CP013099.3645030.3646539	FJ900559.1.1484	AB622941.1.1314	KF616783.1.1488	HE604685.1.1406	JN457602.1.1397	JQ580306.1.1521	JN518931.1.1452	JQ824907.1.1522	JQ716338.1.1491	FJ203391.1.1488	EU488054.1.1507	FJ748775.1.1510	KT167015.1.1381	DQ811819.1.1523	JQ580221.1.1496	AM039960.1.1519	JF344346.1.1503	KM108644.1.1515	JQ716269.1.1517	JX241033.1.1526	JF344635.1.1514	JQ580158.1.1515	JF421166.1.1503	EU488036.1.1531	HQ014650.1.1499	HM437993.1.1513	FR682646.1.1628	KX097734.1.1525	GQ246446.1.1523	JN977174.1.1546	FJ203584.1.1459	KR824977.1.1462	JF344561.1.1519	HQ738402.1.1458	DQ811935.1.1507	GQ994158.1.923	EU617821.1.1525	EU662567.1.1446	AY216453.1.1421	FJ905762.1.1411	JF268389.1.1458	EF999356.1.1505	KX172242.1.1463	LN563386.1.1350	EU652611.1.1524	KX172552.1.1464	JQ245921.1.944	HF922320.1.1505	MGML01000116.8420.9921	GU369933.1.1368	KJ817493.1.1525	JX870311.1.915	JX504490.1.1557	KM356749.1.1483	JN977195.1.1550	AM882621.1.1521	HE614829.1.1456	AB806729.1.1479	CP016268.790030.791574	KF460404.1.1524	EF208655.1.1533	LC121892.1.914	AB364850.1.1498	GQ850571.1.1477	KX173276.1.1482	DQ070825.1.1419	AY584740.1.1231	EU488419.1.1514	DQ431904.1.1420	DQ811792.1.1512	EU491875.1.1464	JX870317.1.915	KM203484.1.1200	KX504856.1.1527	KX172521.1.1480	KC471044.1.1422	KC009968.1.1238	HQ697688.1.1523	JF495328.1.1537	GU230392.1.1515	FN553932.1.1517	JQ817984.1.1485	DQ811831.1.1528	LN569797.1.1343	DQ431896.1.1372	AB300128.1.1329	JN038216.1.1526	KC009869.1.1401	DQ811807.1.1529	FM242440.1.1461	AB806698.1.1488	HQ588453.1.1411	EU048674.1.1479	JQ816885.1.1488	KJ817529.1.1517	JF344665.1.1520	KT905810.1.1538	MG601262.1.1536	HM598262.1.1519	HE803898.1.1484	AY605137.1.1495	GQ263976.1.1455	DQ070827.1.1355	JX482201.1.900	EU487975.1.1514	EF157274.1.1422	JX280051.1.1507	KP174553.1.1436	KM356611.1.1422	KT907904.1.907	KY861742.1.1376	JN830953.1.1424	HM798748.1.1422	KM356600.1.1484	EU488352.1.1526	JQ816305.1.1426	AB806727.1.1479	EU290687.1.1515	KX172187.1.1456	DQ811880.1.1473	EF687551.1.1333	FJ477316.1.1346	KY441460.1.1524	JQ580330.1.1478	JX227640.1.1459	DQ431899.1.1417	FJ655689.1.1403	GQ994182.1.911	KP762238.1.1208	FJ455958.1.911	JQ580439.1.1531	GQ356834.1.936	KY228984.1.1390	JN977162.1.1541	JN003082.1.1327	FJ517042.1.1485	EU134890.1.1383	JF344478.1.1502	AM997875.1.1458	HQ316943.1.1422	HQ597894.1.1508	AY913245.1.1415	HQ691951.1.1342	EF125417.1.1529	EF125426.1.1479	EF612387.1.1493	FJ545485.1.1494
S1A015	4.8394900911606	1.84013874199045	2.4219114816067	3.24024952553258	2.00172975375325	2.29120362026979	1.68739235954324	1.39248054807515	-0.934137744363054	4.38464445730617	1.28682682027624	1.71069438474609	1.46865949903552	4.68753532390372	1.5664116824954	1.37652276263654	0.980397282124506	-1.32617983213908	1.35484169657521	-1.40956144107813	2.1847684134822	3.08297546992306	2.56400647867989	2.54585416507271	0.897362053514515	-2.59914550795196	1.85353927752793	-1.11106845252213	0.360219121431152	2.1847684134822	-0.370668387111641	2.34147598552323	1.87330927892893	-0.653235358896651	0.0896733312223579	4.00072499126087	3.55692507484592	-0.653235358896651	-1.24921879100295	3.1145872975574	1.37652276263654	-4.54505565700728	0.675300168071047	1.69911124365646	0.619730316916236	-0.340363037616312	3.27297228152345	3.19778029842347	3.04731047151252	2.46073336224622	1.42365190297809	0.923004484127854	0.548694543799484	1.14867648179542	1.5664116824954	1.10039124063596	0.923004484127854	1.30426912293958	0.431678085413296	0.642330148833477	0.330141666193874	-1.98010629954574	-2.93561774457318	-0.574763743455156	2.53244239656195	2.26508679310786	-4.54505565700728	1.60127360066162	3.75572130384418	1.49281526291486	0.596607899495382	-1.40956144107813	0.146292225221866	3.28973245038092	2.00745223002731	0.923004484127854	0.584843057915795	1.60980243700914	-0.783855541313716	-4.54505565700728	1.68739235954324	-2.59914550795196	1.06441613817768	0.797278594957533	-0.0341961504904278	0.345293471214476	-1.71184231295106	-1.50053321928385	1.14191969933254	1.12137103110515	-0.783855541313716	3.66425275463966	-1.71184231295106	1.26308683297317	1.55301862515896	2.68550749640201	1.76667915214564	1.33268012477236	-0.0564192872751379	2.09220237427718	1.29848876002408	-0.83148359030297	1.605547111439	-4.54505565700728	1.04219300139297	-1.32617983213908	0.619730316916236	-0.83148359030297	-1.98010629954574	0.94800578633327	0.619730316916236	-0.502004389172728	0.108904693150246	-1.83700545590507	1.00402042788794	0.299131429451313	-0.102404400516961	-0.434181792833967	-1.1777598270208	3.33839069713046	0.548694543799484	-2.93561774457318	-2.93561774457318	1.502316522039	-4.54505565700728	-4.54505565700728	-1.50053321928385	-4.54505565700728	0.787663136258091	-4.54505565700728	-0.467518213101558	-1.98010629954574	-0.201250235153594	-1.40956144107813	-0.989707595517864	2.63653628760459	-2.93561774457318	-4.54505565700728	0.108904693150246	0.330141666193874	-0.694908055297219	-0.150606502334839	-2.93561774457318	-2.14716038420891	-4.54505565700728	1.62246083388106	1.07171544065929	-1.71184231295106	-2.93561774457318	-2.59914550795196	0.0700648598339817	-0.340363037616312	-1.83700545590507	0.631094075566551	-1.0485480955408	-1.11106845252213	-2.34783107967106	-4.54505565700728	1.502316522039	-2.34783107967106	2.4219114816067	-4.54505565700728	-0.653235358896651	1.10039124063596	2.68115335309339	-4.54505565700728	-1.60061667784084	-0.227567543470967	0.314756747354394	0.127773177454628	-2.93561774457318	-1.32617983213908	-4.54505565700728	2.20604581192948	-4.54505565700728	1.92108906723034	-4.54505565700728	-0.881494010877632	-1.1777598270208	-0.738393167236958	-2.34783107967106	-1.1777598270208	-2.59914550795196	-1.24921879100295	1.35484169657521	-4.54505565700728	-1.50053321928385	1.01177240469226	0.748249167717214	1.16867714850209	1.01177240469226	2.63196310890262	0.0296553214961048	-4.54505565700728	-4.54505565700728	1.04219300139297	-0.502004389172728	0.584843057915795	-1.98010629954574	1.32141239992602
S1A1530	3.86765184275047	2.10307291832222	1.99511918784031	1.72977391713776	0.984942214382015	1.92018269503583	0.768299227670898	-1.39913591286321	0.995322930436576	3.37935316309777	2.01518255676164	0.705918204673348	0.524975007849514	3.69160014237384	-0.00813566070591065	1.47325545582309	1.47538765279293	-1.13532132181808	0.546774236192099	-0.288023461430873	-0.0367090331499673	2.10420928208087	1.88120768548334	1.71981532861218	-0.193278093841507	0.59927973357003	1.61064811414643	1.03248937031185	-0.204641852491822	2.13110165897996	0.687356186813289	1.09360163050533	0.759622383645209	-1.93544062193019	-0.313182021067028	3.06416634112459	2.69552306533381	1.2519778253488	1.39098686466809	-0.056221847373549	0.432690548961727	-0.69659899195343	1.93508812004482	0.163961662312184	-0.193278093841507	-0.715467476257813	2.32723925511113	2.08933486596562	2.20871764600413	2.8458491325213	0.535934021639235	-0.216136231917557	1.30387014135232	-0.794716847911953	1.51300964458251	0.953137413511948	-0.557243471042918	0.594151517203111	-0.275677625608574	-0.509615422053664	-0.149072001337011	-2.32490538869191	0.524975007849514	-0.950587218618738	1.61806242058565	1.59565251918607	-0.858568319898486	1.2519778253488	2.85178226750973	1.5842563844552	1.233160065774	-0.449446900587211	0.594151517203111	1.4407146236998	0.814721064522147	0.710505368680254	-0.479078698193582	1.15999101184689	-0.659897625103002	1.14528486445719	-0.0964282678515893	0.0729898841064571	0.818836296667254	0.331015746975351	-0.0270935744505252	-0.950587218618738	1.74939842264674	-0.509615422053664	-1.05193971287903	-0.127680811355694	-1.47760752830471	1.37698430215804	1.09360163050533	0.57860716276531	0.658850693815363	2.44295037957327	0.395763276369508	1.65788668762444	1.52321381475675	1.5707946427043	-0.193278093841507	1.35800389843552	-0.216136231917557	-0.715467476257813	0.0816106271503649	0.254589679772002	-0.926776569925019	-2.00213199642886	-3.42351767736002	-0.449446900587211	-0.479078698193582	-0.590304333303806	-0.642040007702995	-1.29189038250962	-0.138319209560749	-0.880791456683196	-1.36209464118286	-1.39913591286321	-2.66137762531313	1.54530306630323	0.705918204673348	-1.70586618028569	-2.15055200154714	0.984942214382015	-1.56276533664502	-0.590304333303806	-1.93544062193019	-2.15055200154714	-2.15055200154714	-1.2262931000238	-0.392694083994762	-2.66137762531313	-0.880791456683196	-2.97153255361697	-2.53621448235912	1.62174906070587	-1.02562240456165	-1.29189038250962	-0.678079944186192	0.261783955406029	1.23587009453287	0.247343271251236	-0.525240739956745	-0.815550934814795	-1.93544062193019	-0.117154398368706	1.45385829594035	-0.541114089113035	1.26257395098029	-1.56276533664502	-0.774307976280746	-1.1950405565197	-2.00213199642886	-0.420667936037168	-0.573637280818595	-1.10674794937402	-2.32490538869191	-3.17220324907912	1.27566314309031	-5.36942782641534	2.31535611710745	-5.36942782641534	0.420532344481917	1.79374456443131	0.0196439034011648	-2.4249888472489	-3.17220324907912	-0.227764269912676	-0.392694083994762	0.0816106271503649	-2.53621448235912	-0.494230503214184	0.456572280965114	1.1972446033879	-0.999979973948315	-1.07896838526694	-3.17220324907912	-0.754307309574076	0.350883950192076	-1.93544062193019	-0.557243471042918	-2.00213199642886	-2.4249888472489	-1.75850991377111	2.69237444812301	-0.338989905022901	-1.10674794937402	-0.313182021067028	0.8747390742484	0.0642941771389038	-0.880791456683196	1.59753931219865	0.148025070049371	-1.13532132181808	-1.93544062193019	-0.926776569925019	-1.65585575971103	0.935020976006645	-1.43760219369101	1.25728992283369
S1A3050	3.70519176907258	0.948896392642154	2.21432803796343	2.25233134453895	0.785165260153999	2.55924921822333	0.394416136678348	-1.57568874096402	1.20578892869301	3.23696008260067	1.70950972683525	0.867899759493247	0.239601225674226	3.52470019841086	1.06132568702144	1.61066389219862	2.15034886111685	-0.0011380875303626	0.911596031228945	0.542286464718057	0.100071814401151	2.25605343320332	1.6724684551549	1.54981787633678	-0.642400432721296	2.19740055044173	1.57460229240657	-0.255839479252284	-0.620177295936586	2.30203854644514	-0.286849715994845	1.27749198860606	1.15867876845556	-1.52011888980921	-0.0372866016466737	2.84315186683258	2.43164444426845	1.54981787633678	2.0133703778677	0.562695336349264	0.801208384994575	0.201681990811933	1.65455084255449	-0.0011380875303626	-0.182276912075268	-1.19921116972911	2.21947936938056	1.8656446857231	2.26468480614861	1.10533278775027	0.456211855946814	0.549135806563632	0.801208384994575	-0.813548688917126	0.162268022271056	0.689046127898925	-0.0876116855341893	0.576073462295439	0.239601225674226	-0.127090496507977	-0.403648983741095	-2.186597823287	0.211297449511375	-1.46747515632379	1.38663447045884	1.29058546535308	-0.840577361305045	0.939700925549054	3.06842739515872	2.54078999542535	1.67024623201818	-0.556325823950053	0.595810945133761	1.40420446856022	0.967037479712804	0.79054161719038	-0.787231380599752	0.779759841587091	-1.52011888980921	0.410226742704991	-0.59843730930018	0.248860551087024	2.02903240514269	0.0893190226248892	-0.100598881061001	-0.620177295936586	0.862924624853133	0.276134969006683	-0.318852447081018	-0.577159910852895	-1.41746473574913	1.61066389219862	1.0280585860385	-0.0876116855341893	0.448693023532786	2.3527698852124	0.535389885658996	0.700845674830081	1.04066379495748	0.576073462295439	-0.45820796799153	1.77571797619512	0.832542541165011	-0.302723065151135	-0.182276912075268	-0.255839479252284	0.211297449511375	-0.225762024015006	-2.93381222511722	-0.987902076061904	-0.896930297856176	-1.32437431268312	-0.4963078142238	-1.32437431268312	0.386416094011271	0.162268022271056	-1.76374097246696	-1.28088920074338	-2.73314152965507	1.00236124054321	0.463674577148403	-0.45820796799153	-0.92634418306247	0.68309372937163	-1.83519993644911	-0.439688920224292	-1.99554258652429	-0.896930297856176	-1.57568874096402	-0.761588949986415	-0.240687674231682	-1.41746473574913	-1.83519993644911	-1.19921116972911	-1.69704959796829	2.54821462349962	-1.05349935854772	-1.76374097246696	-0.0011380875303626	-0.154303060032862	0.582696003055933	0.0222547920443432	-1.23921650434281	-1.05349935854772	-0.620177295936586	-0.403648983741095	1.61772274503824	-0.211055876625311	0.492980703733902	-0.642400432721296	-1.28088920074338	-1.08798553461889	-1.52011888980921	-0.987902076061904	-0.0372866016466737	-2.5660874449919	-1.32437431268312	-1.76374097246696	0.911596031228945	-5.13103680245344	1.03227800158121	-2.29782345839722	0.930420116474581	1.38663447045884	-0.196562869322745	-1.69704959796829	-5.13103680245344	0.258034927363065	-2.29782345839722	-0.59843730930018	-3.18512665339812	-1.12370361722096	-1.46747515632379	0.258034927363065	-0.840577361305045	0.665020948311936	-3.52159889001934	-0.620177295936586	-0.620177295936586	-2.73314152965507	-1.76374097246696	-2.93381222511722	-1.63452924098696	-3.18512665339812	1.69659243204942	0.80649940262899	-1.08798553461889	-0.439688920224292	0.337023338681695	0.353760131037219	-0.535916952318846	0.60230447444431	0.64040432067658	-2.5660874449919	-2.73314152965507	-0.59843730930018	0.689046127898925	1.72437199615649	-1.41746473574913	-0.577159910852895
S1A5075	4.02795755589089	1.08371173878802	2.21125913831558	2.06843249264756	0.96294259777735	1.958415657749	0.858271975213461	-2.81917878307685	1.35240736453907	3.34604806742941	1.86211033873445	0.250986085259909	0.275987387465325	3.76974769445667	0.0559255026885239	2.18720506216204	2.04204207222188	0.250986085259909	0.53549858295041	1.54565545105666	-0.525726173646079	1.97961251495913	2.01058844285343	1.95994471003468	-0.123323855068461	2.40607901260168	0.898818069607811	0.987483706693467	-0.173648938955976	1.62133114497212	0.216647947679017	1.11975167527122	-0.186636134482788	-1.2467821423231	0.0456161330296627	3.08071857050564	2.67463060345488	1.36078730184582	1.75177632246672	0.18108864564253	0.643712167590643	0.339754005824315	1.6612524124161	-0.0409243233013941	-0.621954205740633	-2.38386071181901	2.36107141654424	2.09012825888952	2.00622162368709	1.26450307340121	0.52912913466493	0.730960933305423	1.312344782387	-0.822624901202784	0.626470361156137	0.771887361014641	-0.123323855068461	0.18108864564253	-0.341876732674071	-0.254229425615316	-1.3252537577646	-1.92123718987089	-0.0754104993725626	-1.606156143231	1.70753834017334	1.85534784466215	-0.0409243233013941	0.469901300464597	2.02357563838024	1.84340231012458	1.51989290212663	-0.899585942338912	1.08003526405871	0.835015113049194	0.603008874477139	1.18484314085196	-0.111128581974643	1.31526023634713	0.53549858295041	0.844382863052794	-0.544245221413317	0.308378883256561	0.816012165923579	0.300378840589484	0.435415124393428	-0.706214549358373	1.47624961239473	0.924963349712134	-1.17402278804067	-0.404889700502805	-1.99819823100702	1.43061431768811	0.987483706693467	0.572886115022031	0.761811709025899	1.95381442263728	0.620656391290717	0.995532039876296	1.43836629449242	0.52912913466493	-0.472141927511973	1.7270131523543	-0.472141927511973	-0.954394178833907	-0.341876732674071	0.449352632237209	-0.404889700502805	-1.55351240974558	-2.81917878307685	-0.372886969416632	-0.472141927511973	-0.899585942338912	-0.601953539033963	-1.4104115661049	-0.326724927653469	-0.525726173646079	-1.50350198917091	-1.50350198917091	-1.99819823100702	0.751633504110143	0.292314280752755	-0.847626203408201	-0.186636134482788	0.18108864564253	-1.10620019170191	0.15356397225244	-0.64236307737184	-0.0990802434584674	-1.36692645416516	-1.4104115661049	-0.029688250034468	-1.50350198917091	-1.78308685139008	-2.1725516181518	-1.606156143231	1.35520848681878	-0.982967551277963	-1.20974087064275	0.199026346329197	-0.621954205740633	0.649394001058074	0.476658082927477	-1.01238143648426	-1.01238143648426	-0.525726173646079	-0.199794219060299	1.47624961239473	-1.07393932948369	0.490036208873653	-0.341876732674071	-1.36692645416516	-2.1725516181518	-1.72056649440874	-2.38386071181901	-0.798233448078625	-1.2467821423231	-2.1725516181518	-2.50902385477301	0.666248332613056	-0.472141927511973	1.77594106705774	-3.60763614344112	0.554367067254793	-0.0409243233013941	-1.1395366119695	-2.38386071181901	-1.72056649440874	-0.454900121077467	-0.706214549358373	-0.621954205740633	-2.81917878307685	-1.50350198917091	0.0456161330296627	-0.326724927653469	-0.899585942338912	-0.582345067645587	-1.78308685139008	-0.421283510278482	0.463098553141845	-1.72056649440874	-0.123323855068461	-5.21707405587522	-1.84977822588875	-3.27116390681991	1.88871207360605	1.32683778968957	-0.926614614726831	-0.254229425615316	0.603008874477139	-0.954394178833907	-0.357261651513551	-0.0409243233013941	-0.507543854562889	-2.1725516181518	-1.66172599438581	-1.10620019170191	-0.873268634021539	2.0560185401243	-1.606156143231	-1.07393932948369
S1B07	5.1158846724243	0.912433373647359	3.11656048054635	3.02288267362909	2.14230174110286	1.94483185699878	2.25152721553345	-0.0640762182198511	-0.228625605268007	4.50906936932775	1.83957412154558	1.15155252883445	1.72883201621208	4.95448163237074	1.87193285985275	2.07151748407049	2.20698262112742	0.168676192200996	1.15969921340226	-0.529950454123575	0.982637632320608	3.4023060273795	3.17824670042017	2.81512223907819	0.922769382978021	-1.48546189915101	0.492579528087095	-0.486933069039885	-0.023530123825501	1.89358724928813	0.773320571184641	1.15155252883445	-0.646360805967987	-0.486933069039885	0.575961137026146	4.42347471180268	4.03702706152266	2.23505463990611	-1.1089843279161	1.21109392252546	1.801873321598	-0.621969352843827	0.927897599344941	1.20335694002331	0.987468559590273	-1.19066235893037	3.73705375398074	3.33089492402721	2.88036276094659	2.26101238149751	1.99533853311011	0.531344071537339	1.44382527499483	-0.806703456043166	1.41909449373711	-0.486933069039885	1.13089063677049	1.40649590190079	0.546438697759824	0.211463467406205	-0.245019415043684	-0.866422690744788	-0.697004538786741	0.065135513260155	3.10502965229642	0.242393768097563	-0.228625605268007	1.14333893029706	0.597544708693321	0.96800322480217	0.531344071537339	-0.671362108173404	-0.386849610482902	1.73341392571719	0.348261769176076	1.4619800852752	0.912433373647359	-0.897675234248893	-0.0779653303805183	-1.54430239917395	0.135339771933404	-2.84358538330421	-0.598158704150109	0.652922178162274	0.0280942415798062	0.938075804260697	0.0771838517763301	0.476642935824282	0.0890887542826482	-1.54430239917395	-0.0503773738616893	2.17516504201104	0.401607749881368	1.84776249892494	2.06004194830362	1.52022070525615	1.94852530533413	1.35110715275218	0.604636937002812	0.0154358447078833	0.311048172835641	-0.261686467528896	0.686037786946772	-5.04080996064043	1.02529812946332	-0.997758692805875	-1.1489896625298	-0.897675234248893	-5.04080996064043	0.112481633857354	-0.963272516734706	0.718091813236855	0.484642978491359	-0.866422690744788	-0.508210467487169	-0.367981126178519	-0.997758692805875	0.135339771933404	-1.37724831451078	-1.27960984494686	0.987468559590273	-0.228625605268007	-5.04080996064043	-0.212496223338124	-2.09637098147398	-1.7449730946361	-1.82193413577222	-1.03347677540795	-0.671362108173404	-0.929936096467114	-0.023530123825501	-0.0920500702622569	-1.48546189915101	-0.963272516734706	-0.466098982137042	2.05342488528433	-1.48546189915101	-0.646360805967987	-1.996287522917	-0.897675234248893	-1.7449730946361	0.692531316257321	-2.20759661658421	-0.529950454123575	-1.1489896625298	-1.54430239917395	-2.33275975953822	0.211463467406205	-0.897675234248893	-0.671362108173404	0.100853595862235	-3.09489981158511	-5.04080996064043	-1.37724831451078	-1.60682275615528	-1.37724831451078	-2.09637098147398	-1.48546189915101	-0.466098982137042	0.452251482700123	0.0890887542826482	-2.47586060317889	0.200937054419217	0.953151466666144	0.831307828834991	-2.47586060317889	-0.023530123825501	-0.1208290348123	-1.67351413065395	-1.7449730946361	-2.84358538330421	-2.09637098147398	-1.7449730946361	0.963077106466114	-0.574901841985842	-0.01037203924799	-1.67351413065395	-0.0368636546949661	-1.90531574471128	-3.43137204820632	-1.27960984494686	-0.866422690744788	-2.09637098147398	-1.1089843279161	0.842512427847853	-1.90531574471128	-0.697004538786741	0.938075804260697	-1.1489896625298	0.864551887414145	-0.106336027509734	-1.23414747087011	-5.04080996064043	-2.64291468784205	-1.27960984494686	0.0405944043440378	-2.64291468784205	0.97778325385581	-1.48546189915101	0.211463467406205
S1B2230	3.72806469584918	1.3094963877026	1.9328297519291	1.34482881661691	0.841688149020301	1.39375673132034	0.941771607577283	-0.803467846015879	-1.59192520638015	3.41689025099912	2.21473728339017	0.726891081542479	0.828846881071976	3.63000186521607	2.42854445675769	0.712476417540294	0.978602966108427	1.16578058516792	0.854366607280071	1.21308670256486	0.0740648755588724	2.41209671754867	1.93603831083147	1.67244531527475	2.41209671754867	1.82431005264655	0.127589355974576	1.65844928554742	0.984150830546144	1.46121797438718	0.792658721779982	-0.286052412570833	0.0532307886560304	0.30610345644195	1.00603952933558	3.07920294739974	2.70300740326075	0.572442205798295	1.0510206569748	1.19308603585819	0.964597134919507	1.16347111531926	0.841688149020301	0.779167792038966	-0.0501823067174003	0.529791818447925	2.43375110698405	2.05186178409008	1.63130476179667	1.06896985680478	0.584890499324863	1.13533326836033	0.208884098367824	-0.517854026628157	0.338277813469806	0.664139870979003	-0.568820470220185	-0.0347379842899267	0.986913263242054	-0.622524649192046	-1.83805827591906	-1.55620712377807	-1.70743809350199	-1.08839888509577	1.66687038794383	2.57572614133047	2.20335967183005	1.85372393785284	-0.964529403382985	0.409554793829975	0.87617432509147	0.30610345644195	1.08909632233414	-0.787074036240202	0.031953390208745	0.33298679583539	0.584890499324863	0.272859397862796	0.701527403050624	0.22674171576783	0.38467788907457	1.37334785968913	0.989668085920899	-0.131198250477489	-0.247400258136554	-0.708909263390867	-0.0501823067174003	-0.679277465784495	-0.964529403382985	-0.708909263390867	-1.6289664780605	0.812559876097277	1.87778008070708	0.448113787433658	0.851212030531556	-1.55620712377807	0.593104097862252	1.14950115587906	-1.55620712377807	1.31149239634932	-0.389772238771199	0.134082885285125	-2.04391033012321	0.255813530589807	0.232624085670897	0.146944798927533	-0.295953483553545	-1.59192520638015	-0.770944654310319	0.060223824147001	-0.1831579894082	-1.25545296975894	-0.85432626324937	0.031953390208745	-0.787074036240202	-1.45612366522109	-0.926429557150714	-1.45612366522109	-0.368149774758034	0.885376844022631	-0.755071305154029	0.404628675493919	1.8641046539074	-0.210186661796119	-0.0195285656263984	-0.114461458121966	0.0740648755588724	0.272859397862796	-0.568820470220185	-0.679277465784495	-1.66743275888829	-1.9883404789684	-1.55620712377807	-1.66743275888829	-1.59192520638015	-1.7925959018423	1.22402773074307	0.38467788907457	1.04061744221392	1.02214726015151	-0.295953483553545	-0.724061068411468	0.70884004989691	-2.65481941244618	-0.389772238771199	-0.434472417689106	-1.30879895046423	1.53881464243173	-2.23196256162615	-0.608825804833884	-0.106196948272072	-0.770944654310319	0.0175127060539513	-0.469359676689547	-3.20136311881425	-1.83805827591906	-2.38038256674442	-1.66743275888829	-0.139672877468461	-1.55620712377807	-0.346984963565991	-0.0658689028851001	-1.88568632490831	-1.6289664780605	-3.98982047917852	-1.7925959018423	-0.505508190805858	-0.837084456814864	-1.20480923694018	-1.02454741310924	-0.87187057290028	-0.889728190300286	2.2418413738095	-0.608825804833884	-0.679277465784495	-0.87187057290028	0.601250782430069	-0.964529403382985	0.369449168372745	-2.30342152560829	-0.368149774758034	-2.5547359538892	-2.89120819051041	-2.16527118712747	1.99713391245158	1.202024642859	1.73572348725919	-1.88568632490831	-0.316054662874632	-0.276248412474212	-0.295953483553545	-2.16527118712747	-0.256924139647809	-0.469359676689547	-0.984137874771361	-2.7660450475564	-1.36515188701536	-0.517854026628157	0.031953390208745	-5.59925839161262
S1B3040	4.58204253914943	2.55078975750435	2.60791615033851	1.16737309621207	1.65022486793565	1.45332954269638	1.70272310984114	2.52628444725652	-2.71074835754039	4.10817570773513	2.23485446628501	0.0687608075439599	1.38174263603238	4.47084358707147	0.825368342021132	-0.235144100414708	-0.617513493728223	1.08598849242995	0.785759203926085	0.135452182042632	1.46021425147388	2.97547341926113	2.70040153950417	2.4270089439952	3.4747741599867	1.40012550663292	1.72928509640784	1.18559683516852	1.49394426185057	0.365026623687132	0.543065518689087	0.395331973182461	-2.0747595908204	2.16105049170165	-0.19844273356428	3.90203911309656	3.59125993116263	-1.47398573039147	0.844599703949019	2.22532302001945	1.17652647819856	1.63881247588391	-1.68909711000841	0.122464986515821	0.751509280883007	2.34549744780791	3.27542443512182	2.78322716264625	2.31968956385204	1.76532503289104	1.54879672069555	-1.29705502223239	0.434361317088197	1.14881107835201	0.918027172503836	0.197972539023966	0.499198836583505	0.929757512289326	-0.21662505264747	2.09418301952701	0.751509280883007	-0.937681021324492	-2.34302357741508	-1.10131044510629	2.60355171351425	2.65262822789194	2.6337101650055	3.10271860425369	-2.34302357741508	0.772199674140453	1.00282370916391	2.12465132615139	0.122464986515821	-3.29853502244251	1.22107727518393	0.805759870632754	0.61748000425517	-0.465321678386298	1.0189530910938	0.301513217964807	-0.0957885795041964	0.221925780046459	-0.864921667042064	0.233690621626046	0.245318659621165	0.122464986515821	-0.864921667042064	-0.354096043276074	-0.797099070703303	-1.54067710489014	-0.419336565144474	1.49725552315423	1.49725552315423	1.34006993963181	1.49394426185057	-1.77247871894746	1.36301549698169	-0.21662505264747	-1.3526248733872	0.375230793861374	0.221925780046459	-2.71074835754039	-1.19440086817231	1.28029118820598	0.471924418663845	0.601415401751363	1.44986933163149	-1.3526248733872	0.694145886003087	0.333774080183028	-1.3526248733872	0.0265009982540771	-0.19844273356428	-0.538525082409593	-2.0747595908204	-0.900639749644143	-0.590484821340304	-0.900639749644143	-1.24441128874697	1.35160852918831	-1.47398573039147	1.4394162747794	0.935571482154746	0.723238846944751	-0.0176238066548606	-0.864921667042064	0.0265009982540771	0.825368342021132	-2.51007766207824	0.0265009982540771	-1.24441128874697	-1.77247871894746	-0.0327756116754623	-1.47398573039147	-1.01615263676599	-2.51007766207824	2.71224183569784	1.14881107835201	1.30061709122001	1.19904995286564	-2.51007766207824	-2.9620627858213	-0.733585664980977	-0.900639749644143	-1.77247871894746	-0.673866430279355	-4.90797293487661	-0.976147302152289	-0.442064816222031	-0.513523780204176	0.443885198599452	-0.0327756116754623	-1.24441128874697	0.551612579267545	-2.51007766207824	0.601415401751363	-0.489132327080017	-0.292852418035355	-0.375373441723359	-3.29853502244251	-2.9620627858213	1.06583667699265	-4.90797293487661	-1.96353395571017	1.82423777159059	-0.489132327080017	-1.96353395571017	-0.937681021324492	-1.68909711000841	-1.3526248733872	-1.86345049715319	-1.19440086817231	2.36789166566992	-1.05782533316656	-2.34302357741508	-1.41146537341013	0.723238846944751	-0.703280315485648	-2.34302357741508	-4.90797293487661	-0.0327756116754623	-1.77247871894746	-4.90797293487661	-1.54067710489014	-0.900639749644143	0.61748000425517	2.65988967058727	-0.112182389279873	-4.90797293487661	-0.976147302152289	-1.47398573039147	-1.77247871894746	-1.3526248733872	0.0687608075439599	-4.90797293487661	-2.9620627858213	1.31658549439875	-4.90797293487661	2.12465132615139	-4.90797293487661
S1B6575	3.63885576917925	2.13906822324175	1.6286147617428	1.890621180438	1.07664409386563	1.56921032542972	0.820239418591953	0.4686217515334	-1.98416534883249	3.59060751422526	2.34156456959893	0.526274602960677	0.62742458608216	3.51173016187189	0.394742011721191	0.197614906076258	0.279750603002404	0.873097250456398	0.474538928561488	0.705322834409663	1.00984129875403	2.26087565834878	1.78978394353153	1.4933543003893	3.18886242998613	1.56128164167421	1.70039444413693	0.728472016276628	1.2619230395606	0.622348433050299	1.36392220751572	-0.28255697659873	-0.957012024146523	1.5829360311096	0.073488838662441	2.98156876092395	2.7715035364151	-0.152964147553136	1.17503368075183	1.5770766393457	0.509325044646904	1.67229777591948	-0.431480252990837	0.73303823425621	-0.099187750772332	2.27656994811137	2.25293516997738	1.77221160638565	1.45868127129618	0.900442704346927	0.586075026263464	0.125002373112549	0.407440595058318	0.0376105509975391	-0.321023257426527	0.542941655445889	-0.0382551997771747	-0.099187750772332	-0.347514872873503	0.737583696627884	-0.120352561964375	-0.98201332635194	-1.91747397433382	-1.63788911211465	1.50815372483524	2.58197720880853	2.80762747584895	2.38876834594422	-1.45964088070833	0.0191768493087006	1.13926235568355	2.24593514139383	0.401111460006671	-1.08878130177765	0.642500248487607	-0.0887709899140763	0.286893490514784	1.24295228093082	0.768836240131988	0.888814666351808	1.48479809845811	0.676817341411737	-0.152964147553136	-0.0887709899140763	-0.0784616202552151	-1.06100173767057	-0.361028592040226	-1.27392373491324	-1.1173546742217	-1.5013135771089	-2.40702219965252	1.06363578035263	1.75923494415987	0.586075026263464	0.591338196307739	-1.5013135771089	0.450657196558101	-0.209797622316302	-1.68789953268932	0.53741677951392	-0.0481562707598862	-0.641930977506628	-2.05562431281463	1.41357779796158	0.0284361747214978	0.723884852269722	0.73303823425621	-2.13258535395076	0.773222212075243	-0.00912692685415095	-0.736340661977702	-0.660113296589818	-0.678632344357056	-0.908809922328645	-1.20832645242743	-1.45964088070833	-0.47626385561781	-0.932620571022364	1.32183678894869	0.927060245346882	-0.446186400380532	1.42504581355322	0.934536915689903	-0.321023257426527	-0.0887709899140763	-0.697500828661438	0.00983098689046358	0.31496550929347	-1.1173546742217	0.055710592641157	-1.34412799358649	-1.5902610631254	-1.68789953268932	-1.1173546742217	-2.30693874109554	-1.34412799358649	1.11778913797681	1.31676706959844	1.6705152442532	0.807634209672972	-1.30840991098441	-1.54479868904864	0.157927157809016	-0.957012024146523	-1.5013135771089	-0.446186400380532	-2.13258535395076	-1.38116926526684	-2.05562431281463	-0.431480252990837	0.173991760312822	-0.840601672302112	-0.209797622316302	0.0284361747214978	-0.0284511996805534	0.000396954657104764	-0.932620571022364	-0.461112050597208	-0.932620571022364	-1.45964088070833	-1.68789953268932	1.83468312570336	-1.91747397433382	-1.98416534883249	-3.74202326638486	0.141600264521586	-1.30840991098441	-0.678632344357056	-1.79611311732955	-1.30840991098441	-1.06100173767057	-1.74054326617474	2.56022934188938	-2.95356590602059	-1.91747397433382	-1.17707390892332	-0.00912692685415095	-1.27392373491324	-0.716732190589326	-2.40702219965252	-0.431480252990837	-3.74202326638486	-3.40555102976365	-2.95356590602059	0.426191144403695	1.46088391535852	2.25094015684686	-0.885553060164378	-1.63788911211465	-1.17707390892332	-0.589287244021206	-2.05562431281463	-0.624073360106621	-0.555670633222221	-1.74054326617474	-2.05562431281463	1.12397153788513	-1.34412799358649	1.65251295790372	-2.40702219965252
S2A1727	3.60566540428666	1.79163329944948	2.28819173921665	1.68139396578908	0.888765587907467	1.74976229265283	0.674205780284649	-1.33643284147116	-1.81928461319474	3.65717893873677	2.37506130240756	1.27332401119632	0.651150003984723	3.4257410933266	0.520529821567658	0.165277690294849	0.533731333426195	1.70606119799087	0.621562046799227	2.04108205554744	0.734997976462599	2.38746456219098	2.05836110315579	1.87561118910534	2.54491158606447	2.88213574953356	0.451774226152529	2.70960016543427	1.35444955600869	1.42142018211487	1.03797798609414	0.116724464877858	-1.17924725794875	-0.675720936664367	0.951146610905017	2.92864152938111	2.76392199162763	0.603379727716036	1.9530798927837	2.04831797713361	0.756218931945484	1.73013457717239	1.28576585131968	0.656963973850143	0.247141560373023	0.707822391083633	2.26291756220163	1.75750676504831	1.54801121679173	1.10313512772778	0.679887613752079	0.6453020341023	1.47399470665847	0.627550088643849	-0.296231314959464	0.202491286635284	-0.767739835384619	-0.237820552803049	-0.237820552803049	0.393149382805005	-1.57566253053699	-2.24214146401478	-0.952473938583958	-1.81928461319474	1.5116876109342	2.85804583658612	2.60700636019037	2.62417767334814	-2.14205800545779	0.520529821567658	1.60800613769528	0.527152362328152	1.73211477583925	-0.441648314817967	1.15729999094511	0.229519959023203	1.33109082973106	1.04193056040997	0.527152362328152	0.437437063006121	-0.22373581292131	1.72417034478072	0.533731333426195	-0.532620093023694	-0.169300606366293	-0.817132590714196	0.627550088643849	0.220591328278902	-0.044916886678557	-0.281305664742788	-1.89074357717689	1.21864801484962	1.4023460343523	0.415538377698484	0.584860679948799	-0.869092329644907	0.51386313020947	1.83717851155723	-1.81928461319474	0.906989326863918	0.59724473914852	0.264458010384484	-1.89074357717689	-0.923900566139902	0.0229057096602041	0.116724464877858	0.902464432265629	-2.353367099125	0.281479697953914	0.184057584946445	0.255837267340576	-0.792131288508779	-1.33643284147116	-0.374396087808799	-0.358266705878916	-2.62163108571968	-1.42538032748765	-1.17924725794875	-2.24214146401478	0.756218931945484	-0.358266705878916	0.370247618518321	-0.611869464677834	0.591071880041439	1.39405869410373	-0.591460593046627	0.836867149779816	-0.0566817282581438	-0.842775021327533	0.033775381897108	-0.842775021327533	-2.353367099125	-0.495232560952073	-0.551851454951581	-1.6312323816918	-2.14205800545779	1.14314046234148	0.553212468998017	0.422891352003743	1.17472203439178	-0.044916886678557	-0.281305664742788	-0.611869464677834	-5.18658044318122	-0.817132590714196	-0.632703551580676	-1.81928461319474	-2.78868517038285	0.377939964141476	-0.390789897584476	-0.513751608719311	0.354683101977209	-0.130334637832909	-0.266599517353092	-2.47853024207901	-3.57714253074712	-1.57566253053699	-1.42538032748765	-1.04344571678968	-0.952473938583958	-2.78868517038285	0.822232742261378	0.193316910359242	-2.47853024207901	-5.18658044318122	-1.2162885296291	-1.75259323869607	-0.424406508383461	-0.743929186690901	-0.653980950027961	0.116724464877858	-0.441648314817967	2.6693517565374	-0.080634969280637	0.951146610905017	-0.632703551580676	-0.156142521788782	-0.374396087808799	-0.407456950069688	-3.2406702941259	-1.47300837647691	-3.57714253074712	-2.62163108571968	-5.18658044318122	2.11254101952958	2.05693253148426	1.50674322508873	-0.513751608719311	-0.675720936664367	-1.6312323816918	0.106724381543275	-1.29476014507059	-2.05108622725207	0.0864191153825296	-1.96770461831302	-5.18658044318122	0.884157284821272	-1.81928461319474	-0.743929186690901	-5.18658044318122
S2A3545	4.30815249510583	1.15569001442479	2.32631283906917	0.93054446043991	1.50352600969632	1.78525821334187	1.48066787162027	-2.33762265614517	-1.78555407384513	3.87519436557212	1.09636454833998	0.606816323021273	0.842621755582597	4.27872431835197	1.78866247194867	0.377420580448013	0.398110973705459	0.806983240135238	0.820496959301961	1.36302933419404	1.05476409583483	2.84504755003477	2.41732777094513	2.22288043308456	1.74347667932691	1.25317963570205	-0.554673816599268	0.918447538731082	0.716874926635075	0.0697964981644583	0.617835718270883	0.483129467473236	-1.27472845007914	-0.251623713919173	-0.628101285154085	3.7092517008622	3.36141172201496	0.219196575233119	1.64647618285306	1.56700464732185	0.721825431794931	0.305187023088641	0.398110973705459	1.33667734820561	0.464141555228545	-0.863221027515011	2.92014680112484	2.59533555104168	2.18816250058836	1.48297734146893	1.19951549396482	0.820496959301961	0.0212432727474674	-0.278115329366149	0.711899791994961	0.451279641586138	0.404913721028212	0.885454855576733	-0.33330174493344	0.0112431894128839	-2.23753919758819	-1.72671357382219	-1.91476580532513	-0.816153516657025	2.27749786069609	1.84643431036843	2.22067657544324	2.22177911138734	-1.10767436541597	0.988926796546691	0.802437777763563	0.185998505823523	1.67353097308469	1.25896836387829	1.27896903058496	0.470511003514025	0.965981239196821	0.988926796546691	0.910300854163264	0.0112431894128839	0.538021295040753	0.655474569770818	0.676363057718174	0.125110136148511	0.125110136148511	0.507898535585645	-1.20452419140589	-0.964573521775298	-0.537129506948358	-0.964573521775298	-0.728184743711068	1.30686484222191	1.63068118518157	1.17784281906593	1.2415006708379	-0.647332647081972	1.11319996280384	0.696824129589514	-2.33762265614517	0.78404645479214	-0.319217005051701	-0.839410378821292	0.451279641586138	-0.793425265579468	0.267014449583612	-0.213157433091377	-0.176116161411028	-1.10767436541597	0.0885763928160541	0.457731276867626	0.116101066206145	-0.519887700513852	-0.251623713919173	-1.20452419140589	-2.06318581044341	-1.5684895686073	-1.27472845007914	-1.1711877711383	-0.686941785177018	1.09975438209449	-1.07736901592064	-0.0193714464067227	0.793284395777076	-0.406864312110456	-0.437874548853017	-0.938256213457924	-0.502938142200079	-0.572531433999274	-0.749462142158352	-0.572531433999274	-0.502938142200079	0.142888382169795	-1.47539914554129	-1.01938175827029	-1.10767436541597	0.444786112275589	0.0311443437301788	0.391261631859884	0.134038766892812	0.811508134733527	-0.10591190273778	-0.816153516657025	-0.0193714464067227	-3.67262372287751	-0.519887700513852	-0.793425265579468	-2.88416636251324	-1.01938175827029	-2.23753919758819	-1.27472845007914	-0.238636518392362	-1.04795513071435	-0.291629048532872	-0.628101285154085	-1.23901036747706	-2.33762265614517	-1.39024133720098	-1.23901036747706	0.00114209342638016	-0.793425265579468	-1.47539914554129	0.650183552136403	-1.47539914554129	-1.61849998918196	-1.84807443082646	-0.278115329366149	-0.609232800849702	-0.33330174493344	-1.27472845007914	-1.20452419140589	-2.33762265614517	-0.707350656808226	1.63860986893707	-1.04795513071435	-0.46987727993919	-0.46987727993919	0.251327853415912	-0.88761248063917	-1.20452419140589	-3.33615148625629	-1.98622476930728	-2.23753919758819	-2.5740114342094	-2.88416636251324	1.32323628563659	0.0212432727474674	0.612341198953242	-0.140398078808948	-1.72671357382219	-2.06318581044341	0.227326701316369	-1.13892690892008	-0.749462142158352	-0.590713753082464	-2.33762265614517	-0.707350656808226	-0.88761248063917	-1.61849998918196	0.227326701316369	-0.537129506948358
S2A5060	4.22315850892531	2.04754975631822	2.39659589346601	1.03881515384297	1.53270659610389	1.70074548669921	1.31708273386353	-1.17351545092426	-2.16813802606832	4.07242656522443	1.7563989446513	0.772394698131054	1.30106408470789	4.15827643549509	1.96554595071381	0.188514288196	-0.382570527088188	1.49732115383752	1.01760223720378	0.937942304654535	0.752631209012214	2.7042280381634	2.33782550983632	2.12028992631641	2.42248237890504	1.62693493000733	0.0124886598588603	1.72065426064466	1.03881515384297	0.872850839073791	0.651917233410384	0.435922461509841	-1.65731240230233	0.57865794160973	0.181472005570587	3.59728525688938	3.26687701144658	0.152796205593921	1.26105875009419	1.8916662109016	0.787928991093238	0.84047391034933	0.504732667912715	0.51996138861454	0.489268442215134	0.262872855514546	2.93375885930626	2.42698182406627	1.95839880891417	1.48779727232626	1.14940932630691	0.597482026855366	0.504732667912715	-0.112116758596584	0.592809121155974	0.362025215307799	0.262872855514546	0.573896027849487	-0.276589086231896	0.669423150923998	-1.38643744816693	-1.35310102789934	-1.53214925934833	-1.17351545092426	2.16210786599973	2.25870262439535	2.41038393265723	2.65542369753964	-2.09667906208618	0.84412354943688	1.04777043757208	1.05073779879988	1.89930469489039	0.275818020106583	0.847759917080264	0.457603527571165	1.10269753773059	0.391097030129776	0.756615278027089	0.46295113389776	0.202451796039782	0.934620042462557	-0.084077538532191	0.216197716944417	0.115754933913571	-0.276589086231896	-1.14648677853634	-0.684851398961121	-0.998066773418067	-0.848854375231391	-1.20129501503134	1.1653883613648	2.03212245310331	1.08281051868787	1.21938605369362	-0.754444690760317	1.04777043757208	1.15476409144457	-2.24509906720445	0.872850839073791	-0.222227877013008	-0.810014541915127	-0.772627009843507	0.123273766327599	0.209348375098842	-0.150768913030864	0.504732667912715	-1.70277477637909	0.597482026855366	0.569111329726151	-0.112116758596584	-0.131256098807282	-0.604162487710979	-0.35802941817207	-3.26675031473643	-1.90862683058324	-0.772627009843507	-1.20129501503134	-0.719042763709401	1.07126637894101	-1.09452703960563	-0.299188918149136	1.09422291073962	-0.190975333508904	0.615958303022939	-0.515215001694482	0.569111329726151	-0.32231133556999	-0.407729086724342	-0.754444690760317	-0.791146057610745	-1.28958762217701	-0.754444690760317	-1.28958762217701	-1.17351545092426	-0.73658707336031	0.494449800957131	0.814546532093193	0.736534281970039	0.690883201943767	-0.604162487710979	-0.868855041938061	0.494449800957131	-2.3284806761435	-1.12016947021897	-0.35802941817207	-3.85453697963855	-2.51953591290621	-3.06607961927428	-0.791146057610745	-0.501130261812744	-0.91009800047211	-0.558700113634221	-0.446695055257726	-1.45664170684018	-2.16813802606832	-0.701800957274894	-1.02132363558233	-0.604162487710979	-1.28958762217701	-2.89902553461111	0.115754933913571	-1.800413245943	-1.90862683058324	-2.3284806761435	-0.668184346475909	-0.543993966244526	-0.558700113634221	-1.32084016568112	-1.28958762217701	-1.12016947021897	-0.131256098807282	2.38104952516883	-0.473542305293915	-0.0302528885184108	-0.772627009843507	0.489268442215134	-0.701800957274894	-1.61382729036259	-2.24509906720445	-1.04513428427605	-5.46397489207265	-5.46397489207265	-2.75592469097044	0.825740678836347	0.872850839073791	1.88910702844278	-0.588777568871499	-2.41945245434923	-1.57215459396202	-0.180771163334662	-1.96746733060617	-0.446695055257726	-0.407729086724342	-1.32084016568112	-2.89902553461111	-0.91009800047211	-2.51953591290621	0.559472700888382	-1.4209236242381
S2A515	3.574738876523	1.8962319050281	1.99413612000948	1.88142900314681	0.789422849155817	1.6044598473248	0.646322005515144	-1.50089215124641	0.350056189371971	3.42900913937584	1.97771784076252	0.779497209355847	0.294924118677255	3.46976767339495	0.623266229215218	0.961403052155038	0.940393876065695	1.73921999291981	0.668858170537556	2.0737801830694	0.569360964379015	2.06001534082315	1.93152024976366	1.32944762761407	2.28827399280413	1.93466738060668	-0.418673672353981	2.44612124375253	0.936138550495556	0.990093544617968	0.717780969497288	-0.108518744050143	-1.99558839308252	-0.870658796097039	1.01404678564046	2.87409758732551	2.74236290413939	0.183698483567031	1.21686686398276	0.465708391066345	0.127870034014088	0.657653571524693	0.936138550495556	0.058535340613024	0.623266229215218	-0.619344367816133	2.15008279630492	1.78950991877196	1.51296750690013	0.851643872153026	0.380247161651116	1.09727059120219	0.779497209355847	-0.504934016638389	-0.184026296558288	1.14337804855738	-0.452290283152966	-0.265704327572554	-0.324115089728969	0.270332715539932	-1.2441723043986	-2.50641401684851	-1.71795665648424	-1.65911615646131	1.31203064162007	2.11659608726791	2.21742769885708	2.92088273095598	0.380247161651116	0.674413740382159	1.03743966521517	0.395007577234237	1.13642149876402	-0.0270784121099679	-0.0845655030276493	0.387654602928978	0.888094376662846	0.575495952946531	0.372784440449527	-0.237730475530149	0.569360964379015	1.21364105473387	0.832907961095556	-0.184026296558288	-0.896976104414412	-0.870658796097039	-0.0964704055339674	0.0482259709541628	-0.924004776802331	-1.04007694805509	-2.07897000202157	1.0451172461142	1.9747035204696	0.813814302279976	0.380247161651116	0.302988678513985	0.505847558656689	1.84084862538903	-1.50089215124641	0.550726884834122	-0.12071401714396	0.479267920851977	-2.50641401684851	-0.795623610154125	-0.210517912005264	-0.237730475530149	0.278597225389825	-0.820015063278284	0.342363843748815	-0.265704327572554	0.00589160712760251	-0.725827848218583	-1.4078017281804	-0.0845655030276493	-0.324115089728969	-2.1699417802273	-0.845016365483701	-0.924004776802331	-1.84716838796425	-0.184026296558288	-0.294483292122598	0.0272827971089198	-3.26855406889541	0.569360964379015	0.640607704251704	0.423890451383024	0.53173897258943	-0.980357713353463	-0.402279862578305	0.423890451383024	-1.136926774045	-1.45326410225716	-0.354651813589051	-1.36431661624066	-2.1699417802273	-0.370277131492132	1.11525668757197	0.837624950973694	0.53810842087491	0.96555243570185	0.563188105271934	-0.0496782440272083	0.617418259332794	-1.6035463053065	-0.599343701109463	-0.579735229721087	-1.07132949155919	-2.27002523878428	-0.418673672353981	-1.10359035377741	-0.541635383488817	0.0272827971089198	-1.04007694805509	-0.13305985296626	-1.84716838796425	-3.0172396406145	-2.27002523878428	-1.6035463053065	-1.78047701346558	-0.0728006614480625	-0.541635383488817	-0.12071401714396	-0.487076399238382	-1.36431661624066	-2.81656894515235	-0.184026296558288	0.707114201693093	-0.820015063278284	-0.523116335721579	-0.309189439512293	-1.17141295011617	-1.17141295011617	2.15639594858599	0.357689814227042	1.24544023642681	-1.07132949155919	0.0888406901083529	-1.07132949155919	0.623266229215218	-2.38125087389451	-1.07132949155919	-3.26855406889541	-1.55090257182108	-3.26855406889541	2.3968834994529	1.16735179945538	-0.469532089587473	-0.748556099296139	-0.599343701109463	-0.386150480648421	0.201636184253697	-1.04007694805509	-3.0172396406145	-0.251619587690816	-1.136926774045	-3.60502630551662	-3.0172396406145	0.261999333980788	-1.99558839308252	-0.820015063278284
S2B07	4.3911033755652	3.11987421169985	2.32965318244808	1.40096326861521	1.38955630082183	2.1818304597128	1.25465822765111	-0.695637893347455	3.15777768512722	3.84454238759339	2.66313364421247	1.87167553140896	1.02437767102176	4.24984330556902	1.84535822309159	2.49452185101255	1.78541518712456	-1.20646351711345	0.863316113654654	1.20532086784559	-0.125093034879842	2.68221212431771	2.23903697244408	1.88574375874116	-0.0909016701315624	0.402974395320655	1.32641896455143	1.66811466052458	-0.665332543852126	0.789457052516529	0.944105368581974	0.74674593442348	-1.20646351711345	-1.43603795875795	-0.404117044588508	3.52183153686185	3.21976401254623	0.283266431254687	1.88107630569367	0.092819467016815	1.05155325640072	0.247968649173663	2.00830130504823	0.671238381915335	-1.92558618407665	-2.03681181918688	2.71627114390963	2.58063563296845	2.79056029846016	1.4912773143299	1.16784575667905	-1.50272933325662	1.71061397404186	0.0499557625850331	1.73256272894624	0.59803497789204	0.271638393259568	0.433279744815984	-0.792487719337372	-0.759151299069781	0.328471868022734	-2.30507580578156	-0.404117044588508	-1.20646351711345	2.17138650055172	1.34658093784177	0.472309088721719	0.955974944137358	2.77057866315054	1.32233732623178	1.4912773143299	-0.826973895408542	1.39717538529827	1.84049794620934	0.472309088721719	2.02464487619039	0.092819467016815	0.913800019086645	-2.92411501418778	0.888876610634188	-0.316148271642551	-0.759151299069781	0.961857314040425	0.837085101505783	1.12393626406348	0.0787347271350765	1.04617689936434	1.72712053864356	-1.15645309653878	0.382248264803538	-0.862691978010621	1.31412372769439	0.59803497789204	0.739446631941868	1.28057760520319	-0.759151299069781	1.38572487851027	1.64764610966918	1.29749132764525	0.59803497789204	-1.92558618407665	1.48781710326501	-1.50272933325662	-4.87002516324309	0.614771770247563	-2.47212989044472	1.25027225570786	-1.37351760177661	-4.87002516324309	-0.337425670089836	-1.37351760177661	-0.160494961930758	-0.635918658645832	0.120407423535644	0.830418410147595	0.932093212133971	-4.87002516324309	-0.359165656726242	-2.92411501418778	0.614771770247563	1.2007125647594	-1.37351760177661	-1.25910725059887	1.14856805125314	-0.665332543852126	-1.57418829723876	0.235920310657488	-2.92411501418778	0.173399953676155	-0.635918658645832	-0.160494961930758	-0.938199530518766	-1.06336267347277	-1.50272933325662	-0.89973324969097	0.901415959886924	0.655427775888692	-4.87002516324309	-2.16197496214088	0.147254673571832	2.33412412879285	-0.862691978010621	-0.50057731077607	1.64468752762944	-0.475576008570653	-4.87002516324309	0.371721851816551	-0.50057731077607	0.882547475582541	-0.792487719337372	-1.50272933325662	-1.82550272551967	-1.37351760177661	-4.87002516324309	-0.404117044588508	0.186220642105217	-0.665332543852126	-2.47212989044472	0.00517215995806009	-3.26058725080899	1.92007207227081	-2.47212989044472	1.01885279508979	1.2099080318525	-0.695637893347455	-2.47212989044472	-3.26058725080899	-0.89973324969097	0.0499557625850331	-0.0909016701315624	-4.87002516324309	-0.381388793510952	-2.67280058590687	0.837085101505783	-2.16197496214088	-1.73453094731394	-4.87002516324309	-4.87002516324309	0.306124569330737	-1.20646351711345	-2.16197496214088	-2.16197496214088	-0.759151299069781	-2.67280058590687	1.93569739017389	1.49472559360882	-2.16197496214088	1.29749132764525	1.19143175568492	0.739446631941868	0.655427775888692	-1.37351760177661	-1.10882504754953	-3.26058725080899	0.0352496151953376	0.979299616703767	-2.67280058590687	2.05064634100559	-1.31467710175368	1.50840102040849
S2B1522	3.81646595023889	3.15963021355195	2.04484624378248	1.26978194075465	0.802929725089716	1.54192059526965	1.07038573965014	-1.66608555736165	1.69560278129588	3.35512425950246	1.61156898955949	0.825555124607695	0.537127061819192	3.65163690119607	3.53121619511253	1.55062576449698	1.30640575215289	1.93455326330793	0.506821712323863	0.731809715436722	0.500648853216783	2.35685008967589	1.6709335986091	1.36287236382066	1.99470023688149	2.66072830525423	0.272072614889346	2.24431451019337	1.11825812810958	0.779780543222751	0.264260075152553	0.898863800099887	0.959366120197831	-1.56343140330157	1.21977152017999	2.88836016246811	2.63322023709147	1.02378232465737	2.29085913545801	1.36548333136138	0.423440103384813	0.971039404502555	0.130168301454245	-0.246565548613439	-0.907555617538852	-1.30671155645375	2.16782980388632	1.91668234838924	1.4694086585675	0.915359019468998	0.354208311815492	-0.024730041959244	1.00526327689013	-0.1471047550828	0.389423218106558	-0.328243579627705	0.28751693731682	-0.0785064387400478	-0.907555617538852	-0.642274481776238	-3.07977889266965	-2.8791081972075	-1.10261620011024	-1.72165540851646	1.32829445094233	2.58125071218016	1.53753942725408	0.793734257996616	-1.07231085061491	1.64957356321685	2.08754354424977	-0.959515356469563	1.24361765755282	0.182582044138285	0.701882294895248	0.660532735076552	0.691704089979492	1.4063574757604	-0.123711875508095	1.14461879780064	0.53113901997457	1.16394307062705	0.611874488327008	0.191056671129258	0.199460081925637	-0.328243579627705	-0.135339913503214	-0.233578353086627	0.182582044138285	-0.171057996105294	-1.2696702847734	0.622893883576618	1.7679016471235	0.272072614889346	0.572321309940985	-1.34517783728155	0.332468325179086	0.821070812160366	-1.56343140330157	0.272072614889346	-0.314158839745967	1.44321668512942	-2.05812764513767	-0.604174635543968	0.065330781958937	0.102893883534586	0.600732311773765	-1.13386874361434	-0.604174635543968	-0.481212924409133	-0.38665434178412	-0.642274481776238	-1.04289696540861	0.0163013547186184	0.102893883534586	-1.38518317189525	-0.464819114633456	-1.84301626552073	-2.23248103228245	0.207793463484781	0.51295670089138	0.302726355980348	-1.07231085061491	-0.371728691567444	-0.112217496082359	0.0263014380532018	0.139096932198546	-0.788367100273734	-1.56343140330157	0.46278944217336	-1.42685586829582	-2.71205411254434	-1.9097076400194	-0.858162862209276	-2.56895326890366	-1.42685586829582	0.856394572990775	-2.44379012594966	0.423440103384813	0.812041405440972	0.121159231511879	-0.208099267785642	0.606318918482405	-1.66608555736165	-0.100853737432045	-0.464819114633456	-0.642274481776238	0.633793174034653	-0.56747326869354	0.686575873612573	-0.233578353086627	-1.72165540851646	0.130168301454245	-0.112217496082359	-5.27700347000587	-3.33109332095056	-5.27700347000587	-0.195599105021411	0.701882294895248	-2.44379012594966	-1.30671155645375	0.112068259810627	-0.549615651293533	-1.78049590853939	-2.23248103228245	-1.66608555736165	1.81723137591888	-2.44379012594966	-0.681883619871284	-0.497879976894344	-0.661882953164614	-0.56747326869354	1.83042200410483	-0.62304311984835	1.44803017216097	-0.464819114633456	0.325115350873827	-0.246565548613439	-0.0143132811009883	-1.78049590853939	-2.8791081972075	-2.33256449083943	-2.33256449083943	-2.56895326890366	1.77311905026319	1.96793807633113	-1.01432359296456	-0.58565558777673	0.51295670089138	-0.661882953164614	0.272072614889346	-1.78049590853939	-0.25972363319095	-1.16612960583256	-1.78049590853939	-0.549615651293533	-0.286570883227138	-1.23395220217132	-2.8791081972075	-1.72165540851646
S2B3040	3.78300554651488	3.50972151105812	1.95602300465914	1.51381556617541	1.11723011944188	2.11296335490217	0.998081096647542	-0.711070349249153	-0.00346508551397751	3.63676175477866	1.35246871663662	0.591736867603638	0.846563151996084	4.08808450583293	4.78358796456527	0.0791506800026145	0.796238068108568	1.82355067919181	0.0523633640389649	-0.0625956087407999	0.672793877017447	2.46657886850982	1.91331679061831	1.78429917264679	2.67084853957901	2.00856299294269	0.817515466555853	1.85088723335556	0.909950704274578	0.770092788004246	0.354644235911898	1.13271030472978	0.752274944687452	0.00605879599727821	0.354644235911898	3.34517907970912	2.91080800714737	-0.204135780976128	1.82969037614543	1.68858859243671	1.30188903608454	0.770092788004246	-0.600867209115538	-0.192507742981009	0.015492828230637	-1.0019939156251	2.53915360828103	1.9627434600604	1.74177436807918	1.06929762169281	0.804803430967491	-0.517485600176487	0.607443996808996	0.667915818564014	-0.147302306212962	-0.315361416086353	0.122260803656343	0.00605879599727821	-0.600867209115538	0.821717153409553	-0.95135018280635	-1.20266461108726	-1.20266461108726	-1.68223769134914	1.82355067919181	2.11065521769742	2.71474070905985	1.27826589032111	-2.04996247147446	1.31988438030362	0.921401211062574	1.15097565270707	0.299647560164449	-0.730678820637529	0.015492828230637	0.406773301346845	0.015492828230637	0.497745079552572	0.503525442468071	1.18944193353487	0.575779082165027	0.444160833418465	0.431852985743868	-0.470602014277636	-0.550008791882047	-0.328519500663864	-0.355366750700052	-0.485986933117116	-0.711070349249153	-0.791922445878248	-1.30274806964424	0.667915818564014	1.53663813351906	0.987480290660902	1.06272945358071	-1.14110671808782	1.00158987217722	0.256319483400913	-1.37550742392667	-0.382954707218881	-0.425818411650663	0.285412444342577	-2.04996247147446	-1.20266461108726	0.241449320921461	0.526318451996628	0.983921568043908	-1.49565173576873	1.12654695702211	-0.485986933117116	-0.181013363555274	-0.813199844325533	-0.636269136166455	-0.730678820637529	-0.926958729682191	-0.857162967746648	-0.328519500663864	-1.11169283288153	-1.33846615224632	0.909950704274578	-0.879891218824205	0.658087729627751	-0.239853863578208	-0.125443512400463	1.40996958450547	-1.08311946043747	0.0791506800026145	-1.37550742392667	-3.73636142504469	1.06929762169281	-1.23492547330548	-1.84929177601231	-3.14857476014257	-1.23492547330548	-1.17141206758315	-1.37550742392667	0.825901259932126	-0.517485600176487	0.980350135676311	0.341176018861032	-1.17141206758315	-0.315361416086353	1.06929762169281	-1.0019939156251	-1.0019939156251	-0.566675844367259	-2.30127689975537	1.85983583893158	-1.0553398963304	-0.328519500663864	0.0613724339813304	-1.63222727077448	-0.264394972494325	-0.470602014277636	-2.51258599342257	-2.63774913637658	-1.37550742392667	-0.369065595058214	1.16296979949289	-1.33846615224632	-1.79045127598937	2.05359874585257	-0.654451455249645	-1.73488142483456	-2.12692351261059	-0.636269136166455	-0.125443512400463	-2.63774913637658	-0.618411518766448	-1.53913684770847	-0.583625402681032	-1.0553398963304	2.15914273091738	-1.02831122394248	-0.28955353213048	-1.26826189357307	-0.53361498210637	-1.08311946043747	-1.37550742392667	-2.63774913637658	-2.21030512154964	-2.30127689975537	-2.94790406468042	-2.63774913637658	-0.158413531638034	1.59828787075074	0.187590151248732	0.0613724339813304	-0.976351485011767	-1.53913684770847	-0.28955353213048	-2.12692351261059	-0.976351485011767	-1.68223769134914	-2.21030512154964	-1.63222727077448	0.724938390523701	-1.73488142483456	-0.0130805442134196	-1.17141206758315
S2B5565	4.31968149505766	1.55620199884056	2.39229400463069	1.74603557127324	1.32562055847042	1.70386858663765	1.35275400598482	-1.61099059207578	-1.53953162809363	3.98179134922077	1.74086091548322	1.3295421321236	1.09210910386658	4.21653789988167	1.82299661240937	0.355862730824779	0.223071256842967	1.57780777755515	0.162076744140125	-0.795953593906795	0.626562030647414	2.56225642684113	2.48889415052194	2.54034090151993	3.12097539029021	2.60906162713502	0.234836098422554	2.09350700219512	1.0359719170466	0.883132712817147	0.998534389974465	0.0419324322980623	-0.395967951563256	0.211166354336649	0.29166957318572	3.6688233029077	3.28988494913296	0.246464136417673	2.15536417420645	1.78152725586666	0.695291362799595	1.78897145897839	0.73152721125364	-0.0626403716215149	0.302658694761315	-0.161895329716856	2.91039532742806	2.41237500068774	2.13107850536708	1.32168354551108	1.24377531036617	-0.672720953482846	1.14054472096617	-1.10016496830979	0.759599230032326	0.366172100483641	0.386477366644386	0.552758056064053	0.110452378734818	1.01475096156371	-1.61099059207578	-3.29738954564601	-1.53953162809363	-0.644147581038791	2.19895867140117	2.40305402774468	2.46024960180091	1.84427401085665	-2.07361411402389	0.82651381881764	0.895290917296957	0.672902367906116	1.55620199884056	-1.14562734238654	-0.732440188184469	0.500344313380013	1.16851857300858	1.42645217005958	1.01475096156371	0.806905347429263	0.672902367906116	0.463810570047556	0.313528366998219	0.518122559401297	-1.24326581195046	0.186922742726656	0.123610463312329	-0.27209846985047	-1.61099059207578	-0.00155267964167649	-0.512378303407667	0.738619439563132	1.61379366947859	1.0200985678903	1.17767195499507	-4.90682745808011	1.1262587637187	1.0359719170466	-1.77133324215096	0.0836051286986299	0.269322274493723	0.491335243437647	-2.1987772569779	0.0836051286986299	-0.0626403716215149	-0.00155267964167649	0.806905347429263	-1.24326581195046	0.86461366504991	0.345445969966524	-0.00155267964167649	-0.0946431027076882	-0.732440188184469	-0.0626403716215149	-0.795953593906795	-1.47284025359496	-0.2339986236182	-0.829290014174386	-0.863776190245556	1.45792329877181	-0.0316301348789541	1.10198572736249	1.13580537560228	0.695291362799595	0.687883921521733	-0.563022036226422	0.345445969966524	-0.863776190245556	-0.179439639367765	0.500344313380013	-1.61099059207578	-2.70960288074389	-0.672720953482846	-1.10016496830979	-0.936535544527984	-2.96091730902479	0.895290917296957	1.0359719170466	0.687883921521733	0.650000603619432	-0.487986850283508	-0.311707607945516	-0.252867107922583	-0.863776190245556	-0.829290014174386	-0.644147581038791	-2.50893218528174	-1.68795163321191	-0.179439639367765	-0.563022036226422	-0.672720953482846	-0.440919339425522	0.0276464750505854	-0.863776190245556	-0.732440188184469	-1.77133324215096	-1.24326581195046	-0.487986850283508	-0.418191088347966	-1.77133324215096	-4.90682745808011	1.52127781460449	-1.24326581195046	-4.90682745808011	-4.90682745808011	-0.795953593906795	-1.29590954543588	-0.732440188184469	-0.616368016931715	-0.763692731688574	0.626562030647414	-0.537379605613085	2.69056886213269	-0.644147581038791	0.482244271736395	-0.440919339425522	-0.215479575850962	-0.215479575850962	-1.47284025359496	-4.90682745808011	-2.96091730902479	-2.34187810061857	-4.90682745808011	-2.70960288074389	1.22657058491654	1.93798802112816	1.16391026992238	-0.863776190245556	-1.01500715996948	-0.563022036226422	-0.0785137207778046	-1.86230502035668	-0.352950566479565	-1.68795163321191	-2.70960288074389	-4.90682745808011	1.11176575641613	-4.90682745808011	0.687883921521733	-4.90682745808011
S3A07	5.31895339226424	0.459257565193442	3.28536923714804	0.86221326169618	2.40086200253754	2.53398878257309	2.25226938273796	-1.7230413619261	1.63036535589971	4.69445315724315	1.2892202135791	1.59718695720239	1.97082563369887	5.19512618740334	3.71706487689331	0.930200602681114	1.35886860786894	0.572854742917147	0.767405468237514	0.488889362799813	-1.86614220556678	3.46359928739731	3.18124527413943	3.18223341651233	0.948805790512148	2.05354367260694	0.586188273786612	1.39490854435214	-0.767529916898666	0.278438638284022	0.930200602681114	0.63781263919192	1.3403495601017	-0.196985058431052	1.82465847872506	4.6933640697907	4.19925172632058	0.260256319200832	2.6812358816826	1.19292594315903	1.42969466043755	-1.5978782189721	0.313840565334938	-0.46079964947619	0.222868787129212	-2.485181413973	3.93318352196321	3.54171922109309	2.93345545122733	2.27454753183169	2.08065376661642	-0.46079964947619	-2.23386698569209	-1.5978782189721	1.78949860707143	-0.624429073257992	1.73222324100633	1.40079091425521	0.559341023750424	-0.256704293132675	-1.38656912530489	-0.423758377795841	-0.934584001561832	0.44410576017284	3.2463088674865	1.87700687848122	1.57279550407823	0.650312801956151	0.222868787129212	3.60838835607214	0.930200602681114	-2.23386698569209	0.831598625876574	-0.320217698855001	0.0348165556262718	1.57279550407823	1.18567953463826	1.15615709537194	-0.423758377795841	2.51876489197246	0.545642179392262	0.0115596934620048	0.852112165709677	0.911242688936499	0.66265863777845	0.778394589813109	-0.320217698855001	-0.287956836636779	-1.21221573816011	0.164028287106278	0.0115596934620048	0.872213345030764	1.7406090343826	1.84742986113753	2.12141632400628	-0.767529916898666	2.10993843616159	0.767405468237514	0.559341023750424	0.381092792344106	-1.86614220556678	2.64640649054092	-4.43109156302831	-0.669891447334749	1.18567953463826	0.278438638284022	-1.13525469702398	-1.86614220556678	-4.43109156302831	-0.767529916898666	-0.423758377795841	0.488889362799813	0.572854742917147	-0.256704293132675	-0.388040295193762	-0.997104358543166	-0.499265930303986	0.0115596934620048	-0.717519496324004	-0.14063212187992	0.531753067231595	0.488889362799813	-0.669891447334749	-0.499265930303986	-1.21221573816011	-1.5978782189721	1.27601870172056	-4.43109156302831	-0.113603449492001	0.42872084133336	-0.46079964947619	-1.48665258386187	-1.13525469702398	-0.423758377795841	-0.320217698855001	-0.0616437105612904	1.24223170414318	-4.43109156302831	1.43537649390498	-1.86614220556678	0.260256319200832	0.599346358364123	-0.353554119122592	-2.485181413973	0.572854742917147	-1.06379573304184	0.222868787129212	-1.06379573304184	0.184028953812948	-0.196985058431052	-1.7230413619261	-4.43109156302831	-0.580943961318253	-1.7230413619261	-2.485181413973	-4.43109156302831	-2.23386698569209	-1.21221573816011	0.331082371769444	-4.43109156302831	0.184028953812948	-0.539271264917685	-1.86614220556678	-0.196985058431052	-1.21221573816011	-4.43109156302831	-0.353554119122592	-4.43109156302831	-1.29559734709916	-0.875743501538898	-2.485181413973	-0.499265930303986	-0.113603449492001	-2.23386698569209	-1.48665258386187	-4.43109156302831	-1.86614220556678	-0.423758377795841	0.517668327349857	-1.48665258386187	-2.23386698569209	-1.13525469702398	-1.29559734709916	-1.86614220556678	-0.997104358543166	1.51170781209839	-2.82165365059421	-0.997104358543166	1.43537649390498	-4.43109156302831	0.44410576017284	-1.5978782189721	-0.353554119122592	-4.43109156302831	-1.7230413619261	-0.539271264917685	-0.820173650384088	0.241737271433594	-4.43109156302831	0.531753067231595
S3A1522	5.00553089952076	-1.84581681488527	3.01994091019916	0.204354344494448	2.17540548250786	2.31426746982003	2.03970424979736	-1.46632719318037	-0.855418110857398	4.42662468319789	1.11468676678497	1.33543701819334	1.88265310649967	4.93104096237168	1.93311426177952	0.754019801576703	-1.46632719318037	1.510812247297	0.351407762450945	0.351407762450945	1.86399584889513	3.31632831243303	3.19661525329298	2.90445221740616	3.6863557585719	3.37620083026806	4.39565789151106	2.08600881783905	1.41523393503364	0.43342091411178	2.55620096626717	0.537993718031357	-0.518945874236185	1.95742101400368	0.262062662115095	4.48855526181315	4.044338826756	-1.19189034747861	2.69337792064072	1.99115102438037	1.72696088173942	1.86022225951149	-2.21354159501059	0.593180133598648	1.35442493043803	1.40931675800555	3.67840950649075	3.19163516331901	2.90045221207282	2.1615163703472	2.10394651852572	-2.80132825991271	0.031885084143505	-1.7027159712446	1.22044560947455	-0.914258610880331	1.30296663316256	1.22758849698693	-0.0669607504931276	0.892538735712264	2.75858384432379	-0.403432987114341	-1.84581681488527	-0.206073552955846	2.91240454559666	2.33799337514487	2.84553106734387	1.76925048130576	-2.4648560232915	3.78208096224605	2.67178239700849	2.06466654435728	-0.44047425879469	-2.80132825991271	1.34813560153047	1.09049203819792	0.645479633001497	-0.176659667749552	1.31608157524039	1.83727670216162	-0.206073552955846	1.24172300792184	-2.4648560232915	1.03165153817498	-0.560618570636753	0.742525422150968	-1.46632719318037	-0.2998923081735	-1.11492930634248	-4.41076617234681	-0.148086295305496	0.754019801576703	-0.518945874236185	1.96084567488505	1.99115102438037	-4.41076617234681	1.68280359769832	0.44904623201486	-1.46632719318037	0.204354344494448	1.57819524454305	0.334165956016439	-0.267631445955279	-0.148086295305496	0.820342444507775	2.81106965294164	0.593180133598648	1.00533422985761	1.35442493043803	0.100093334170039	-0.649566056653249	0.809589652731514	0.368357320764718	-0.333228728441092	-1.19189034747861	-0.697194105642504	0.670638192637651	-0.0932780588105011	-0.604103682576492	0.00807443544978614	-2.01287089954844	1.9878287621884	1.03165153817498	0.537993718031357	-2.21354159501059	-0.560618570636753	-0.518945874236185	-1.36624373462339	-2.4648560232915	0.143110719253729	-2.01287089954844	-4.41076617234681	-0.976778967861665	-1.27527195641766	-1.04347034236034	-4.41076617234681	4.97529065737119	-4.41076617234681	2.26000014849906	-4.41076617234681	-2.01287089954844	-0.206073552955846	-1.7027159712446	-1.36624373462339	-1.7027159712446	0.316621646365529	-4.41076617234681	-0.367714904512261	1.24871604341281	-0.236378902451174	0.223962815882824	-2.4648560232915	0.031885084143505	-0.176659667749552	-1.84581681488527	1.66457985874187	-4.41076617234681	0.055141946307772	0.809589652731514	-4.41076617234681	-4.41076617234681	2.65825725423145	-1.11492930634248	-4.41076617234681	-4.41076617234681	-0.12030673119842	-2.4648560232915	1.04027228121889	-0.0932780588105011	0.0778701973853284	-0.855418110857398	0.479582955874942	2.83844888476758	-4.41076617234681	-4.41076617234681	-4.41076617234681	0.334165956016439	0.707227640069944	-2.21354159501059	-1.19189034747861	-1.7027159712446	3.54044098412616	-4.41076617234681	-2.01287089954844	-4.41076617234681	1.76925048130576	-4.41076617234681	-2.21354159501059	-1.46632719318037	-2.4648560232915	-4.41076617234681	-4.41076617234681	-4.41076617234681	-0.0669607504931276	-4.41076617234681	-1.11492930634248	3.58924792133126	-4.41076617234681	2.67178239700849	-4.41076617234681
S3A3040	4.28854200300613	-0.269385014368704	2.21048891216469	0.0213045791470319	1.6014899487437	2.52185400600549	1.44517242083135	-0.974653555460994	0.644493171100067	3.73091362877555	1.31566144494124	1.71700283586554	1.13185730818706	4.25096197931031	3.02555899443345	-0.0731051053240424	-1.07730770952108	0.355199494753945	-0.177366115648452	0.0391621965470388	2.06287584677146	2.67885143771571	2.36881135953259	2.01985846168777	1.59777247234356	2.50395643654794	3.40278941954523	1.6935903952408	1.37323129676271	-0.756399989440976	1.50003850091729	-0.222317503510718	1.02550718334407	2.09961936014428	0.476560351758212	3.66527147658015	3.34931756295339	-1.13287756067589	2.3461623077502	1.42766650331773	0.991946986851766	0.380678580054929	-1.4693497972971	-0.545090895773769	0.510271409100524	0.542882994689285	2.96479479163889	2.5233311111485	2.14588311664854	1.51228355187739	1.3400528980654	-3.0787877097312	-0.513838352269665	-1.85501227810909	0.876294785157392	-0.344420200311618	0.921246173019658	0.574464566739584	-0.71793370861318	0.663632511310765	2.49791868235702	-1.07730770952108	-0.71793370861318	-0.680892436932831	2.16084066046816	1.40081925328154	2.71361595657853	0.762812831400399	-1.07730770952108	3.36788403737976	2.02957907285839	2.09283200377088	-0.344420200311618	-0.344420200311618	0.957221275477936	0.393178742819161	0.202123506056452	0.00312226006384186	0.762812831400399	2.38758324181308	0.0391621965470388	0.845163866562218	-0.577351757991991	0.0739483126324543	0.217049156273128	-0.577351757991991	-1.07730770952108	-0.425545745123987	-0.92702550647174	-1.13287756067589	-0.974653555460994	1.19509676632298	0.615079285893774	1.24931058291712	1.25980936701534	-1.39238875616097	0.804835821175246	0.0739483126324543	-0.454119117568042	-0.796405324054675	1.66266009454944	1.58653639907664	-1.55273140623615	-0.0534966339356662	0.368020183183007	2.23441826931059	0.355199494753945	0.942986159656063	1.61987281934423	-0.454119117568042	-1.02466397603566	-0.0342652720077785	-0.483533002774336	-0.756399989440976	-0.610688178259582	-1.32092979217883	0.417719851735278	-1.02466397603566	-0.370737508628991	-0.0534966339356662	0.0213045791470319	1.75908024037591	-0.756399989440976	-0.545090895773769	-0.222317503510718	0.564047805881328	-0.454119117568042	-0.838078020455243	-1.98017542106309	-1.19171806069882	-0.756399989440976	-0.370737508628991	-1.98017542106309	-2.29033034936693	-1.4693497972971	-1.25423841768016	0.499160183675453	-4.6882256221653	1.52838047891956	-4.6882256221653	-0.425545745123987	-0.199589252433162	-0.881563132394982	-0.0342652720077785	-0.645174354330752	0.673066543544123	-0.756399989440976	-0.397766181016911	0.553521392894341	-0.483533002774336	-0.454119117568042	-4.6882256221653	-0.0931057720307118	-0.199589252433162	-0.318777769698281	0.906485757436537	-1.98017542106309	-0.796405324054675	1.25980936701534	-4.6882256221653	-1.64370318444188	2.58486697383422	-2.12327626470377	-1.19171806069882	-2.29033034936693	-0.425545745123987	-0.838078020455243	0.429768190251453	-0.513838352269665	-1.64370318444188	-4.6882256221653	-0.370737508628991	3.03533685011267	-1.74378664299886	-4.6882256221653	-4.6882256221653	0.302206964613434	-0.680892436932831	-0.92702550647174	-1.74378664299886	-2.29033034936693	-2.49100104482908	-1.98017542106309	-4.6882256221653	-1.39238875616097	1.67996156418519	-4.6882256221653	-1.19171806069882	-0.0342652720077785	-4.6882256221653	-0.838078020455243	-1.4693497972971	-2.29033034936693	0.123958733207116	-2.74231547310999	-0.71793370861318	2.67632139209034	-1.19171806069882	2.01496249107556	-0.796405324054675
S3A6070	5.38995325322368	-3.36104643767502	3.89666123948502	0.445616052095299	3.00370431917689	3.52752602189034	2.8985350263899	0.249871474969203	-3.36104643767502	4.93774195677418	-0.225552221745871	3.99969346538326	2.45903649267734	5.15394433018602	1.49876596668665	0.570779195049305	-1.1638218603388	-1.41513628861971	1.05779417012158	-3.36104643767502	3.45129865650246	4.1613537937121	3.98431840274185	3.90228317980182	1.6562333991399	0.609245475877101	4.55794605049022	1.05779417012158	1.57342749545567	-3.36104643767502	3.7045669259227	1.25407407916624	-1.1638218603388	2.96510303548008	1.03340271699742	5.58259026823457	5.0262658328867	-3.36104643767502	0.74982742649829	1.75694737474173	1.40112749712274	-3.36104643767502	-3.36104643767502	-0.225552221745871	2.26297106851232	-0.96315116487665	4.90022171290263	3.32730827627174	4.09771625470594	3.43800942438377	3.23609926421163	-3.36104643767502	2.0550539645294	-3.36104643767502	1.68237867924423	0.135461123791459	1.2929139124825	1.46726729962728	0.716491006230699	1.58771345270315	4.04566429250262	-3.36104643767502	-3.36104643767502	-0.652996236572811	4.10917769822495	0.530773860435606	2.7938116563414	1.74489903622556	-3.36104643767502	1.91195312088873	5.25780040746772	3.22512521717965	-3.36104643767502	-3.36104643767502	2.70969129032747	2.12375049581563	1.05779417012158	-1.41513628861971	0.92941300347337	2.93606288225891	-3.36104643767502	1.79224515682276	-1.1638218603388	1.60179819258489	-3.36104643767502	1.49876596668665	-1.75160852524092	0.00624939231145305	-3.36104643767502	-3.36104643767502	0.716491006230699	3.18286540788977	1.70785776454521	3.01397838215308	2.83946273636767	-3.36104643767502	2.2186833883112	0.901633439366294	0.249871474969203	-3.36104643767502	3.11438627902907	-3.36104643767502	0.249871474969203	1.10486168097956	2.35926533893239	3.13572855251084	1.36634138103732	1.05779417012158	2.65754677682121	0.873060066922239	-0.96315116487665	1.75694737474173	1.57342749545567	0.74982742649829	-3.36104643767502	0.194301623814393	-0.96315116487665	0.873060066922239	-0.96315116487665	-0.652996236572811	-3.36104643767502	2.53335639658983	-3.36104643767502	-3.36104643767502	1.0816048188153	0.716491006230699	-3.36104643767502	-1.41513628861971	-3.36104643767502	-1.75160852524092	0.302515208454625	-0.96315116487665	-0.96315116487665	-0.41660745850858	0.445616052095299	-3.36104643767502	2.08999201589068	-3.36104643767502	1.21366454082836	-3.36104643767502	-3.36104643767502	-3.36104643767502	-1.75160852524092	-0.065209571670692	-1.41513628861971	1.17155305547823	-3.36104643767502	0.135461123791459	-0.14217061280682	-3.36104643767502	-1.1638218603388	-3.36104643767502	-0.796097080213484	-0.41660745850858	-1.1638218603388	-3.36104643767502	-0.652996236572811	0.64628674755745	0.956441675861289	-3.36104643767502	-3.36104643767502	2.39152620115061	-0.527833093618805	-3.36104643767502	1.52930269054673	1.008401414792	-3.36104643767502	1.51415088552613	-0.796097080213484	-0.316523999951598	-3.36104643767502	-3.36104643767502	4.21197081837752	-3.36104643767502	-1.75160852524092	-3.36104643767502	0.716491006230699	0.901633439366294	-3.36104643767502	-0.96315116487665	-3.36104643767502	0.249871474969203	-3.36104643767502	0.00624939231145305	-3.36104643767502	0.609245475877101	-3.36104643767502	-3.36104643767502	-3.36104643767502	-3.36104643767502	-3.36104643767502	-3.36104643767502	-3.36104643767502	0.901633439366294	-3.36104643767502	-0.316523999951598	3.51315205777827	-3.36104643767502	3.69080918528087	-1.41513628861971
S3B2030	4.21437480034921	2.37654448535123	2.37364873043197	1.73550954086297	1.35221227106599	1.53117248015724	1.36819130612388	-0.607211597156047	-2.21664950959015	4.06757348904123	2.44992930452659	0.0811623046512402	1.30830947310073	4.14875671635528	0.63323088695128	-0.341191021485446	-0.482048454202041	1.76080447575859	1.04327685510841	0.264280991818214	0.570710529969946	2.5014241012265	2.58698113888595	1.99935065077628	3.00627701099128	1.98519613278889	0.558910983038791	2.52413323522629	1.39940320252612	0.63323088695128	0.959418222786169	0.318557878672651	-1.2538387620811	0.867878262746975	0.478620964865663	3.51576669786142	3.24617290804785	0.0618380318248377	1.55117314686391	1.55337094994639	0.752543208729231	1.08621726234244	0.552958584511495	0.885157310355327	0.384274950329667	0.231889496026978	2.85703510209221	2.35412639251224	2.14675237524603	1.44935116213886	1.15392501185802	0.163778070167832	0.752543208729231	-0.626442959083935	0.660406472330245	0.702407396304876	0.0118276112501761	0.39131723295508	-0.569824065084427	1.24461211281466	-1.70582388582416	-1.41102434560351	-1.76466438584709	-0.998492070272255	2.19759074506739	2.91886877617659	3.00061273220118	2.64316289477152	-2.69622258985203	0.697252745716211	1.34952409740419	1.98662063445428	1.9635814584544	-1.70582388582416	0.528788223583683	0.686863041867075	1.11725423633802	0.827872928133275	0.885157310355327	0.49772982656371	-0.686460968810188	1.41212602045408	0.145999824146548	0.27221754141395	-0.312412056935402	0.118725406226889	0.0220317814244178	-0.0850222147397419	-1.82718474282842	-0.626442959083935	-1.15029808314026	1.39169108203978	1.97660624460987	0.854720178169464	1.03593737262036	-0.970712506165179	1.14074524941361	1.6867651213014	-2.55312174621136	0.72276433337362	-0.143178134896815	-0.551641746001237	-1.76466438584709	1.11725423633802	0.362845558873768	-0.243892110498646	1.13742298722164	-1.45450945754325	0.136990754204183	-0.0194249322539282	-0.0963859733900563	-0.131273232390497	-0.686460968810188	-0.0737861414728158	-2.12567773138442	-2.31673296814713	-0.0963859733900563	-0.891724094846549	-0.891724094846549	0.906344543574771	-0.41698486085498	1.48288723899778	1.02109479958244	0.412151319857922	0.692071386974214	0.0715468459517981	0.558910983038791	0.109466080814092	-0.607211597156047	0.491400691512062	-0.432858210011269	-1.8938761173271	0.0520340317282164	-0.917366525459887	-1.36935164920294	-5.26117194731357	1.37346141054812	0.845850940428684	0.405254740798862	1.02482614719529	-1.96533508130924	-2.21664950959015	0.248216389314407	-5.26117194731357	-1.21812067947902	-0.516239818950321	-5.26117194731357	-1.96533508130924	-1.41102434560351	-0.53378412860123	0.516480375909086	0.12789978250293	-0.626442959083935	-0.498998012515814	0.0118276112501761	-0.750312440796721	-1.70582388582416	-0.179767582329108	-1.82718474282842	-1.02706544271631	-2.69622258985203	0.136990754204183	-0.970712506165179	-2.55312174621136	-3.65173403487947	-0.795263828658987	-0.626442959083935	-0.795263828658987	-2.12567773138442	-1.15029808314026	-0.772535577581431	-0.326698014182879	2.7620527374031	0.0220317814244178	-0.0850222147397419	-0.70729505571303	0.0220317814244178	-0.53378412860123	-1.18363450340785	-2.12567773138442	-1.96533508130924	-2.21664950959015	-3.06394736997735	-5.26117194731357	0.902142856721071	1.41968273147664	1.69442066108273	-0.11950839081091	-2.8632766745152	-1.76466438584709	0.118725406226889	-1.0564793279226	-1.11803722092204	-0.341191021485446	-1.96533508130924	-2.8632766745152	-1.49997183162001	-5.26117194731357	0.588152832633289	-5.26117194731357
S3B3545	4.43776606453957	1.66745667125249	2.50734084983184	1.62423265591998	1.54776229192815	1.63156765213155	1.61188682009768	-1.78311859131655	-2.13451647815444	4.41377802517347	2.08731051681276	0.523163363558822	1.69298009851872	4.32291395220017	0.919981104625804	-0.0616756205059552	-0.84484895272362	1.78275588315985	0.523163363558822	-0.406126622858973	0.74704465005957	3.11995898766611	2.54321913749674	2.29064526320553	3.05286932768632	1.83775956303273	-0.46383494047962	2.31799314530013	1.22183033734236	0.523163363558822	0.884623886297567	0.438497439143828	-0.250641720018578	0.798780324458759	0.51575592228096	3.84410276222485	3.39093646097735	0.253763335944489	1.32627300070996	1.58161969251881	0.826406390733691	1.19203297453742	0.0147947434858828	0.853289730127131	0.552256324500486	-0.188606329099126	3.10276499780723	2.71792488546264	2.28305509393885	1.58672826046153	1.32957333373862	0.30094189621958	0.968416721725399	-0.761467343784569	0.752927019962637	0.0971942752529493	1.86320124837859	0.679946316556401	-0.116110827060973	1.09691181278488	-0.636304200830563	-1.31775534162732	-1.5824478958544	-0.568095950804029	2.45634124512321	2.86020336063592	2.47642648691939	2.03500065224516	-2.51400609985934	0.973133711603538	1.27193025939386	2.50530936106818	1.88989492102107	-0.84484895272362	0.523163363558822	0.204248271417109	1.07590263669554	0.826406390733691	0.405841476169775	0.899930307580243	-0.203758134119727	1.11340703215399	-1.10866354376876	0.641356319286532	-0.387607575091736	-0.130195566942711	-0.369425256008546	-0.203758134119727	-2.68106018452251	-0.761467343784569	-0.684506302648441	1.4298136796508	2.0119543647591	1.36199108331204	1.84368843415501	-1.78311859131655	1.04572793357333	1.56873291624245	-2.24574211326466	0.735175074504187	-0.116110827060973	-0.904568187425242	-2.03443301959746	-0.010051255100648	0.477872604378659	0.0147947434858828	1.15349255922964	-1.10866354376876	-0.102221714900305	0.224349450738196	0.454434031406641	0.224349450738196	0.00244890766358363	-1.27229296755056	-5.07895545732088	-2.03443301959746	0.244054521817529	-0.568095950804029	-0.406126622858973	1.00097773777471	-0.0750091513754203	2.2362629324321	1.35879619241552	0.446497481810905	0.363462253200914	-0.234768370862288	0.345994560160523	0.837246605286555	-1.10866354376876	0.272902676155187	-0.935820730929347	-2.88173087998466	-0.0227096519725709	-1.18713515921025	-0.709507604853858	-2.88173087998466	1.01911882484536	1.05877159676535	0.673617181504754	0.996390573767805	-1.36538339061657	-2.13451647815444	0.253763335944489	-2.68106018452251	-1.94346124139173	-0.525078565720339	-5.07895545732088	-2.13451647815444	-1.10866354376876	-0.525078565720339	0.430432879307098	-0.334023328957629	-0.406126622858973	-0.904568187425242	-0.968081593147568	-1.94346124139173	-5.07895545732088	-0.424995107163356	-1.27229296755056	-1.00141801341516	-3.46951754488678	0.647892290266317	-0.816275580279564	-2.68106018452251	-5.07895545732088	-1.31775534162732	-0.904568187425242	-0.613047338666296	-0.816275580279564	-1.27229296755056	-1.10866354376876	-0.250641720018578	2.80373674896815	0.0743361371768998	-0.568095950804029	-0.904568187425242	-0.144481524190188	-0.266771101948462	-2.24574211326466	-5.07895545732088	-1.41539381119123	-1.78311859131655	-3.46951754488678	-2.37090525621867	0.319207244196874	1.60939925662588	2.16598608901613	0.141400367757446	-3.13304530826557	-1.78311859131655	-0.0485175359284442	-1.94346124139173	-1.07162227208841	-0.188606329099126	-2.03443301959746	-3.46951754488678	-1.18713515921025	-2.37090525621867	1.2144638215256	-5.07895545732088
S3B515	4.078305127564	2.65991133064881	2.19654174879479	1.91527621391111	1.26459594788577	1.55812443613993	1.25603058502685	-1.12480670486695	-0.681314201169544	4.05997730426739	1.97360808309369	1.17077719266811	1.22988530492252	4.07548750274909	2.02274795875471	0.25565673594215	-0.270886303719251	1.57389763381702	0.631446075904197	-0.232046470402987	0.916111554816553	2.57850301407602	2.21154203005428	1.92192812313942	2.46064834261603	1.84142490429035	0.25565673594215	2.18810999563685	1.0409192054099	1.26032243710839	0.745204961260855	-0.0902162749637689	-0.84295555272596	0.397196908177478	0.407298004163982	3.45325516236307	3.188330873529	0.631446075904197	1.34250418303067	1.21655177405306	0.866565818265123	1.57076283501165	0.117939485384949	0.686147211617254	-0.742872094168978	-0.106883327448981	2.75170961210429	2.30316091785981	1.96093631902487	1.24304338950004	0.916111554816553	0.417298087498565	0.980461236372786	0.397196908177478	0.278779153363004	-0.14107469219726	0.267284773937269	0.0484671125701812	-0.443355564070194	1.18933921052817	-1.38949925909403	-3.27656890812641	-1.66713099569231	-1.03585921885045	1.98612128077848	2.58535626762659	2.34165567816815	2.73714624791639	-1.51871099057404	0.693723005425712	1.27308856793142	1.97779657089244	1.41110249937342	-0.443355564070194	0.243891894362563	0.301378985280245	1.00287113777237	0.521164950899609	0.974779402905356	-0.420098701905927	-0.808469376654791	1.21655177405306	-0.994186522449883	-0.29088697042592	0.0907269218600639	-0.681314201169544	-0.808469376654791	-1.66713099569231	-2.9400966715052	-1.03585921885045	-1.1724347538562	1.19392637453508	1.94162241394234	1.0409192054099	1.09287894434061	-2.32105746309897	0.997315567927768	1.38119372798085	-1.66713099569231	0.397196908177478	0.25565673594215	-0.213177986098604	-1.75051260463136	1.10295459632935	-0.14107469219726	-0.542201398706826	1.01935502749406	-1.12480670486695	0.0192679578779194	-0.420098701905927	0.195397544423953	-0.33212992895997	-0.443355564070194	-0.0108094973593582	-2.68878224322429	-1.12480670486695	-0.176476619248176	-0.623326943519195	-1.59016995455618	0.512155880957243	-0.420098701905927	1.05152938452192	0.446711972704859	0.427199158481277	0.76648235970814	0.0627530698176582	0.730764277106061	0.0192679578779194	0.0192679578779194	0.301378985280245	-1.03585921885045	-3.27656890812641	0.475285345148915	-1.1724347538562	-0.878673635328039	-1.84148438283709	0.821103444188365	0.607054622780038	0.290142912013319	1.03557159908331	-0.994186522449883	-4.88600682056051	0.484631207567152	-4.88600682056051	-0.681314201169544	-0.311295842057127	-1.66713099569231	-1.51871099057404	-0.651900315963251	-0.595547379412119	0.182897381659721	-0.39737045082837	-0.311295842057127	-0.14107469219726	-2.1779566194583	-4.88600682056051	-1.38949925909403	-0.681314201169544	2.40496795758247	-0.37514731404366	-1.27508890791629	-0.158619001848169	-1.45201961607536	-1.59016995455618	-4.88600682056051	-1.59016995455618	-0.5685187070242	-0.681314201169544	-2.05279347650429	-0.5685187070242	-1.1724347538562	-0.491557665888072	2.47091142179551	-0.0902162749637689	-0.542201398706826	-0.954181187836185	0.386992738003237	-0.5685187070242	-1.38949925909403	-2.05279347650429	-1.03585921885045	-1.84148438283709	-2.9400966715052	-3.27656890812641	1.35426902461026	0.821103444188365	1.37739144203111	-0.711619550664873	-1.84148438283709	-1.22244517443086	0.36626660748612	-1.22244517443086	-0.711619550664873	-0.0738224651880923	-2.9400966715052	-4.88600682056051	0.278779153363004	-1.94156784139407	-0.0108094973593582	-1.75051260463136
S3B6070	4.34351922664176	2.33547112510058	2.37723624899377	1.23949736039065	1.39211423567907	1.50822624704019	1.21318005207327	-0.850730547575684	-2.7432947159257	3.93428476761445	1.4951939166306	0.694594932536374	1.58224173079343	4.24060758048478	6.16242497230262	-0.187713108467768	2.79177021598934	1.27608680782294	0.803357638596156	-1.08651068289441	1.01366810529234	2.72808429473529	2.41941117404448	1.9295341185362	2.72553229641265	1.69650041580978	0.914031524186658	1.64439765628385	1.56689409512899	-0.0152438481168247	0.875779848792269	0.00436462327155152	0.0387191467736594	1.11711596496384	-0.0849441833757671	3.51152428124484	3.26492265509545	0.283760028757327	1.28475894889317	1.45777306941016	0.791055198723936	1.51339199249216	-1.04130524612636	-0.146232507347049	0.423330418598618	1.09256692853688	2.80081681976578	2.54481925744857	2.07233283025623	1.5504801033113	1.41416690308659	-0.119504858441235	0.114567763405166	1.0415833861781	0.762353677011436	-0.297002902265484	0.312705609642405	0.676912742961425	-0.230989091949589	0.621909063088546	0.111083439322555	-1.46067878428066	-2.57624063126254	-0.763338725460674	2.05499708160039	2.44476802343218	2.58266729487679	1.24400441027365	-6.23980227739218	1.20151811232543	1.03051060868684	2.39624004786243	0.702354428307284	-0.788763823826484	0.453521390877764	0.318395525420084	0.920266930203942	0.44105240139803	0.630251134405941	0.0235959851994387	-0.539358704001498	0.418208768478563	-0.682974215692647	0.181819990414333	-0.192430098345906	-0.291767288211539	-0.814852259910782	-1.62468176055093	-1.37998987303051	-0.998055262332542	-1.04130524612636	0.765986741861318	1.52873102353385	1.12601055981729	1.28583769764935	-2.12892841321887	1.29335653006338	-0.22120906289595	-1.6650912988888	0.332480265301823	0.485231364774658	-1.27695764713228	-2.7432947159257	0.851107544687799	0.357343424494466	0.241774851884246	1.19916931500368	-1.54845439516304	0.920266930203942	-0.123910151909151	-0.271094717406819	-0.211523757161486	-0.2865589431044	-1.1338568034916	-1.7738941587376	-1.82096166959559	-0.155302864317013	-0.675281870069491	-0.780216763248026	1.28583769764935	-0.936497369333109	2.14111289573142	1.98248279648053	-0.0934730197232874	0.453521390877764	-0.0515381543095952	-0.141727995225945	1.94023844609798	1.49606804256038	-0.260916512491063	-2.23246909215971	-1.46067878428066	-0.155302864317013	-1.44401173179544	-1.1338568034916	-3.53175207628997	0.468281806460885	1.24175342451733	0.992208054272574	0.646729365138325	-1.49487014902893	-1.49487014902893	0.433495690375469	-0.859904923851725	-1.87035442492516	-0.106404234395536	-4.63036436495808	0.121500200180811	-1.0086936605376	-0.566479010220692	0.241774851884246	-1.14605207658542	0.0121016057737036	-0.814852259910782	-0.946497452667693	-1.08651068289441	-2.43313978762187	-0.318223857748369	3.02890133788091	-1.82096166959559	-4.04257770005596	0.684810118656375	-1.53027207607985	-3.02092645252398	-3.19527983966876	-0.956598548654196	-0.379016053926319	-0.832630505932066	-1.41148854008988	-1.31982135156406	0.175294681779411	-0.850730547575684	2.19248640693361	-1.31982135156406	-2.12892841321887	-1.97712240035087	-0.192430098345906	-0.806080273837945	-4.29389212833687	-2.26951036384006	-1.23585597144673	-2.06541500749655	-4.29389212833687	-2.7432947159257	-1.60507328916255	1.01225167446063	1.90603733554466	-0.675281870069491	-3.67485291993065	-0.771742136257053	-0.462149954169528	-2.43313978762187	-0.164456246303501	-0.907083484126816	-2.26951036384006	-1.8959968555385	1.68427004753123	-2.7432947159257	1.43481521997218	-3.19527983966876
S4B07	4.15898649479735	1.34118052656147	2.19626507219454	4.01017415972456	1.11837891404354	1.47180070897853	1.16186402598328	0.803551080040311	1.82426512038092	3.63896615885138	1.26738819437038	0.0697770459500946	0.90586245530362	3.92324036927629	1.34391276869834	2.5253972141375	1.9419543869904	-0.990553056146998	0.700010401099471	-0.457442387591573	1.1651320027479	2.64220307375465	2.02677531969587	1.80895869909824	-0.27649919076774	-1.01912642859105	1.74710152708692	0.272220005943471	1.08712637053944	2.41486077589409	0.720576678680947	0.987042911982456	-0.0999413386905346	-1.44657044341799	-0.184328730968082	3.30183391065601	2.91780125601717	3.398316310727	-1.142359069015	1.62303167870245	1.55690951692682	-0.508300804825064	1.29067891237648	1.6792149583842	0.385121736145432	-0.834392325391716	2.42694270724828	2.26265615202681	2.21585095173292	1.25553620378337	0.935031189894276	0.48655997899092	2.14248867541373	0.385121736145432	0.689566441938387	1.21911336131259	0.303595128511224	0.303595128511224	-2.03435710832011	-0.347958154749884	-1.58967128705867	-2.4200195891321	-0.764596563456174	-1.64231502054409	1.78115499672719	0.657563710852213	-1.28294101963619	0.566849997164048	2.87917974131259	0.888804472399043	0.971325496087046	-1.07884566329268	0.0599730458534733	2.26265615202681	0.994809941320115	1.22219978351578	-0.23595309637339	0.943211194606207	-0.27649919076774	-0.883785080721292	0.983136657015391	-2.4200195891321	0.31128747413438	-0.135239120771558	1.03648263772068	0.624502848591325	-0.962773492039922	1.20353672238385	0.447210640202373	-1.17569548928259	-1.49203281749475	3.36235658008412	0.0299707955496746	0.420090333983179	0.858234406314365	1.09765278352643	0.910081870846327	1.28490689057936	0.967357236911425	1.36015128519125	0.447210640202373	-0.23595309637339	1.00251710856505	-5.25323293318831	0.794139245857965	-1.07884566329268	0.180489070365926	-0.54370273187598	-2.5451827320861	0.826700261907276	-0.59927258303079	-0.0328771081099886	-0.580404098726408	-0.90942751133463	-0.249286627242855	1.54582292887048	-1.95739606718398	-1.58967128705867	-2.30879395402187	1.71184741241309	1.83767688889167	-2.03435710832011	-5.25323293318831	1.20039206570438	-1.6978848716989	-1.28294101963619	-5.25323293318831	-1.75672537172183	0.910081870846327	-0.720633440035058	0.684303271894112	0.135838796628187	-0.424919195886012	-1.53966086648401	-1.32140730046399	2.11131408106733	-0.834392325391716	-1.6978848716989	-3.307322784133	-0.022124316333727	0.542824817577058	1.27326192638248	-2.03435710832011	1.39963009616503	-1.6978848716989	-0.222795011795879	0.480108343709432	-1.49203281749475	-1.07884566329268	-2.30879395402187	-0.409045846729723	-2.5451827320861	-0.56188505095917	-0.764596563456174	-0.935744819652003	-1.17569548928259	-0.393420528826642	-5.25323293318831	0.0986252002877528	0.197805520377387	2.26374429141601	-1.6978848716989	0.867064485762636	0.499339705637319	0.601838989014113	-1.95739606718398	-0.883785080721292	-0.457442387591573	-1.17569548928259	-0.290388302928407	-3.307322784133	-1.53966086648401	-3.64379502075421	2.4195249634542	-1.81924572870317	0.779853288610488	-2.4200195891321	-0.580404098726408	-2.4200195891321	-2.20871049546489	-1.58967128705867	-5.25323293318831	-1.07884566329268	-2.5451827320861	2.04046478741312	-3.64379502075421	-0.54370273187598	1.95091635884763	-1.32140730046399	1.64548160114167	-0.022124316333727	0.356238861996646	-1.21018166535376	-1.6978848716989	-0.618503944958678	-2.03435710832011	-2.68828357572678	1.56787453906815	-1.32140730046399	1.02528849097753
S4B1522	3.85441830265549	1.58196415006511	1.89821510943909	1.65087209225565	0.890090044151962	1.76957952546878	0.575762648042322	-1.04066829988275	1.07959523631734	3.25554241520628	1.99546482689237	0.929995588325503	0.32345220374282	3.49419235873364	0.759824849314061	2.52266782205535	1.14083886155806	-2.25050622366108	-0.239532481258708	2.2167532465505	-0.356331749004958	1.97159327562245	1.87567894441668	1.39785756155913	-0.193370439495546	0.199484161020689	1.17586189634762	-1.71642373773083	0.06957202678048	1.93289011617692	0.616724005673388	0.540297938470039	-1.42015792158765	-1.52837150622789	-0.664878959920701	2.87310755437281	2.71480348590791	2.27192153525695	0.136636257361026	-0.46859905087604	1.08379692317104	1.07537582077463	1.31154203039815	0.367318885848402	-0.149245634586608	-1.11342765416518	2.11146775246141	1.88888668358445	1.87947041815294	0.944558952513399	0.568769612551351	1.88513081062465	2.15693012653817	-0.392371685488155	0.589603699454194	0.554635101616447	-0.223907163355627	0.022225906183281	0.0924301648565296	-0.255405830414998	-0.529842676116759	-1.78788270171297	-0.595083197985159	-1.23357196600724	1.49691956956765	1.35082695107015	0.022225906183281	0.350002435836941	3.14659123141772	1.40091566791795	0.158027447342343	-0.46859905087604	1.26016086640903	0.91024185958927	0.668853071108334	1.17586189634762	-0.529842676116759	1.10042932322018	-0.30459607460577	-0.84961306312004	-0.338787439354049	-0.066439730902375	0.623390697031576	-0.163738641889174	0.341230449764104	-0.106985825296725	0.76560521222956	1.04533064234325	-1.78788270171297	-0.641068311226983	-1.32251945202374	1.79871790328055	0.125766585124122	0.392743984214212	0.718398807659764	0.675182206159981	0.401077365773356	1.5845086807001	1.04533064234325	0.759824849314061	-0.689270413044861	0.473108493982239	0.022225906183281	-5.0837195677173	0.480800839605394	1.12487045837933	-1.64973236323215	-1.8648437428491	-2.51877021025576	0.0810664062062152	-1.15189393499297	-0.909332297821662	-1.52837150622789	0.136636257361026	-0.066439730902375	-0.714271715250278	-1.11342765416518	-1.27705707794698	-2.68582429491893	1.75468563313004	0.425668768910678	-1.58721200625082	-1.07638638248483	1.42504956925438	-0.972845703543988	0.32345220374282	-1.71642373773083	-0.972845703543988	-0.529842676116759	-0.572860061200449	0.0342742446994562	-0.46859905087604	-0.617811449062716	-1.42015792158765	-2.03919712999388	1.19854717917871	0.977737351210718	1.10042932322018	-0.46859905087604	-0.429759217559776	1.07113852629912	0.465356517177921	-1.11342765416518	-0.617811449062716	-0.392371685488155	-0.053281646324864	0.718398807659764	-1.37014750101299	0.125766585124122	-3.4742816552832	-1.52837150622789	0.730410964107767	-1.71642373773083	-2.03919712999388	-3.13780941866199	-1.42015792158765	-0.17844478927887	-2.25050622366108	0.687721555412717	0.50352909068295	2.15117885259753	-5.0837195677173	0.022225906183281	0.777066655748567	-1.00618212381158	-0.46859905087604	-1.71642373773083	-1.8648437428491	0.0461791472057742	0.158027447342343	-1.71642373773083	-0.551120074564043	-1.04066829988275	1.26016086640903	0.103666238123456	-1.07638638248483	-3.13780941866199	-0.163738641889174	0.63001323779207	-2.25050622366108	-0.689270413044861	-3.13780941866199	-1.23357196600724	-0.271535212344881	3.45190275916731	-0.193370439495546	-1.37014750101299	-0.106985825296725	0.37586594642686	0.168553860329331	0.268138565758767	0.24899922554807	-2.51877021025576	-1.07638638248483	-0.0932869809385632	-1.8648437428491	-0.338787439354049	1.43984273843221	-2.68582429491893	-0.714271715250278
S4B3040	3.85724270021185	1.18868218322378	2.27588905293967	1.31198525982378	0.972500972732576	1.5666358046267	0.867643095939316	-1.96892595596387	-0.442869652468823	3.28244953727235	1.83008831296819	0.830096023344065	0.56929575259185	3.69631367097445	0.613453036632948	2.16326474874834	0.870987580662163	0.541834072650462	-0.272000589406656	2.19928845482468	-0.418328543552706	2.19218678272307	2.00136595758825	1.69902166210903	0.240917085331558	1.77754832468465	-0.406280205036531	1.01386580631438	0.0924970802132856	1.76260239429741	0.189458788056083	0.202573730133911	-0.493836096060851	-1.12982486278085	0.0402463898694077	3.15724646738463	2.85112516834506	1.50658345866283	1.96065626583638	-0.230969192728794	0.723768857055143	0.990438673419244	1.57327483316151	-0.201264038314878	-0.604293091625161	-0.970397125852745	2.42481748237723	2.10375710947705	1.91116400236126	0.999288288696226	0.626328750992993	1.69316941424325	1.85535813515627	-1.1804685955996	0.0924970802132856	0.776511777209958	0.0629746409469636	-0.230969192728794	-0.575514127075118	-0.282527002393643	-3.91483610501919	-1.08162276096297	-0.832926135224142	-1.91335610480906	1.84406566885809	2.12684615824941	1.08642202726447	0.307608459830231	0.407971169994725	0.867643095939316	0.761724077055579	-0.108173615248866	0.684316008643343	0.34219403948001	0.787460791699629	1.18381006639978	0.708173999097236	1.05636511983166	0.826611699261454	0.938755439467384	0.578284577160283	0.407971169994725	0.319270399578074	-0.0312125741127378	-0.241070288715298	-0.604293091625161	1.11560181637325	0.428969316834499	-0.00682112098857868	-0.0230158069085586	-1.51694083222081	1.08911020092627	1.75848716215231	0.769145261393196	0.870987580662163	0.696316152646453	0.772835302480649	1.58805342725763	-0.618999239014856	1.0837266078428	-0.181939765488475	0.0851977777316737	-1.26159414041197	-0.2615838285484	-0.191555224187917	0.391928045154149	-2.02776645598681	-1.71761152768297	-5.52427401745329	-0.181939765488475	-0.394375302530213	-0.814743816140952	-0.695960280150985	-0.0646885033091271	0.128215162815365	-1.34988674755765	-0.406280205036531	-1.38113929106175	-2.38877980152414	-0.0993239999718831	0.541834072650462	-0.604293091625161	-0.561429387193379	0.0402463898694077	-0.618999239014856	0.189458788056083	0.307608459830231	-1.76307390175972	-0.493836096060851	-1.12982486278085	0.00117892167849831	-2.38877980152414	-1.63245371934266	-1.51694083222081	-1.63245371934266	-0.314787864611865	0.234627756423994	0.418525357673415	0.981510042674943	-0.0148856808253086	1.08102390349492	0.560225395621885	-0.0148856808253086	-1.26159414041197	0.0402463898694077	-0.22096910939421	-0.0148856808253086	-1.29016751285603	0.34784377202213	-1.48122274961874	-1.81070195074898	0.265686153443967	-0.680086930994695	-1.51694083222081	-2.57983503828685	-1.29016751285603	-2.38877980152414	-2.30539819258509	-0.303918192374961	-0.99167452430003	1.11560181637325	-1.55398210390116	-0.314787864611865	-1.08162276096297	-1.67412641574323	-0.76210008265553	-0.680086930994695	-2.15697818746681	-0.618999239014856	0.106937764368079	-1.48122274961874	-0.76210008265553	0.975513023202568	-0.181939765488475	0.25337830576937	-1.23381457630489	-0.2615838285484	-0.909153500612026	1.34161705743015	-2.69106067339707	-0.680086930994695	-2.95932465999175	-1.81070195074898	-2.69106067339707	2.60813865704762	0.954235624755284	-0.455369815233055	-0.909153500612026	-0.0993239999718831	-0.506994180638362	0.375623336129205	-0.680086930994695	-1.31958139806232	-0.282527002393643	-0.618999239014856	-1.63245371934266	-0.314787864611865	1.57492772609981	-2.57983503828685	-1.51694083222081
S4B5565	3.69961218097998	0.420290967006371	1.74384698749284	1.88624996396165	0.639988785154959	1.5511381175287	0.632067951663514	-1.6182303048841	-0.275316239394438	3.18625459760776	1.64348811322853	0.260802561510634	0.495977194638947	3.46504737759001	1.31622855152561	1.2127608160354	1.00040425909729	0.983760324257783	0.277945838497072	1.90312325516891	-0.494772017629463	2.00485197468507	1.77729061877325	1.5715469891599	2.08423567820629	2.04339429463503	0.400439198453639	1.37277382747394	0.786502601391872	1.70108830301494	0.390363546464897	0.294800170052054	-0.0954607750956766	-0.776337863063807	0.0779044696762075	2.92365843115647	2.59487515156221	1.64059165935708	1.77475736852681	0.207535532329147	0.72321259071669	0.544875824560424	0.978150211367016	0.505047551608911	-0.172421816231805	-0.236664084960158	2.24071031910737	1.90423808248615	1.54157629168935	0.663381664729664	0.138325529150972	1.23258525382024	1.39341245872016	-0.227230052726799	0.0569246792070128	0.803394894956377	-0.227230052726799	-0.0954607750956766	-0.236664084960158	-0.482576744535645	-3.02357286097469	-2.09201465696974	-1.51098477453051	-2.22122638844975	1.56374663759631	2.02183539987661	0.682466213422074	0.842808863497254	0.920246918535457	1.17651675834432	0.741198687086472	-0.545097101516978	1.45463769755212	0.482215509566265	0.131789558171187	0.659520656072204	0.225608313388841	0.839583054248371	0.333056201207591	0.986553622163395	0.553515187151132	0.744757409703466	0.826574740735371	0.369902474593557	0.0282488792303468	-0.728709814074553	0.272264005029641	0.514036376177344	0.157680972103928	0.243360258847292	-1.78185972866591	1.55903705275323	1.67200037965363	0.316839629618346	0.599741904646365	-0.0316941567366866	0.343722969011786	1.15553696787512	-0.760208481133923	1.1718924726472	-0.0394461335410048	0.0426895633851405	-0.993402368301635	-0.227230052726799	0.0848010487352679	-0.128936704292066	-1.78185972866591	-1.87495015173192	-1.24471679658254	-0.0954607750956766	-0.482576744535645	-1.12261409978164	-0.953793230206589	-0.357413601581638	-0.40113641259547	-0.128936704292066	-0.809398725324695	-1.73837461672617	-2.75530887438001	0.522945121066454	0.405439208870344	-1.54547095060167	0.505047551608911	-0.137483764870524	-0.494772017629463	-0.325832029531339	-0.0872640078914975	-1.38382959904526	-0.42373624451271	-1.2190743659692	-0.993402368301635	-1.87495015173192	-2.09201465696974	-1.14587096194591	-1.82732210274266	0.64784737176748	0.311375135146267	-0.172421816231805	0.64784737176748	0.343722969011786	0.624083877315294	0.0639669618324259	0.125210587073144	-0.993402368301635	-0.390025187170399	-0.305318489698236	-0.728709814074553	-1.977604305792	-1.01381123993284	-1.05592272528297	-0.792731672839484	-0.227230052726799	-0.435230623938446	-1.2190743659692	0.893054910840206	-3.97908430600212	-3.02357286097469	-2.36964639356802	-0.760208481133923	-0.826348283638469	0.505047551608911	-0.128936704292066	-0.128936704292066	-0.728709814074553	-0.760208481133923	-1.16968161063963	-0.199450488619724	-1.44538749204469	-0.698173090214471	-0.40113641259547	-0.713324895235073	-1.05592272528297	1.42987958063298	0.266549703766202	-0.10372528494557	-0.934561868278701	0.369902474593557	-0.545097101516978	0.578994272452117	-2.64408323926978	-1.54547095060167	-3.39129764110001	-1.44538749204469	-2.64408323926978	1.8133193603076	0.624083877315294	0.170379555441055	-0.458623503513151	-0.897174336207081	0.00618916116561419	0.603840271038647	-0.843590090072975	-1.54547095060167	-0.236664084960158	-1.14587096194591	-2.75530887438001	-0.3681663933579	0.734043021491059	-1.977604305792	-1.09988584870408
S5A07	5.79502229542932	0.607266585019726	3.59201156642091	4.27354147683626	2.91973643724631	2.75625272233844	2.91973643724631	1.02370875175904	0.205107265046061	5.12508819087419	0.633411865124049	1.23543364584804	2.46625136009557	5.67833429962953	2.2956258430648	1.42186922548832	1.55356609182325	-1.11417638579087	2.40012919831994	-0.439721338243076	2.02131783013828	4.06864698990426	3.70819379761058	3.64736423676279	1.66072447620729	0.00882735600139961	0.893291656263878	-0.0662078299415141	-0.559865650085139	2.30294294888187	-0.0155640971227595	2.03411800490524	0.465184071405954	-0.0662078299415141	0.434173834663393	5.14879850676903	4.60637822714605	1.0410252017705	-1.191137426927	1.96841293185639	2.12522801921846	-0.299139387621887	0.707980560621557	1.5327861233315	1.66533277929349	-1.36549081407178	4.37888505754968	4.01088927930275	3.59602092695381	2.75160875114399	2.51852456636947	-0.603350762024879	0.122586241358058	-0.175906747197939	2.11940558646703	0.0326380046951185	1.71467013909901	1.68806103037104	2.63314666419314	0.299516949517136	-0.799095339150974	-1.36549081407178	-0.648813136101636	0.941844881680868	3.72533369711151	1.68806103037104	-4.4100132517952	1.50618881081224	2.87412155440001	1.7363160058737	0.0786231179369419	-0.478187619070872	-0.976026047310052	1.39812923818525	1.11543968733659	1.89443555062678	1.17723540660505	-0.175906747197939	1.13906283310002	-4.4100132517952	0.552831378464709	-4.4100132517952	-2.01211797899683	1.65609483830855	-0.69644118509089	1.58892331015149	-4.4100132517952	-1.27451903586605	2.42194031377066	-4.4100132517952	0.620424669597237	3.21704416522374	0.731650304707462	2.40452964546476	2.65901017478306	2.87412155440001	2.67421317030272	1.60857996270104	-0.119553810646807	0.334918876568052	0.224715736434438	-2.21278867445898	1.54841144123458	-4.4100132517952	1.40411728002987	-4.4100132517952	1.55869430819017	-2.46410310273988	-4.4100132517952	0.731650304707462	-0.235625981899561	1.12337623693232	1.2837188870075	-0.648813136101636	1.51691277417521	1.17723540660505	-0.603350762024879	0.707980560621557	-0.175906747197939	0.988149449722555	1.08304819154535	-0.266878525403666	-1.84506389433366	0.524460681335493	-4.4100132517952	-2.8005753393611	-1.191137426927	-4.4100132517952	0.449799152566474	-0.603350762024879	-1.04271742180872	1.0324044587266	0.87319047694279	-0.518192953684571	0.281334630433946	2.30537013453948	-2.46410310273988	-2.01211797899683	-0.976026047310052	-0.648813136101636	-1.70196305069299	-0.205320632404232	-2.8005753393611	-1.11417638579087	-4.4100132517952	0.0558948668593855	0.941844881680868	-0.603350762024879	-4.4100132517952	-4.4100132517952	-0.799095339150974	-1.70196305069299	-1.57679990773898	-0.559865650085139	-0.69644118509089	-2.8005753393611	-1.04271742180872	-1.191137426927	-0.478187619070872	-4.4100132517952	1.47330913669308	0.100846254721652	-1.36549081407178	0.658890950425033	1.37381193053454	-4.4100132517952	-1.70196305069299	1.55356609182325	-4.4100132517952	-1.46557427262876	-2.8005753393611	-2.8005753393611	-4.4100132517952	1.0410252017705	-2.21278867445898	0.262815582666708	-4.4100132517952	-4.4100132517952	-1.11417638579087	-4.4100132517952	-4.4100132517952	-0.799095339150974	-2.8005753393611	-2.8005753393611	0.480335876426556	-4.4100132517952	-0.175906747197939	1.47330913669308	1.10743964466951	0.922705541470171	-4.4100132517952	0.262815582666708	-4.4100132517952	-4.4100132517952	-4.4100132517952	-0.559865650085139	-1.04271742180872	1.17723540660505	0.299516949517136	1.29709701295368
S5A1522	5.14079384371237	0.679601451068135	2.90435070179444	4.30251500924045	2.35908594320953	2.06240134153825	2.04355508291342	0.104753968537214	-1.3951997110552	4.43603087572283	1.95924247152789	1.75943384508465	1.75309467964091	5.03577346106773	1.77821373973624	1.66680568944857	1.86999408883705	-1.32374074707305	1.26220675722826	1.09278860527021	0.153150509399063	3.24240181056796	2.91236276268114	2.93113801775809	1.2464996280229	-3.08159866462543	2.30747306519107	0.137277160242774	0.529319248018798	2.60266114354191	0.104753968537214	1.66680568944857	-0.180177070542678	-0.97746451035522	0.462255017438252	4.57180136387441	3.89959293242989	1.63511289609557	-0.347231155205844	1.66680568944857	1.6528438570668	-2.74512642800421	1.24120861038848	0.918435218125432	0.98913603195754	-0.759210944335202	3.74559710649829	3.32627093062905	3.12618620844864	2.27781380128242	1.80271726279216	0.0184936242528062	1.51352118550916	-2.49381199972331	1.57995185479877	0.612268330999548	0.873483830263166	1.43801363300102	0.679601451068135	0.679601451068135	-0.0182077425976215	-0.759210944335202	-0.180177070542678	0.352388539859719	3.00925862636059	1.91696404823656	-4.69103657705953	1.5570062974489	2.8942445015796	1.26738811597025	0.365209228288781	-1.0801186644153	0.707126124458226	0.622169401982259	1.5723616855321	1.23588944891088	1.20336625720532	-0.202400207327388	0.0711373577382286	-2.74512642800421	0.0538955513037225	-2.12608721959799	-0.428356700018212	0.631973402078881	-0.456930072462268	0.975390111052905	-0.884374087289208	0.228944348768597	-0.202400207327388	-4.69103657705953	-0.137159685458987	3.09426860548033	0.000311305169616194	1.75943384508465	1.97464714072288	2.81170163369532	1.90610912482712	0.518449575781894	0.271808053200379	1.64932272666822	0.518449575781894	-1.6465141393361	0.339401344332908	-2.49381199972331	0.777023564075604	-1.02747493092988	0.592167151678461	-0.759210944335202	-2.29314130426116	0.0880869160520019	-0.799216278948901	0.426957235357228	0.81835175956845	-2.12608721959799	-1.98298637595732	0.243437356071164	-0.613499133153808	-0.296587422387089	-1.47216075219133	1.49722754602306	1.12904635329283	-1.47216075219133	-3.08159866462543	0.377867625160704	-1.0801186644153	-1.85782323300331	-2.29314130426116	-1.74659759789309	0.903674802542311	-0.884374087289208	0.339401344332908	-0.321588724592506	-0.347231155205844	-1.19452901559305	-0.075916060218268	1.41598631068273	-3.08159866462543	-2.12608721959799	-0.202400207327388	-0.840888975349469	-0.400577135911136	1.05516661348063	-2.74512642800421	1.06786519681775	-2.29314130426116	0.561236850987102	0.0363512416528131	-4.69103657705953	-2.49381199972331	-1.6465141393361	-1.25704937257438	-1.55554236113038	-1.3951997110552	-0.27219596926293	-1.55554236113038	-1.13568851557011	-1.25704937257438	-1.55554236113038	0.865791484640011	-1.85782323300331	1.43364681383468	-0.248385320569211	0.312909728885931	0.352388539859719	1.42485554842351	-1.6465141393361	-1.25704937257438	-1.19452901559305	-2.74512642800421	-2.49381199972331	-4.69103657705953	-3.08159866462543	-2.49381199972331	1.50947259698316	-1.6465141393361	0.670255588649898	-4.69103657705953	-0.720744663507406	-1.85782323300331	-3.08159866462543	-4.69103657705953	-1.85782323300331	-1.6465141393361	-2.49381199972331	1.12309395476554	-2.29314130426116	-1.02747493092988	0.228944348768597	-0.202400207327388	0.660821556416539	-0.799216278948901	0.947318092274219	0.000311305169616194	-1.47216075219133	-2.74512642800421	-1.85782323300331	-1.32374074707305	1.04230469983822	-1.0801186644153	-4.69103657705953
S5A3040	4.59153161696588	0.953191326118027	2.61965648396226	1.99633012131111	1.63018855940686	2.69096164235436	1.59353524175882	-0.526728294441269	0.505533132202728	3.90099731183237	1.67542240123101	0.886965040866736	1.18138114549986	4.41855827384702	0.78060302287182	1.43597133609059	1.67542240123101	-1.46171115932758	0.556958344010165	1.15416858197498	-0.118797093837911	2.66207007518965	2.39164285795525	2.27909817896046	0.301338204018047	0.846518351286146	1.69005680874944	-0.966094954225115	-0.556805749678547	1.76767527281147	0.351822109450039	0.743864197226062	-1.87665501139028	-1.16932319583838	0.177468722305261	3.86680594708409	3.31709517551932	1.53118691299054	1.45248357916308	0.00171893067454132	1.14863606440525	0.629453846048318	1.3625835079968	-0.0707109071702732	0.434464984053598	-1.03755391820726	3.110272898904	2.71673173605747	2.45219686079634	2.15935397381885	1.26379584417879	0.101386415847822	1.61811944738936	-0.989351816389382	1.07974225676503	0.605867847042439	0.536704487105667	0.8941464002754	-0.388577955960452	-0.704615254167358	0.241320194291794	-2.06470724289322	-0.836883222745108	-0.497529139749007	2.45895364325922	1.36482064539516	-0.338252872072936	1.00254344590775	2.55041327394803	1.18406211225312	1.01846734926448	-1.62534058310938	1.01212818382074	0.853995021629166	0.831395189711925	1.28338031345498	0.510796302247003	1.06778396777616	-0.836883222745108	-0.0896688209148877	-0.921143566362848	-0.401565151487263	0.566933489066985	0.505533132202728	0.288308703727713	0.434464984053598	0.536704487105667	0.478793571160828	-2.72395287177749	-0.290339516377038	-0.48324318250153	1.28338031345498	0.752145818057785	1.02790138149784	1.35132212772426	1.22085995647365	1.16241038687008	0.81603980162873	0.624780940348926	0.19201443330764	-0.0707109071702732	0.915386136776312	-0.388577955960452	-1.54018277476907	0.307789839299535	-0.636212527282957	-0.128698164820623	-1.58185547116964	-3.8225651604456	-0.603689335577397	-1.11451495934339	-0.669829138081942	-0.211647247801373	-1.82108516023547	-1.67080295718614	-1.14154363173131	-0.778042722722175	-0.966094954225115	-1.67080295718614	1.49849169307193	0.351822109450039	-1.46171115932758	-2.48756409371326	0.666071209286542	-1.28886834648817	-0.497529139749007	-1.19789656828244	-1.50017744015537	0.177468722305261	-1.54018277476907	-0.302104357956625	-1.11451495934339	-1.14154363173131	-1.38895180504515	-1.22731045348873	1.4421954225736	-0.363098870659467	-1.03755391820726	-0.428056766934239	-0.169312883974813	0.417321707067161	0.0104146376420946	-1.82108516023547	0.846518351286146	-0.338252872072936	-0.200894456025112	0.345649250342958	-1.82108516023547	-1.71843100617539	-1.99801586839455	-1.87665501139028	-2.86705371541816	-1.50017744015537	-1.19789656828244	-0.878126181279158	-1.62534058310938	-3.03410780008133	-2.2131272480115	0.467894280702793	-0.989351816389382	1.39562616162315	-2.13616620687537	0.417321707067161	1.08566820003258	-0.740655190650555	-2.72395287177749	-3.03410780008133	-0.943366703147559	0.0444604790518124	-0.428056766934239	-1.76844142675005	-0.414723236064774	-1.03755391820726	0.45131931560858	-0.722472871567365	-0.687070944516448	-3.23477849554348	-0.797274084650063	-0.857292094376316	-2.29650885695055	-3.03410780008133	-1.82108516023547	-0.455269330459124	-0.0248313014195798	1.95879544885598	-0.878126181279158	-0.48324318250153	-0.179729644833069	-0.338252872072936	-0.138698248155206	0.199208708941667	0.339438050250317	-0.603689335577397	-2.29650885695055	-1.67080295718614	-2.29650885695055	0.351822109450039	1.60765727698238	-1.82108516023547	-0.778042722722175
S5A5565	4.23739377706463	0.276199727630033	2.51861009758801	0.26007034570015	1.49997515925215	3.33434326130542	1.22553831355039	-4.55211400967227	1.0646570879943	3.83383089513402	1.16819776693514	1.25602848030818	1.0646570879943	4.12668769694038	0.761091969369519	2.01174151685986	1.50934290925575	0.957274326955709	-0.0862058910176846	-0.620288376947943	-1.98716465221073	2.69567857209558	2.41107597619797	2.35863677828967	0.541636191134494	2.82626970332445	1.94163983017942	1.73760156123673	0.3966458807059	0.3966458807059	0.7806047835931	0.577784705250805	0.907471504471891	-1.11812680518712	-0.0862058910176846	3.76638431083207	3.42276289088661	1.46160114637053	2.78417165034903	0.720885548891478	0.751190898386807	1.94163983017942	1.3532478383823	-1.84406380857006	0.827783343868191	0.307698394689404	3.05526741596752	2.5117899517998	2.29482912991311	1.65244375289642	1.49051882401011	0.0826149785573675	1.27976846761125	1.14161812913043	0.50413179567604	-0.13327340187567	-0.15766485499983	0.451832296273191	-0.544780824439797	0.210059925125488	-1.25627714366794	0.0225969688311145	-0.408979283280736	-1.60767503050583	2.46449567422195	2.23573097263731	1.3086722137936	0.601177584825511	0.799744123803798	3.00431395976798	0.809178156037157	-4.55211400967227	0.0826149785573675	-0.544780824439797	0.410730620587639	0.965338886792439	0.50413179567604	0.720885548891478	-0.318007505075009	1.41146533394618	-0.289434132630953	0.924349542259243	0.101846340485255	0.227009483439261	0.292073076786323	-0.408979283280736	-1.50759157194885	-0.544780824439797	-1.25627714366794	0.50413179567604	-1.60767503050583	0.541636191134494	1.68425558053144	1.08624065966148	1.25000436570479	1.58561304441397	1.23171117265747	0.872836007809135	0.0430058404623219	-0.83854194296796	-2.94267609723817	1.3532478383823	-4.55211400967227	-0.208308587818584	0.353160768766161	0.924349542259243	-1.60767503050583	-0.581822096120146	-2.35488943233605	-0.996765948182854	-0.83854194296796	-0.289434132630953	-0.289434132630953	-0.83854194296796	-0.377726739776631	-0.996765948182854	0.881607993881972	-0.474576565766549	-2.94267609723817	0.761091969369519	0.553831464228312	0.120714824789638	1.98312726134139	-0.441240145498957	-0.261654568523877	-0.408979283280736	0.175273809040073	-1.84406380857006	1.94767303098359	-0.701966407962209	-4.55211400967227	-1.98716465221073	-2.60620386061695	-1.18481817968579	-1.25627714366794	-1.11812680518712	-0.474576565766549	-0.660293711561641	1.79527519998374	0.323083313528884	-1.60767503050583	-0.182666157205247	0.863986392532152	-1.50759157194885	0.210059925125488	0.175273809040073	-0.0634776399401282	-4.55211400967227	-0.0412545031554181	-0.0412545031554181	-1.50759157194885	-1.98716465221073	0.529290355312195	-1.25627714366794	-2.1542187368739	-2.60620386061695	0.139233872556876	-1.50759157194885	1.10037517059638	-4.55211400967227	-1.98716465221073	0.424619732748306	-1.71890066561605	-2.1542187368739	-2.35488943233605	-2.94267609723817	1.47133358328876	-0.0634776399401282	0.227009483439261	-0.790913893978706	0.565879802744487	0.101846340485255	2.26681005560325	-4.55211400967227	0.710576179232617	-2.60620386061695	-0.745451519901949	-0.347421390281302	-0.377726739776631	-1.71890066561605	-1.25627714366794	-1.60767503050583	-1.60767503050583	-4.55211400967227	3.2881989736479	1.32562177210737	-0.377726739776631	-0.996765948182854	-0.0195145165190125	-2.1542187368739	0.307698394689404	-0.701966407962209	0.761091969369519	-1.05560644820579	-2.35488943233605	-1.33323818480407	1.79527519998374	-0.745451519901949	-0.509062741837718	-4.55211400967227
S5B07	4.8143925032652	0.959716164689609	2.83295320911216	3.86289445663299	1.96718734864776	1.90905475060996	1.8024321155717	0.285063566765828	0.93268749230169	4.18306198422926	1.3150568856152	1.51436726799563	1.57957554947972	4.65066015285242	1.56803140973286	2.07420180251401	1.83851269213618	-1.47070229981432	1.00659975058846	0.916112527207477	0.910525920498837	3.08763035982022	2.7885573088222	2.62515626723899	0.671144808052945	-1.35629194863658	1.78389160765596	0.076215255638445	0.448890540923618	2.50187402364043	0.509253690650709	1.29618840131082	0.231287169985024	-1.25363779457649	-0.155025505908384	4.09636912929998	3.67237793834904	2.96980762823465	-0.548369253484204	1.35175825246563	1.76738179869215	-1.03538422855648	1.33357593338244	1.3150568856152	0.797981241504043	-0.824075134889269	3.3571264714261	2.99798842933137	2.76603578524899	2.18349159631172	1.67788110822484	0.076215255638445	2.06010465275897	-1.20600974558724	0.99121483174898	0.996369482337645	0.797981241504043	0.876334555750558	-0.434610368127546	-0.0619350828423721	-0.478573491548662	-1.59991403129433	-0.332480873051166	-0.372090011146212	2.61603766302256	0.899258195652495	-2.56931458848243	0.943586782759725	2.53883231723732	1.31131156288504	1.10813616980788	-0.456350354763952	1.05623773168023	1.90698863417249	1.3037785705775	1.3625110442419	0.517587072209853	0.403428166846861	0.10169434093943	-2.56931458848243	0.574053683877625	-3.02129971222549	0.24227629156062	0.772583050898432	0.589618200418736	0.739900403468074	-0.733103356683542	0.927192972984049	0.604944170896963	-1.83171564535165	-0.649721747744491	3.01452342541108	0.394082304428624	1.42805173683465	1.8924050423734	1.83629539632754	1.48641513761189	1.41798453771692	0.0232227254979342	1.10813616980788	0.685279318987849	-0.456350354763952	0.32609496344369	-4.9672098612808	1.04160332416179	-4.9672098612808	0.0367364446646574	-0.733103356683542	-2.40226050381927	0.394082304428624	-0.85633599710749	0.345996117760985	-0.123022774822211	-1.7483340364126	-2.56931458848243	1.23329931276189	-1.07538956317017	-0.478573491548662	-1.7483340364126	1.01167590362032	1.77449083337125	-1.83171564535165	-4.9672098612808	0.840932628699642	-1.20600974558724	-0.959876676048331	-3.02129971222549	-1.7483340364126	0.82884788948457	-2.02277088211436	0.174453695221858	0.439961910179317	-1.35629194863658	-0.548369253484204	-0.792822591385165	1.70608810648685	-3.3577719488467	-1.16054737151048	-3.02129971222549	-0.352089344439542	-0.123022774822211	1.14425747822188	0.197576112642713	0.712962747736266	-2.02277088211436	0.274537153778841	-0.501301742626218	-2.02277088211436	-2.76998528394458	-1.83171564535165	-0.924158593446252	-2.02277088211436	-0.85633599710749	-1.35629194863658	-1.11706225957074	-1.07538956317017	-1.7483340364126	-2.25915966017859	-0.275861979051658	0.430952840236952	1.55928499828999	-0.704529984239486	0.64956123638577	0.627501518321037	0.943586782759725	-2.02277088211436	-2.76998528394458	-0.222277732917552	-1.25363779457649	-0.59776200881378	-4.9672098612808	-2.40226050381927	-4.9672098612808	1.76022186357005	-2.02277088211436	0.980825127899844	-4.9672098612808	-1.03538422855648	-4.9672098612808	-1.92268742355738	-4.9672098612808	-1.67137299527647	-1.35629194863658	-1.25363779457649	1.29237160278412	-2.02277088211436	-0.434610368127546	1.42135154426483	-4.9672098612808	1.24939623980406	-1.16054737151048	0.253145963797524	-1.41186179979139	-1.83171564535165	-1.53322265679566	-2.02277088211436	-0.762517241889836	1.77212676607637	-0.67675042013241	0.975589513845899
S5B1522	4.15640260689362	1.26692338019387	2.18233781582383	2.86697430671587	1.27564436569931	1.6621169379802	0.808242269934131	-1.05780283867739	0.14467631339176	3.57082147943096	1.75052033157127	0.751219697974443	0.770590763730443	3.87624149504813	1.75052033157127	1.23125838178333	1.63621907626163	0.262957481063426	-0.0977094841448443	1.7268398079062	0.0105041004953881	2.47860363196701	1.9838726220341	1.82674769695916	-0.0639984268025326	1.18797496407582	1.40318825971405	0.339623362811342	0.213968093863152	1.45046074260871	0.14467631339176	0.270894030659162	-0.773859088336219	-1.5012953423748	-0.181091093083896	3.36067805688511	2.94517896628692	2.39525981306651	1.45530923695533	0.309658574109406	1.40573279034904	0.45123734744101	0.913371812037402	0.222301475422296	-0.0639984268025326	-1.0283889534711	2.65358263823443	2.13567863490211	2.18700254731449	1.72129450718978	0.826549417378487	1.31814367921659	1.35624352544886	-0.402683053706687	0.444614806680517	0.716390306832763	-0.589666623606453	0.205564683066773	0.171226545485881	-0.285761715647785	-0.0639984268025326	-2.04361963320016	-1.05780283867739	-1.11936073167683	1.96806769534093	1.53656040399044	-0.708618566467818	0.270894030659162	2.60269249611911	0.866554751992187	0.153604944136061	-0.972036016919967	1.53656040399044	1.01977128882765	1.28141638749643	1.00090280452326	0.0605145210700497	0.0702233351970101	-0.434181720766057	-0.608535107910835	0.424479898271461	-0.517563329705109	0.569387019215158	-0.156549984167778	0.382951439574879	0.254957438396349	0.464352289518838	0.659082961575457	-0.86804630339592	-0.535107639356018	-1.65157754542413	2.40466279725079	0.835578824097881	0.521329724261379	0.969952558482164	1.35891019369578	0.917521195584214	0.675040747014068	0.278768087090068	0.490077180757274	-0.0207484430087161	0.431236680734341	0.0605145210700497	-1.15162159389505	-0.109203863570579	-0.372146329846605	-0.372146329846605	-1.11936073167683	-5.26249545806836	0.040809449990717	-0.999815581027043	-0.232057536675923	-0.687784479564976	-0.86804630339592	-1.15162159389505	0.00019473083652688	-1.45583296829804	-1.18495801416264	-2.42928211401214	1.16237356583703	0.853396667414676	-1.70714739657894	-1.89519962808188	0.527464712828895	-0.972036016919967	-0.144501645651603	-0.86804630339592	-1.11936073167683	0.29433260363118	-0.342514532240234	-0.608535107910835	-0.796587339413775	-1.45583296829804	-0.972036016919967	-1.76598789660188	1.51172842828926	-0.535107639356018	-0.144501645651603	-0.156549984167778	-0.285761715647785	0.317234367917863	0.0987967076410667	0.126576271748142	-1.11936073167683	-0.918690036214675	-1.29220354451624	0.29433260363118	-1.45583296829804	-1.59893381193871	-0.819844201578042	-1.76598789660188	-2.04361963320016	-1.45583296829804	-0.972036016919967	-1.82850825358321	-0.945007344532048	-1.70714739657894	-3.65305754563426	0.84006313654521	-0.387298134867207	1.41332776356649	-1.89519962808188	-0.193591255848127	0.171226545485881	-0.0207484430087161	-0.357220679629929	-1.59893381193871	-1.89519962808188	-0.972036016919967	-0.571147575839215	-1.82850825358321	-1.25516227283589	-0.2585491521229	1.17205106071909	0.424479898271461	0.153604944136061	-0.893047605601337	-0.402683053706687	-0.893047605601337	-2.31805647890192	-3.31658530901305	-3.31658530901305	-0.843654850271761	-0.999815581027043	1.86278763344235	-0.299650827808452	-0.434181720766057	0.324753200331891	-0.751635951551509	0.339623362811342	0.0308093666561335	-1.59893381193871	-0.972036016919967	-1.29220354451624	-1.54892339136405	-2.12700124213921	1.70069452780188	1.18481040447285	-5.26249545806836	-1.05780283867739
S5B3040	3.22286886787	2.12406330513867	1.89867019734443	2.37415279612503	0.380140888929012	1.8010689824816	0.567150169735346	1.41719528459769	-0.144040526018535	2.99679804855606	2.07717044114517	0.783946245618812	0.315049423348268	3.088854220029	2.92159923331495	1.33130561271726	0.872893731635308	1.10511450110063	-0.073741318617528	1.06077226155713	0.0443317823055747	1.97353031249265	1.31581143574042	1.49737364987165	1.07245853812658	1.76850607290531	0.924237683301054	1.62934386790453	0.64645194061923	1.29742615096968	0.182781454770517	0.356649875853413	0.353248512029923	-1.62732715312573	-0.405005210131602	2.56288859873308	2.21225789989387	1.92802090836368	1.68932494404198	0.325612901857837	0.814482969478894	1.7800240941108	0.625912065765156	0.0985211111527766	-0.588054304243934	-0.952872105577942	1.87737717554492	1.43928920655611	1.41011560900963	0.900867583677714	0.264221786710691	0.648990013047701	0.996625491271027	0.0627231052769979	-0.449622275620409	0.222390592865563	-0.207645775973107	-0.545312755866663	1.37639778517229	-0.738572579060185	-1.33042842556903	-1.13142717957642	-1.03134372101944	-2.0144431225657	1.1083222023274	1.98024851041794	1.22316523853883	0.60228892000172	1.58659816658261	0.703257334368669	1.31320557107364	-0.759086118893288	0.864755334732337	0.842027083654781	1.35660740519854	0.409554774135305	-0.132898349465292	0.154090962307587	-0.110979663757647	0.912620902130385	-0.105574245190739	0.745566817467219	-0.0328148909083099	-0.641878954257714	-0.0895311203501628	-0.328044168995474	0.11595074628806	-0.314666043049298	-0.28198339561894	-0.160990084332307	-1.73131686664978	1.78165874915399	0.912620902130385	-0.094850281827763	0.360039709607925	1.61690351607794	0.346410878552319	0.42552955474304	-0.759086118893288	0.522135537766618	-0.073741318617528	0.428694114346003	-0.28198339561894	-0.978351190878927	-0.57935859727638	0.0941158176848607	-1.22598576220143	-1.38704731956854	-1.11650152935974	-0.412304512613214	0.111621735198475	-0.915830833897593	-1.34894747333627	-0.8918775928751	-0.660484142088748	-0.21363381781773	-0.651138279670511	-1.75909643075686	-2.6544804778117	0.441253149122496	0.628502740789249	0.124552949870724	-0.138453919309895	0.226266566710255	-0.940371942813711	-0.504323411333466	-0.166704385595747	-1.62732715312573	0.0627231052769979	0.23780515626675	-0.588054304243934	-1.00449647098325	-1.60293570000158	-1.14657898459702	-2.12995600968755	0.729325161138586	-0.334800951458353	-0.660484142088748	-0.0895311203501628	0.166487815284416	-0.21363381781773	0.419170232834747	-0.172451527851314	-1.25960237300042	-0.57935859727638	-0.660484142088748	-0.62361360628042	-0.880112751295513	-0.614604536338055	-0.0479666959289125	-1.08730237466748	-1.70428819426186	-0.718471399739098	-0.536979374307519	-1.91090244362486	-1.75909643075686	-1.70428819426186	-2.41085839515395	0.412770210989279	-0.553716166663042	0.431848691094518	0.145740183090168	-0.0378400271109829	-0.605675905593754	-0.341603698781106	-1.81708368840721	-0.275573117258021	-1.11650152935974	-0.812290154956752	-0.903782495381418	-1.46789941619763	-1.0450425653776	1.25131628820135	0.799331164458291	0.0535697232905106	-0.195776200417724	-0.679442055833363	-0.952872105577942	-0.536979374307519	-3.18856296374196	-2.97725387007475	-3.18856296374196	-1.67797088594449	-1.94423886389245	1.35785584481138	1.11629672624617	-0.570737854232473	-0.244123984575517	-0.45725590047548	-0.294928560210977	-0.121878954215682	-1.42665645766358	-1.31224610648584	-1.46789941619763	-1.46789941619763	-2.52526874633169	3.01266185918624	0.419170232834747	-2.12995600968755	-1.10179538197005
S5B5060	3.72944720430973	1.51433897414449	1.96776733097962	1.12420151448374	0.690304739213112	1.38042924744647	0.86014089676807	1.17006942706325	-1.80471322017921	3.4161698225204	2.66901398327163	1.07338844512514	1.40040993213695	3.58190534159168	2.68062915810347	-0.297929461805191	0.202026489723895	1.10577994091638	-0.28717667002893	-0.412339812982936	-0.28717667002893	2.65782505535382	1.7050103926788	1.76859112486718	1.40435860459237	1.79560154474995	2.27777268743261	1.86508286010887	1.1004536966337	0.39251135715701	0.593182052619162	0.0307907980117035	0.694320808868002	0.579788995282724	-0.541551544462942	2.96741723744135	2.62523211891396	1.17503838138643	1.48931532706834	0.789813154626014	1.15501268088414	2.0710505362871	-0.449381084663285	-0.773353158520266	0.331039493063343	2.23662498513791	2.21320674236217	1.85634372833543	1.55243882037676	1.10577994091638	0.645029517151125	-0.462039481535208	0.00716765224826776	0.325259130147844	0.068963371516733	-0.185566493618148	0.105732219303822	-0.205079307841729	1.08430260530582	-0.689971549581215	0.195447518625852	0.29584524494155	-2.38279107095437	-1.34389801698788	1.54047286563515	2.35455088814221	2.72841065683504	0.0229782582749101	0.434958047404268	1.32865785270186	1.62769918083087	-0.28717667002893	-1.22782584573513	-0.643087963682365	0.745112975708107	-0.120122585365763	0.552452441118973	-0.0418217349520056	0.29584524494155	1.32865785270186	-0.0758675763617234	0.674077202591356	-1.75708517118995	-0.613010508445087	0.105732219303822	-0.487847365491081	-0.353499312960002	0.34818277004978	-1.02964891715138	-0.883556298653881	-1.40741142271021	0.674077202591356	1.08430260530582	0.3135971904	0.963291842392914	1.66785901763881	0.547822803220232	0.25936703633914	-1.34389801698788	-0.353499312960002	-0.000832390418809226	-0.514338980938057	-1.4407478429778	1.45432096441824	-0.0334883533928618	0.632317481562763	-0.943574308380134	-0.964408395282976	-1.20079717334721	-0.449381084663285	-0.120122585365763	-0.883556298653881	-0.985685793730261	-0.514338980938057	-1.51095210165105	-0.923165436748926	0.606398104010688	-1.37515056049198	-2.38279107095437	1.40040993213695	-0.185566493618148	0.5431716320445	2.43573580039452	-0.255595097978631	-0.487847365491081	-1.20079717334721	0.0538687452942481	-2.22244842087919	1.58585880610401	-0.102184884679096	-1.40741142271021	-2.15098945689704	-1.75708517118995	-1.05237716822893	-1.80471322017921	-0.412339812982936	-0.436880921899053	1.00820957268727	1.66178458741928	0.519585633038621	0.0462351204391771	-0.424535086076754	0.175446851919183	-2.02177772541704	-1.22782584573513	1.18979879696955	-2.57384630771708	-0.501005450068592	-1.12383613221108	0.0538687452942481	-0.297929461805191	-0.826937404654373	0.00716765224826776	0.579788995282724	-2.81023508578131	0.202026489723895	-3.12039001408515	-0.75611135208576	0.253155836246499	-1.7116227971132	-1.02964891715138	0.640810101608417	-1.17447986502983	-1.9629372253941	-1.47523401904897	-3.5723751378282	0.0538687452942481	-0.75611135208576	-1.12383613221108	-0.985685793730261	0.729757587624912	-0.527852700104781	2.46208047822773	-0.722494741286775	-0.923165436748926	-1.75708517118995	0.434958047404268	-1.37515056049198	-3.5723751378282	-1.47523401904897	-1.54799337333139	-2.81023508578131	-3.12039001408515	-3.12039001408515	0.105732219303822	0.640810101608417	1.44301075902665	-1.62646498877289	-2.95333592942198	0.3135971904	-0.985685793730261	-1.22782584573513	0.246905815901328	-0.943574308380134	-2.57384630771708	-3.5723751378282	3.55772337229737	-1.37515056049198	1.81277501833512	-2.02177772541704
S6A07	4.40947407392247	1.69347154462976	2.18494952739796	1.13355631066725	1.65688209719747	1.52989534631103	1.89457763794357	1.95721670690011	-1.81508435535289	4.2648488397427	2.55436349711413	0.999126041577706	1.22943808237053	4.30837290121358	0.604394489112651	3.31528762034569	1.00867265346129	2.70103601380169	2.32423357251194	0.0094649366981514	1.80658634906759	2.59212257785129	2.45545190328762	2.5400848251511	-0.289028051857845	-5.0339601802211	-0.890825453829563	-0.254836687109566	1.10376687386514	-0.0711155499611884	1.64689449856912	1.64438193443324	1.21020672044264	-0.50136068706784	-0.306572361508755	3.79057064130537	3.39789296402813	2.91017731089302	-0.799853675623836	1.17462984587553	1.7333829450443	-1.66666435023462	1.04597301487449	0.826826043244771	0.0094649366981514	-1.47861211873168	3.0284726113621	2.58625459035336	1.91397688839387	1.40379146951531	1.11664258822518	1.59804159717453	1.09943786277555	2.02823145206546	0.705832731958139	1.20631566494967	1.20240940998261	0.390989837260308	-0.545323810488955	-0.342612297991951	0.15342562561966	-0.418839663379836	-0.128685401782666	-0.205646442918794	2.21951020246343	1.323882086287	1.17864591553042	2.31269498295544	0.059790020585667	1.30639912350666	0.832507876712201	1.50128109079256	1.22943808237053	1.96088980561198	0.88224188238634	0.491492758910689	0.434099960914036	-1.98943774249767	0.175525972620326	-5.0339601802211	1.92733586568907	-5.0339601802211	-1.06366826666897	0.625522035538526	0.632466507891337	0.467298030323632	-1.14213988211047	0.15342562561966	0.130825793702419	-0.990908912386545	-0.77128030317978	2.08162194596336	0.553288478179154	2.08971260498351	1.24830656667491	1.16654899382159	1.20631566494967	1.21408269428733	2.05361352533688	-1.27276006452753	1.36463475431411	-0.923086316047784	2.29578950882042	0.826826043244771	0.450836753269559	-1.37039853409145	-2.32590997911889	2.34442353277562	-1.73812331421677	-1.47861211873168	0.364202521296658	-0.39923119199146	-0.0300138742756362	-0.956422736315376	-0.221775824848677	-2.46901082275956	-1.73812331421677	-1.22729769045078	-1.89846596429195	-2.63606490742272	2.08486606884098	-2.20074683616488	-1.98943774249767	0.0840336321956601	1.35123421877663	-0.0852002898429269	-1.59997297573595	-0.716472066684785	-0.743500739072704	1.47182387990713	0.618529000047555	0.964976381725588	-1.42304226757687	-0.238169634624354	-1.47861211873168	2.86741717357152	-0.459249201717713	2.19370231850756	-1.47861211873168	-0.306572361508755	-2.63606490742272	1.00391073970104	-2.32590997911889	1.2557553906879	0.259344644503397	-2.32590997911889	0.059790020585667	0.679772625288273	-1.32038811351679	0.908839194905606	-0.923086316047784	-0.158762857019943	-0.859572910325458	-2.08952120105465	-2.08952120105465	-3.08805003116578	0.308374071743716	-1.53745261875462	-5.0339601802211	3.62142850994654	-1.47861211873168	-5.0339601802211	1.78277570037387	0.142189552352733	0.718612458604538	0.0719852936794849	0.507303364937331	-0.77128030317978	-1.89846596429195	0.442503371710416	-0.342612297991951	-0.361131345759189	-5.0339601802211	-1.02662699498862	-0.0166803434061711	-2.32590997911889	-2.32590997911889	-5.0339601802211	-1.37039853409145	1.8687825569375	-0.174147775859423	-1.42304226757687	-1.89846596429195	-0.615119572424498	-0.238169634624354	-5.0339601802211	-0.829267560830129	-5.0339601802211	-0.0300138742756362	-1.22729769045078	-2.20074683616488	-5.0339601802211	-0.11397925439297	-0.221775824848677	-1.14213988211047	-0.690154758367411	-5.0339601802211	-1.89846596429195	-5.0339601802211	0.98463303427514
S6A1522	4.02975859376503	1.70908138195899	2.61041989507628	1.03575992365013	1.7618459139225	2.20423716942745	1.0720450833899	0.567141016527343	-2.32692760325015	3.67991804589614	2.63778009229015	1.71378174313932	0.779152727472709	3.9208573398666	0.206769210707285	3.35597166048963	-0.22279344897994	2.5852369662221	1.95066401328685	0.389972213129045	1.03113028575139	2.3065060480108	2.4237848880286	2.06422393920074	-0.175165399990686	-5.03497780435236	-0.991926536517807	0.441485747579153	1.66821030888851	1.20529804081841	1.06309647781388	1.41549261779182	2.55334587298286	-1.02764461911989	-0.290045675989107	3.37485286873538	3.15620820029043	1.52605286154422	0.933729755633008	-0.144628676130604	0.875818839688169	-0.190790717893766	0.973835381090238	1.03113028575139	-0.307589985640017	-0.481100912751817	2.65439330317733	2.26143546442156	1.83091327053108	1.21692607881353	0.848344584135921	1.91679436004655	-0.957440360446638	0.742674518870299	0.441485747579153	1.03575992365013	1.56761008783698	0.00844731256688913	-0.481100912751817	-0.439857954217767	-0.524118297835507	1.01711136457206	-0.0862179139741892	-0.460266825848975	2.04757076500294	1.11135145331654	-0.255854311240828	2.6788068122464	0.711225386187795	1.29830182378733	1.48269346855992	2.3945430384341	1.85359465521301	0.118313790145422	0.631448883760075	0.761079946413014	-0.175165399990686	-0.546341434620218	1.189580624923	-1.81610197948416	1.72311670007537	0.00844731256688913	-0.86059053445672	0.248225924385631	0.754982366544896	0.665465769038329	0.638345462819135	-1.22831531458204	-3.42553989191826	-1.2737776886588	-1.53847024288588	1.03113028575139	1.95987218148071	2.10784959680926	0.973835381090238	-1.14315750624173	0.853900153980524	-0.0310314984068985	1.6383201634153	-2.32692760325015	1.51180760640817	0.559733575249481	1.59702397304327	1.58908742344754	-0.100503871221666	-0.307589985640017	-3.42553989191826	2.3065060480108	0.0830160080643978	-1.02764461911989	0.458083638988191	-0.362148969890451	-0.460266825848975	-0.439857954217767	-0.239187258755616	-1.99045536662893	-2.20176446029614	-1.73914093834803	-2.83775322701614	-1.14315750624173	0.891948221618053	-0.159780481151206	0.859425029912493	1.88371741466811	0.106685752150303	1.15738468512251	0.449819129138297	0.559733575249481	-5.03497780435236	0.796904672931159	0.624504411407264	-0.665529951885336	-1.81610197948416	-1.81610197948416	-2.09053882518592	1.71143432422102	1.54843141780641	1.99056051028616	0.968909262754182	-2.09053882518592	-2.20176446029614	-1.02764461911989	-1.2737776886588	1.52887772217977	0.742674518870299	1.91295926426261	-0.0862179139741892	-0.957440360446638	-1.60099059986721	-2.32692760325015	-5.03497780435236	0.514098280542862	-1.66768197436588	-2.47002844689082	-1.99045536662893	-0.502378311199102	0.238021754211389	-0.86059053445672	-5.03497780435236	2.72591539149867	-2.32692760325015	-2.83775322701614	0.913057184828288	0.617511375916293	-1.06468589080024	0.441485747579153	-0.717489690816047	-1.89948358842321	-1.14315750624173	-1.66768197436588	-0.640528649679919	-2.09053882518592	-0.640528649679919	-0.830285184961391	1.57302282094373	-0.290045675989107	-1.60099059986721	0.498411684375163	0.363184897165396	1.73695775148724	0.704815107826876	-2.83775322701614	-0.481100912751817	-0.381017454194834	2.00117068939818	-1.47962974286294	-0.61613719655576	-5.03497780435236	0.0587723964544047	-5.03497780435236	-1.66768197436588	-5.03497780435236	-1.89948358842321	-0.524118297835507	-0.61613719655576	-5.03497780435236	-5.03497780435236	-1.37141615822271	-5.03497780435236	-1.32140573764805
S6A3040	4.7359204995484	1.35235512970066	2.84089705817042	0.542775352582207	2.08003429380298	1.96972975178828	1.73165507006964	0.13933248985481	-2.13339963998955	4.21233991468878	1.94413780391617	0.733830589344916	1.48069287849544	4.6367824759619	0.996966359572676	2.55253697362405	2.70054527127338	0.42245874577073	1.57441701514413	-0.572163829373332	1.06647323775303	2.90698480563977	3.04540525511329	2.61968332310695	0.458337033435632	-0.855739119872459	0.678833913597467	1.08547618487865	2.6115324883737	1.25794544522959	0.37572126791904	1.22165113903682	0.0768121328734761	-0.41273609244523	-0.37149313391118	4.09022649694465	3.74795456679071	0.37572126791904	1.60286843636853	0.657404522141568	1.13146129812047	-0.0914156608446186	-0.0466320582176456	1.66802037381592	0.899855072887526	0.209536748528058	3.43021885069928	2.97610455652802	2.58457388325038	1.87393354524292	1.909651627845	2.42295096963186	-0.889075540140051	1.7041533368001	0.991811708984011	0.976186391080931	0.413284369494689	0.991811708984011	0.336691924013305	0.0101207583748035	0.467109019508469	0.0638249373466646	-0.331883995816135	-0.676153542897379	2.70241530454391	1.45500928376075	3.00619780007563	1.29678527854585	1.26975660615793	0.9387488640088	1.18398978440051	0.650158113620801	-0.257082782733437	-0.523961727555454	0.492972530098388	1.16243722601477	0.678833913597467	0.841529505934673	1.0020945759396	0.151380828370985	-0.0914156608446186	0.209536748528058	1.60005944575747	0.605541048131994	0.699813704066662	1.40841183578233	-1.41126492255636	-1.11646538233571	-1.92209054632235	0.186678610452009	-0.64912487050946	1.95799941200279	2.55794824223959	2.07479867974904	1.81444464189041	-1.30305133791612	1.61679623811299	-0.732506479448511	1.273662861125	0.336691924013305	0.847517547779296	1.73657512919509	0.542775352582207	0.346592994996016	0.385245149430296	0.542775352582207	-0.0466320582176456	1.26189801954541	-0.122425897587179	-0.434013490892515	0.198172989877744	0.346592994996016	0.231884047220055	0.275134031013872	-1.83111876811662	-1.74773715917757	-0.523961727555454	-0.076263855824017	-2.13339963998955	-0.204439049248014	1.14040990369648	-0.597165131578749	0.970923221036656	1.16243722601477	-0.0178530936676022	1.45175195189044	0.79228878983151	0.534645226498957	-4.96661298404577	-1.47010542257929	0.620635674354479	-1.30305133791612	-2.76938840670955	-1.74773715917757	-1.03478735132144	-1.67077611804144	1.23794477852292	0.0373333218996885	0.50985056788574	-1.35569507140155	-1.74773715917757	-3.02070283499046	-0.523961727555454	0.296077204859115	0.0373333218996885	-0.597165131578749	-1.53262577956062	-2.25856278294356	-4.96661298404577	-1.67077611804144	-3.02070283499046	-0.500704865391187	-1.20541286835221	-1.53262577956062	-3.02070283499046	-1.67077611804144	-1.74773715917757	-0.572163829373332	-1.03478735132144	-0.622807562192087	-4.96661298404577	1.85884705220954	-4.96661298404577	-0.996321070493649	-4.96661298404577	0.976186391080931	-4.96661298404577	-4.96661298404577	-0.0321390509150792	-0.434013490892515	-1.92209054632235	-0.391902005542388	1.88457194344797	-2.13339963998955	1.29296848001915	-0.676153542897379	0.13933248985481	0.841529505934673	-0.154428628673353	-2.02217400487933	-0.23922516533343	-1.11646538233571	-1.67077611804144	-0.187489490934241	2.73549135600528	1.33049633588816	-4.96661298404577	-4.96661298404577	-0.732506479448511	-1.83111876811662	-3.02070283499046	-0.792225714150133	-4.96661298404577	-1.74773715917757	-0.0178530936676022	-4.96661298404577	-4.96661298404577	-3.35717507161167	-4.96661298404577	-1.53262577956062
S6B07	5.38897430926539	2.21533190436393	3.4171485396734	1.46629247636273	2.78471666989401	2.23160896769607	2.78122829426356	1.92730789311586	0.438839907266663	4.96987414868184	2.0311624874815	1.52115855644867	2.27505113906555	5.29479239344863	1.53745219593477	3.69202932012405	1.05974218095328	2.00112268178349	2.78355522957762	-2.4698809892977	1.54148445946271	3.81404585343506	3.46118460497313	3.46941268548137	1.23279178694857	-1.62258312891049	-4.66710556663392	0.675228685330894	1.40824046445477	1.08546707219172	1.96752779122777	1.18796635556851	1.56140543695727	0.56400305022067	0.323327020144819	4.81196338987696	4.44131281561688	3.35546338035434	-1.8338922225777	1.76422551529956	2.36198199751574	-2.10215620917238	2.08399590230284	0.655904412504491	1.01306704238315	-1.00354392050427	3.95642766055365	3.49312692573377	3.34292196184782	2.79395994772037	2.14743733062604	0.655904412504491	1.69073669987418	2.64143723090527	1.59247589743101	-0.201197447979333	1.64825243488842	1.38026661241236	-0.0323765784042811	-0.272656411961478	0.740066204826202	-0.297657714166895	-1.95905536553171	0.309628175786657	3.27490124185594	1.34660958940889	2.43539378914073	2.13861698678307	-4.66710556663392	1.81752966900133	0.942366228551043	1.50041092425442	1.78966408893825	2.95408959617593	-0.113228675033376	1.42193930881293	0.792479947510242	-4.66710556663392	0.792479947510242	-4.66710556663392	1.33678150047262	-4.66710556663392	-1.95905536553171	1.36117295359678	0.800954574501215	1.07909762390624	-1.72266658746748	-1.95905536553171	1.82664827321777	-2.26921029383555	-0.156246060117067	2.35129623243528	0.942366228551043	2.0311624874815	2.29608441923632	1.82361796786859	2.41207882797575	1.91630365552485	3.01491594419296	-3.05766765419982	1.54950053445095	-0.659772381401446	2.51448637797795	0.363332354758518	1.14702496519115	-2.7211954175786	-1.8338922225777	0.0242423155952269	-1.1117575051445	-0.201197447979333	-0.523970840242384	0.897414840688777	0.574641448425726	0.128684978962824	0.192706837727755	-0.376646125485526	-0.696813653081795	0.595584622270969	-0.556231702460606	-1.53161135070477	2.7788959316902	-1.1117575051445	-4.66710556663392	-1.23311836214877	2.14523952754356	-1.72266658746748	-0.624054298799367	-2.10215620917238	-0.624054298799367	0.748994835570503	0.426644634172845	2.77772770725828	-0.556231702460606	0.920143091766333	-0.272656411961478	2.64811282311906	-4.66710556663392	2.02621810163603	-4.66710556663392	0.389140238714392	-4.66710556663392	0.889722495065621	-4.66710556663392	0.497680407289598	0.462793148289157	-2.4698809892977	-0.953533499929609	1.54148445946271	-1.72266658746748	0.192706837727755	-4.66710556663392	-0.953533499929609	-4.66710556663392	-4.66710556663392	0.0602822520784239	-1.1117575051445	0.389140238714392	-1.29980973664744	-4.66710556663392	3.27419000427262	-0.77528526852329	-4.66710556663392	3.05468621018362	0.438839907266663	-0.201197447979333	-4.66710556663392	1.4877525273825	0.83415264391081	-1.8338922225777	0.766616436920323	-1.8338922225777	-4.66710556663392	-4.66710556663392	-4.66710556663392	-1.62258312891049	-2.4698809892977	-4.66710556663392	-3.05766765419982	-4.66710556663392	-0.49271829673828	0.509044165939912	-1.8338922225777	-0.816957964923858	0.042424634678417	-4.66710556663392	-2.26921029383555	0.486186027863862	-4.66710556663392	1.23825628142065	-4.66710556663392	-4.66710556663392	-4.66710556663392	-0.272656411961478	-0.953533499929609	-0.696813653081795	1.19368065683195	-4.66710556663392	-4.66710556663392	-4.66710556663392	0.881970518261303
S6B1522	4.5877010675241	2.06724303350769	2.83054284213573	0.968630744839585	1.8039209562629	1.78563473243948	1.72132686520675	1.5558370266726	-1.61210841435459	4.2906191297963	2.25549417597377	1.92132641970411	1.43241402336884	4.49828793361365	0.785786858443783	3.72989580460393	0.23008190850036	0.834726287484005	2.4595673480548	1.73111886511137	1.35387538379863	2.98579404627112	2.76603136593332	2.60689206281166	0.427767527119058	-4.97940424434106	-1.36848633169684	-0.635598822487377	2.24970963345224	0.828738245639383	1.50523099129419	0.810555926556193	2.20370745740222	-0.513496125686477	-0.00267050192048668	3.91251989581348	3.68050304927435	2.14426854086355	-2.03496526517462	0.480181269803098	1.2372018567438	-0.66191613080475	0.828738245639383	1.01953231760562	-0.0594233185129358	-0.635598822487377	3.18879868589499	2.82973115377948	2.49876544981872	1.90097983784494	1.42582421368978	1.76465494197029	0.607844414059189	-0.468544737824211	0.792036878788955	1.40241177306504	1.12315435027251	0.804420937988676	-0.364283727499801	0.114345956465701	-0.901866800435341	1.26476265632268	-1.04757861161674	-0.716724367299745	2.5144696424425	1.78793888092433	-2.03496526517462	3.02060984933701	-1.61210841435459	1.3922076028908	1.52338580157456	1.20885987874153	1.59287829835295	0.49705930759045	-0.513496125686477	1.35387538379863	0.138589568075695	-0.86853038016775	0.569671840554159	-1.93488180661764	1.55873557942661	-3.03349409528575	-4.97940424434106	0.864140172690299	0.219092786924765	0.196745488232768	0.0110283424376751	-1.36848633169684	-1.2182041286475	-0.901866800435341	-0.513496125686477	1.55873557942661	1.33595375718127	2.47241799218687	1.5173707458448	-0.404693265837678	1.31401503450542	1.45514227444639	2.09809380922817	-2.27135404323885	1.28017721972386	0.0110283424376751	1.98944613400089	1.56162575484884	0.353314548924308	-0.584955089668622	-4.97940424434106	1.38878294200943	-1.68356737833673	-0.560563636544463	0.114345956465701	0.173887350156718	0.138589568075695	-0.86853038016775	0.207981561499694	-1.68356737833673	-2.41445488687952	-0.745297739743801	-1.17274175457074	-2.03496526517462	0.828738245639383	-0.25201642562872	-0.288056362111917	0.418758457176692	1.78332526259082	0.40966748547544	-0.805016974445424	-0.151090507038759	-0.86853038016775	-0.269874043028727	0.569671840554159	0.23008190850036	-1.68356737833673	-0.536752987850744	-0.901866800435341	2.23657075831041	0.505392689149594	2.39019647618535	-0.635598822487377	-4.97940424434106	-1.93488180661764	0.840678686011301	-2.27135404323885	1.49910539786751	0.96339513078564	-0.901866800435341	-0.716724367299745	0.0768415610072477	-2.03496526517462	-0.688944803192669	-4.97940424434106	-0.490767874608921	-0.584955089668622	-0.404693265837678	-1.2182041286475	-0.97207105910859	0.173887350156718	-2.03496526517462	-4.97940424434106	3.22335213731458	-1.61210841435459	-4.97940424434106	2.28392537313578	-0.0165596140811539	-0.104206921139909	0.102000120643402	-0.716724367299745	-1.93488180661764	-0.836269517949528	-4.97940424434106	0.207981561499694	-1.84391002841191	-2.78217966700484	-2.27135404323885	1.14089317460989	-0.13521715788247	-2.03496526517462	-0.25201642562872	-1.04757861161674	1.58726818546218	0.454317759213179	-2.41445488687952	-1.17274175457074	-0.688944803192669	2.26553730199595	-2.27135404323885	0.0894999578791706	-1.129256642631	-0.635598822487377	-2.03496526517462	-1.48289668287458	-4.97940424434106	-0.0165596140811539	-1.129256642631	-0.66191613080475	-3.03349409528575	-4.97940424434106	-1.84391002841191	-4.97940424434106	-4.97940424434106
S6B3040	4.30843042892926	1.15550760415531	2.54589195052673	0.784945367728208	1.54814027219359	1.97429997154459	1.46881481440992	0.625061485868438	-5.15259083735422	3.84393731073664	1.89405644049454	1.61475228791117	1.09931304581167	4.16075728469619	0.356797499273759	3.02013826751125	1.294715025187	1.85681809535442	1.40843982854236	0.0677649877241073	1.32591880485435	2.57626498649832	2.57450364742562	2.12327376319231	0.52758177166285	-1.10953956951967	0.741811996910632	0.593612353185935	1.69647544527924	1.11839759450408	0.870856755606815	0.289826873167575	-0.0836866351339864	-1.00945611096269	-0.373467344242688	3.54975323786613	3.26610710731292	1.85319818189928	0.160615141687569	-0.162158250575482	1.83305098028499	-1.0750533934485	-0.390416902556462	1.01072396668042	0.110099351550668	-0.443060636041884	2.88430593533085	2.4627075024716	2.27811624519175	1.42527052036683	1.20177920344313	1.43358081750046	-0.218116904223526	1.47412691189481	0.768987582289598	0.954432050388037	0.580750439543528	0.227306516186242	-0.835102723817907	-0.537470320512958	-0.109165720434971	0.690953579677142	-2.319377493298	-0.978203567458581	2.16528536127228	1.32591880485435	0.0568953154872034	2.59630049990131	0.199267296121849	0.936454038092628	1.0191097600567	1.55793227209821	0.520732429817275	0.449527983525483	1.4634743477786	0.730731551134061	0.34047060598633	0.034794968486537	0.768987582289598	-0.758141682681779	0.752771010700353	0.380798651373302	-0.947898217963252	0.534384518985602	0.856222348088377	0.272359180127185	-0.425203018641877	-2.20815185818778	-2.58764147989268	-2.01709662142507	-0.709939580863901	0.931908575720954	1.82562290527648	1.88179709256129	1.22922518005188	-0.122152915961783	1.10699062671071	-0.0345970249374625	1.73598162221115	0.160615141687569	0.690953579677142	0.180127955911151	1.48466719393024	0.826294927546904	0.218047190773444	-0.686682718699634	-2.955366260018	0.554519427394657	-0.373467344242688	-0.835102723817907	-0.162158250575482	0.189743414610593	-0.557470987219628	-0.189746207094311	-0.808785415500534	-1.14525765212175	0.218047190773444	-0.918484332756958	-1.54167292470999	-2.20815185818778	0.880495384444584	-0.835102723817907	0.890041996328163	0.816116722631148	0.485763831979528	0.208701328355207	0.954432050388037	0.821218774515043	-1.3459283475839	-0.686682718699634	0.442120542247621	-0.0711864723697548	-0.232609911526093	-2.10806839963079	-1.3459283475839	0.736287120978663	0.574256910232979	1.37682800090801	-0.73375022955762	-2.58764147989268	-5.15259083735422	-0.889910960312903	-0.862131396205827	0.774335188616193	0.478620944467147	-1.48902919122457	-0.308403750895627	-0.537470320512958	-1.43901877064991	-1.39139072166066	-3.54315292492012	-0.577879858850835	-0.918484332756958	-1.3459283475839	-2.58764147989268	-1.22076520462989	0.227306516186242	-1.0750533934485	-2.955366260018	2.02136748240258	-2.01709662142507	-1.43901877064991	-1.30244323564416	-0.189746207094311	-0.517861849124582	0.547852736036469	-0.109165720434971	-5.15259083735422	-0.277393514153066	-2.58764147989268	-0.889910960312903	-0.862131396205827	0.631234344975519	1.21559634899627	0.747306516228273	-2.319377493298	-0.292778432992546	-0.292778432992546	0.227306516186242	0.870856755606815	0.442120542247621	-1.54167292470999	-0.978203567458581	-2.44454063625201	1.77398619586851	0.985136216732016	-0.619991344200962	-1.48902919122457	0.741811996910632	-2.955366260018	-5.15259083735422	-3.2066806882989	-2.10806839963079	-1.22076520462989	-0.407658708990968	-3.54315292492012	-3.54315292492012	-2.01709662142507	-1.78529500736774	-3.2066806882989
S7A07	4.35789368755233	2.56373709372455	2.36104955097773	1.24397925640491	1.6407573736996	1.99434029393402	2.05999741634805	1.91390479785055	1.97338714641927	4.10292420094759	0.434544926780161	2.30600209764072	1.10730635041563	4.29532183991654	0.388665321029467	2.67468198767628	1.19488964620838	0.658584937141407	1.7132341023884	-0.0974295214788059	1.49662347211581	3.05582831943429	2.38811305837832	2.0740204331688	0.108777520304505	0.398011183447704	-0.655138731143647	0.469790865841835	1.37125358944637	0.0578110767124773	1.46831969595296	0.407270508860502	1.15642336538059	-2.26457664357775	-0.112814440318286	3.73634306230099	3.29994376374495	2.55624241196229	-0.440027351526702	1.43260161335088	2.66989728955294	-2.13941350062374	1.00625892022116	1.45870423725352	0.727816728710729	-1.25905477797565	2.95216906927648	2.62175439787186	2.52568902608702	1.49971944982094	1.2945737038614	1.74517785034373	2.21654089374036	1.14767057427099	1.1694105609074	-0.440027351526702	0.943575217927477	0.767166067499276	-0.829492118288425	-0.578177690007519	1.53911848496477	-0.418749953079417	0.00410689774061623	-0.655138731143647	2.16861827767053	1.58273004713071	-0.0974295214788059	0.910695543808321	0.407270508860502	1.05082074828108	1.3989850025519	-0.738520340082698	0.817333326217295	1.891176546773	0.360091948585411	0.916251113652923	0.773576345860195	-4.97262684467996	0.948951574963858	-3.36318893224586	1.12544743748628	-4.97262684467996	-0.965293659447487	0.52043459866059	0.225870186585868	0.192159129243556	0.512170088810697	0.700696422491535	1.72810426486785	-2.13941350062374	-1.04080121195563	0.847456085672404	1.28312319707341	1.38174319611739	1.2945737038614	2.93612789410329	1.33182195774202	1.78081107391782	2.39445021520105	1.72069682358999	2.05291146995856	-1.16596435490964	1.36773245904779	-0.603178992212936	1.04596636981628	-4.97262684467996	-1.83713262875081	0.0836189606683506	-1.67678997867563	-0.00978221442005101	1.49351787955766	-0.655138731143647	-0.337897856450322	-2.13941350062374	-0.929575576845408	-2.02818786551352	-2.13941350062374	0.157271870243116	-1.83713262875081	-0.483990474947818	2.05468766935982	-0.767934225288992	-0.299798010218052	0.290063344224928	1.25588415891123	-1.36170893203573	-1.67678997867563	-1.92810440695653	-0.603178992212936	-0.829492118288425	-0.0526459188518329	0.805025478542698	-1.83713262875081	-0.397915866176575	-1.53863964019481	3.28086118366595	-1.36170893203573	0.876697935266901	-2.57473157188159	-0.245239025967617	-2.13941350062374	0.0446529921349663	-0.738520340082698	0.145366967736797	1.04108831136284	-2.02818786551352	-1.53863964019481	0.180664749817821	-0.628821422826274	-0.210452909882202	-0.628821422826274	-0.861752980506647	-1.2114267289864	-1.08080654656933	-0.440027351526702	-0.709946967638643	-1.83713262875081	-1.1224792429699	-3.02671669562464	-1.53863964019481	-0.861752980506647	-0.263096643367624	-0.506718726025374	1.24397925640491	1.1343960430623	-0.829492118288425	0.121123356126804	-3.02671669562464	-4.97262684467996	-4.97262684467996	-0.227694716316708	-2.40767748721842	-4.97262684467996	1.45224217922543	-3.36318893224586	0.225870186585868	-1.2114267289864	-2.57473157188159	-4.97262684467996	1.49971944982094	-1.47611928321348	-2.77540226734374	1.83530809901997	-0.0673520662415283	-4.97262684467996	-4.97262684467996	0.876697935266901	0.203522887893871	0.823430906085414	-2.77540226734374	-1.30906519855031	-4.97262684467996	-2.57473157188159	-1.16596435490964	-1.75375101981176	-0.483990474947818	-4.97262684467996	0.734483420068917	0.407270508860502	2.96009418280199
S7A1522	3.70644445402734	1.95356083691737	2.60839231101174	-0.371092989878379	1.79441251043505	1.99628885537152	0.73847831257945	1.56532717099209	-0.772434380802682	3.51225842292713	2.11862301304767	1.57481715917693	0.533560037915566	3.66468234364594	0.184974598000946	3.38702723887628	2.44545330169263	1.3799018752854	1.87802158165425	1.11163788869072	1.52891538158337	1.90213989110314	2.13358927879268	1.69482780500561	0.43523528540458	-5.16688353547512	0.5200918208647	-0.204038905215214	2.1295297332988	0.3665059532524	0.806926076394141	-0.0609380615745403	-2.45883333437291	-1.94800771060692	-0.634284042321865	3.01874535567249	2.93145531071394	0.743913108565406	1.22167787007051	-0.475535653245977	0.926686234570015	0.412846290511101	0.126421289249372	1.4491816496577	0.0316134957907055	-0.57176368534053	2.43251779794069	1.99473846746407	1.74983148487849	0.73847831257945	0.427827844126718	2.24104078708448	-0.261608757036691	1.86220402867454	0.28415491809058	0.822077881414743	-0.276534407253367	0.0642250813794663	0.585689103350512	0.342504801152857	0.579319655065032	1.20814128435298	-0.0731333346683583	-1.67037597400864	1.47560326589214	1.14121490603441	1.53138451864029	2.29991593954348	1.89359283052468	1.26444754645836	1.3625353027871	1.29614592144555	1.32687030437657	-0.700975416820537	1.34782915539741	0.796695808143326	0.0205022703656343	0.610768787747536	1.12283203543388	-2.3336701914189	1.18400218123962	-0.512923185317597	-0.634284042321865	0.275534175046673	0.67084691169082	0.629174215290251	0.705234254000295	0.641258954505323	-3.22097338641981	-0.512923185317597	-1.5559656228309	1.0457225602764	2.07376615878035	1.46511824192051	0.770652669607306	0.231279166042633	0.412846290511101	-0.457353334162787	1.17347576825263	-1.5559656228309	1.32383999902739	0.0205022703656343	1.63662172213322	1.26766298331233	-0.724232278984804	0.533560037915566	-5.16688353547512	1.26766298331233	-0.797435683008099	-0.904203658433805	0.641258954505323	-0.823078113621436	-0.748042927678523	0.156126443663288	0.358569403656664	-2.3336701914189	0.22218819434138	-1.67037597400864	-2.76898826267675	-0.0854791704906575	1.3359065104405	0.754694884168695	-0.0979793332548891	1.78680067539542	0.275534175046673	1.10031701306624	0.806926076394141	0.791541157554661	-1.79958770548865	0.389944526224418	0.992211853016813	0.350569360989587	0.184974598000946	-2.76898826267675	-2.22244455630868	-0.149603698660196	1.58888538650914	1.80572271582663	0.513289073541947	-2.22244455630868	-1.12383226764057	-1.87104666947079	-0.962190916084154	0.184974598000946	1.24821342369648	-0.67824716574298	-0.307071131113449	-0.904203658433805	-2.03138931954597	-0.204038905215214	-1.67037597400864	0.374380009683306	-1.15955035024265	-1.40568341978156	-3.55744562304102	-0.232409602344429	0.889900477753504	-0.748042927678523	-1.67037597400864	-0.592172556971738	-2.9696589581389	-2.03138931954597	-5.16688353547512	1.38276720675869	-0.475535653245977	1.08886650627825	-5.16688353547512	-1.45331146877081	0.194408630234305	-0.475535653245977	-0.57176368534053	-0.204038905215214	-1.67037597400864	-0.992496265579483	-0.322696449016529	0.93119074669112	-0.0854791704906575	1.64985234511985	0.203754492652542	1.01313311817745	-0.0135919409773413	-2.9696589581389	-0.218123645096952	-0.176450948696385	2.10482017141225	-0.307071131113449	0.22218819434138	-3.22097338641981	-5.16688353547512	-1.94800771060692	-1.40568341978156	-1.40568341978156	-0.904203658433805	-0.962190916084154	0.156126443663288	-5.16688353547512	-5.16688353547512	-5.16688353547512	-5.16688353547512	-2.60193417801358
S7A3040	3.83477472511991	2.31274207040898	2.5457266998849	0.0898538329525351	1.39665564949682	2.21583683086074	0.951070547599234	0.514011074072853	-2.44535355531026	3.39763860435513	2.3875211933196	0.382241796441729	0.777324555507676	3.74681415426528	0.509060568912997	2.53923106158605	1.78043689304534	0.336124114346763	1.61426809995384	1.23515764913316	1.03954284522854	2.12344898650695	2.3621742142322	1.70531132714502	-0.064925975552284	-0.694085447436946	-1.68321350326337	0.509060568912997	2.98836844824398	0.947875656702715	0.336124114346763	-0.248128977974044	-1.31548872313805	0.528717221462548	-0.359977278110613	3.18892571357896	3.09740280594924	0.83984491248901	1.35280728920474	-0.227185804128801	0.262696645791946	-0.030290478889528	-0.248128977974044	0.966893662538476	-0.348212436531027	-0.030290478889528	2.50745082996441	2.06759690858106	1.69475315968363	0.88514882679441	0.468548699996095	1.8186668045055	-0.147541741068876	2.13327707544321	0.134141513153652	0.821858816119228	0.660726775412592	0.336124114346763	0.742572023516836	-0.186571084974611	1.40479404639979	1.11271189915565	-0.661562255731385	-1.25576948843643	1.89597508509152	1.53566232160483	2.45638765054685	1.57060037296611	-0.248128977974044	0.758166881474742	1.59267257632161	0.489009771867435	0.594623420041485	-0.119237964906024	2.04328281442188	0.576232097070061	0.982470301467214	0.621591346468992	0.821858816119228	-0.157157199768318	0.603693777011449	0.431702426610129	1.10453746671609	-0.371882180616931	0.552756840648694	0.0973726653665627	-0.408471628049224	-0.082704221573568	-2.54543701386725	0.0746444142890068	-1.44682472519914	1.68866949073001	2.15647772941231	2.02164865535718	0.677640497854655	0.0973726653665627	0.669219395458247	-0.383930519133107	0.976268731203932	0.176550695078745	0.821858816119228	1.02483669783884	0.0513875521247398	0.56221317589073	-0.798528110804543	1.21085511651412	-2.65666264897747	1.40479404639979	0.0669520686658513	-0.569895067205562	0.243465283864059	-0.835915642876163	-0.677691637661269	1.13948726040376	-0.744943864670437	-2.35438177710454	-0.336584398535908	-1.48254280780122	-3.09198072023532	0.387859788745952	1.34852920781366	0.112242827846014	-0.780345791721353	1.35706714655169	1.18846612162065	1.18594722860116	0.746493597170018	0.410021360548805	-1.41233854912797	1.24233471343352	0.518937192408909	-0.555402059902995	-0.855147004804051	-1.72867587734012	-1.1994165518853	-1.63972839132363	1.46762137784326	0.494060287653504	0.300084177863567	-2.54543701386725	-0.915165014530304	-3.29265141569747	0.0275769034310205	-0.237602564987057	0.162613187234964	-1.1994165518853	-1.93452793154427	-1.14607057118	-2.12258016304721	-2.78182579193148	-1.04722473654337	-0.082704221573568	-1.82631434690404	-1.77630392632938	-1.93452793154427	-0.499443406254951	0.0355769460980975	-0.459438071641252	0.0669520686658513	-1.72867587734012	-5.48987599303369	0.0513875521247398	-5.48987599303369	0.262696645791946	-2.19403912702936	1.3822521083053	-1.44682472519914	-0.513142250613113	-0.0218158518985554	-0.957276499880431	-1.09542683836125	-0.584601214595257	0.576232097070061	-0.915165014530304	0.404526841231164	0.514011074072853	0.183447274137806	1.10453746671609	-0.0737755908292668	-0.727702058235931	-0.302490187192932	-2.54543701386725	-0.630063588672015	-1.99336843156721	2.86220667831895	0.34200648424983	-1.99336843156721	-5.48987599303369	-1.87895808038946	-0.798528110804543	-1.31548872313805	-1.87895808038946	-2.54543701386725	-1.63972839132363	-0.0561539894794469	-3.09198072023532	-5.48987599303369	-2.92492663557215	-5.48987599303369	-1.59805569492306
S7A5060	4.081247904422	2.78358418995028	2.40717017938405	2.149817646367	1.66247376449573	1.92510053060536	1.18079818674449	-0.167551242811279	-1.0732598653549	3.86348335770576	2.69038523933173	0.577421005613253	0.673649037707806	3.90926470034164	0.557012133982045	2.15816842558442	-0.650403014534863	0.40114176327526	1.49168949210664	1.0127390768711	1.83162593542552	2.27572043432514	3.1267083357998	1.94072584850844	2.34360363305166	0.272760596627054	-4.01769884452134	0.424952411968979	2.76562635608262	1.12396471198132	0.810614892780964	-0.973176406797915	-0.650403014534863	1.96118692037978	0.0598385993843822	3.51759785792275	3.28142261818946	0.299789269014973	1.81418363276218	-0.167551242811279	0.470937525210803	0.514900648631918	0.887575933917092	0.514900648631918	0.778091701075404	-0.256498728827775	2.90297265972735	2.15400175288958	1.83737307768109	1.14708712940218	0.655129989940569	1.28560606353774	-0.125878546410711	2.61166440891611	0.125435881870195	1.34359332118809	0.299789269014973	0.186993774869629	0.272760596627054	-0.0474069309692156	0.448209274133246	-0.882204628592188	-0.0103656592888663	-1.61980357172297	2.05764718656735	2.08485975009223	3.7550538719474	1.94588049909711	-0.798823019653137	0.424952411968979	1.71564243237641	0.872650283700416	-0.0858732117970118	-0.462350783031924	1.36219850901912	0.470937525210803	1.0127390768711	0.125435881870195	1.55445518765643	1.21340977233325	1.25530071404241	1.19178730832008	1.83162593542552	0.709688974191003	0.636261505636186	0.0253524233132127	0.655129989940569	-0.125878546410711	-0.882204628592188	0.842113559840334	-0.798823019653137	1.61351293730003	2.95303123362219	2.54049895829093	0.79448551085108	-1.61980357172297	0.761424648590192	-0.211036354751018	-0.882204628592188	1.7348737943043	1.05120535769889	1.24499134438355	0.299789269014973	-0.462350783031924	0.493160661995513	0.0253524233132127	1.13559274997644	0.761424648590192	0.470937525210803	-0.650403014534863	-0.0103656592888663	-0.798823019653137	-0.521191283054857	0.125435881870195	-1.18448550046512	-1.4527494870598	-4.01769884452134	-1.18448550046512	-4.01769884452134	-0.462350783031924	1.606318661666	-4.01769884452134	-4.01769884452134	1.96623743616585	1.30531113461707	1.79643168730373	0.916775088609354	-0.354137198391691	-1.4527494870598	-0.973176406797915	-1.30964864341913	-1.82047426718512	-4.01769884452134	-4.01769884452134	-4.01769884452134	0.1566884253743	1.79643168730373	0.299789269014973	0.125435881870195	-0.798823019653137	-0.462350783031924	-2.07178869546602	-0.583711640036191	-1.82047426718512	0.1566884253743	-0.167551242811279	-4.01769884452134	-2.40826093208724	-1.18448550046512	-0.650403014534863	-0.0474069309692156	-1.4527494870598	-1.4527494870598	-0.721861978517008	-4.01769884452134	-0.583711640036191	-2.40826093208724	0.0598385993843822	-1.61980357172297	-0.0858732117970118	-4.01769884452134	2.2028913255784	-4.01769884452134	-1.4527494870598	-1.61980357172297	-0.0858732117970118	-4.01769884452134	1.24499134438355	0.376750310151101	-0.798823019653137	-0.973176406797915	-0.167551242811279	3.23009373724651	0.0253524233132127	-1.61980357172297	-0.354137198391691	1.38046385699642	-0.583711640036191	0.186993774869629	-0.354137198391691	-0.406780931877113	-2.40826093208724	-1.18448550046512	-2.40826093208724	2.99711550675421	1.87670398974351	-4.01769884452134	-4.01769884452134	-4.01769884452134	-1.18448550046512	-0.583711640036191	-1.0732598653549	-4.01769884452134	-4.01769884452134	-1.0732598653549	-2.07178869546602	-1.82047426718512	-2.40826093208724	-4.01769884452134	-0.650403014534863
S7B07	4.96854096865036	2.24033758002618	2.73898480805063	1.65034766443934	1.94483038133914	2.26479532087222	2.34967915660807	2.28604446035435	1.44137127338991	4.53947795724744	1.02204913062032	1.28262288431402	1.57833712846307	4.86783294478471	1.12787465442417	3.05203167986379	1.47741120987311	0.732815467477122	2.38837806049451	0.360941303804993	2.54405274366475	3.43171419040103	2.8435931612059	2.84509692088777	0.600170992870828	-0.737670984863116	-0.0859090204660253	-0.737670984863116	2.06650806166425	0.99374535445747	1.33838645883248	0.556685880931089	2.45269413696428	-0.635016830803033	-0.981293067520867	4.01708348626765	3.77140493021776	2.68931706593984	-1.21309468157819	2.28866913377712	2.63890134949365	-4.34858889750734	1.56220774653319	1.39120401467189	1.13620803598331	-4.34858889750734	3.25281343707639	3.12163523839263	2.93965550351278	2.03997250803829	1.69404393617504	2.59549831072219	2.05000603702787	1.42285222562267	1.51219732595853	0.769404914909415	1.27542860868	1.21593150981535	-0.685027251377694	-0.34125571227487	0.324239936954565	-0.174201627611704	-0.305537629672791	-0.737670984863116	2.51102600614686	2.10503610138535	0.804702696990439	0.600170992870828	0.2052879940932	1.51787915942596	0.914101291397545	-0.271051453601621	1.40398374131829	2.32217742333853	1.0851331060469	1.33838645883248	0.720315304712891	-2.73915098507324	1.72214883049515	-4.34858889750734	1.20048718738788	-4.34858889750734	-1.21309468157819	1.02204913062032	-0.416763264783015	0.720315304712891	-0.737670984863116	0.893158117552302	1.94112667340166	-1.12971307263914	-0.737670984863116	1.66512625853546	0.984129895758028	1.47149403284502	1.8147259065273	2.95053256520346	1.79344850808002	1.57833712846307	2.11444055941333	1.41031287636994	2.21244176838923	-4.34858889750734	1.73134429758825	0.413585037290416	1.22356513467042	-4.34858889750734	-2.73915098507324	-0.498441295797282	-0.852081336040861	0.396343230855909	0.378798921205	0.266531619333919	0.305371452650183	-4.34858889750734	-0.793240836017927	-1.4041499183409	-2.15136432017112	0.0208589549596807	-1.30406645978392	-4.34858889750734	2.24582456224244	-0.852081336040861	-2.40267874845203	0.793074658995319	1.05858287395278	-1.51537555345112	-2.40267874845203	-2.73915098507324	-1.51537555345112	-0.0311007839710302	-0.205454171115808	0.99374535445747	-0.305537629672791	0.681849023885094	-0.914601693022195	3.22853303336934	-4.34858889750734	2.01616185934457	-4.34858889750734	0.707656907840968	-4.34858889750734	-0.143896278116375	-4.34858889750734	-0.737670984863116	1.34514324129536	-4.34858889750734	-4.34858889750734	0.305371452650183	-4.34858889750734	0.914101291397545	-1.05275203150301	-0.914601693022195	-1.4041499183409	-4.34858889750734	-1.51537555345112	-0.174201627611704	-1.64053869640513	-0.0581294563589494	-4.34858889750734	-1.21309468157819	-2.40267874845203	0.681849023885094	1.71751919259641	-0.378296983955219	1.45352947786972	-0.914601693022195	0.655357408438118	-0.635016830803033	-4.34858889750734	-1.95069362470897	-1.12971307263914	-4.34858889750734	-4.34858889750734	2.12066141928843	-4.34858889750734	0.769404914909415	-1.05275203150301	-4.34858889750734	-4.34858889750734	1.48329357977618	-2.40267874845203	-4.34858889750734	1.62011866247803	-0.0311007839710302	-4.34858889750734	-4.34858889750734	0.914101291397545	0.070251710289257	1.33838645883248	-2.73915098507324	-1.21309468157819	-4.34858889750734	-0.498441295797282	-0.0859090204660253	-1.7836395400458	0.571392028320784	-4.34858889750734	0.49559818895125	0.413585037290416	2.28866913377712
S7B1522	3.76984698991897	1.75088780978707	2.27773639651899	-0.0197192844357561	1.07267214435725	1.46925759109078	1.14197697965893	1.80182474614983	0.562886021724366	3.62092217861451	1.09732670592119	1.40869854949538	0.716665575178836	3.68839263902517	-0.346932195644172	3.07068871822982	1.2904973662268	0.738692897497127	1.67866611401484	1.86311307012111	1.46294178062266	2.3739386938871	1.99425307061356	1.67696253609006	0.23366019362392	-2.17148148769522	-0.0290651468539931	-0.373077475748494	1.65280260342492	0.536568713406992	0.525844750044016	0.374833790221426	0.729940106387532	-3.1931327352272	-1.0209094600964	3.02613117473119	2.85895643369722	1.53425508348514	-0.0771513335216314	1.13320499358609	1.35134338208864	-1.21597004266778	-0.248693756060758	0.853809588100318	0.552442062563283	-1.18566469317245	2.32074393927674	2.03916353022304	1.91011550170438	1.04097376937006	0.712201282050151	2.0065912900576	0.797906810519171	0.598604104326445	0.296618043776402	1.01487114546742	0.181796719614346	0.0433646909908214	0.0433646909908214	-0.680827111251085	-0.470376386735293	0.772957491471223	-1.04655189070973	-1.3128198686577	1.70387753336134	1.17349821396871	0.994837086434307	1.39973992295049	1.0569485499778	0.797906810519171	1.03774796012118	-0.159248695708832	0.49296507592486	1.06954714181412	0.67575077754033	0.857685561945011	-0.272363500146663	0.0078053889543348	1.28546590907143	-2.44591833339698	0.127095583901289	-2.02306148257694	-0.10715358382543	-0.0104599590229588	-0.0771513335216314	-0.00128558274691759	-0.0197192844357561	1.06641234300874	0.310086260827268	-1.95637010807827	-2.44591833339698	0.716665575178836	0.247997356770328	1.13026381499528	0.707716969602822	1.70055250951657	0.63792120766728	0.684988718525266	1.49002676962259	-0.578172957191001	1.15642809819711	-0.202971506722664	1.58599075788433	0.464714609639008	0.196891345836831	-1.18566469317245	-2.44591833339698	1.00823762197179	-1.04655189070973	-0.99590815789098	-0.373077475748494	-0.901720942831278	-0.99590815789098	-1.18566469317245	-0.594566766966677	-2.25486309663427	-1.72679566643377	-1.67678524585911	-2.68230711146121	-2.34583487484	1.28546590907143	2.57345064066803	-0.0970524878389263	1.50633701905929	0.531221107080397	0.573222031055028	-0.562043575261117	-0.755628324333783	-2.25486309663427	0.0861062393680925	-0.0480230605986076	0.755971945105479	-1.54020971085336	-0.594566766966677	-1.77943939991919	2.24058926832704	0.694142100511753	1.89102835100686	-0.662969493851078	-0.680827111251085	-1.72679566643377	0.077702828571713	0.603604114743151	-0.717528478101512	0.967484953944681	-2.17148148769522	-0.645425184200168	-0.562043575261117	-2.34583487484	-0.170001487485093	-2.82540795510188	-1.62915719686986	-1.54020971085336	-1.5836948227931	1.21764331273267	-0.485082534124989	-0.413623570142844	-1.0209094600964	-3.78091940012932	0.531221107080397	-3.1931327352272	-0.815646334060036	-0.530544908201747	-0.755628324333783	0.211761508316282	0.925000688958916	-0.947706056073102	-1.77943939991919	-0.373077475748494	-5.39035731256342	-0.308952947578955	-0.736396962405895	-1.54020971085336	0.393467869766319	-0.308952947578955	0.932207927363866	-0.901720942831278	-0.346932195644172	-1.49853701445279	0.536568713406992	-0.237065718065639	-2.99246203976505	0.316752952185457	-0.0290651468539931	1.39748766974616	-2.25486309663427	-0.138083884516789	-1.04655189070973	-0.386411006617959	-2.44591833339698	-1.1276774355221	-1.77943939991919	-0.386411006617959	-1.07286919902711	-0.699009430334275	-0.924449193908835	-5.39035731256342	-0.947706056073102	-0.611233819451889	0.888164111602426
S7B3040	4.43582490231575	1.65714343921524	2.67537058963427	0.117519753550409	1.80505329808053	1.97776110805092	1.55333380650295	1.32034247149311	-0.498240763394116	3.81355743436452	1.64557306220239	1.37845938248302	0.997130602928157	4.32518159798585	0.637498759302887	3.18441368173398	1.45975412487627	0.191354015561462	1.41261424988192	2.0311690403875	1.0617684831994	2.63540160015396	2.70864861659372	2.29670260440147	0.546960773534285	-3.50109050471697	-0.47026691135171	-0.215892036917698	2.04687323301127	0.773589516327455	0.463795990268243	0.330651669450372	-0.571803330571132	-1.33612678959897	-0.42972081695736	3.81279632691649	3.40766427459825	0.948260944343165	0.850108666161651	0.324440469357731	0.882720251750412	-0.556651525550531	-0.00458294325049113	1.20586237558106	0.430735128007354	-1.18432077673097	3.01362218615556	2.63292711698599	2.34823427522989	1.31803832300826	1.32722323258533	1.90479921528549	0.086388834955236	1.95606043731781	0.827761367469654	0.66002223396997	0.378999453608166	0.761589372324345	0.614456265155733	-0.541725875333855	-0.329006841355529	0.934815363633814	-0.512526720641593	-0.618686916469983	2.42201872272674	0.987545865015169	2.1887862076233	1.86020166099245	1.62202277280598	0.623737074230205	1.19287518005425	0.526808958096977	0.246731485030415	-0.329006841355529	-0.248503622506458	1.10835623803838	0.812580810292639	0.184211128049081	1.01602880314839	-1.36946320986656	0.0210594873628471	-1.9504930923058	0.541960763117579	0.140248004627965	-1.00434939728197	0.536935626914906	-1.78343900764264	-0.851880803637694	-0.184310464867399	-0.702068525409034	-0.634816298399866	1.09978475698824	2.03680603389355	1.88928500624901	1.28759100620066	1.02534564072862	1.49322181534735	0.169770443894287	1.09978475698824	-0.0951425202962177	0.682049556288261	-0.123990674633876	0.551935908174399	0.921186532578208	0.367129878052782	0.0784522853595	-3.24977607643606	0.646569116272851	-0.831880136931025	-0.851880803637694	-0.587188249410612	-0.226644828693959	-0.341055179871704	0.184211128049081	-0.353250452965522	-1.18432077673097	-2.73895045267007	-0.498240763394116	-1.18432077673097	0.355117721604779	0.765605441979234	-0.365596288787821	0.29279225840695	1.54417623334893	0.29279225840695	1.05878340635594	0.436321734715994	-1.24230803438132	-2.40247821604886	-0.914401160619029	0.846418625074198	-0.484156023512377	-2.07970482378581	-1.55518035566166	-0.812271665542649	0.531885111128838	1.40206562886117	1.61175749874638	-0.237514500930863	-1.89165259228287	-2.01301344928714	-0.958364284040144	-2.31150643784313	-0.556651525550531	0.777557775503076	-2.61378730971607	-0.329006841355529	-1.51517502104796	-3.04910538097391	-2.61378730971607	-2.61378730971607	-1.15654121262389	-1.51517502104796	-2.61378730971607	-2.88205129631075	-0.73747045245995	-0.556651525550531	-1.1031952319186	-1.59685305206223	-0.498240763394116	-5.44700065377228	-1.15654121262389	-1.24230803438132	-0.443054347826825	-0.153695829047792	1.25863844108772	-1.73342858706798	-2.15116378776796	-0.456568066993548	-2.40247821604886	-1.07755280130526	-0.512526720641593	-0.341055179871704	-0.556651525550531	-0.571803330571132	0.948260944343165	-0.47026691135171	-0.205253638712642	-0.163796925034296	0.00403779979341667	0.0294628981592266	-1.43966746853981	-0.443054347826825	-1.07755280130526	2.66762323264781	-0.893123762171744	-0.914401160619029	-2.31150643784313	-1.64033816400196	-1.02816004597569	-2.22812482890408	-2.15116378776796	-1.68580053807872	-3.50109050471697	0.212481561987337	-2.22812482890408	-5.44700065377228	-2.01301344928714	-1.51517502104796	0.205488526496366
S7B5060	4.51440562429889	1.98048008206964	2.4607391902569	0.192715823908878	1.75312430910266	1.73895403150943	1.77891939010873	0.590174484123301	-1.8537815620516	3.95547253320115	1.9462747930416	0.868974786440302	0.930314767039657	4.42000348772393	0.615572674728911	2.41927723535106	0.733703960432345	0.326845123875578	0.975064962838272	1.58734852994592	0.864096727986869	2.59841009637644	2.78668426514603	2.34425545872763	1.87946913609373	-1.34295593828561	-0.387444493258177	0.474399078131405	1.85253752634769	1.04682569973859	0.744784406208917	0.27533158942547	-0.617018934902677	0.883467793742868	-0.106193311136686	3.88696361778678	3.42452204380205	0.437630230344316	1.38562284295773	0.29279928246586	1.16211638109698	-0.554498577921343	0.383771060671587	0.628033895166723	0.537356928283887	-1.93074260318773	3.20764072544398	2.75323876322465	2.35311978269892	1.4529694641334	1.26219983965396	1.25891036300357	-0.458270545826789	1.96920782100614	0.854268639050606	0.839342988833931	0.883467793742868	0.859194757386662	0.230278925484527	-0.404686299692683	-0.683710309401349	0.422535604121832	-0.805813006202249	-1.17932651450381	2.52870792845095	1.34413541179575	2.73834090854401	1.72250967328305	0.961848911446745	0.8738291649051	0.755743419998637	0.383771060671587	0.143686396668559	-0.172884685635359	0.335178505434722	0.983779614940715	0.952940166557636	-0.0558682272491708	0.728117353723706	0.239453301760568	0.615572674728911	-0.617018934902677	1.31652629618169	0.766583634551502	-0.119180506663498	0.284103575498307	-0.476789593594027	-0.617018934902677	-1.8537815620516	0.0265313045178956	-1.21779279533161	1.29451282864451	2.64972497015999	2.1454379884067	1.38271586416642	-0.159185841277197	1.29132811257699	0.257553343404186	0.766583634551502	0.921119299946557	0.728117353723706	0.422535604121832	0.445092951545906	0.183100365209436	0.0265313045178956	-0.0436729541553529	-0.458270545826789	0.590174484123301	-0.730777820259335	-0.244343649617504	-0.975231158160296	0.00367316644184612	-0.337434072683515	-0.353827882459192	-0.554498577921343	-2.20517944888949	-1.10656716022138	-0.458270545826789	-2.5846690705944	-1.0064837016644	0.948455854110307	-1.25779812994531	-0.305431341597342	1.39716698270459	-0.337434072683515	0.839342988833931	0.183100365209436	-0.755169273383494	-1.8537815620516	-1.07208098415021	0.00367316644184612	-0.805813006202249	-1.38841831236237	-1.59427036656652	-1.07208098415021	0.452500392823768	1.47709932119309	0.939426447390913	-0.730777820259335	-1.25779812994531	-2.5846690705944	-1.17932651450381	-0.57490744955255	-1.21779279533161	0.153686480003143	-1.17932651450381	-0.534497911214673	-0.832130314519623	-2.10509599033251	-1.0064837016644	-1.03874456388262	-0.730777820259335	-1.43604636135163	-3.20370827900062	-2.20517944888949	-1.59427036656652	-0.915511923458673	-0.683710309401349	-2.20517944888949	-0.755169273383494	-5.14961842805593	1.07889257553525	-1.59427036656652	-1.07208098415021	-1.10656716022138	0.309967086088226	-2.44156822695372	0.375834511075851	-0.145672122110474	-2.10509599033251	-1.03874456388262	-0.730777820259335	1.81167761785423	-0.805813006202249	-1.38841831236237	0.335178505434722	0.0151675458675813	0.488736241277813	0.211673737653492	-0.944925808664967	-0.186773797796026	-1.8537815620516	-0.975231158160296	-1.03874456388262	2.35752265167168	-0.172884685635359	-2.5846690705944	-2.31640508399972	-1.43604636135163	-1.29947082634587	-1.8537815620516	-2.20517944888949	-2.75172315525756	-5.14961842805593	-0.832130314519623	-1.71563122357079	-5.14961842805593	-2.75172315525756	-5.14961842805593	-1.17932651450381
zr2502_11_R1	5.533153801112	4.11793897444924	3.92143278266333	2.64846710685044	3.73338055116039	2.96133942813078	2.56330929851014	3.61645921310149	3.69112074187051	3.07413492227613	3.04710624988821	3.63184413194097	2.05248367474415	-1.24335319126018	-1.24335319126018	3.44799469096896	2.05248367474415	-1.24335319126018	2.47021887544412	2.47021887544412	0.953871386076036	-1.24335319126018	-1.24335319126018	-1.24335319126018	-1.24335319126018	3.1004522305935	2.96133942813078	3.04710624988821	-1.24335319126018	-1.24335319126018	2.56330929851014	-1.24335319126018	1.46469700984203	2.19063401322496	3.01932668578113	-1.24335319126018	-1.24335319126018	-1.24335319126018	-1.24335319126018	-1.24335319126018	-1.24335319126018	4.19906451926161	-1.24335319126018	1.58986015279603	-1.24335319126018	1.89214102466897	-1.24335319126018	-1.24335319126018	-1.24335319126018	-1.24335319126018	2.60679441044988	1.15454208153819	3.12609466120684	3.53577030185135	-1.24335319126018	-1.24335319126018	3.73338055116039	-1.24335319126018	2.19063401322496	-1.24335319126018	2.05248367474415	-1.24335319126018	-1.24335319126018	-1.24335319126018	-1.24335319126018	-1.24335319126018	-1.24335319126018	-1.24335319126018	3.81289261408812	-1.24335319126018	-1.24335319126018	1.97552263360802	-1.24335319126018	-1.24335319126018	-1.24335319126018	-1.24335319126018	-1.24335319126018	-1.24335319126018	-1.24335319126018	1.32159616620135	-1.24335319126018	3.2225549273944	2.12394263872629	1.32159616620135	-1.24335319126018	-1.24335319126018	-1.24335319126018	-1.24335319126018	3.04710624988821	1.46469700984203	-1.24335319126018	-1.24335319126018	2.36756472138404	-1.24335319126018	2.64846710685044	2.96133942813078	-1.24335319126018	-1.24335319126018	-1.24335319126018	-1.24335319126018	-1.24335319126018	-1.24335319126018	-1.24335319126018	-1.24335319126018	-1.24335319126018	2.12394263872629	-1.24335319126018	-1.24335319126018	-1.24335319126018	-1.24335319126018	-1.24335319126018	-1.24335319126018	-1.24335319126018	-1.24335319126018	-1.24335319126018	-1.24335319126018	2.31199487022923	-1.24335319126018	-1.24335319126018	-1.24335319126018	-1.24335319126018	-1.24335319126018	-1.24335319126018	-1.24335319126018	-1.24335319126018	-1.24335319126018	-1.24335319126018	-1.24335319126018	-1.24335319126018	1.46469700984203	-1.24335319126018	-1.24335319126018	-1.24335319126018	-1.24335319126018	-1.24335319126018	1.97552263360802	-1.24335319126018	-1.24335319126018	-1.24335319126018	-1.24335319126018	-1.24335319126018	-1.24335319126018	-1.24335319126018	-1.24335319126018	-1.24335319126018	-1.24335319126018	2.56330929851014	-1.24335319126018	2.12394263872629	-1.24335319126018	-1.24335319126018	-1.24335319126018	-1.24335319126018	-1.24335319126018	-1.24335319126018	2.42020845486946	-1.24335319126018	-1.24335319126018	-1.24335319126018	3.48403462745216	-1.24335319126018	-1.24335319126018	-1.24335319126018	-1.24335319126018	1.80116924646324	1.32159616620135	-1.24335319126018	-1.24335319126018	-1.24335319126018	-1.24335319126018	-1.24335319126018	-1.24335319126018	2.42020845486946	-1.24335319126018	2.42020845486946	-1.24335319126018	-1.24335319126018	1.32159616620135	-1.24335319126018	-1.24335319126018	-1.24335319126018	-1.24335319126018	-1.24335319126018	-1.24335319126018	-1.24335319126018	-1.24335319126018	-1.24335319126018	-1.24335319126018	-1.24335319126018	-1.24335319126018	2.2531543702063	2.31199487022923	-1.24335319126018	-1.24335319126018	-1.24335319126018	-1.24335319126018	3.67662773456794	-1.24335319126018	2.86752067291313	3.55243735433656
zr2502_12_R1	6.51571179985793	2.88670643759021	2.65377487990984	4.21622428290802	3.85610699477831	-1.45709898426347	3.5196347581571	1.76177684060473	2.62043845964225	-1.45709898426347	2.68603574212806	3.07550050888978	1.97688822022167	-1.45709898426347	-1.45709898426347	-1.45709898426347	-1.45709898426347	3.13802086587112	2.71728828563216	3.35508537110894	2.25647308244083	3.94106371725428	-1.45709898426347	-1.45709898426347	-1.45709898426347	3.71905074831035	3.28783314409978	2.77700752033379	-1.45709898426347	3.15802153257779	-1.45709898426347	-1.45709898426347	-1.45709898426347	-1.45709898426347	2.88670643759021	-1.45709898426347	-1.45709898426347	2.39304861744658	-1.45709898426347	3.46288194156465	-1.45709898426347	-1.45709898426347	1.67839523166568	2.74759363512749	3.33869156133327	3.70768698966004	-1.45709898426347	-1.45709898426347	2.74759363512749	-1.45709898426347	-1.45709898426347	-1.45709898426347	2.62043845964225	3.47737494886722	-1.45709898426347	-1.45709898426347	-1.45709898426347	-1.45709898426347	2.86038912927284	-1.45709898426347	-1.45709898426347	1.83873788174085	-1.45709898426347	-1.45709898426347	-1.45709898426347	-1.45709898426347	3.5196347581571	-1.45709898426347	-1.45709898426347	-1.45709898426347	1.58742345345995	-1.45709898426347	-1.45709898426347	-1.45709898426347	1.10785037319806	3.30507495053428	-1.45709898426347	2.65377487990984	-1.45709898426347	2.03940857720301	-1.45709898426347	1.37611435979274	-1.45709898426347	-1.45709898426347	1.97688822022167	-1.45709898426347	-1.45709898426347	-1.45709898426347	-1.45709898426347	2.43472131384715	-1.45709898426347	-1.45709898426347	-1.45709898426347	-1.45709898426347	-1.45709898426347	-1.45709898426347	-1.45709898426347	-1.45709898426347	-1.45709898426347	-1.45709898426347	-1.45709898426347	-1.45709898426347	2.83336045688492	2.09824907722594	-1.45709898426347	-1.45709898426347	-1.45709898426347	3.03153738546867	1.76177684060473	2.25647308244083	-1.45709898426347	1.76177684060473	-1.45709898426347	-1.45709898426347	-1.45709898426347	-1.45709898426347	0.488811164791839	-1.45709898426347	-1.45709898426347	-1.45709898426347	-1.45709898426347	-1.45709898426347	2.65377487990984	-1.45709898426347	-1.45709898426347	-1.45709898426347	-1.45709898426347	-1.45709898426347	-1.45709898426347	-1.45709898426347	-1.45709898426347	2.20646266186617	-1.45709898426347	-1.45709898426347	-1.45709898426347	3.35508537110894	-1.45709898426347	3.98531872625832	2.550234200969	-1.45709898426347	3.25243121704886	-1.45709898426347	2.550234200969	3.53333360251526	-1.45709898426347	-1.45709898426347	1.25095121683874	-1.45709898426347	-1.45709898426347	-1.45709898426347	-1.45709898426347	-1.45709898426347	-1.45709898426347	-1.45709898426347	-1.45709898426347	-1.45709898426347	2.550234200969	-1.45709898426347	3.11761199423991	-1.45709898426347	2.65377487990984	-1.45709898426347	-1.45709898426347	-1.45709898426347	-1.45709898426347	-1.45709898426347	-1.45709898426347	-1.45709898426347	-1.45709898426347	-1.45709898426347	2.15381892838075	-1.45709898426347	3.5196347581571	3.86591099487493	-1.45709898426347	1.25095121683874	2.20646266186617	-1.45709898426347	-1.45709898426347	-1.45709898426347	-1.45709898426347	-1.45709898426347	-1.45709898426347	-1.45709898426347	-1.45709898426347	-1.45709898426347	-1.45709898426347	-1.45709898426347	-1.45709898426347	-1.45709898426347	1.25095121683874	-1.45709898426347	2.15381892838075	-1.45709898426347	-1.45709898426347	0.740125593072745	4.03596245907707	-1.45709898426347	-1.45709898426347	2.47472664846085
zr2502_13_R1	6.32441243417644	2.77288117121373	-1.03378131855659	-1.03378131855659	-1.03378131855659	-1.03378131855659	3.22889855848473	1.67426888254562	-1.03378131855659	-1.03378131855659	-1.03378131855659	-1.03378131855659	3.40886993793373	3.54092965994679	-1.03378131855659	-1.03378131855659	5.344644865095	3.28370679497972	-1.03378131855659	3.91497857182158	-1.03378131855659	-1.03378131855659	-1.03378131855659	-1.03378131855659	-1.03378131855659	3.82603108580508	-1.03378131855659	-1.03378131855659	-1.03378131855659	3.40886993793373	1.67426888254562	-1.03378131855659	2.67979074814772	-1.03378131855659	3.10935340783494	-1.03378131855659	-1.03378131855659	2.62978032757306	-1.03378131855659	-1.03378131855659	-1.03378131855659	-1.03378131855659	2.40020588592856	-1.03378131855659	-1.03378131855659	-1.03378131855659	2.10171289737256	-1.03378131855659	-1.03378131855659	-1.03378131855659	2.57713659408763	-1.03378131855659	-1.03378131855659	-1.03378131855659	-1.03378131855659	-1.03378131855659	3.54092965994679	-1.03378131855659	-1.03378131855659	-1.03378131855659	-1.03378131855659	3.76200922704015	-1.03378131855659	-1.03378131855659	-1.03378131855659	-1.03378131855659	3.65756656367255	-1.03378131855659	-1.03378131855659	-1.03378131855659	-1.03378131855659	3.45485505117555	-1.03378131855659	-1.03378131855659	4.55346733984366	-1.03378131855659	-1.03378131855659	-1.03378131855659	1.53116803890495	-1.03378131855659	2.33351451142988	-1.03378131855659	-1.03378131855659	-1.03378131855659	3.33566653391043	-1.03378131855659	-1.03378131855659	-1.03378131855659	-1.03378131855659	1.79943202549963	-1.03378131855659	-1.03378131855659	-1.03378131855659	-1.03378131855659	-1.03378131855659	2.26205554744774	-1.03378131855659	3.2566781225918	-1.03378131855659	3.14060595133905	2.40020588592856	-1.03378131855659	3.2566781225918	3.2566781225918	-1.03378131855659	-1.03378131855659	1.36411395424178	-1.03378131855659	2.26205554744774	-1.03378131855659	-1.03378131855659	-1.03378131855659	-1.03378131855659	-1.03378131855659	-1.03378131855659	3.20032518604067	3.04375612534913	-1.03378131855659	-1.03378131855659	-1.03378131855659	4.21849210949004	-1.03378131855659	2.77288117121373	-1.03378131855659	-1.03378131855659	-1.03378131855659	-1.03378131855659	-1.03378131855659	-1.03378131855659	-1.03378131855659	2.77288117121373	-1.03378131855659	1.79943202549963	-1.03378131855659	-1.03378131855659	-1.03378131855659	-1.03378131855659	-1.03378131855659	-1.03378131855659	-1.03378131855659	-1.03378131855659	-1.03378131855659	-1.03378131855659	3.40886993793373	-1.03378131855659	-1.03378131855659	-1.03378131855659	2.33351451142988	-1.03378131855659	-1.03378131855659	-1.03378131855659	-1.03378131855659	-1.03378131855659	1.79943202549963	-1.03378131855659	-1.03378131855659	-1.03378131855659	-1.03378131855659	-1.03378131855659	-1.03378131855659	3.00926994927796	-1.03378131855659	-1.03378131855659	-1.03378131855659	-1.03378131855659	-1.03378131855659	2.77288117121373	-1.03378131855659	-1.03378131855659	-1.03378131855659	1.79943202549963	-1.03378131855659	-1.03378131855659	4.60457335077716	-1.03378131855659	-1.03378131855659	-1.03378131855659	-1.03378131855659	-1.03378131855659	-1.03378131855659	-1.03378131855659	3.74534217455494	-1.03378131855659	-1.03378131855659	2.40020588592856	-1.03378131855659	-1.03378131855659	-1.03378131855659	-1.03378131855659	-1.03378131855659	-1.03378131855659	-1.03378131855659	-1.03378131855659	-1.03378131855659	-1.03378131855659	-1.03378131855659	3.28370679497972	-1.03378131855659	-1.03378131855659	-1.03378131855659
zr2502_14_R1	2.63926728234463	2.44190784818614	-1.56542533704633	2.5777093893452	3.82364639277017	4.31789705144195	-1.56542533704633	2.47762593078822	1.26778800700988	-1.56542533704633	-1.56542533704633	2.6089619328493	-1.56542533704633	-1.56542533704633	1.14262486405588	3.10740349741557	2.92321103268581	-1.56542533704633	3.32492379117542	-1.56542533704633	2.09813630908331	2.36640029567799	-1.56542533704633	2.63926728234463	4.99843018948579	-1.56542533704633	3.62196046879442	2.6089619328493	2.28472226466373	-1.56542533704633	3.19674859775142	2.54544852712698	2.85341527075027	-1.56542533704633	-1.56542533704633	-1.56542533704633	4.41346042785479	-1.56542533704633	-1.56542533704633	-1.56542533704633	2.85341527075027	-1.56542533704633	3.82364639277017	0.832469935752038	-1.56542533704633	-1.56542533704633	-1.56542533704633	-1.56542533704633	3.99909507027636	2.32639496106429	4.54604200245635	2.19577477864723	-1.56542533704633	-1.56542533704633	-1.56542533704633	-1.56542533704633	-1.56542533704633	2.51211210685939	-1.56542533704633	-1.56542533704633	-1.56542533704633	-1.56542533704633	1.47909710067709	-1.56542533704633	2.98845155455421	3.19674859775142	-1.56542533704633	1.57006887888282	2.47762593078822	3.32492379117542	1.47909710067709	-1.56542533704633	-1.56542533704633	-1.56542533704633	1.26778800700988	-1.56542533704633	-1.56542533704633	-1.56542533704633	2.6089619328493	-1.56542533704633	-1.56542533704633	2.6089619328493	-1.56542533704633	-1.56542533704633	-1.56542533704633	-1.56542533704633	-1.56542533704633	3.4250072497324	2.47762593078822	-1.56542533704633	-1.56542533704633	2.32639496106429	-1.56542533704633	-1.56542533704633	-1.56542533704633	-1.56542533704633	-1.56542533704633	-1.56542533704633	-1.56542533704633	-1.56542533704633	2.47762593078822	0.380484812008981	-1.56542533704633	2.04549257559789	1.47909710067709	-1.56542533704633	-1.56542533704633	-1.56542533704633	1.86856186743881	-1.56542533704633	1.37901364212011	-1.56542533704633	-1.56542533704633	-1.56542533704633	1.730411528958	3.59936063687718	-1.56542533704633	2.96717415610692	-1.56542533704633	-1.56542533704633	-1.56542533704633	-1.56542533704633	-1.56542533704633	-1.56542533704633	3.99909507027636	-1.56542533704633	-1.56542533704633	-1.56542533704633	-1.56542533704633	1.86856186743881	2.51211210685939	-1.56542533704633	-1.56542533704633	1.57006887888282	1.86856186743881	-1.56542533704633	-1.56542533704633	-1.56542533704633	-1.56542533704633	-1.56542533704633	-1.56542533704633	-1.56542533704633	-1.56542533704633	1.730411528958	2.47762593078822	2.51211210685939	2.6089619328493	-1.56542533704633	-1.56542533704633	2.90048278160825	-1.56542533704633	-1.56542533704633	-1.56542533704633	-1.56542533704633	1.93108222442015	0.631799240289887	-1.56542533704633	0.631799240289887	2.04549257559789	3.49082046830198	-1.56542533704633	-1.56542533704633	2.66868116755093	-1.56542533704633	1.57006887888282	-1.56542533704633	-1.56542533704633	2.92321103268581	-1.56542533704633	1.14262486405588	-1.56542533704633	-1.56542533704633	2.24123715272399	-1.56542533704633	-1.56542533704633	-1.56542533704633	-1.56542533704633	-1.56542533704633	-1.56542533704633	-1.56542533704633	-1.56542533704633	-1.56542533704633	-1.56542533704633	-1.56542533704633	-1.56542533704633	-1.56542533704633	-1.56542533704633	-1.56542533704633	-1.56542533704633	-1.56542533704633	-1.56542533704633	-1.56542533704633	2.09813630908331	-1.56542533704633	1.93108222442015	-1.56542533704633	-1.56542533704633	4.22453483385092	2.44190784818614	-1.56542533704633
zr2502_1_R1	4.69757044111032	2.88366984600505	3.44115116141184	-1.32102277338591	3.04842507908111	3.27409707674868	-1.32102277338591	3.65571096903466	3.42390935497734	3.52316431307268	3.44115116141184	3.50729096391639	-1.32102277338591	-1.32102277338591	-1.32102277338591	2.85336449650972	3.45810071972562	2.61080285933841	-1.32102277338591	1.3870274277163	-1.32102277338591	-1.32102277338591	-1.32102277338591	-1.32102277338591	1.97481409261842	2.28989513925831	3.77272742742085	-1.32102277338591	2.88366984600505	-1.32102277338591	3.16761359634623	2.48563971638441	2.48563971638441	2.04627305660056	2.17548478808057	-1.32102277338591	-1.32102277338591	-1.32102277338591	-1.32102277338591	-1.32102277338591	-1.32102277338591	4.06804895643059	-1.32102277338591	0.624887375669401	-1.32102277338591	-1.32102277338591	-1.32102277338591	-1.32102277338591	-1.32102277338591	3.1216284831044	-1.32102277338591	-1.32102277338591	2.52912482832415	2.3925492933184	2.85336449650972	-1.32102277338591	3.02278264846777	-1.32102277338591	-1.32102277338591	-1.32102277338591	1.62341620578053	-1.32102277338591	2.75651467051981	-1.32102277338591	-1.32102277338591	2.9416571036554	-1.32102277338591	-1.32102277338591	3.37032510884323	1.89785305148229	-1.32102277338591	2.3925492933184	2.34253887274373	-1.32102277338591	-1.32102277338591	-1.32102277338591	-1.32102277338591	-1.32102277338591	-1.32102277338591	-1.32102277338591	-1.32102277338591	2.72202849444864	-1.32102277338591	2.48563971638441	-1.32102277338591	2.9416571036554	1.81447144254324	-1.32102277338591	-1.32102277338591	-1.32102277338591	-1.32102277338591	-1.32102277338591	-1.32102277338591	-1.32102277338591	2.64926914016621	3.35180606107599	-1.32102277338591	-1.32102277338591	2.57079752472471	-1.32102277338591	-1.32102277338591	2.57079752472471	-1.32102277338591	2.52912482832415	-1.32102277338591	-1.32102277338591	-1.32102277338591	-1.32102277338591	2.57079752472471	-1.32102277338591	3.09781783441069	-1.32102277338591	-1.32102277338591	2.34253887274373	2.11296443109923	-1.32102277338591	-1.32102277338591	-1.32102277338591	-1.32102277338591	-1.32102277338591	-1.32102277338591	1.81447144254324	-1.32102277338591	-1.32102277338591	-1.32102277338591	-1.32102277338591	-1.32102277338591	-1.32102277338591	1.62341620578053	-1.32102277338591	-1.32102277338591	-1.32102277338591	-1.32102277338591	-1.32102277338591	-1.32102277338591	-1.32102277338591	-1.32102277338591	-1.32102277338591	-1.32102277338591	-1.32102277338591	-1.32102277338591	-1.32102277338591	-1.32102277338591	-1.32102277338591	-1.32102277338591	-1.32102277338591	-1.32102277338591	-1.32102277338591	-1.32102277338591	-1.32102277338591	-1.32102277338591	-1.32102277338591	2.04627305660056	-1.32102277338591	-1.32102277338591	2.52912482832415	-1.32102277338591	-1.32102277338591	-1.32102277338591	3.79697103903084	-1.32102277338591	2.82211195300562	-1.32102277338591	-1.32102277338591	2.2343252881035	-1.32102277338591	-1.32102277338591	0.624887375669401	1.5121905706703	-1.32102277338591	-1.32102277338591	-1.32102277338591	2.34253887274373	-1.32102277338591	-1.32102277338591	-1.32102277338591	-1.32102277338591	-1.32102277338591	-1.32102277338591	-1.32102277338591	-1.32102277338591	-1.32102277338591	-1.32102277338591	-1.32102277338591	-1.32102277338591	-1.32102277338591	-1.32102277338591	1.3870274277163	-1.32102277338591	3.87747425787991	-1.32102277338591	1.97481409261842	1.24392658407562	-1.32102277338591	-1.32102277338591	-1.32102277338591	2.48563971638441	-1.32102277338591	2.44017734230765	2.75651467051981
zr2502_33_R1	5.60414228676263	3.54368512316539	5.70486976401842	3.54368512316539	4.50327266079287	1.86081974217647	2.37164536594247	2.2502845089382	2.18359313443953	3.05040380905031	1.9517915203822	-1.18370269554695	-1.18370269554695	6.93092119087315	7.02995000748305	2.66644490616311	-1.18370269554695	-1.18370269554695	-1.18370269554695	-1.18370269554695	-1.18370269554695	-1.18370269554695	6.20462516403016	1.21419257725142	-1.18370269554695	2.78658921800517	-1.18370269554695	2.74812293717738	-1.18370269554695	3.91004750525981	-1.18370269554695	-1.18370269554695	-1.18370269554695	2.11213417045738	-1.18370269554695	6.41369362466585	-1.18370269554695	-1.18370269554695	-1.18370269554695	1.52434750555526	-1.18370269554695	3.25894856094337	-1.18370269554695	-1.18370269554695	-1.18370269554695	-1.18370269554695	-1.18370269554695	-1.18370269554695	-1.18370269554695	-1.18370269554695	-1.18370269554695	1.21419257725142	-1.18370269554695	2.99068457434869	-1.18370269554695	-1.18370269554695	-1.18370269554695	-1.18370269554695	-1.18370269554695	-1.18370269554695	-1.18370269554695	-1.18370269554695	-1.18370269554695	-1.18370269554695	-1.18370269554695	-1.18370269554695	2.78658921800517	3.3271568109699	2.4798589505827	-1.18370269554695	-1.18370269554695	-1.18370269554695	-1.18370269554695	-1.18370269554695	-1.18370269554695	3.3271568109699	-1.18370269554695	-1.18370269554695	-1.18370269554695	-1.18370269554695	1.52434750555526	-1.18370269554695	3.05040380905031	-1.18370269554695	-1.18370269554695	-1.18370269554695	-1.18370269554695	-1.18370269554695	-1.18370269554695	-1.18370269554695	2.18359313443953	-1.18370269554695	2.42721521709728	-1.18370269554695	-1.18370269554695	2.95943203084458	-1.18370269554695	-1.18370269554695	-1.18370269554695	1.52434750555526	-1.18370269554695	-1.18370269554695	-1.18370269554695	-1.18370269554695	-1.18370269554695	1.64951064850927	-1.18370269554695	3.45102629268269	-1.18370269554695	-1.18370269554695	-1.18370269554695	-1.18370269554695	3.18574515692007	-1.18370269554695	2.89383474835877	-1.18370269554695	-1.18370269554695	-1.18370269554695	2.42721521709728	-1.18370269554695	-1.18370269554695	-1.18370269554695	1.52434750555526	2.78658921800517	-1.18370269554695	-1.18370269554695	-1.18370269554695	2.18359313443953	2.70811760256368	-1.18370269554695	-1.18370269554695	-1.18370269554695	-1.18370269554695	-1.18370269554695	-1.18370269554695	-1.18370269554695	-1.18370269554695	2.2502845089382	-1.18370269554695	4.02578345729447	2.4798589505827	-1.18370269554695	-1.18370269554695	-1.18370269554695	-1.18370269554695	-1.18370269554695	-1.18370269554695	-1.18370269554695	-1.18370269554695	-1.18370269554695	-1.18370269554695	-1.18370269554695	-1.18370269554695	-1.18370269554695	-1.18370269554695	-1.18370269554695	-1.18370269554695	-1.18370269554695	-1.18370269554695	1.86081974217647	0.762207453508365	-1.18370269554695	-1.18370269554695	-1.18370269554695	-1.18370269554695	2.03517312932125	-1.18370269554695	-1.18370269554695	-1.18370269554695	-1.18370269554695	-1.18370269554695	-1.18370269554695	-1.18370269554695	-1.18370269554695	2.99068457434869	-1.18370269554695	-1.18370269554695	-1.18370269554695	2.92717116862636	0.425735216887152	-1.18370269554695	-1.18370269554695	2.52986937115736	-1.18370269554695	-1.18370269554695	-1.18370269554695	-1.18370269554695	1.38124666191459	2.03517312932125	-1.18370269554695	-1.18370269554695	-1.18370269554695	-1.18370269554695	-1.18370269554695	-1.18370269554695	-1.18370269554695	-1.18370269554695	-1.18370269554695	2.74812293717738	3.66048439091164
zr2502_34_R1	7.43700815765407	3.9971729832865	2.43667449989262	4.26506810230046	2.94151208181399	0.177892029556972	4.68875153607382	-1.76801811949834	2.959369699214	-1.76801811949834	-1.76801811949834	2.4063691503973	2.27503314833621	-1.76801811949834	-1.76801811949834	-1.76801811949834	2.37511660689319	-1.76801811949834	1.36747609643081	4.09276810396752	0.429206457837878	6.22120328931693	-1.76801811949834	-1.76801811949834	-1.76801811949834	4.44057190659829	1.36747609643081	1.72848944196814	2.86671086873129	0.940032081603869	2.08212948221172	1.27650431822508	-1.76801811949834	-1.76801811949834	1.78732994199107	-1.76801811949834	1.99318199619522	2.20227379405378	2.60142973296868	3.12233100872341	3.04416623587408	2.76458137365491	2.08212948221172	2.12380217861229	3.50498143906541	2.76458137365491	-1.76801811949834	-1.76801811949834	2.90481071496356	-1.76801811949834	-1.76801811949834	-1.76801811949834	2.27503314833621	-1.76801811949834	-1.76801811949834	-1.76801811949834	3.06029561780396	-1.76801811949834	3.0277724260984	1.99318199619522	-1.76801811949834	1.8955435266313	-1.76801811949834	2.16380751322598	-1.76801811949834	-1.76801811949834	3.07616896696025	-1.76801811949834	1.6659690849868	-1.76801811949834	-1.76801811949834	-1.76801811949834	-1.76801811949834	1.84289979314588	-1.76801811949834	2.94151208181399	-1.76801811949834	3.22241446728039	-1.76801811949834	2.12380217861229	-1.76801811949834	-1.76801811949834	-1.76801811949834	-1.76801811949834	-1.76801811949834	0.177892029556972	-1.76801811949834	-1.76801811949834	-1.76801811949834	2.76458137365491	-1.76801811949834	-1.76801811949834	-1.76801811949834	-1.76801811949834	-1.76801811949834	-1.76801811949834	-1.76801811949834	-1.76801811949834	-1.76801811949834	-1.76801811949834	-1.76801811949834	1.72848944196814	-1.76801811949834	2.7858587721022	-1.76801811949834	0.940032081603869	-1.76801811949834	-1.76801811949834	2.57578730235534	-1.76801811949834	-1.76801811949834	1.59927771048813	-1.76801811949834	1.36747609643081	-1.76801811949834	-1.76801811949834	-1.76801811949834	-1.76801811949834	-1.76801811949834	-1.76801811949834	2.60142973296868	-1.76801811949834	3.9653231573994	-1.76801811949834	-1.76801811949834	-1.76801811949834	3.20871562292223	-1.76801811949834	-1.76801811949834	-1.76801811949834	-1.76801811949834	1.06519522455787	1.36747609643081	1.78732994199107	-1.76801811949834	2.08212948221172	-1.76801811949834	4.50297031235996	1.59927771048813	-1.76801811949834	-1.76801811949834	2.74284138701851	2.7206182502338	-1.76801811949834	-1.76801811949834	-1.76801811949834	1.6659690849868	0.940032081603869	-1.76801811949834	1.36747609643081	-1.76801811949834	2.20227379405378	-1.76801811949834	-1.76801811949834	-1.76801811949834	-1.76801811949834	2.08212948221172	-1.76801811949834	-1.76801811949834	-1.76801811949834	4.21591816118885	-1.76801811949834	-1.76801811949834	1.78732994199107	-1.76801811949834	0.796931237963195	1.94555394720597	-1.76801811949834	-1.76801811949834	-1.76801811949834	1.52781874650599	1.6659690849868	2.82710173063625	-1.76801811949834	-1.76801811949834	-1.76801811949834	3.04416623587408	-1.76801811949834	-1.76801811949834	-1.76801811949834	1.72848944196814	-1.76801811949834	2.959369699214	-1.76801811949834	-1.76801811949834	-1.76801811949834	-1.76801811949834	-1.76801811949834	-1.76801811949834	-1.76801811949834	-1.76801811949834	-1.76801811949834	-1.76801811949834	-1.76801811949834	0.796931237963195	1.8955435266313	4.21591816118885	-1.76801811949834	-1.76801811949834	2.88594223065918
zr2502_35_R1	5.85783357959741	4.66130682605556	5.31665661240728	3.41593487420658	4.33428533904374	2.73304419381382	2.81151580925532	3.21067174817022	3.30713201435778	2.27521110018834	2.50478554183284	1.67443723975941	-1.1587761042968	6.91929177751863	7.3318677518859	2.81151580925532	-1.1587761042968	1.03844847303941	-1.1587761042968	2.39657195719261	1.67443723975941	2.13706076170752	2.84855708093567	2.69137149741325	-1.1587761042968	2.69137149741325	-1.1587761042968	-1.1587761042968	-1.1587761042968	-1.1587761042968	-1.1587761042968	-1.1587761042968	-1.1587761042968	1.67443723975941	-1.1587761042968	7.06297162404982	-1.1587761042968	1.88574633342662	-1.1587761042968	-1.1587761042968	-1.1587761042968	3.39510078730374	-1.1587761042968	-1.1587761042968	-1.1587761042968	2.27521110018834	-1.1587761042968	-1.1587761042968	-1.1587761042968	-1.1587761042968	-1.1587761042968	1.88574633342662	-1.1587761042968	2.50478554183284	3.5140527301651	1.88574633342662	-1.1587761042968	1.40617325316473	-1.1587761042968	1.23911916850157	-1.1587761042968	-1.1587761042968	1.40617325316473	1.5492740968054	-1.1587761042968	-1.1587761042968	0.787134044758508	-1.1587761042968	-1.1587761042968	-1.1587761042968	-1.1587761042968	-1.1587761042968	-1.1587761042968	-1.1587761042968	-1.1587761042968	-1.1587761042968	-1.1587761042968	-1.1587761042968	-1.1587761042968	1.40617325316473	-1.1587761042968	2.0600997205714	1.97671811163234	-1.1587761042968	-1.1587761042968	-1.1587761042968	1.97671811163234	-1.1587761042968	-1.1587761042968	-1.1587761042968	1.03844847303941	2.50478554183284	-1.1587761042968	-1.1587761042968	-1.1587761042968	-1.1587761042968	-1.1587761042968	-1.1587761042968	1.78566287486964	-1.1587761042968	-1.1587761042968	-1.1587761042968	-1.1587761042968	2.20851972568967	-1.1587761042968	2.33773145716968	-1.1587761042968	-1.1587761042968	-1.1587761042968	-1.1587761042968	-1.1587761042968	-1.1587761042968	3.99451549020097	-1.1587761042968	-1.1587761042968	-1.1587761042968	0.450661808137295	-1.1587761042968	1.97671811163234	-1.1587761042968	-1.1587761042968	-1.1587761042968	2.33773145716968	-1.1587761042968	-1.1587761042968	-1.1587761042968	-1.1587761042968	3.01561116559883	2.13706076170752	-1.1587761042968	-1.1587761042968	-1.1587761042968	-1.1587761042968	-1.1587761042968	-1.1587761042968	-1.1587761042968	-1.1587761042968	2.73304419381382	-1.1587761042968	-1.1587761042968	-1.1587761042968	-1.1587761042968	-1.1587761042968	-1.1587761042968	-1.1587761042968	-1.1587761042968	-1.1587761042968	-1.1587761042968	1.97671811163234	-1.1587761042968	0.450661808137295	-1.1587761042968	-1.1587761042968	2.0600997205714	-1.1587761042968	-1.1587761042968	-1.1587761042968	-1.1587761042968	-1.1587761042968	-1.1587761042968	2.95209775987651	1.67443723975941	-1.1587761042968	-1.1587761042968	2.0600997205714	-1.1587761042968	-1.1587761042968	-1.1587761042968	-1.1587761042968	-1.1587761042968	-1.1587761042968	-1.1587761042968	-1.1587761042968	-1.1587761042968	-1.1587761042968	-1.1587761042968	-1.1587761042968	-1.1587761042968	-1.1587761042968	-1.1587761042968	-1.1587761042968	-1.1587761042968	-1.1587761042968	-1.1587761042968	-1.1587761042968	-1.1587761042968	-1.1587761042968	-1.1587761042968	-1.1587761042968	-1.1587761042968	-1.1587761042968	2.33773145716968	-1.1587761042968	-1.1587761042968	-1.1587761042968	-1.1587761042968	2.95209775987651	-1.1587761042968	3.55075409701553	-1.1587761042968
zr2502_36_R1	8.04294754823092	4.39998956989283	-0.741673986609833	3.30137728122472	-0.741673986609833	-0.741673986609833	5.31978293231818	-0.741673986609833	2.39382022931932	1.45555059072639	-0.741673986609833	-0.741673986609833	1.45555059072639	2.92188765951981	-0.741673986609833	-0.741673986609833	3.52100589043148	1.45555059072639	-0.741673986609833	4.85303739299201	-0.741673986609833	1.96637621449238	2.47720183825837	-0.741673986609833	-0.741673986609833	5.21675070641995	-0.741673986609833	-0.741673986609833	-0.741673986609833	-0.741673986609833	-0.741673986609833	4.77577890985487	-0.741673986609833	-0.741673986609833	-0.741673986609833	-0.741673986609833	-0.741673986609833	-0.741673986609833	2.20276499255661	-0.741673986609833	-0.741673986609833	-0.741673986609833	-0.741673986609833	-0.741673986609833	-0.741673986609833	-0.741673986609833	-0.741673986609833	2.39382022931932	-0.741673986609833	-0.741673986609833	-0.741673986609833	-0.741673986609833	-0.741673986609833	-0.741673986609833	-0.741673986609833	-0.741673986609833	-0.741673986609833	-0.741673986609833	-0.741673986609833	-0.741673986609833	-0.741673986609833	2.69231321787531	-0.741673986609833	-0.741673986609833	-0.741673986609833	-0.741673986609833	-0.741673986609833	-0.741673986609833	-0.741673986609833	-0.741673986609833	-0.741673986609833	-0.741673986609833	-0.741673986609833	-0.741673986609833	-0.741673986609833	-0.741673986609833	-0.741673986609833	3.81220290499071	-0.741673986609833	2.47720183825837	-0.741673986609833	-0.741673986609833	-0.741673986609833	-0.741673986609833	-0.741673986609833	-0.741673986609833	-0.741673986609833	-0.741673986609833	-0.741673986609833	1.65622128618854	-0.741673986609833	-0.741673986609833	-0.741673986609833	-0.741673986609833	-0.741673986609833	-0.741673986609833	-0.741673986609833	-0.741673986609833	-0.741673986609833	-0.741673986609833	-0.741673986609833	-0.741673986609833	-0.741673986609833	2.86924392603439	-0.741673986609833	-0.741673986609833	2.62562184337664	-0.741673986609833	-0.741673986609833	-0.741673986609833	-0.741673986609833	-0.741673986609833	-0.741673986609833	-0.741673986609833	-0.741673986609833	-0.741673986609833	-0.741673986609833	-0.741673986609833	-0.741673986609833	-0.741673986609833	-0.741673986609833	-0.741673986609833	4.55163083811466	-0.741673986609833	-0.741673986609833	-0.741673986609833	3.72423413204475	-0.741673986609833	-0.741673986609833	-0.741673986609833	-0.741673986609833	-0.741673986609833	-0.741673986609833	-0.741673986609833	-0.741673986609833	-0.741673986609833	-0.741673986609833	2.30284845111359	-0.741673986609833	-0.741673986609833	3.4014607397817	3.4327132832858	-0.741673986609833	-0.741673986609833	-0.741673986609833	-0.741673986609833	1.20423616244548	-0.741673986609833	-0.741673986609833	-0.741673986609833	-0.741673986609833	2.62562184337664	-0.741673986609833	-0.741673986609833	-0.741673986609833	-0.741673986609833	-0.741673986609833	-0.741673986609833	-0.741673986609833	1.8232753708517	4.78377895252195	-0.741673986609833	-0.741673986609833	1.20423616244548	-0.741673986609833	-0.741673986609833	2.09153935744638	-0.741673986609833	-0.741673986609833	-0.741673986609833	-0.741673986609833	-0.741673986609833	-0.741673986609833	-0.741673986609833	-0.741673986609833	-0.741673986609833	3.85344586352476	-0.741673986609833	-0.741673986609833	-0.741673986609833	-0.741673986609833	-0.741673986609833	-0.741673986609833	2.92188765951981	-0.741673986609833	-0.741673986609833	-0.741673986609833	-0.741673986609833	-0.741673986609833	3.01952612908373	-0.741673986609833	-0.741673986609833	-0.741673986609833	-0.741673986609833	-0.741673986609833	-0.741673986609833	4.9247527015026	-0.741673986609833	-0.741673986609833	-0.741673986609833
zr2502_37_R1	5.24143694468327	-1.10944877203147	6.45011072397623	-1.10944877203147	3.03368595436006	-1.10944877203147	2.02604544389768	3.65272516276628	1.93507366569195	5.45440675450066	-1.10944877203147	-1.10944877203147	-1.10944877203147	6.88045060291147	5.9302115778306	-1.10944877203147	-1.10944877203147	-1.10944877203147	-1.10944877203147	-1.10944877203147	1.72376457202474	-1.10944877203147	5.61558487013537	2.50146914061275	5.42288552019088	1.93507366569195	1.59860142907074	-1.10944877203147	2.38705878943501	3.65272516276628	-1.10944877203147	-1.10944877203147	-1.10944877203147	-1.10944877203147	-1.10944877203147	6.31411967222769	4.77387361645681	-1.10944877203147	4.46270526014629	-1.10944877203147	3.68634177356527	2.257847057955	2.60412329467284	-1.10944877203147	-1.10944877203147	-1.10944877203147	4.27044858150899	6.04906522529785	-1.10944877203147	1.83499020713497	-1.10944877203147	-1.10944877203147	-1.10944877203147	-1.10944877203147	-1.10944877203147	-1.10944877203147	-1.10944877203147	-1.10944877203147	-1.10944877203147	-1.10944877203147	-1.10944877203147	-1.10944877203147	2.55411287409817	-1.10944877203147	-1.10944877203147	-1.10944877203147	-1.10944877203147	-1.10944877203147	-1.10944877203147	-1.10944877203147	-1.10944877203147	-1.10944877203147	4.30665163017295	2.32453843245367	-1.10944877203147	-1.10944877203147	2.55411287409817	-1.10944877203147	-1.10944877203147	-1.10944877203147	2.60412329467284	2.02604544389768	-1.10944877203147	-1.10944877203147	-1.10944877203147	1.72376457202474	-1.10944877203147	2.86084314152065	-1.10944877203147	-1.10944877203147	-1.10944877203147	-1.10944877203147	-1.10944877203147	3.52528021619816	-1.10944877203147	-1.10944877203147	3.94679703331684	-1.10944877203147	-1.10944877203147	-1.10944877203147	-1.10944877203147	-1.10944877203147	-1.10944877203147	-1.10944877203147	-1.10944877203147	-1.10944877203147	-1.10944877203147	-1.10944877203147	2.93360249580308	-1.10944877203147	-1.10944877203147	-1.10944877203147	-1.10944877203147	-1.10944877203147	-1.10944877203147	-1.10944877203147	-1.10944877203147	1.83499020713497	-1.10944877203147	2.86084314152065	-1.10944877203147	-1.10944877203147	-1.10944877203147	-1.10944877203147	3.09524384735949	4.99757411571078	-1.10944877203147	-1.10944877203147	-1.10944877203147	-1.10944877203147	-1.10944877203147	-1.10944877203147	-1.10944877203147	-1.10944877203147	-1.10944877203147	-1.10944877203147	-1.10944877203147	-1.10944877203147	-1.10944877203147	3.35645934662311	-1.10944877203147	-1.10944877203147	-1.10944877203147	-1.10944877203147	-1.10944877203147	3.03368595436006	-1.10944877203147	-1.10944877203147	-1.10944877203147	-1.10944877203147	1.93507366569195	-1.10944877203147	-1.10944877203147	-1.10944877203147	-1.10944877203147	-1.10944877203147	1.45550058543006	-1.10944877203147	-1.10944877203147	3.18101066911692	-1.10944877203147	3.00142509214184	2.38705878943501	-1.10944877203147	-1.10944877203147	-1.10944877203147	-1.10944877203147	-1.10944877203147	-1.10944877203147	-1.10944877203147	-1.10944877203147	-1.10944877203147	-1.10944877203147	-1.10944877203147	-1.10944877203147	-1.10944877203147	-1.10944877203147	-1.10944877203147	-1.10944877203147	3.33320248445884	-1.10944877203147	-1.10944877203147	-1.10944877203147	-1.10944877203147	-1.10944877203147	-1.10944877203147	-1.10944877203147	-1.10944877203147	-1.10944877203147	-1.10944877203147	-1.10944877203147	-1.10944877203147	-1.10944877203147	-1.10944877203147	-1.10944877203147	-1.10944877203147	-1.10944877203147	-1.10944877203147	-1.10944877203147	-1.10944877203147
zr2502_38_R1	3.66737409803622	3.04166819827181	4.01704784651597	3.0782576457041	2.4928633264406	1.17913965815555	-2.03973616671265	3.10192738979001	2.7224377680851	6.07966242289964	2.65161171551649	1.25610069929168	0.904702812453787	3.92384317690579	4.04930870873419	2.0033151011219	-2.03973616671265	2.03780127719307	2.30406925514103	-2.03973616671265	1.17913965815555	-2.03973616671265	6.34620873809363	3.93914959818847	4.03560986437603	-2.03973616671265	1.25610069929168	-2.03973616671265	1.96759701851982	4.32501459013926	-2.03973616671265	-2.03973616671265	-2.03973616671265	2.0033151011219	-0.0938260176573402	3.59147561510871	5.0069111111361	1.25610069929168	5.67939367419408	3.21253726133398	3.62669052139978	3.21253726133398	-2.03973616671265	-2.03973616671265	3.05401403409411	2.25072327443574	3.59147561510871	5.32481084754299	2.93699757570792	1.81041143499741	-2.03973616671265	-2.03973616671265	-2.03973616671265	-2.03973616671265	3.19137245014193	0.904702812453787	-2.03973616671265	-2.03973616671265	1.45677139475383	2.68765165199969	1.0957580492165	-2.03973616671265	-2.03973616671265	-2.03973616671265	1.62382547941699	-2.03973616671265	-2.03973616671265	2.57538435012861	3.1476496391281	1.39425103777249	3.04166819827181	-2.03973616671265	4.15670796108187	2.30406925514103	-2.03973616671265	-2.03973616671265	4.34882523883298	-2.03973616671265	-2.03973616671265	0.904702812453787	2.53497481179073	1.00478627101077	2.30406925514103	0.668314034389556	-2.03973616671265	-2.03973616671265	1.57118174593157	-2.03973616671265	2.44890020301949	-2.03973616671265	0.157488410623566	-2.03973616671265	-2.03973616671265	-2.03973616671265	-2.03973616671265	2.73938732639888	2.66979403459968	-2.03973616671265	-2.03973616671265	-2.03973616671265	-2.03973616671265	1.32755966327382	2.80445091974594	-2.03973616671265	1.76692632305767	1.17913965815555	-2.03973616671265	-2.03973616671265	1.57118174593157	-2.03973616671265	-2.03973616671265	-2.03973616671265	-2.03973616671265	-2.03973616671265	-2.03973616671265	-2.03973616671265	-2.03973616671265	-2.03973616671265	-2.03973616671265	-2.03973616671265	-2.03973616671265	-2.03973616671265	-2.03973616671265	-2.03973616671265	1.76692632305767	3.5475124916876	-2.03973616671265	2.42617195194193	-2.03973616671265	-2.03973616671265	-2.03973616671265	-2.03973616671265	-2.03973616671265	-2.03973616671265	-2.03973616671265	-2.03973616671265	2.32971168575437	2.53497481179073	-2.03973616671265	3.78034676363971	2.13465110318298	-2.03973616671265	-2.03973616671265	-2.03973616671265	-2.03973616671265	-2.03973616671265	1.57118174593157	-2.03973616671265	-2.03973616671265	-2.03973616671265	-2.03973616671265	-2.03973616671265	-2.03973616671265	-2.03973616671265	-2.03973616671265	-2.03973616671265	-2.03973616671265	0.904702812453787	2.13465110318298	-2.03973616671265	-2.03973616671265	2.78857757058965	3.68057560989476	-2.03973616671265	-2.03973616671265	-2.03973616671265	-2.03973616671265	-2.03973616671265	-2.03973616671265	-2.03973616671265	1.0957580492165	-2.03973616671265	-2.03973616671265	-2.03973616671265	-2.03973616671265	2.59499282151698	-2.03973616671265	-2.03973616671265	2.53497481179073	-2.03973616671265	-2.03973616671265	-2.03973616671265	-2.03973616671265	-2.03973616671265	-2.03973616671265	2.03780127719307	3.34933556310385	2.32971168575437	-2.03973616671265	-2.03973616671265	-2.03973616671265	2.07113769746066	-2.03973616671265	1.81041143499741	-2.03973616671265	-2.03973616671265	-2.03973616671265	1.81041143499741	1.57118174593157	-2.03973616671265
zr2502_39_R1	3.68443254234636	2.73906060117137	6.21041593127452	2.38938685269162	-1.37181326300194	2.18353479848747	-1.37181326300194	-1.37181326300194	-1.37181326300194	5.05305576090344	2.43484922676838	-1.37181326300194	2.2917483831277	6.60030786591971	6.36230804032636	2.43484922676838	-1.37181326300194	-1.37181326300194	2.73906060117137	-1.37181326300194	-1.37181326300194	-1.37181326300194	5.46014030256391	6.11983221060319	3.04702734479465	-1.37181326300194	-1.37181326300194	-1.37181326300194	-1.37181326300194	3.40731023010959	-1.37181326300194	4.0619087405523	2.38938685269162	-1.37181326300194	-1.37181326300194	6.64878588689503	2.43484922676838	-1.37181326300194	5.89011382970081	-1.37181326300194	4.37438992753821	-1.37181326300194	-1.37181326300194	-1.37181326300194	3.6716118539173	-1.37181326300194	2.70572418090378	3.81557254283881	-1.37181326300194	-1.37181326300194	-1.37181326300194	-1.37181326300194	-1.37181326300194	-1.37181326300194	-1.37181326300194	1.92402360300238	-1.37181326300194	3.76985029350072	-1.37181326300194	3.22330658713265	1.92402360300238	0.574096886053369	-1.37181326300194	2.18353479848747	-1.37181326300194	-1.37181326300194	-1.37181326300194	-1.37181326300194	-1.37181326300194	-1.37181326300194	-1.37181326300194	1.5726257161645	2.0621739414832	3.54816766282618	-1.37181326300194	-1.37181326300194	-1.37181326300194	2.59847865055018	1.5726257161645	1.46140008105427	-1.37181326300194	-1.37181326300194	-1.37181326300194	-1.37181326300194	2.23910464964228	-1.37181326300194	-1.37181326300194	-1.37181326300194	-1.37181326300194	1.33623693810027	-1.37181326300194	-1.37181326300194	-1.37181326300194	-1.37181326300194	-1.37181326300194	-1.37181326300194	-1.37181326300194	2.18353479848747	-1.37181326300194	-1.37181326300194	-1.37181326300194	-1.37181326300194	-1.37181326300194	1.5726257161645	-1.37181326300194	-1.37181326300194	2.59847865055018	-1.37181326300194	-1.37181326300194	-1.37181326300194	-1.37181326300194	-1.37181326300194	-1.37181326300194	-1.37181326300194	2.59847865055018	-1.37181326300194	-1.37181326300194	-1.37181326300194	-1.37181326300194	2.23910464964228	-1.37181326300194	-1.37181326300194	-1.37181326300194	2.18353479848747	-1.37181326300194	-1.37181326300194	2.67123800483261	-1.37181326300194	2.56001236972238	-1.37181326300194	-1.37181326300194	-1.37181326300194	-1.37181326300194	-1.37181326300194	-1.37181326300194	-1.37181326300194	3.83767288983948	-1.37181326300194	-1.37181326300194	3.22330658713265	-1.37181326300194	-1.37181326300194	-1.37181326300194	-1.37181326300194	3.09409485565264	-1.37181326300194	-1.37181326300194	-1.37181326300194	-1.37181326300194	-1.37181326300194	1.46140008105427	1.99548256698453	-1.37181326300194	-1.37181326300194	1.99548256698453	-1.37181326300194	-1.37181326300194	-1.37181326300194	-1.37181326300194	-1.37181326300194	-1.37181326300194	-1.37181326300194	2.56001236972238	-1.37181326300194	-1.37181326300194	-1.37181326300194	-1.37181326300194	-1.37181326300194	-1.37181326300194	-1.37181326300194	-1.37181326300194	3.13904624351491	-1.37181326300194	-1.37181326300194	-1.37181326300194	-1.37181326300194	2.52000703510868	-1.37181326300194	-1.37181326300194	-1.37181326300194	1.19313609445959	1.92402360300238	1.67270917472148	-1.37181326300194	1.67270917472148	-1.37181326300194	4.11298367048871	1.19313609445959	-1.37181326300194	-1.37181326300194	-1.37181326300194	-1.37181326300194	-1.37181326300194	1.76368095292721	-1.37181326300194	1.46140008105427	-1.37181326300194	-1.37181326300194	-1.37181326300194	-1.37181326300194
zr2502_3_R1	4.96582801525591	4.07612673757099	2.68104754689537	2.47250279500231	4.20710385039042	2.89235664056257	2.17022192312938	2.13021658851568	3.60903431853271	-1.76160370959495	1.28291872812847	2.68104754689537	2.08854389211511	-1.76160370959495	1.18283526957149	-1.76160370959495	3.81055032258282	1.6723834948902	2.77099578355831	1.18283526957149	-1.76160370959495	2.13021658851568	-1.76160370959495	-1.76160370959495	2.55588440394136	2.31593373431077	2.52885573155344	2.04505878017537	1.53423315640938	-1.76160370959495	3.05058064577747	0.803345647866587	2.55588440394136	1.9019579365347	-1.76160370959495	-1.76160370959495	-1.76160370959495	2.17022192312938	-1.76160370959495	2.41278356030069	-1.76160370959495	3.5113958489688	3.91171955757654	-1.76160370959495	2.91122512486696	2.63284544507749	-1.76160370959495	-1.76160370959495	-1.76160370959495	-1.76160370959495	2.7492557969219	1.60569212039152	-1.76160370959495	-1.76160370959495	3.17287022353574	1.53423315640938	-1.76160370959495	0.946446491507261	-1.76160370959495	-1.76160370959495	-1.76160370959495	-1.76160370959495	1.07160963446127	2.04505878017537	1.99959640609861	1.99959640609861	2.50107616744637	-1.76160370959495	-1.76160370959495	-1.76160370959495	-1.76160370959495	-1.76160370959495	-1.76160370959495	-1.76160370959495	-1.76160370959495	-1.76160370959495	2.34927015457836	1.07160963446127	-1.76160370959495	1.84931420304928	-1.76160370959495	2.68104754689537	-1.76160370959495	-1.76160370959495	0.946446491507261	-1.76160370959495	1.9019579365347	1.9019579365347	2.7492557969219	1.84931420304928	-1.76160370959495	-1.76160370959495	-1.76160370959495	3.1287454186268	-1.76160370959495	-1.76160370959495	-1.76160370959495	-1.76160370959495	-1.76160370959495	1.45727211527325	-1.76160370959495	-1.76160370959495	2.47250279500231	2.81310726890843	-1.76160370959495	1.73490385187153	2.41278356030069	-1.76160370959495	3.45875211548338	2.17022192312938	-1.76160370959495	-1.76160370959495	-1.76160370959495	-0.152165797160849	-1.76160370959495	-1.76160370959495	-1.76160370959495	-1.76160370959495	1.45727211527325	-1.76160370959495	-1.76160370959495	2.17022192312938	1.84931420304928	-1.76160370959495	-1.76160370959495	-1.76160370959495	-1.76160370959495	2.24572947563752	-1.76160370959495	-1.76160370959495	-1.76160370959495	-1.76160370959495	-1.76160370959495	-1.76160370959495	1.60569212039152	-1.76160370959495	-1.76160370959495	-1.76160370959495	-1.76160370959495	-1.76160370959495	-1.76160370959495	-1.76160370959495	-1.76160370959495	-1.76160370959495	-1.76160370959495	-1.76160370959495	1.99959640609861	-1.76160370959495	2.08854389211511	-1.76160370959495	-1.76160370959495	-1.76160370959495	1.28291872812847	2.60784414287207	-1.76160370959495	-1.76160370959495	-1.76160370959495	-1.76160370959495	2.77099578355831	3.08258337686364	0.803345647866587	2.17022192312938	-1.76160370959495	-1.76160370959495	1.99959640609861	-1.76160370959495	2.52885573155344	-1.76160370959495	1.28291872812847	0.43562086774127	-1.76160370959495	-1.76160370959495	-1.76160370959495	-1.76160370959495	-1.76160370959495	-1.76160370959495	-1.76160370959495	2.58220171225874	2.08854389211511	-1.76160370959495	-1.76160370959495	-1.76160370959495	-1.76160370959495	0.803345647866587	-1.76160370959495	2.55588440394136	-1.76160370959495	-1.76160370959495	1.6723834948902	-1.76160370959495	-1.76160370959495	2.04505878017537	-1.76160370959495	-1.76160370959495	-1.76160370959495	-1.76160370959495	3.08258337686364	3.66334630788645	2.2814475582396	2.87312527863469
