sample_id	EU652571.1.1503	HE804013.1.1479	AM745219.1.1602	KT907947.1.912	GU180188.1.1514	JQ580309.1.1482	MG601401.1.1536	KT167015.1.1381	JQ580221.1.1496	FJ905762.1.1411	KF268910.1.1377	EU488198.1.1432	FJ545472.1.1559	CP013099.3645030.3646539	KX172552.1.1464	AB858577.1.1407	AB806704.1.1485	JX240886.1.1472	KJ817533.1.1498	DQ811808.1.1527	FN553631.1.1499	GU302442.1.1531	GQ249585.1.1531	EU652611.1.1524	CP016268.790030.791574	JF747656.1.1535	FJ748775.1.1510	EF061955.1.1529	HQ727627.1.1522	KX097089.1.1528	FN553506.1.1517	AM039960.1.1519	JF268389.1.1458	DQ811831.1.1528	AB694385.1.1409	KC009895.1.1442	EF125387.1.1524	DQ431904.1.1420	JQ824907.1.1522	FJ900318.1.1494	JF344561.1.1519	KP728222.1.1525	AF126545.1.1465	KJ817730.1.1525	AY216453.1.1421	DQ363780.1.954	KM108644.1.1515	LC004293.1.1337	EF999356.1.1505	LN569797.1.1343	JX504409.1.1551	JQ580158.1.1515	AB622941.1.1314	HQ697852.1.1461	HE604685.1.1406	AB806700.1.1497	EU488012.1.1496	JQ580306.1.1521	FJ484793.1.1352	AM935174.1.1396	MH071306.1.1400	FJ516992.1.1523	EU283571.1.1333	KY609501.1.1523	KX172242.1.1463	KC009877.1.1515	KR825104.1.1480	JF421166.1.1503	JN038229.1.1464	FJ479355.1.1447	HQ014650.1.1499	HM437993.1.1513	HF922320.1.1505	LN572475.1.1329	JN518931.1.1452	EU491603.1.1422	MG601395.1.1528	EU245402.1.1490	KF616626.1.1420	FJ748816.1.1514	DQ811819.1.1523	KC470953.1.1371	JF344346.1.1503	KU578771.1.1356	AY584740.1.1231	EU287222.1.1531	JX391720.1.1474	GU982895.1.1212	AB300128.1.1329	KJ817744.1.1481	FJ516918.1.1484	FJ685743.1.1209	EU592419.1.1485	FJ203584.1.1459	KC009862.1.1289	JF344128.1.1458	DQ522941.1.1376	GU584665.1.1413	FM242440.1.1461	FN396636.1.1437	KJ817529.1.1517	HQ691983.1.1504	AY454607.1.1049	GQ263303.1.1425	JQ989616.1.1540	EU491860.1.1478	JN498221.1.1394	JX240956.1.1475	KX172698.1.1484	EU491875.1.1464	GQ337314.1.1475	JQ245921.1.944	MGML01000116.8420.9921	EU245945.1.1484	JX870311.1.915	JN977195.1.1550	KR559960.1.1479	JN488175.1.1372	JX227448.1.1506	KC009968.1.1238	DQ811807.1.1529	JX221977.1.1390	FJ517002.1.1521	KF596668.1.1487	JQ716338.1.1491	HQ118614.1.1521	KX097186.1.1519	KC010004.1.1496	FJ712438.1.1480	EU488328.1.1485	GQ356834.1.936	JQ716269.1.1517	JX241033.1.1526	EF157274.1.1422	KY228984.1.1390	FJ900559.1.1484	KX097734.1.1525	GU369933.1.1368	JN977251.1.1528	KR824977.1.1462	GQ246386.1.1492	DQ811936.1.1499	JF495328.1.1537	JF344544.1.1460	GQ850571.1.1477	EF602488.1.1422	GU230392.1.1515	JN477996.1.1425	DQ811880.1.1473	DQ431896.1.1372	DQ811792.1.1512	JN977382.1.1548	DQ831554.1.1518	KT952676.1.1499	KT223232.1.1433	JN457484.1.1393	JN537239.1.1468	DQ811817.1.1511	JN387531.1.1345	GQ246392.1.1520	AF254399.1.1489	AB448791.1.904	FJ748781.1.1509	KC471044.1.1422	KX172521.1.1480	HM243983.1.1497	HQ588383.1.1408	KU324299.1.1492	AM882598.1.1523	DQ811804.1.1523	HQ397466.1.1499	AB694414.1.1369	KC009869.1.1401	KM019077.1.1499	JF344695.1.1458	KY441460.1.1524	FJ542954.1.1450	JN387529.1.1354	GQ994182.1.911	JN886895.1.1515	JX441507.1.1521	EU734985.1.1485	KR824952.1.1522	KT907904.1.907	JX870284.1.918	KM071677.1.1399	KM356600.1.1484	JX870242.1.918	JX241004.1.1520	KX213873.1.1405	JF344372.1.1525	LN566308.1.1399	EU487995.1.1518	EF125448.1.1512	JF421187.1.1490	JF747686.1.1533	JX206507.1.1461	AB858645.1.1364	JF344583.1.1522	JN830953.1.1424
S1A015	0.120842301912846	0.00345205701985948	0.00515777931202534	0.00458920521463672	0.00414246842383138	0.000243674613166552	0.0024570523494294	0.00919871664703732	0.00473134873898388	0.000162449742111034	0.0215245908297121	0.00101531088819396	0.000223368395402672	0.00164480363887422	0.000893473581610689	0.00426430573041465	0.0766762782764082	0.0335052593104008	0.00944239126020387	0.00233521504284612	0.000203062177638793	0.000304593266458189	0.00136051659017991	0.00361450676197052	0.00056857409738862	0.0201234618040044	0.0120212809162165	0.013463022377452	0.0244080737521829	0.00601064045810827	0.00789911871014905	0.040876416358689	0.00337083214880396	0.0133411850708687	0.00377695650408155	0.00369573163302603	0.00330991349551233	4.06124355277586e-05	0.00131990415465215	0.00164480363887422	0.00134021037241603	0.00103561710595784	0.00150266011452707	0.0104170897128701	0.0373025220322463	6.09186532916379e-05	0.00172602850992974	0.00848799902530155	0.0045079803435812	4.06124355277586e-05	0.00239613369613776	0.00710717621735775	0.00456889899687284	0.00341144458433172	0.00239613369613776	0.00235552126061	0.000345205701985948	0.00146204767899931	0.00140112902570767	0.00144174146123543	0.00111684197701336	0.000426430573041465	0.0121837306583276	0.00609186532916379	0.0140112902570767	0.00848799902530155	0.00393940624619258	0.00239613369613776	0.000345205701985948	0.000223368395402672	0.00477196117451164	0.000426430573041465	0.00349266945538724	0.0115542379076473	0.00180725338098526	0.000121837306583276	0.000385818137513707	0.000649798968444138	0.0103358648418146	0.020854485643504	0	0.000487349226333103	0.00424399951265077	0.00395971246395646	0.026926044754904	0.0132802664175771	0.00174633472769362	0.00521869796531698	0.00105592332372172	0.00142143524347155	0	0.000670105186208017	0	0.00211184664744345	0.000487349226333103	0.0117979125208139	0.000304593266458189	0.00087316736384681	4.06124355277586e-05	0.000852861146082931	0.000162449742111034	0.000812248710555172	0.000629492750680258	0.000243674613166552	0.000263980830930431	0.000487349226333103	0.103805385208951	0.00168541607440198	0	0.00428461194817853	0.00992974048653698	0.00773666896803801	0.000406124355277586	0.00398001868172034	0.00270072696259595	0.000406124355277586	0	0	0.000690411403971896	0	0.000812248710555172	0.000913779799374568	0.000182755959874914	6.09186532916379e-05	0.000121837306583276	0.000426430573041465	0.000365511919749827	0.000324899484222069	0.00056857409738862	0.00028428704869431	0.00369573163302603	0.000223368395402672	0.00109653575924948	0.00428461194817853	0	0.00300532022905414	0.00515777931202534	0.00475165495674776	0	0.000913779799374568	0	0.000385818137513707	0.000121837306583276	0.000649798968444138	0.000852861146082931	0.00540145392519189	0.000771636275027413	0.0010762295414856	0	0	4.06124355277586e-05	0.000507655444096982	0.00661982699102465	0.000203062177638793	0.000345205701985948	0.00162449742111034	0.00103561710595784	0.000304593266458189	0.00592941558705276	0.000182755959874914	0.0100109653575925	0.000121837306583276	4.06124355277586e-05	0.00209154042967957	0	0.00266011452706819	0.00203062177638793	0.000832554928319051	0.00976729074442594	6.09186532916379e-05	0.000142143524347155	6.09186532916379e-05	0.000467043008569224	4.06124355277586e-05	4.06124355277586e-05	0.00651829590220526	0.00056857409738862	0.000812248710555172	8.12248710555172e-05	0.000345205701985948	0.000385818137513707	0.00718840108841327	0.00028428704869431	0.000487349226333103	0.00142143524347155	0	0.000182755959874914	0	0	0.000487349226333103	0.000162449742111034	0	0.00164480363887422	0.00310685131787353	8.12248710555172e-05	0	0.00123867928359664	0.000507655444096982	0.000446736790805345	0.0139503716037851
S1A1530	0.0872083149349547	0.0136714106178459	0.00392310043816446	0.00371930301280527	0.00307394449916783	0.000577426038517713	0.0197853333786217	0.00898406983458442	0.00636866954247478	0.00543459800957848	0.00171529499677321	0.00110390272069563	0.00135864950239462	0.00670833191807343	0.00835569443972691	0.00273428212356917	0.0535138072755681	0.0270031588600931	0.0124316429469108	0.00149451445263408	0.00229272103529092	0.00511191875275976	0.00147753133385415	0.00956149587310214	0.00100200400801603	0.0165925070479943	0.00918786725994362	0.00991814136748072	0.0102747868618593	0.0149281614075609	0.00628375394857512	0.031571617811895	0.00324377568696715	0.00922183349750348	0.0028022145986889	0.00314187697428756	0.00144356509629428	0.000322679256818722	0.00156244692775381	0.00169831187799327	0.000696307869977243	0.00132468326483475	0.000798206582656839	0.0120580143337523	0.00721782548147142	0.00331170816208689	0.00624978771101525	0.0153527393770592	0.00351550558744608	0.000645358513637444	0.00146054821507422	0.00410991474474373	0.00827077884582725	0.0018681430657926	0.0010359702455759	0.00227573791651099	0.00049251044461805	0.00137563262117455	0.00628375394857512	0.00110390272069563	0.00110390272069563	0.000968037770456167	0.0101728881491797	0.00911993478482388	0.0209741516932169	0.00174926123433307	0.00444957712034238	0.00370231989402534	0.00220780544139126	0.00485717197106077	0.005808226622737	0.000934071532896301	0.00149451445263408	0.00120580143337523	0.0010869196019157	0.00105295336435583	0.00171529499677321	0.000441561088278251	0.0308922930606977	0.0149451445263408	0.000764240345096974	0.00636866954247478	0.00888217112190483	0.00310791073672769	0.00854250874630617	0.0155565368024184	0.0068951462246527	0.00213987296627153	0.000917088414116368	0.00631772018613498	0.00193607554091233	0.000883122176556503	0.00161339628409361	0.00253048469820998	0.000254746781698991	0.00115485207703543	0.000730274107537108	0.000951054651676234	0.00106993648313576	0.000747257226317041	0.00105295336435583	0.00018681430657926	0.000254746781698991	0.000101898712679596	6.7932475119731e-05	0.000407594850718386	0.0731293094663904	0.0176624435311301	0	0.0048741550898407	0.00543459800957848	0.0087632892904453	0.00708196053123196	0.000441561088278251	0.0019700417784722	0.000237763662919058	0.00433069528888285	0.000441561088278251	0.000764240345096974	0.000526476682177915	0.00232668727285079	0.00438164464522265	0.00037362861315852	0.000849155938996637	0.000169831187799327	0.00129071702727489	0.000288713019258857	0.00101898712679596	0.000152848069019395	0.000798206582656839	0.0269182432661934	0.00115485207703543	0.00329472504330695	0.00652151761149417	0.00129071702727489	0.000815189701436772	0.00164736252165348	0.00146054821507422	0.000390611731938453	0.00176624435311301	0.00188512618457253	0.00037362861315852	0.000118881831459529	0.000985020889236099	0.000458544207058184	0.000424577969498319	0.000747257226317041	0.000254746781698991	0.00287014707380863	0.00049251044461805	0.000203797425359193	0.00067932475119731	0.0152678237831595	0.00456845895180191	0.000543459800957848	0.00358343806256581	0.000203797425359193	0.000390611731938453	0.00229272103529092	0.000730274107537108	0.00815189701436772	0.00327774192452702	0.00132468326483475	0.000203797425359193	0.000203797425359193	0.00268333276722937	0.0106993648313576	0.000815189701436772	0.0129411365103088	0.000968037770456167	3.39662375598655e-05	0.00180021059067287	0.00626677082979518	5.09493563397982e-05	0.000101898712679596	0.000611392276077579	0.00049251044461805	0.0104276349308787	0.0010359702455759	0.00132468326483475	0.00151149757141401	0.00966339458578173	0.00331170816208689	0.00276824836112904	0.00412689786352366	0	6.7932475119731e-05	0.000458544207058184	0.00205495737237186	0.00392310043816446	0.00037362861315852	0.00164736252165348	0.000628375394857512	0.000509493563397982	6.7932475119731e-05	3.39662375598655e-05	0.00110390272069563	0.000135864950239462	0.000135864950239462	0.00185115994701267
S1A3050	0.0776648599819331	0.010546522131888	0.00282294489611563	0.0033423667570009	0.00241644083107498	0.0018970189701897	0.0178184281842818	0.00693315266485998	0.0048780487804878	0.00532971996386631	0.0033423667570009	0.00381662149954833	0.00327461607949413	0.0042457091237579	0.00539747064137308	0.00275519421860885	0.0486224028906956	0.0217253839205059	0.0246838301716351	0.000993676603432701	0.00641373080397471	0.00146793134598013	0.00101626016260163	0.00383920505871725	0.00049683830171635	0.018383017163505	0.00763324299909666	0.0101400180668473	0.0181571815718157	0.00492321589882566	0.00519421860885276	0.0410794941282746	0.00173893405600723	0.0244128274616079	0.0042457091237579	0.00474254742547425	0.00223577235772358	0.00119692863595303	0.0012646793134598	0.000700090334236676	0.00101626016260163	0.00182926829268293	0.00110659439927733	0.0108852755194219	0.00955284552845528	0.0171860885275519	0.0101400180668473	0.0190831074977416	0.0029810298102981	0.000654923215898826	0.00329719963866305	0.00501355013550136	0.00223577235772358	0.00194218608852755	0.00173893405600723	0.00128726287262873	0.000293586269196025	0.00241644083107498	0.0028003613369467	0.000993676603432701	0.0017163504968383	0.00031616982836495	0.00898825654923216	0.00921409214092141	0.0200767841011743	0.00210027100271003	0.00501355013550136	0.00420054200542005	0.00295844625112918	0.0031616982836495	0.0041553748870822	0.00040650406504065	0.00119692863595303	0.000835591689250226	0.00167118337850045	0.00178410117434508	0.000474254742547425	0.000564588979223126	0.0396341463414634	0.0182249322493225	0.000813008130081301	0.00898825654923216	0.0242321589882565	0.00300361336946703	0.00519421860885276	0.0140921409214092	0.00569105691056911	0.0018970189701897	0.0018970189701897	0.00993676603432701	0.00311653116531165	0.000564588979223126	0.00255194218608853	0.0020776874435411	0.00040650406504065	0.00106142728093948	0.0011743450767841	0.00110659439927733	0.000542005420054201	0.00191960252935863	0.0015356820234869	0.000293586269196025	0.00031616982836495	0.00022583559168925	0.000564588979223126	0.000248419150858175	0.0648373983739837	0.0104561878952123	0.000429087624209575	0.00377145438121048	0.00684281842818428	0.00338753387533875	0.0112691960252936	0.000564588979223126	0.00158084914182475	0.00151309846431798	0.00338753387533875	0.00031616982836495	0.00040650406504065	0.000880758807588076	0.00194218608852755	0.0021680216802168	0.000700090334236676	0.00210027100271003	0.000203252032520325	0.000587172538392051	0.000474254742547425	0.000293586269196025	0.0002710027100271	0.0004516711833785	0.0104110207768744	0.0010840108401084	0.00345528455284553	0.00474254742547425	0.00426829268292683	0.000835591689250226	0.00103884372177055	0.00438121047877145	0.000609756097560976	0.0017163504968383	0.0016260162601626	0.0002710027100271	0.0004516711833785	0.00031616982836495	0.00031616982836495	0.00106142728093948	0.000293586269196025	4.516711833785e-05	0.000429087624209575	0.00031616982836495	0.000745257452574526	0.000858175248419151	0.00582655826558266	0.00566847335140018	0.000112917795844625	0.00140018066847335	0.000203252032520325	0.000880758807588076	0.00121951219512195	0.00049683830171635	0.00356820234869015	0.00368112014453478	0.00548780487804878	0.000383920505871725	0.000767841011743451	0.00275519421860885	0.0020776874435411	0.000654923215898826	0.00616531165311653	0.0016260162601626	0	0.00824299909665763	0.00341011743450768	4.516711833785e-05	0	0.0037037037037037	0.00580397470641373	0.00128726287262873	0.00031616982836495	0.000903342366757001	0.000338753387533875	0.0131210478771454	0.010840108401084	0.00483288166214995	0.00523938572719061	0.000158084914182475	0	0.000383920505871725	0.00295844625112918	0.000971093044263776	9.03342366757001e-05	0.00128726287262873	0.00142276422764228	0.000677506775067751	0.00022583559168925	0	0.00219060523938573	4.516711833785e-05	0.000474254742547425	0.00155826558265583
S1A5075	0.104232953401265	0.0119416810987152	0.00436989004792783	0.00398727294695719	0.00243666680091828	0.00237625357444923	0.0198558137661605	0.0118611301300898	0.00296024809698337	0.00497402231261831	0.00221515163719844	0.00503443553908736	0.00869950461154295	0.00688710781747151	0.00781344395666358	0.00161101937250795	0.0527004712231665	0.0269241612630392	0.0131499456280962	0.0016311571146643	0.00865922912723026	0.00497402231261831	0.00155060614603891	0.00501429779693101	0.000745096459784929	0.0137943533770994	0.0102299730154255	0.0106125901163961	0.0146804140319787	0.00547746586652705	0.00642393974787547	0.0140360062829756	0.00328245197148496	0.00718917394981675	0.00352410487736115	0.00316162551854686	0.00231584034798018	0.000785371944097628	0.000483305811752386	0.00114785130291192	0.000906198397035724	0.00193322324700955	0.00169157034113335	0.0115590639977446	0.00775303073019453	0.0205807724837891	0.00847798944782311	0.00938418784485883	0.00396713520480084	0.000684683233315881	0.00384630875186274	0.0033831406822667	0.0034636916508921	0.00207418744210399	0.0016311571146643	0.0017519835676024	0.00147005517741351	0.00130895324016271	0.00289983487051432	0.00281928390188892	0.00100688710781747	0.000906198397035724	0.0131700833702525	0.00455112972733497	0.0130895324016271	0.00108743807644287	0.0036650690724556	0.00606146038906118	0.00378589552539369	0.00402754843126989	0.00690724555962785	0.00316162551854686	0.00114785130291192	0.000966611623504773	0.00142977969310081	0.00287969712835797	0.000543719038221435	0.000684683233315881	0.0565870554593419	0.0134318740182851	0.00177212130975875	0.00722944943412945	0.0117201659349954	0.00314148777639051	0.00392685972048814	0.00505457328124371	0.00843771396351041	0.00177212130975875	0.00225542712151114	0.00801482137822707	0.00253735551170003	0.000161101937250795	0.00356438036167385	0.00249708002738733	0.000523581296065085	0.00106730033428652	0.00126867775585001	0.00207418744210399	0.000664545491159531	0.000523581296065085	0.000624270006846832	0.000563856780377784	0.000483305811752386	8.05509686253977e-05	0.000765234201941278	0.000221515163719844	0.080510693141085	0.023802811228805	0.000563856780377784	0.00221515163719844	0.00567884328809054	0.00314148777639051	0.010431350436989	0.000483305811752386	0.00130895324016271	0.000382617100970639	0.00213460066857304	0.00034234161665794	0.000523581296065085	0.000443030327439687	0.00298038583913972	0.00201377421563494	0.000604132264690483	0.00144991743525716	0.000261790648032543	0.000886060654879375	0.000724958717628579	0.00070482097547223	0.000281928390188892	0.000624270006846832	0.0122638849732168	0.000745096459784929	0.0054573281243707	0.00360465584598655	0.00698779652825325	0.000805509686253977	0.00106730033428652	0.00114785130291192	0.000161101937250795	0.00285955938620162	0.00322203874501591	0.000181239679407145	0.000402754843126989	0.000281928390188892	0.000402754843126989	0.000463168069596037	0.000302066132345241	0	0.00193322324700955	0.000543719038221435	0.00153046840388256	0.000523581296065085	0.00966611623504773	0.00296024809698337	0.000120826452938097	0.00124854001369366	0.000181239679407145	0.000422892585283338	0.00169157034113335	0.00036247935881429	0.0196947118289097	0.00255749325385638	0.00257763099601273	0.000463168069596037	0.001671432598977	0.00147005517741351	0.00217487615288574	0.000724958717628579	0.00966611623504773	0.00269845744895082	0.00034234161665794	0.00140964195094446	0.0035442426195175	0.000563856780377784	0.000140964195094446	0.00102702484997382	0.000946473881348423	0.00203391195779129	0.0016311571146643	0.000825647428410327	0.000563856780377784	0.00314148777639051	0.00165129485682065	0.00322203874501591	0.00396713520480084	0.000946473881348423	0.000322203874501591	0.000946473881348423	0.0037053445567683	0.000745096459784929	0.000161101937250795	0.00130895324016271	0.000503443553908736	0.000825647428410327	0	0.000281928390188892	0.000946473881348423	0.000261790648032543	0.00034234161665794	0.000583994522534133
S1B07	0.181101144447881	0.00683294435227624	0.0103197143098164	0.00905435424458004	0.00611590698197565	0.00127941962151674	0.00656581278294857	0.00137783651547957	0.00340241261985772	0.00161684897224644	0.00364142507662458	0.00139189607175998	0.000632680032618171	0.00459747490369204	0.00198239743553693	0.00420380732784073	0.098712144644715	0.0615667969518882	0.00759216039141805	0.00272755391839834	0.000871692489385035	0.000660799145178978	0.00105446672103028	0.00418974777156033	0.0022214098923038	0.019360008998116	0.0242386750274161	0.0210471557517645	0.0223265753732812	0.00269943480583753	0.012709838877485	0.00196833787925653	0.00688918257739786	0.00846385288080308	0.00657987233922897	0.00345865084497933	0.00684700390855665	0.000857632933104631	0.000843573376824227	0.00316340016309085	0.00276973258723955	0.00192615921041532	0.00213705255462138	0.0177712791384304	0.00956049827067458	0.000239012456766864	0.0018418018727329	0.00721255237184714	0.0085200911059247	0.000239012456766864	0.0018418018727329	0.00153249163456401	0.00448499845344881	0.00397885442735427	0.00336023395101651	0.000688918257739786	0.00132159829035796	0.0018699209852937	0.000351488907010095	0.00160278941596603	0.00139189607175998	0.0011107049461519	0.0181368276017209	0.00177150409133088	0.00496302336698254	0.00289626859376318	0.00420380732784073	0.00468183224137446	0.000829513820543824	0.000773275595422209	0.000435846244692517	0.000998228495908669	0.0014762534094424	0.00029525068188848	0.00133565784663836	0.000140595562804038	0.0011247645024323	0.00104040716474988	0.0113460619182859	0.0326322301268172	0.000857632933104631	0.0101509996344515	0.00285408992492197	0.00798582796726935	0.00029525068188848	0.00489272558558052	0.00284003036864157	0.00361330596406377	0.000140595562804038	0.00239012456766864	0.000140595562804038	0.000323369794449287	0.00118100272755392	0.00208081432949976	0.000660799145178978	0.000506144026094537	0.000421786688412114	0.000168714675364845	0.00011247645024323	0.000829513820543824	0.00133565784663836	0.00108258583359109	0.000745156482861401	0.000688918257739786	0.000196833787925653	0.000702977814020189	0.154106796389506	0.0022214098923038	0.00029525068188848	0.000871692489385035	0.00343053173241852	0.0010966453898715	0.000829513820543824	0.00116694317127351	0.00302280460028682	0.000435846244692517	0.000984168939628265	0.000745156482861401	0.0011247645024323	0.000421786688412114	0.00216517166718218	0.000281191125608076	0.00140595562804038	0.00101228805218907	0.000449905800972921	0.000562382251216152	0.000562382251216152	0.000759216039141805	0.000759216039141805	0.000871692489385035	0.00251666057419228	0.000548322694935748	0.000731096926580997	0.000674858701459382	0.000154655119084442	0.000478024913533729	0.00123724095267553	0.00215111211090178	0.000253072013047268	0.0011107049461519	0.000168714675364845	0.000267131569327672	0.000984168939628265	0.00011247645024323	0.000393667575851306	0.000899811601945843	0.000239012456766864	0.000717037370300593	0.000182774231645249	0.000562382251216152	0	0.000646739588898574	0.000210893344206057	0.000337429350729691	0.00029525068188848	0.000253072013047268	0.00040772713213171	0.00105446672103028	2.81191125608076e-05	0.000239012456766864	0.00040772713213171	0.000492084469814133	9.84168939628265e-05	0.000548322694935748	0.000379608019570902	0.00168714675364845	0.00113882405871271	0.000281191125608076	0.00120912184011473	0.00081545426426342	0.00154655119084442	0.00040772713213171	0.000182774231645249	0.000140595562804038	8.43573376824227e-05	0.00106852627731069	0.00239012456766864	0.000998228495908669	0.00029525068188848	0.000253072013047268	0.000351488907010095	0.0010966453898715	0.000154655119084442	0.00132159829035796	0.000168714675364845	0	0.00105446672103028	0.00113882405871271	0.000492084469814133	0.000196833787925653	0.000154655119084442	0.000154655119084442	0.000478024913533729	0.000224952900486461	0.000196833787925653	0	0.000843573376824227	0.000168714675364845	0.000253072013047268	0.00248854146163147
S1B2230	0.0826628620177387	0.018194654860488	0.00508920823098534	0.00397134746348567	0.00454498654154471	0.00636886463588627	0.0340800447144307	0.026107932398841	0.0126788944945357	0.012987777075029	0.00654536896759675	0.0090458470001618	0.0066777472163796	0.00244164325532822	0.000411843440657773	0.00210334328621648	0.0605556944710018	0.0296527277273596	0.00800152970420816	0.0221660023239737	0.0111638989806875	0.0104284642652272	0.00530983864562343	0.00626590377572183	0.000558930383749835	0.0101489990733523	0.0105167164310824	0.0107520555400297	0.0076191036521688	0.00735434715460309	0.00626590377572183	0.000750143409769515	0.0031035344992425	0.000323591274802536	0.00520687778545898	0.00466265609601836	0.00207392589759807	0.00297115625045965	0.00030888258049333	0.00154441290246665	0.000970773824407607	0.00542750820009708	0.001426743347993	0.00954594260667481	0.00447144306999868	0.0123111771368056	0.0047656169561828	0.00856046008795799	0.00464794740170915	0.00675129068792563	0.00617765160986659	0.00204450850897966	0.00277994322443997	0.00198567373174283	0.00111786076749967	0.0033388736081898	0.00276523453013076	0.00532454733993263	0.00101489990733523	0.000867812964243164	0.00038242605203936	0.00088252165855237	0.0105755512083192	0.00225043022930854	0.000411843440657773	0.0021327606748349	0.0028681953902952	0.00276523453013076	0.00205921720328886	0.00355950402282789	0.00260343889272949	0.00400076485210408	0.00133849118213776	0.000514804300822216	0.00105902599026284	0.00660420374483357	0.00138261726506538	0.000588347772368247	0.0369776574933443	0.0221660023239737	0.0179887331401591	0.00351537793990027	0.00298586494476885	0.00355950402282789	0.00480974303911042	0.000970773824407607	0.00557459514318914	0.00432435612690661	0.00561872122611676	0.00150028681953903	0.00186800417726918	0.00336829099680821	0.00211805198052569	0.00173562592848633	0.00269169105858473	0.00210334328621648	0.00130907379351935	0.00270639975289394	0.00403018224072249	0.0023828084780914	0.00925176872049068	0.00088252165855237	0.00158853898539427	0.00251518672687426	0.000220630414638093	0.000455969523585391	0.0749407975054054	0.00288290408460441	0.00436848220983423	0.00160324767970347	0.00148557812522982	0.00736905584891229	0.00226513892361775	0.000470678217894597	0.00250047803256505	0.000397134746348567	0.00195625634312442	0.00753085148631356	0.000779560798387927	0.00100019121302602	0.000956065130098401	0.00088252165855237	0.00138261726506538	0.000485386912203804	0.000411843440657773	0.000397134746348567	0.000617765160986659	0.00050009560651301	0.000353008663420948	0.000250047803256505	0.0146351508376601	0.00269169105858473	0.00589818641799167	0.00172091723417712	0.00660420374483357	0.00117669554473649	0.00291232147322282	0.000250047803256505	0.000235339108947299	0.00154441290246665	0.00038242605203936	0.00195625634312442	0.000264756497565711	0.000411843440657773	0.000779560798387927	0.000161795637401268	0.000411843440657773	0.000235339108947299	0.018694750467001	0.00291232147322282	0.0128112727433186	0.00108844337888126	8.8252165855237e-05	0.00132378248782856	0.00129436509921014	0.000161795637401268	0.000161795637401268	0.00133849118213776	0.000956065130098401	0.000706017326841896	0.00494212128789327	0.000956065130098401	0.00148557812522982	0.00111786076749967	0.00260343889272949	0.00019121302601968	0.000279465191874917	0.00069130863253269	0.00169149984555871	0.00497153867651169	0.000455969523585391	0.000779560798387927	0.00147086943092062	0.00295644755615044	0.00335358230249901	0.000823686881315546	0.000205921720328886	0.000338299969111742	0.00136790857075617	0.000706017326841896	0	0.00139732595937459	0.000926647741479989	0.000294173886184123	0.00335358230249901	0.00195625634312442	0.0011914042390457	0.000911939047170783	0.00108844337888126	0.000735434715460309	0.000441260829276185	0.000279465191874917	0.00019121302601968	0.000426552134966979	0.000338299969111742	0.00483916042772883	7.35434715460309e-05	0.00279465191874917	0.00463323870739994	2.94173886184123e-05
S1B3040	0.121876151861408	0.0116476225580538	0.00683744931809805	0.00617397714706966	0.0049576115001843	0.00368595650571323	0.0215628455584224	0.0176925912274235	0.0277552524880206	0.00556579432362698	0.0115370438628824	0.00947290821968301	0.00141909325469959	0.00191669738297088	0.000313306302985625	0.00232215259859934	0.0758754146701069	0.0452451161076299	0.00532620715075562	0.0402690748249171	0.00200884629561371	0.00407298193881312	0.00554736454109842	0.000995208256542573	0.00127165499447107	0.0126796903796535	0.0168448212311095	0.0128455584224106	0.00399926280869886	0.0159786214522669	0.0098599336527829	0.000110578695171397	0.00475488389237007	9.21489126428308e-05	0.00403612237375599	0.00272760781422779	0.00263545890158496	0.00525248802064136	0.00263545890158496	0.00206413564319941	0.00140066347217103	0.00101363803907114	0.00145595281975673	0.0114633247327682	0.00556579432362698	0.00504976041282713	0.00339107998525617	0.00178768890527092	0.00554736454109842	0.0187799483966089	0.000331736085514191	0.00422042019904165	0.00311463324732768	0.00259859933652783	0.00204570586067084	0.000792480648728345	0.00121636564688537	0.000995208256542573	0	0.0011979358643568	0.000700331736085514	0.000995208256542573	0.0141172134168817	0.00702174714338371	0.000202727607814228	0.00536306671581275	0.00132694434205676	0.00278289716181349	0.000202727607814228	0.00204570586067084	0.000774050866199779	0.00344636933284187	0.00154810173239956	0.000423884998157022	0.0101179506081828	0.00355694802801327	0.00047917434574272	0.00062661260597125	0.0206413564319941	0.0244378916328787	0.0173608551419093	0.000276446737928492	0.00269074824917066	0.00586067084408404	0.00481017323995577	0.000276446737928492	0.0022852930335422	0.00140066347217103	0.00457058606708441	0.000147438260228529	0.000608182823442683	0.0130114264651677	0.000110578695171397	0.00156653151492812	0.0108182823442683	0.000423884998157022	0.000423884998157022	0.00156653151492812	0.000589753040914117	0.000608182823442683	0.000460744563214154	0.000552893475856985	0.00127165499447107	0.00169553999262809	0.000571323258385551	0.000442314780685588	0.109049023221526	0.000184297825285662	0.00296719498709915	0.0025617397714707	0.00184297825285662	0.00180611868779948	7.37191301142646e-05	7.37191301142646e-05	0.00199041651308515	0.000313306302985625	0.00307777368227055	0.00071876151861408	0.000608182823442683	0.00127165499447107	5.52893475856985e-05	0	0.00173239955768522	0	0.00047917434574272	0.000810910431256911	0.000847769996314043	0.00086619977884261	0.000552893475856985	0.000147438260228529	0.000497604128271286	0.0104312569111684	0.00140066347217103	0.000847769996314043	0.00230372281607077	0.00392554367858459	0.00112421673424254	0.000368595650571323	0.000294876520457059	0.00158496129745669	9.21489126428308e-05	0.00267231846664209	0.000202727607814228	0.000313306302985625	0.000681901953556948	0.000147438260228529	0.0011979358643568	0.000442314780685588	0.0133063029856248	0.00392554367858459	0.00316992259491338	0.0011426465167711	0	0.00095834869148544	0.00293033542204202	9.21489126428308e-05	0	0.00145595281975673	3.68595650571323e-05	0.000331736085514191	0.000147438260228529	0.000110578695171397	0.00047917434574272	9.21489126428308e-05	0.00283818650939919	0	0.000368595650571323	5.52893475856985e-05	0.00047917434574272	0.00224843346848507	0.000184297825285662	0.000184297825285662	9.21489126428308e-05	0.0011979358643568	0.00178768890527092	0.000294876520457059	0.000165868042757095	9.21489126428308e-05	0.0011979358643568	0.000313306302985625	7.37191301142646e-05	0	0.00458901584961297	0	0.00315149281238481	0.000884629561371176	0.000165868042757095	0.000884629561371176	0	0.000184297825285662	0.000129008477699963	0	9.21489126428308e-05	0.000313306302985625	0	0.00140066347217103	0	0.000589753040914117	0.000534463693328419	0.00772207887946922
S1B6575	0.0730783242258652	0.0199635701275046	0.00435336976320583	0.0036247723132969	0.00358834244080146	0.00459016393442623	0.0395446265938069	0.025391621129326	0.0209289617486339	0.0111475409836066	0.0092896174863388	0.00972677595628415	0.00387978142076503	0.00287795992714026	0.00034608378870674	0.00187613843351548	0.0696357012750455	0.0306921675774135	0.00921675774134791	0.0465938069216758	0.00500910746812386	0.00397085610200364	0.00677595628415301	0.00154826958105647	0.000983606557377049	0.00825136612021858	0.00867030965391621	0.00936247723132969	0.0127140255009107	0.0163023679417122	0.0070856102003643	0.000437158469945355	0.00344262295081967	0.000491803278688525	0.00318761384335155	0.00307832422586521	0.00193078324225865	0.00797814207650273	0.00169398907103825	0.00129326047358834	0.000655737704918033	0.00205828779599271	0.000892531876138434	0.00690346083788707	0.00555555555555556	0.00914389799635701	0.00599271402550091	0.00357012750455373	0.0034608378870674	0.00586520947176685	0.00216757741347905	0.00364298724954463	0.00138433515482696	0.00198542805100182	0.00183970856102004	0.001183970856102	0.00189435336976321	0.00134790528233151	0.000163934426229508	0.000765027322404372	0.000601092896174863	0.000564663023679417	0.00854280510018215	0.0105100182149362	0.000418943533697632	0.00526411657559199	0.00380692167577414	0.00174863387978142	0.000546448087431694	0.00216757741347905	0.00664845173041894	0.00413479052823315	0.00182149362477231	0.0038615664845173	0.00400728597449909	0.00462659380692168	0.00105646630236794	0.000564663023679417	0.0193806921675774	0.0184153005464481	0.0318214936247723	0.00163934426229508	0.00194899817850638	0.00344262295081967	0.00484517304189435	0.00087431693989071	0.00367941712204007	0.00398907103825137	0.010200364298725	0.000400728597449909	0.0012568306010929	0.0187067395264117	0.000491803278688525	0.00174863387978142	0.00934426229508197	0.0014936247723133	0.00189435336976321	0.00178506375227687	0.00224043715846995	0.00169398907103825	0.000473588342440801	0.00132969034608379	0.00120218579234973	0.00211293260473588	9.10746812386157e-05	0.000309653916211293	0.0643533697632058	0.001183970856102	0.00429872495446266	0.00138433515482696	0.00143897996357013	0.00327868852459016	0.00100182149362477	0	0.0019672131147541	0.000218579234972678	0.00275045537340619	0.00231329690346084	0.000400728597449909	0.00202185792349727	0.000400728597449909	0.000364298724954463	0.00282331511839709	0.000382513661202186	0.000710382513661202	0.000510018214936248	0.000528233151183971	0.000564663023679417	0.000200364298724954	0.000218579234972678	0.00293260473588342	0.0181420765027322	0.00285974499089253	0.000746812386156648	0.0082695810564663	0.00198542805100182	0.00846994535519126	0.000236794171220401	0.00058287795992714	0.00176684881602914	0.000510018214936248	0.00675774134790528	0.000382513661202186	0.00140255009107468	0.001183970856102	0.000127504553734062	0.00034608378870674	0.00112932604735883	0.0248451730418944	0.00715846994535519	0.0048816029143898	0.001183970856102	0	0.000528233151183971	0.00759562841530055	0	0.000546448087431694	0.0014207650273224	0.000127504553734062	0.000564663023679417	0.000892531876138434	0.000327868852459016	0.000728597449908925	0.000619307832422587	0.00262295081967213	0.000182149362477231	0.00087431693989071	0.000163934426229508	0.000965391621129326	0.00260473588342441	0.000109289617486339	0.000218579234972678	0.000510018214936248	0.00114754098360656	0.00209471766848816	0.00058287795992714	0.000473588342440801	0.000182149362477231	0.00123861566484517	0.000382513661202186	0.000236794171220401	0.000364298724954463	0.00455373406193078	0.000273224043715847	0.00333333333333333	0.00276867030965392	0.000510018214936248	0.000601092896174863	0.000382513661202186	0.000655737704918033	0.00198542805100182	3.64298724954463e-05	0.000145719489981785	0.000528233151183971	7.28597449908925e-05	0.00296903460837887	0	0.000418943533697632	0.000473588342440801	3.64298724954463e-05
S2A1727	0.0588877357477723	0.0171957198582829	0.00313137458397452	0.00327452313638478	0.00305980030776939	0.00880363597323122	0.0306516837848477	0.0278781805818989	0.0220627706402319	0.00649536556561572	0.0124002433525391	0.012078159109616	0.0123107755072827	0.00697849193000036	0.000250509966717962	0.00127044340264109	0.0620012167626955	0.0253730809147193	0.00919729449235945	0.0203807751494113	0.00626274916794904	0.024031063235873	0.00619117489174391	0.0100382922377697	0.000715742762051319	0.00751529900153885	0.0072468954657696	0.0100203986687185	0.00858891314461582	0.00959095301148767	0.00565436782020542	0.00017893569051283	0.0024156318219232	0.00017893569051283	0.00339977811974376	0.00297033246251297	0.00162831478366675	0.0023082704076155	0.000322084242923093	0.00137780481694879	0.000697849193000036	0.00413341445084637	0.00048312636438464	0.00796263822782092	0.00540385785348746	0.0285581362058476	0.0079805317968722	0.0066206205489747	0.00286297104820528	0.00501019933435923	0.0030419067387181	0.00508177361056436	0.00118097555738468	0.00127044340264109	0.000733636331102602	0.00302401316966682	0.00339977811974376	0.00125254983358981	0.000501019933435923	0.000357871381025659	0.000447339226282074	0.00116308198833339	0.010431950756898	0.00250509966717962	0.00066206205489747	0.00332820384353863	0.00501019933435923	0.00200407973374369	0.0139390902909494	0.00685323694664138	0.00452707296997459	0.00270192892674373	0.00289875818630784	0.000286297104820528	0.00236195111476935	0.00454496653902587	0.000590487778692338	0.000393658519128225	0.0480979136098486	0.0174104426868983	0.021687005690155	0.00291665175535912	0.00268403535769245	0.0031492681530258	0.00339977811974376	0.000232616397666679	0.00481337007479512	0.00307769387682067	0.00243352539097448	0.000232616397666679	0.00155674050746162	0.00323873599828222	0.00243352539097448	0.000930465590666714	0.000805210607307734	0.00236195111476935	0.00118097555738468	0.00130623054074366	0.000858891314461583	0.00153884693841034	8.94678452564148e-05	0.000268403535769245	0.00125254983358981	0.00155674050746162	0.000161042121461547	0.000250509966717962	0.0491894213219769	0.00619117489174391	0.00416920158894893	0.00288086461725656	0.0017893569051283	0.00395447876033354	0.00207565400994882	0.00193250545753856	0.00162831478366675	0.000143148552410264	0.00152095336935905	0.00195039902658984	0.000411552088179508	0.00164620835271803	0.00119886912643596	0.00114518841928211	0.00223669613141037	0.000501019933435923	0.000161042121461547	0.00017893569051283	0.000339977811974376	0.00030419067387181	0.000375764950076942	0.000339977811974376	0.0132233475288981	0.00270192892674373	0.0090362523708979	0.000554700640589772	0.0125076047668468	0.00298822603156426	0.00127044340264109	0.000232616397666679	0.00127044340264109	0.00134201767884622	0.000697849193000036	0.00169988905987188	0.000143148552410264	0.00048312636438464	0.000375764950076942	0	0.00096625272876928	0.000143148552410264	0.023082704076155	0.00277350320294886	0.000858891314461583	0.00975199513294922	8.94678452564148e-05	0.000930465590666714	0.00200407973374369	0	0.00162831478366675	0.000787317038256451	5.36807071538489e-05	0.000339977811974376	0.0220269835021293	0.000572594209641055	0.00561858068210285	0.000679955623948753	0.00150305980030777	0.000161042121461547	0.000339977811974376	0.000626274916794904	0.000322084242923093	0.0031492681530258	0	0	0.00152095336935905	0.00155674050746162	0.0056722613892567	0.0008409977454103	7.15742762051319e-05	0.000250509966717962	0.000357871381025659	0.000644168485846187	0	0.00103782700497441	0.00685323694664138	0.00193250545753856	0.00320294886017965	0.0038829044841284	0.000268403535769245	0.000393658519128225	0.000823104176359017	0.000465232795333357	0.000357871381025659	0.000196829259564113	5.36807071538489e-05	0.000214722828615396	0.000572594209641055	0.0106645671545646	5.36807071538489e-05	0.00327452313638478	0.00318505529112837	0
S2A3545	0.121721755057864	0.00489551244692365	0.00719340604445925	0.00596120223128799	0.00379651985679794	0.00366330863375239	0.017667138456415	0.0103738239946716	0.0151028224127883	0.00835900424610773	0.00784281075680626	0.00750978269919241	0.006394138706186	0.00166514028806927	0.000149862625926234	0.00318041795021231	0.0789443010573641	0.0472233785696445	0.00975772208808592	0.0093580884189493	0.00449587877778703	0.0040962451086504	0.00334693197901923	0.00328032636749646	0.000965781367080176	0.0146032803263675	0.0159686953625843	0.0136874531679294	0.00414619931729248	0.00519523769877612	0.00984097910248938	0.000532844892182166	0.00531179751894097	0.00254766464074598	0.00336358338189993	0.00371326284239447	0.00466239280659396	0.0015985346765465	0.000166514028806927	0.00216468237449005	0.00271417866955291	0.00086587294979602	0.00186495712263758	0.0135542419448839	0.00604445924569145	0.00572808259095829	0.0036466572308717	0.00174839730247273	0.00566147697943552	0.00168179169094996	0.00371326284239447	0.00587794521688452	0.00333028057613854	0.003413537590542	0.00244775622346183	0.00216468237449005	0.00189825992839897	0.00116559820164849	0.00151527766214304	0.00161518607942719	0.00146532345350096	0.000782615935392557	0.015119473815669	0.000932478561318791	0.000849221546915328	0.00469569561235534	0.00311381233868953	0.00261427025226875	0.00271417866955291	0.00111564399300641	0.00439597036050287	0.00406294230288902	0.00118224960452918	0.000466239280659396	0.00164848888518858	0.00211472816584797	0.00061610190658563	0.00144867205062026	0.0479393888935143	0.028174173674132	0.0150861710099076	0.00203147115144451	0.00439597036050287	0.00542835733910582	0.00491216384980435	0.00219798518025144	0.00218133377737074	0.00622762467737907	0.00186495712263758	0.000582799100824244	0.00169844309383066	0.000682707518108401	0.00131546082757472	0.00184830571975689	0.00126550661893265	0.0011322953958871	0.000416285072017317	0.000849221546915328	0.0015985346765465	0.000832570144034635	0.000582799100824244	0.00148197485638165	0.00139871784197819	0.0013654150362168	0.00043293647489801	0.00043293647489801	0.118191657647157	0.0020481225543252	0.003413537590542	0.00108234118724503	0.00264757305803014	0.00358005161934893	0.000699358920989093	0.00780950795104488	0.00213137956872867	0.000532844892182166	0.000699358920989093	0.00256431604362668	0.00133211223045542	0.000915827158438098	0.000716010323869786	0.000199816834568312	0.00101573557572225	0.00043293647489801	0.000283073848971776	0.000549496295062859	0.00116559820164849	0.000815918741153942	0.000582799100824244	0.000299725251852469	0.00614436766297561	0.00196486553992174	0.00872533510948297	0.00163183748230788	0.00166514028806927	0.00123220381317126	0.00279743568395637	0.00256431604362668	0.00129880942469403	0.00184830571975689	0.000283073848971776	0.00193156273416035	0.00188160852551827	0.000532844892182166	0.000449587877778703	0.000482890683540088	0.000366330863375239	0.000499542086420781	0.00842560985763051	0.00241445341770044	0.00361335442511032	0.00173174589959204	0.000133211223045542	0.00138206643909749	0.00293064690700191	0.000499542086420781	0.000399633669136625	0.00108234118724503	0.00061610190658563	0.000349679460494547	0.0118391474481725	0	0.000699358920989093	0.000765964532511864	0.000915827158438098	0.000482890683540088	0.000416285072017317	0.000566147697943552	0.00128215802181334	0.00233119640329698	0.000333028057613854	0	0.00146532345350096	0.00359670302222962	0.00243110482058113	0.00101573557572225	8.32570144034635e-05	0.00134876363333611	0.000216468237449005	0.000549496295062859	0.000149862625926234	0.00361335442511032	0.00256431604362668	0.000366330863375239	0.00156523187078511	0.00103238697860295	0.000882524352676713	0.000416285072017317	0.000716010323869786	0.000233119640329698	0.000216468237449005	4.99542086420781e-05	0.000499542086420781	0.000599450503704937	0.00437931895762218	0.00139871784197819	0.000399633669136625	0.0018150029139955	0.00213137956872867	0.00024977104321039
S2A5060	0.10481520041645	0.00888859968766268	0.00572618427902134	0.00580426861009891	0.00563508589276419	0.00685840707964602	0.0359448204060385	0.0146928682977616	0.0218505986465383	0.0117126496616346	0.0101769911504425	0.0106585111920875	0.00391723060905778	0.00253774076002082	0.000156168662155128	0.00274596564289433	0.0901483602290474	0.0402785007808433	0.0084070796460177	0.01730869338886	0.00554398750650703	0.00857626236335242	0.00433368037480479	0.00486725663716814	0.00134044768349818	0.0108797501301406	0.0133394065590838	0.0129619989588756	0.00433368037480479	0.0118948464341489	0.00890161374284227	0.000182196772514315	0.0045288912024987	0.000728787090057262	0.00337064029151484	0.00424258198854763	0.00311035918792296	0.00113222280062467	0.000377407600208225	0.00235554398750651	0.00115825091098386	0.00183498178032275	0.00117126496616346	0.0114783966684019	0.00491931285788652	0.00780843310775638	0.00437272254034357	0.0036699635606455	0.00519260801665799	0.00251171264966163	0.00278500780843311	0.00357886517438834	0.00277199375325351	0.00304528891202499	0.00199115044247788	0.00242061426340448	0.00275897969807392	0.00115825091098386	0.000377407600208225	0.00139250390421655	0.00081988547631442	0.000832899531494014	0.0127928162415409	0.00154867256637168	0.000715773034877668	0.00325351379489849	0.0036699635606455	0.00242061426340448	0.00370900572618428	0.00163977095262884	0.00226444560124935	0.00326652785007808	0.00122332118688183	0.000494534096824571	0.00299323269130661	0.00351379489849037	0.00192608016657991	0.000884955752212389	0.0447162935970849	0.0229437792816242	0.0171004685059865	0.00178292555960437	0.00356585111920875	0.00484122852680895	0.00447683498178032	0.000780843310775638	0.00355283706402915	0.0025767829255596	0.00320145757418011	0.000143154606975534	0.00147058823529412	0.00199115044247788	0.00055960437272254	0.00190005205622072	0.00273295158771473	0.00126236335242061	0.000364393545028631	0.00131441957313899	0.00251171264966163	0.00122332118688183	0.000117126496616346	0.00115825091098386	0.00256376887038001	0.00147058823529412	0.000325351379489849	0.000377407600208225	0.0982300884955752	0.000858927641853201	0.00458094742321707	0.00126236335242061	0.0023685580426861	0.0036699635606455	0.000676730869338886	0.00227745965642894	0.00188703800104112	0.000273295158771473	0.00174388339406559	0.00170484122852681	0.0010801665799063	0.000715773034877668	0.000637688703800104	0.000169182717334721	0.00102811035918792	0.000169182717334721	0.000390421655387819	0.000312337324310255	0.000676730869338886	0.00062467464862051	0.000273295158771473	0.000442477876106195	0.00350078084331078	0.00438573659552316	0.01025507548152	0.000832899531494014	0.0036699635606455	0.00136647579385737	0.00187402394586153	0.000702758979698074	0.00121030713170224	0.0017178552837064	7.80843310775638e-05	0.00132743362831858	0.000416449765747007	0.000793857365955232	0.000702758979698074	0.000195210827693909	0.000715773034877668	0.000468505986465383	0.0166059344091619	0.00346173867777199	0.00458094742321707	0.00283706402915148	9.10983862571577e-05	0.00123633524206143	0.00249869859448204	5.20562207183758e-05	0.000312337324310255	0.00158771473191046	0.000364393545028631	0.000403435710567413	0.00571317022384175	0.000182196772514315	0.00110619469026549	0.00101509630400833	0.00110619469026549	6.50702758979698e-05	0.000403435710567413	0.000351379489849037	0.000585632483081728	0.00311035918792296	0.000156168662155128	2.60281103591879e-05	0.000832899531494014	0.00275897969807392	0.00201717855283706	0.000702758979698074	0.000286309213951067	0.000299323269130661	0.000533576262363352	0.000572618427902134	9.10983862571577e-05	0.0012883914627798	0.00337064029151484	0.000247267048412285	0.00145757418011452	0.00140551795939615	0.000884955752212389	0.000455491931285789	0.00068974492451848	0.000442477876106195	0.000104112441436752	0.000117126496616346	0.000663716814159292	0.00013014055179594	0.00222540343571057	0.00592139510671525	0.000143154606975534	0.00113222280062467	0.00230348776678813	0.000143154606975534
S2A515	0.0689662420649935	0.0139572035145247	0.00367847984193047	0.00306890318241056	0.00258544583175684	0.0109933997561693	0.0191701349476605	0.0160381721108168	0.0358599234876193	0.0139151637449027	0.00306890318241056	0.00914364989279859	0.0153655357968638	0.00420397696220625	0.000420397696220625	0.00184974986337075	0.0596123933240846	0.0299953756253416	0.00960608735864127	0.0190440156387943	0.0106781014840039	0.0223020977845041	0.00491865304578131	0.0121705133055871	0.000924874931685374	0.00876529196620003	0.00716778072056165	0.0101315844789171	0.0126749905410518	0.0128641695043511	0.00578046832303359	0.00281666456467819	0.00435111615588347	0.00132425274309497	0.00218606802034725	0.00376255938117459	0.00161853113044941	0.00197586917223694	0.000546517005086812	0.00142935216715012	0.000798755622819187	0.0053180308571909	0.000945894816496406	0.00981628620675159	0.00548618993567915	0.0133686467398159	0.00544415016605709	0.00519191154832472	0.00281666456467819	0.00588556774708875	0.00578046832303359	0.00176567032412662	0.00159751124563837	0.00166057090007147	0.00121915331903981	0.0049817127002144	0.00540211039643503	0.00138731239752806	0.00279564467986715	0.000861815277252281	0.000483457350653718	0.000840795392441249	0.00729390002942784	0.00126119308866187	0.00260646571656787	0.00340522133938706	0.00405683776852903	0.00283768444948922	0.00411989742296212	0.00323706226089881	0.00342624122419809	0.00279564467986715	0.00170261066969353	0.0003363181569765	0.00252238617732375	0.00218606802034725	0.000693656198764031	0.000903855046874343	0.0365115399167613	0.0151553369487535	0.0177407827805104	0.00231218732921344	0.00378357926598562	0.00281666456467819	0.00159751124563837	0.0026274856013789	0.00821877496111321	0.00203892882667003	0.0033001219153319	0.000819775507630218	0.00113507377979569	0.00102997435574053	0.00187076974818178	0.00159751124563837	0.000798755622819187	0.00184974986337075	0.000651616429141968	0.00145037205196116	0.00357338041787531	0.00224912767478034	0.000189178963299281	0.000735695968386093	0.000945894816496406	0.00130323285828394	0.000357338041787531	0.000357338041787531	0.0620927397317863	0.00842897380922353	0.00401479799890697	0.00340522133938706	0.00172363055450456	0.00334216168495397	0.00311094295203262	0.002690545255812	0.00155547147601631	0.000840795392441249	0.00157649136082734	0.0128221297347291	0.00170261066969353	0.00294278387354437	0.00182872997855972	0.0003363181569765	0.00231218732921344	0.000882835162063312	0.000147139193677219	0.000252238617732375	0.000378357926598562	0.000357338041787531	0.000252238617732375	0.000105099424055156	0.0212300836591415	0.00285870433430025	0.00601168705595493	0.000315298272165469	0.00620086601925421	0.00115609366460672	0.00340522133938706	0.000147139193677219	0.0010089544709295	0.000777735738008156	0.00208096859629209	0.000420397696220625	0.000441417581031656	0.000189178963299281	0.000819775507630218	6.30596544330937e-05	0.001345272627906	0.000294278387354437	0.0166897885399588	0.00445621557993862	6.30596544330937e-05	0.00678942279396309	6.30596544330937e-05	0.00174465043931559	0.00140833228233909	0.000714676083575062	0.000588556774708875	0.000798755622819187	0.000252238617732375	0.000630596544330937	0.0165636692310926	0.000462437465842687	0.0043090763862614	0.00128221297347291	0.000714676083575062	0.000105099424055156	0.000567536889897843	0.000966914701307437	0.00493967293059234	0.00502375246983647	0.000378357926598562	0	0.00338420145457603	0.0043721360406945	0.00596964728633287	0.000651616429141968	0.0003363181569765	0.000588556774708875	0.000651616429141968	0.00189178963299281	8.40795392441249e-05	0.00117711354941775	0.00443519569512759	0.00117711354941775	0.00170261066969353	0.000819775507630218	0.00390969857485181	0.000756715853197125	0.00128221297347291	0.000714676083575062	0.000819775507630218	0.000735695968386093	0.000882835162063312	0.000840795392441249	0.00016815907848825	0.00569638878378946	0.000126119308866187	0.00138731239752806	0.00676840290915206	0.000105099424055156
S2B07	0.115958642887062	0.020590374991733	0.00502634421639735	0.00544520623443046	0.00399021185599965	0.000418862018033112	0.0322744207579198	0.00551134234254095	0.00372566742355768	0.00260135358567933	0.00156522122528163	0.00123454068472917	0.00478384515332554	0.00793633297325897	0.00524679791009898	0.00251317210819867	0.0671281497321488	0.035933952073367	0.0127201781265845	0.00130067679283966	0.000617270342364586	0.00760565243270651	0.000727497189215405	0.00745133484711536	0.00121249531535901	0.0233901369017438	0.0125879059103635	0.0140208549194242	0.00581997751372324	0.0325169198209916	0.00910473754987765	0.0229271841449703	0.00299817023434228	0.00352725909922621	0.00410043870285047	0.00339498688300522	0.00198408324331474	0.000352725909922621	0.00198408324331474	0.00174158418024294	0.00154317585591147	0.000947950882917043	0.00163135733339212	0.00952359956791076	0.00533497938757964	0.00213840082890589	0.00637111174797734	0.00315248781993342	0.00515861643261833	0.00275567117127047	0.000308635171182293	0.00229271841449703	0.00811269592822028	0.00244703600008818	0.00187385639646392	0.0069442913516016	0.00046295275677344	0.00063931571173475	0.0115958642887062	0.00143294900906065	0.000837724036066224	0.00130067679283966	0.00945746345980027	0.00540111549569013	0.000661361081104914	0.00125658605409934	0.00138885827032032	0.0108683670994908	0.00348316836048588	0.00200612861268491	0.00357134983796654	6.61361081104914e-05	0.000198408324331474	0.000859769405436388	0.000661361081104914	0.00063931571173475	0.000220453693701638	0.000705451819845242	0.0251978571900972	0.0209871916403959	0.00229271841449703	0.00189590176583409	0.00537907012631997	0.00460748219836423	0.00264544432441966	0.0123674522166619	0.00216044619827605	0.0027997619100108	0.000154317585591147	0.000925905513546879	0.000440907387403276	0.00017636295496131	0.00141090363969048	0.00330680540552457	0.000330680540552457	0.000286589801812129	0.000837724036066224	0.00187385639646392	0.000859769405436388	0.000154317585591147	0.000859769405436388	0.000661361081104914	0.000308635171182293	0.000573179603624259	0.000529088864883931	0.000595224972994423	0.100681201913538	0.00881814774806552	0.00063931571173475	0.00451930072088358	0.00302021560371244	0.00260135358567933	0.00634906637860717	0.00220453693701638	0.00264544432441966	0.000352725909922621	0.000793633297325897	0.000330680540552457	0.000484998126143604	0.000749542558585569	0.000595224972994423	0.00132272216220983	0.000793633297325897	0.00339498688300522	0.000132272216220983	0.00110226846850819	0.000352725909922621	0.000969996252287207	0.000440907387403276	0.000242499063071802	0.00994246158594387	0.000617270342364586	0.00579793214435308	0.00143294900906065	0.0063931571173475	0.00149908511717114	0.0010361323603977	0.000308635171182293	0.00130067679283966	0.00440907387403276	0.00396816648662948	0.000352725909922621	0.000551134234254095	0.00313044245056326	0	0.000286589801812129	0.000484998126143604	0.000595224972994423	8.81814774806552e-05	0	0.000396816648662948	0.00240294526134785	0.0132272216220983	0.00169749344150261	0.000440907387403276	0.00703247282908225	6.61361081104914e-05	0	0.00134476753157999	0.00165340270276228	0.00110226846850819	0.0046295275677344	0.000264544432441966	0.00169749344150261	6.61361081104914e-05	0.0012786314234695	0.000132272216220983	0.000683406450475078	0.0214942351359097	0.000947950882917043	0.000198408324331474	0.00156522122528163	0.0148144882167501	0.000154317585591147	0	0.000242499063071802	0.000264544432441966	0.000595224972994423	0.000154317585591147	0.0030422609730826	0.000242499063071802	0.00343907762174555	0	0.00396816648662948	0.000551134234254095	0.00112431383787835	4.40907387403276e-05	0.00449725535151341	0.00081567866669606	0.00302021560371244	0.000198408324331474	0.00233680915323736	8.81814774806552e-05	0.00249112673882851	0.00191794713520425	0.000132272216220983	0.000264544432441966	0	0	0.000705451819845242
S2B1522	0.0815413664778456	0.00898274945461878	0.00522466039707419	0.00351977121487103	0.00306146767126803	0.0124108599607692	0.0224385414948028	0.0237034592751471	0.00395974261672991	0.0105043172193807	0.00702121028799795	0.0111276100386808	0.00372142477405635	0.00489468184568003	0.000366642834882399	0.0015582320482502	0.0514033254505124	0.0249683770554914	0.00837778877706282	0.0131808099140223	0.0101010101010101	0.0169205668298227	0.00548131038149187	0.00406973546719463	0.000934939228950118	0.00779116024125099	0.00676456030358027	0.00887275660415406	0.00637958532695375	0.0422739188619406	0.00720453170543915	0.000604960677555959	0.00234651414324736	0.000421639260114759	0.00273148911987387	0.00296980696254743	0.0015582320482502	0.00241984271022384	7.33285669764799e-05	0.00111826064639132	0.0012832499220884	0.00606793891730371	0.000586628535811839	0.00802947808392455	0.00333644979742983	0.025664998441768	0.0144640598361107	0.00390474619149755	0.00317146052173275	0.00421639260114759	0.0017415534656914	0.00361143192359163	0.00263982841115327	0.00232818200150324	0.0023831784267356	0.00612293534253607	0.00287814625382683	0.000714953528020679	0.00581128893288603	0.000769949953253039	0.000494967827091239	0.000274982126161799	0.00700287814625383	0.00234651414324736	0.000458303543602999	0.00295147482080331	0.00372142477405635	0.00346477478963867	0.00331811765568571	0.0095510458486865	0.00731452455590387	0.00157656418999432	0.00130158206383252	0.000458303543602999	0.000934939228950118	0.00474802471172707	0.00694788172102147	0.000696621386276559	0.0591578214082751	0.0189371024216759	0.00834112449357458	0.00498634255440063	0.00933106014775706	0.00254816770243268	0.0021998570092944	0.000714953528020679	0.00478468899521531	0.00139324277255312	0.00273148911987387	0.000916607087205998	0.00416139617591523	0.000476635685347119	0.00311646409650039	0.00216319272580616	0.000366642834882399	0.0021998570092944	0.000623292819300079	0.00291481053731507	0.00328145337219747	0.000733285669764799	0.00337311408091807	0.000806614236741278	0.000769949953253039	0.000494967827091239	0.000531632110579479	0.000256649984417679	0.0691488386588205	0.0124475242442575	0.00438138187684467	0.00122825349685604	0.00439971401858879	0.00234651414324736	0.00758950668206567	0.000384974976626519	0.00190654274138848	0.000568296394067719	0.0020165355918532	0.00285981411208271	0.000604960677555959	0.00284148197033859	0.00144823919778548	0.00234651414324736	0.000476635685347119	0.00194320702487672	9.16607087205998e-05	0.000714953528020679	0.000549964252323599	0.000384974976626519	0.000366642834882399	0.000403307118370639	0.0105593136446131	0.000678289244532439	0.00621459605125667	0.00361143192359163	0.012832499220884	0.00153989990650608	0.00304313552952391	0.00021998570092944	0.0010082677959266	0.00218152486755028	0.00227318557627088	0.000549964252323599	0.00010999285046472	0.000531632110579479	0.00111826064639132	0	0.000256649984417679	0.000439971401858879	0.0111826064639132	0.00014665713395296	0.000604960677555959	0.0024748391354562	0.00487634970393591	0.0010082677959266	0.00179654989092376	0.000751617811508919	0	0.000568296394067719	0.000971603512438358	0.000916607087205998	0.00166822489871492	0.00230984985975912	0.00456470329428587	0.000366642834882399	0.000806614236741278	0.00020165355918532	0.00014665713395296	0.000311646409650039	0.00254816770243268	0.00412473189242699	7.33285669764799e-05	0.0010999285046472	0.0020165355918532	0.00373975691580047	0.00306146767126803	0.00111826064639132	7.33285669764799e-05	0.000311646409650039	9.16607087205998e-05	0.000623292819300079	5.49964252323599e-05	0.000531632110579479	0.00967937084089534	0.00102659993767072	0.00258483198592092	0.00355643549835927	0.0110359493299602	0.00108159636290308	0.00177821774917964	0.00020165355918532	3.66642834882399e-05	0.000348310693138279	0	0.000733285669764799	0.00614126748428019	0.00291481053731507	0.000274982126161799	0.00020165355918532	0.00185154631615612	0.0001833214174412
S2B3040	0.0787059968913864	0.00691751925803201	0.00485080362785454	0.00449211744410474	0.00416759184928348	0.0110851111073155	0.0293097853006986	0.0147744547115992	0.00642219071856799	0.00831810340410269	0.00968452696124481	0.00876219106017388	0.0016738688574991	0.0032794165371411	0.000444087656071191	0.00203255504124891	0.067996652262285	0.0328966471381967	0.0148086153005278	0.025876646113379	0.00476540215553316	0.0113925564076725	0.00444087656071191	0.00230583975267734	0.000785693545356722	0.0102140160896374	0.0110851111073155	0.00744700838642458	0.00813022016499564	0.0598835123917536	0.00772029309785301	0.000222043828035595	0.00479956274446171	0.000444087656071191	0.00657591336874648	0.00187883239107042	0.00181051121321332	0.00345021948178387	0.000683211778571063	0.00114437972910653	0.00128102208482074	0.00254496387517721	0.00116146002357081	0.0095478846055306	0.00348438007071242	0.0133397099766	0.00449211744410474	0.0038601465489265	0.0051753292226758	0.0040821903769621	0.00105897825678515	0.00181051121321332	0.00153722650178489	0.00227167916374878	0.00201547474678463	0.00177635062428476	0.00286948946999846	0.000973576784463764	0.000990657078928041	0.00169094915196338	0.000649051189642509	0.00059781030624968	0.0106581037457086	0.00404802978803355	0.000563649717321127	0.0035014603651767	0.00252788358071293	0.00268160623089142	0.00172510974089193	0.00177635062428476	0.00293781064785557	0.00295489094231985	0.00116146002357081	0.000324525594821255	0.00406511008249782	0.00170802944642766	0.00312569388696261	0.000751532956428169	0.0247493466787367	0.0210941636633816	0.0270381061369498	0.00145182502946351	0.00669547542999641	0.00399678890464072	0.00444087656071191	0.000751532956428169	0.00254496387517721	0.00146890532392778	0.00476540215553316	3.41605889285531e-05	0.00100773737339232	0.000649051189642509	0.0029890515312484	0.00111021914017798	0.00179343091874904	0.00343313918731959	0.000512408833928297	0.000888175312142381	0.00520948981160435	0.00227167916374878	0.0114950381744581	0.000666131484106786	0.000358686183749808	0.000751532956428169	0.000119562061249936	0.000375766478214084	0.106786000990657	0.00742992809196031	0.00232292004714161	0.00157138709071344	0.00555109570088988	0.00121270090696364	0.00237416093053444	0.000631970895178233	0.00227167916374878	0.000392846772678361	0.0037918253710694	0.000341605889285531	0.000666131484106786	0.00520948981160435	0.00129810237928502	0.000341605889285531	0.00049532853946402	0.000580730011785403	0.000529489128392573	0.000461167950535467	0.000324525594821255	0.000512408833928297	0.000256204416964148	0.000358686183749808	0.00152014620732061	0.00565357746767554	0.002408321519463	0.00572189864553265	0.00884759253249526	0.00348438007071242	0.00317693477035544	0.000222043828035595	0.00140058414607068	0.00102481766785659	0.000461167950535467	0.000802773839820999	0.000273284711428425	0.000717372367499616	0.00128102208482074	0.000375766478214084	6.83211778571063e-05	0.000324525594821255	0.0155089073735631	0.00105897825678515	0.00140058414607068	0.00561941687874699	0.000614890600713956	0.00182759150767759	0.0013835038516064	0.000375766478214084	0.00674671631338924	0.000973576784463764	0.00049532853946402	0.000341605889285531	0.000324525594821255	0.000478248244999744	0.00317693477035544	3.41605889285531e-05	0.000444087656071191	0.000119562061249936	0.000785693545356722	0.000102481766785659	0.00140058414607068	0.00227167916374878	0.000153722650178489	0.000649051189642509	0.00054656942285685	0.00175927032982049	0.000939416195535211	0.00049532853946402	0.000136642355714213	0.000170802944642766	0.000187883239107042	8.54014723213828e-05	3.41605889285531e-05	0.000273284711428425	0.00773737339231728	0.000922335901070934	0.00146890532392778	0.00372350419321229	0.00157138709071344	0.000324525594821255	0.000529489128392573	0.000204963533571319	0.000290365005892702	0.000119562061249936	0.000119562061249936	0.000461167950535467	0.0124173740755291	0.00184467180214187	0.000392846772678361	0.00194715356892753	0.00126394179035647	0.000204963533571319
S2B5565	0.108420109252305	0.00821526118129054	0.00556930693069307	0.00512120177534995	0.00428900648685558	0.00697763741891431	0.0238135882553773	0.0159397405257767	0.00911147149197678	0.0072336975076818	0.00855667463298054	0.0108185387504268	0.000640150221918744	0.00450238989416183	0.000234721748036873	0.0023258791396381	0.0773301468077842	0.0387077500853534	0.0079165244110618	0.0326903379993172	0.00569733697507682	0.0116934107203824	0.00405428473881871	0.00405428473881871	0.00130163878456811	0.0121415158757255	0.0129950495049505	0.0133151246159099	0.00825793786275179	0.00682826903379993	0.00891942642540116	0.000170706725844998	0.00399026971662684	6.40150221918744e-05	0.00288067599863435	0.00168572891771936	0.00209115739160123	0.00433168316831683	0.000277398429498122	0.00200580402867873	0.00172840559918061	0.00192045066575623	0.000853533629224992	0.0108185387504268	0.0030087060430181	0.0195885967907136	0.00352082622055309	0.00347814953909184	0.00467309662000683	0.00352082622055309	0.000725503584841243	0.000682826903379993	0.00307272106520997	0.00305138272447934	0.00211249573233185	0.0024112325025606	0.00279532263571185	0.00160037555479686	0.00145100716968249	0.00138699214749061	0.00100290201433936	0.00151502219187436	0.0182869580061454	0.00181375896210311	0	0.00268863093205872	0.00341413451689997	0.00236855582109935	0.00390491635370434	0.00166439057698873	0.00599607374530556	0.00396893137589621	0.00187777398429498	0.000320075110959372	0.00396893137589621	0.00416097644247183	0.00100290201433936	0.00113093205872311	0.0423992830317515	0.0186923864800273	0.0168786275179242	0.00183509730283373	0.00328610447251622	0.0049931717309662	0.00618811881188119	0.000213383407306248	0.00527057016046432	0.00134431546602936	0.00285933765790372	0	0.00140833048822124	0.00121628542164561	0.00324342779105497	0.0024112325025606	0.00177108228064186	0.00172840559918061	0.000469443496073745	0.000704165244110618	0.00110959371799249	0.000853533629224992	0.000256060088767497	0.000362751792420621	0.00125896210310686	0.00110959371799249	0.000234721748036873	0.000725503584841243	0.0977936155684534	0.00396893137589621	0.00428900648685558	0.00288067599863435	0.00149368385114374	0.00155769887333561	0.00234721748036873	0.000213383407306248	0.00134431546602936	0.000405428473881871	0.00172840559918061	0.000320075110959372	0.00044810515534312	0.00236855582109935	0.00104557869580061	0.000640150221918744	0.00044810515534312	0.000469443496073745	4.26766814612496e-05	0.000298736770228747	0.000704165244110618	0.000597473540457494	0.00049078183680437	0.000405428473881871	0.0049078183680437	0.00281666097644247	0.00682826903379993	0.000938886992147491	0.010007681802663	0.000469443496073745	0.00281666097644247	0.000149368385114374	0.000853533629224992	0.000405428473881871	0.000426766814612496	0.000426766814612496	8.53533629224991e-05	0.00049078183680437	0.00113093205872311	0.000320075110959372	0.000725503584841243	0.000405428473881871	0.0212529873677023	0.00405428473881871	0.00448105155343121	0.00384090133151246	0.000106691703653124	0.000554796858996244	0.00136565380675999	0	0.00428900648685558	0.000725503584841243	0.000170706725844998	0.000320075110959372	0.0030087060430181	0	0.00347814953909184	0.00119494708091499	0.000597473540457494	4.26766814612496e-05	0.000405428473881871	0.000298736770228747	0.000405428473881871	0.00226186411744623	8.53533629224991e-05	0	0.000874871969955616	0.000853533629224992	0.00121628542164561	0.000917548651416866	0	8.53533629224991e-05	6.40150221918744e-05	0.000170706725844998	0	0.000341413451689997	0.00328610447251622	0.000405428473881871	0.000960225332878115	0.00343547285763059	0.000384090133151246	0.000320075110959372	0.000661488562649368	0.000234721748036873	0.000128030044383749	0.000234721748036873	4.26766814612496e-05	0.000256060088767497	0	0.0052492318197337	6.40150221918744e-05	0.0253712871287129	0.00151502219187436	0
S3A07	0.177269345238095	0.00314153439153439	0.00824652777777778	0.00760582010582011	0.00622106481481481	0.00152943121693122	0.00777116402116402	0.0056630291005291	0.00165343915343915	0.00493964947089947	0.00285218253968254	0.00553902116402116	0.00140542328042328	8.26719576719577e-05	0.00150876322751323	0.00398892195767196	0.0949280753968254	0.0578497023809524	0.0109333664021164	0.00223214285714286	0.00181878306878307	0.00349289021164021	0.000392691798941799	0.00186011904761905	0.00140542328042328	0.0163070436507937	0.0223007605820106	0.0179811507936508	0.00204613095238095	0.0013640873015873	0.0150256283068783	0.00107473544973545	0.00549768518518519	0.000806051587301587	0.00361689814814815	0.00186011904761905	0.00322420634920635	0.00140542328042328	0.000206679894179894	0.0027281746031746	0.00188078703703704	0.00537367724867725	0.00190145502645503	0.015583664021164	0.00206679894179894	0.00675843253968254	0.00219080687830688	0.00113673941798942	0.0072337962962963	0.00299685846560847	0.000537367724867725	0.000888723544973545	0.00518766534391534	0.00483630952380952	0.00489831349206349	0.00111607142857143	0.00101273148148148	0.00150876322751323	0.00252149470899471	0.00208746693121693	0.0013640873015873	0.000868055555555556	0.0209160052910053	0.00155009920634921	0.000392691798941799	0.000124007936507937	0.000434027777777778	0.00417493386243386	0.00035135582010582	0.00274884259259259	0.00274884259259259	0.000558035714285714	0.000124007936507937	0.000888723544973545	0.000661375661375661	0.000558035714285714	0.000454695767195767	0.00181878306878307	0.0231068121693122	0.0277157738095238	0.00417493386243386	0.00111607142857143	0.0320353835978836	0.00694444444444444	0.000744047619047619	0.00320353835978836	0.000206679894179894	0.000537367724867725	0.00363756613756614	0.000992063492063492	0.0011780753968254	6.20039682539683e-05	0.00072337962962963	0.0021494708994709	0.00070271164021164	0.000454695767195767	0.000661375661375661	0.00365823412698413	0.000599371693121693	4.13359788359788e-05	0.000289351851851852	0.00173611111111111	0.000248015873015873	0.00035135582010582	0.000434027777777778	0.000620039682539683	0.156622023809524	0.00126074735449735	0.000578703703703704	0.000516699735449735	0.00163277116402116	0.00126074735449735	0.0122354497354497	0.00035135582010582	0.00283151455026455	0.000124007936507937	0.00165343915343915	0	0.000888723544973545	0.00132275132275132	0.0015707671957672	0.000640707671957672	0.00070271164021164	0.00037202380952381	0.000558035714285714	0.00111607142857143	0.000950727513227513	0.000785383597883598	0.000578703703703704	0.000454695767195767	0.000310019841269841	8.26719576719577e-05	0.00198412698412698	0.00119874338624339	0.00392691798941799	0.000165343915343915	0.00148809523809524	0	0.00140542328042328	0.00167410714285714	0.00194279100529101	0	0.000186011904761905	0.000847387566137566	0.000516699735449735	0.000268683862433862	0.000268683862433862	0.000764715608465608	0.000764715608465608	0	0.000434027777777778	0.000971395502645503	0.000434027777777778	0.000847387566137566	0.000124007936507937	0.000971395502645503	8.26719576719577e-05	0	0.000413359788359788	0.000248015873015873	0.000392691798941799	0.000950727513227513	0.0167617394179894	0.000764715608465608	0	0.000620039682539683	0	0.000289351851851852	0.00580770502645503	0.000847387566137566	4.13359788359788e-05	0.0113053902116402	0.00111607142857143	0.000682043650793651	0.000103339947089947	0	0	0.000144675925925926	8.26719576719577e-05	0.00103339947089947	6.20039682539683e-05	0.000496031746031746	0.000413359788359788	0.000124007936507937	0.000227347883597884	0.00107473544973545	0.000599371693121693	0	0.000516699735449735	0.000248015873015873	0	0.000806051587301587	0	0.000909391534391534	0.000744047619047619	0.00070271164021164	0	0	0	0.000248015873015873
S3A1522	0.102388452755971	0.00208343750520859	0.00526693001316733	0.00563361501408404	0.00450022501125056	0.00310015500775039	0.00896711502241779	0.00710035501775089	0.00401686751004217	0.00040002000100005	0.00501691751254229	0.00408353751020884	0.000966715002416788	0.000700035001750087	0.000150007500375019	0.0029334800073337	0.0573862026434655	0.0391519575978799	0.0069336800173342	0.0273680350684201	0.000416687501041719	0.00551694251379236	0.00281680750704202	0.0010667200026668	0.00153341000383353	0.0124672900311682	0.0126172975315432	0.0123506175308765	0.000833375002083438	0.000100005000250012	0.00931713252329283	5.00025001250062e-05	0.00486691001216728	0	0.00385019250962548	0.000966715002416788	0.00255012750637532	0.00500025001250063	0.010817207527043	0.00205010250512526	0.00143340500358351	0.000883377502208444	0.00180009000450022	0.010567195026418	0.00145007250362518	0.0200676700501692	0.00991716252479291	0.00105005250262513	0.00501691751254229	0.0993383002483458	3.33350000833375e-05	0.00263346500658366	0.00231678250579196	0.00338350250845876	0.00251679250629198	0.000366685000916713	0.000366685000916713	0.000633365001583413	0.000216677500541694	0.00113339000283347	0.000950047502375119	0.000466690001166725	0.0125172925312932	0.0556361151390903	0	0.00441688751104222	0.00140007000350017	0.00203343500508359	0	0.000583362501458406	0.000566695001416737	0.00255012750637532	0.00331683250829208	0.000333350000833375	0.00166675000416688	0.00196676500491691	0.00248345750620864	0.00110005500275014	0.0778205576945514	0.0189009450472524	0.0118005900295015	0.000200010000500025	0.0301181725752954	0.00561694751404237	0.000683367501708419	0.00013334000033335	0.000183342500458356	0.00123339500308349	0.00656699501641749	0	0.0024001200060003	0.00280014000700035	0.00438355251095888	0.00191676250479191	0.00485024251212561	0.005333600013334	0.000183342500458356	0.00190009500475024	0.000116672500291681	0.000366685000916713	0.000466690001166725	0.000200010000500025	0	0.00040002000100005	0.000300015000750038	0.000300015000750038	0.0950380852375952	0.000500025001250063	0.000783372501958431	0.00116672500291681	0.00116672500291681	0.000833375002083438	0.000950047502375119	0	0.00155007750387519	0.0018667600046669	0.00176675500441689	0.000150007500375019	0.000750037501875094	0.000783372501958431	0.000550027501375069	0.000216677500541694	0.000650032501625081	0	0.000450022501125056	0.000450022501125056	0.000600030001500075	0.000650032501625081	0.0002666800006667	0.000316682500791706	0	0.00540027001350067	0.000433355001083388	0.00153341000383353	0.00401686751004217	0.000116672500291681	0.000550027501375069	0.000516692501291731	3.33350000833375e-05	0.000383352500958381	0.000483357501208394	0.00155007750387519	0	0.00455022751137557	0.0013334000033335	0.000500025001250063	0.000250012500625031	0.000816707502041769	0.0117172525292931	0	0.00191676250479191	0.000200010000500025	0	0.000300015000750038	0.00233345000583363	0.0002666800006667	0.000783372501958431	0.000600030001500075	0	5.00025001250062e-05	0.000100005000250012	0	0.0170008500425021	5.00025001250062e-05	0.000166675000416687	0	0.00146674000366685	0	0.000483357501208394	0	0.000150007500375019	0.00833375002083438	8.33375002083437e-05	0.000233345000583362	0.000283347500708369	0	8.33375002083437e-05	5.00025001250062e-05	0.000116672500291681	5.00025001250062e-05	0.000233345000583362	0	0.0013334000033335	0.000216677500541694	0.000316682500791706	0.00116672500291681	5.00025001250062e-05	0	0	0.000366685000916713	0	0	0.000116672500291681	0	0	0.000850042502125106	0	0.000983382502458456	0	0
S3A3040	0.102387665881988	0.00522544429210751	0.00594976330289469	0.00672581938588095	0.00434591406472308	0.00199187727966474	0.0324908813410249	0.00569107794189927	0.00300075018754689	0.00258685360995421	0.00584628915849652	0.0075536125410663	0.00144863802157436	0.000827793155185348	0.000879530227384432	0.00232816824895879	0.0586181028015625	0.0400186253459917	0.0174871304032905	0.00693276767467729	0.000776056082986264	0.00763121814936493	0.00553586672530202	0.00150037509377344	0.00134516387717619	0.0120030007501875	0.0121840805028843	0.0104250200481155	0.00142276948547482	0.00106060998008123	0.00905398763483974	0.000465633649791758	0.00488915332281346	0.000388028041493132	0.00377680627053315	0.0011640841244794	0.00222469410456062	0.00814858887135577	0.0170732338256978	0.00186253459916703	0.000776056082986264	0.00225056264066016	0.00103474144398169	0.0112269446672013	0.00463046796181804	0.017176707970096	0.0106837054091109	0.000646713402488553	0.00494089039501255	0.00230229971285925	5.17370721990843e-05	0.00364746359003544	0.00336290969294048	0.00137103241327573	0.00351812090953773	0.00072431901078718	0.000232816824895879	0.000672581938588095	0.000620844866389011	0.00113821558837985	0.000569107794189927	0.000931267299583517	0.0105802312647127	0.0422174509144528	0.000336290969294048	0.0110458649145045	0.00261272214605375	0.00206948288796337	0.000388028041493132	0.00248337946555604	0.00139690094937527	0.00300075018754689	0.00739840132446905	0.00124168973277802	0.00271619629045192	0.00237990532115788	0.00274206482655147	0.00124168973277802	0.0273689111933156	0.0204620120547378	0.021186331065525	0.000439765113692216	0.0407688128928784	0.00535478697260522	0.00131929534107665	0.00137103241327573	0.000517370721990843	0.000801924619085806	0.00646713402488553	0.00036215950539359	0.0014745065576739	0.00240577385725742	0.00325943554854231	0.00150037509377344	0.0114597614920972	0.00742426986056859	0.00085366169128489	0.00372506919833407	0.000569107794189927	0.000129342680497711	0.000931267299583517	0.00113821558837985	0	0.000698450474687637	0.000336290969294048	0.000336290969294048	0.0986108596114546	0.000827793155185348	0.000388028041493132	0.000801924619085806	0.00111234705228031	0.000620844866389011	0.00685516206637866	0.000155211216597253	0.00201774581576429	0.00359572651783636	0.00737253278836951	0.00111234705228031	0.000543239258090385	0.000413896577592674	0.00113821558837985	0.000465633649791758	0.00150037509377344	0.000103474144398169	0.000465633649791758	0.00113821558837985	0.00072431901078718	0.00085366169128489	0.000310422433194506	0.000206948288796337	0.000336290969294048	0.0113821558837985	0.000983004371782601	0.00494089039501255	0.00752774400496676	0.000206948288796337	0.00144863802157436	0.000284553897094963	0.000439765113692216	0.00173319191866932	0.00131929534107665	0.00134516387717619	0.000957135835683059	0.00662234524148278	0.00212121996016245	0.000336290969294048	0.000181079752696795	0.000750187546886722	0.0292314457924826	0	0.000646713402488553	0.000646713402488553	0.000310422433194506	0.000465633649791758	0.00584628915849652	0.000672581938588095	0.00269032775435238	0.000931267299583517	0.000181079752696795	5.17370721990843e-05	0	0.000931267299583517	0.0180562381974804	0.000181079752696795	0.000594976330289469	5.17370721990843e-05	0.0039320174871304	0.000129342680497711	0.00191427167136612	0.000465633649791758	0.000129342680497711	0.00103474144398169	0.000905398763483974	0.000569107794189927	0.00144863802157436	0	0	0.000155211216597253	0.000129342680497711	0.000336290969294048	0.000103474144398169	0.000388028041493132	0.00150037509377344	0.000155211216597253	0.000336290969294048	0.0026385906821533	0.000594976330289469	0	0.000206948288796337	0.000801924619085806	7.76056082986264e-05	0.000310422433194506	0	0.000439765113692216	5.17370721990843e-05	0.00108647851618077	0	0	0	0.000129342680497711
S3A6070	0.102170888737908	0.000355883399657058	0.00844414248277201	0.010902973244039	0.00543531010385325	9.70591089973794e-05	0.0163382833478922	0.000776472871979035	0.0026529489792617	0.00255588987026432	0.00268530201559416	0.00511177974052865	0	0.0036235400692355	0.000582354653984276	0.00867061373709923	0.0649972499919117	0.0710149147497493	0.0158529878029053	0.00242647772493449	0	0.00132647448963085	0.00223235950693973	0.00113235627163609	0.00268530201559416	0.0280500825002426	0.0283736128635672	0.00808825908311495	0.000711766799314116	0	0.0166941667475493	0	0.00947943964541072	0	0.00187647610728267	0.00132647448963085	0.00540295706752079	0.00585589957617522	0.0266265489016144	0.00239412468860203	0.00207059432527743	0.00129412145329839	0.00184412307095021	0.0100294412630625	0.0112265036073636	0.000841178944643955	0.0895208515319163	0	0.00795884693778511	0.00375295221456534	0	0.00698825584781132	0.0024911837975994	0.00284706719725646	0.00168235788928791	0.000485295544986897	0.000841178944643955	0.000938238053641334	0	0.00129412145329839	0.000161765181662299	0.000614707690316736	0.0230677149050438	0.0444530719207998	0	0.0146882784949368	0.00417354168688731	0.00388236435989518	0	0.00184412307095021	9.70591089973794e-05	0.00116470930796855	0.010482383771717	0.00129412145329839	0.00226471254327219	0.000679413762981656	0.000808825908311495	0.00197353521628005	0.0259471351386328	0.0298942055711929	0.00760296353812805	0	0.0031382445242486	0.0118412112976803	0.000226471254327219	0	0	0.000355883399657058	0.00155294574395807	0	0	0.000161765181662299	0.000582354653984276	0.00229706557960465	0.00902649713675628	0.00100294412630625	0.000517648581319357	0.00126176841696593	6.47060726649196e-05	6.47060726649196e-05	0.000517648581319357	0	0.000452942508654437	0.00155294574395807	0.000485295544986897	0.00116470930796855	0.0806884726131547	0	0	0	0.00161765181662299	0	0	0	0.00491766152253389	0.00132647448963085	0.0041088356142224	0.00271765505192662	0.000550001617651817	6.47060726649196e-05	0	0	0.00184412307095021	0	0	0.000744119835646575	0.000905885017308874	0.000647060726649196	0.000744119835646575	0.000291177326992138	0	0.0117117991523504	0	0.00119706234430101	0.000841178944643955	0	0	0.000582354653984276	0	0	0	0.00100294412630625	0.000161765181662299	0.00520883884952603	0.000161765181662299	0.000614707690316736	0.000161765181662299	0.00119706234430101	0.0314471513151509	0	0	0	0	0	0.000711766799314116	0	0.000323530363324598	0.00168235788928791	0	0	0	0	6.47060726649196e-05	0	9.70591089973794e-05	0	0.00446471901387945	0	0	0	0	0	0	6.47060726649196e-05	0.00414118865055485	0	0	0	0	0	0.000161765181662299	0	0.00158529878029053	0.000258824290659678	0	0.00339706881490828	0	0	0	9.70591089973794e-05	0	0	0	0	0	0.000938238053641334	0	0	0	0.00213530039794235
S3B2030	0.0901147518318817	0.0154292824554127	0.00522604728328494	0.00517074519563114	0.00492188580118899	0.00774229227153325	0.0421540163141159	0.0246647310935988	0.0187197566708143	0.0096087377298493	0.00629061247062077	0.0109774643992811	0.00172819023918153	0.00282040647034426	9.67786533941656e-05	0.0028065809484308	0.0778100373289092	0.0342181667357943	0.00615235725148624	0.0269182911654915	0.00793584957832158	0.0166182773399696	0.00539195354624637	0.00718927139499516	0.00116134384072999	0.0113922300566846	0.0119867274989631	0.0116963915387806	0.00754873496474492	0.01433706622425	0.00850269597677312	8.29531314807134e-05	0.0031245679524402	0	0.00282040647034426	0.00377436748237246	0.00193557306788331	0.00586202129130375	0.000235033872528688	0.00158993502004701	0.00149315636665284	0.0021429558965851	0.00114751831881654	0.00824001106041753	0.00535047698050601	0.00969169086133002	0.00512926862989078	0.00250241946633485	0.00374671643854556	0.00525369832711185	0.0015622839762201	0.00225356007189271	0.00257154707590212	0.00275127886077699	0.00134107562560487	0.00254389603207521	0.00417530761786257	0.000746578183326421	0.000304161482095949	0.00163141158578736	0.000635974008018803	0.000539195354624637	0.00982994608046454	0.00232268768145998	0.00049771878888428	0.00235033872528688	0.00261302364164247	0.00264067468546938	0.00866860223973455	0.00247476842250795	0.00304161482095949	0.00322134660583437	0.00114751831881654	0.000483893266970828	0.00461772431909305	0.00165906262961427	0.00257154707590212	0.00109221623116273	0.049191206968063	0.0162449882483064	0.0267662104244435	0.00141020323517213	0.00266832572929628	0.00421678418360293	0.00329047421540163	2.76510438269045e-05	0.0037328909166321	0.00322134660583437	0.00199087515553712	6.91276095672612e-05	0.0012442969722107	0.00167288815152772	0.000718927139499516	0.00174201576109498	0.00316604451818056	0.00196322411171022	0.0009263099682013	0.000760403705239873	0.00170053919535462	0.000953961012028204	0.000179731784874879	0.000428591179317019	0.00167288815152772	0.00123047145029725	0.00024885939444214	0.000622148486105351	0.0843909857597124	0.00340107839070925	0.00449329462187198	0.00200470067745057	0.00182496889257569	0.00273745333886354	0.000760403705239873	0.000221208350615236	0.00190792202405641	0.000304161482095949	0.00150698188856629	0.000635974008018803	0.000566846398451542	0.002170606940412	0.000138255219134522	0.00037328909166321	0.00120282040647034	0.00024885939444214	0.000317987004009401	0.000387114613576662	0.000649799529932255	0.000746578183326421	0.000705101617586064	0.000400940135490115	0.00327664869348818	0.00970551638324347	0.00948430803262823	0.000207382828701783	0.00550255772155399	0.000705101617586064	0.000663625051845707	0.000221208350615236	0.000746578183326421	0.000967786533941656	8.29531314807134e-05	0.000995437577768561	0.000193557306788331	0.00037328909166321	0.00120282040647034	0.000152080741047975	0.00139637771325868	0.000456242223143924	0.0210839209180147	0.0030969169086133	0.00369141435089175	0.00561316189686161	6.91276095672612e-05	0.000746578183326421	0.00233651320337343	9.67786533941656e-05	0.000428591179317019	0.00109221623116273	0.000193557306788331	0.000414765657403567	0.00116134384072999	0	0.00382966957002627	0.000718927139499516	0.00147933084473939	2.76510438269045e-05	0.00024885939444214	0.000580671920364994	0.000470067745057376	0.00425826074934329	0.000138255219134522	0	0.000179731784874879	0.00116134384072999	0.00548873219964054	0.000649799529932255	9.67786533941656e-05	0	0.000179731784874879	0.000442416701230471	8.29531314807134e-05	0.000304161482095949	0.00250241946633485	0.00049771878888428	0.00192174754596986	0.00360846121941103	0.000705101617586064	0.000276510438269045	0.00118899488455689	0	0.000221208350615236	0.000165906262961427	0.000165906262961427	0.000152080741047975	0.000165906262961427	0.00923544863818609	8.29531314807134e-05	0.00452094566569888	0.00196322411171022	2.76510438269045e-05
S3B3545	0.102460438383442	0.00976029205448868	0.0060643545686313	0.00583807268174207	0.00657726017891355	0.00719576400307743	0.037789075110501	0.0211498136945798	0.00926247190333238	0.0090512754755691	0.00588332905911991	0.010243026746519	0.00079952933367527	0.00318303187557513	0.000120683673007588	0.00291149361130806	0.100031679464164	0.0359637345562612	0.00618503824163888	0.0256452805141124	0.0045708941151624	0.012294649187648	0.00410324488225799	0.00580790176349017	0.00150854591259485	0.0118722563321215	0.0141199897418878	0.0116610599043582	0.00613978186426104	0.00641132012852811	0.00847802802878306	9.0512754755691e-05	0.00472174870642188	6.0341836503794e-05	0.00276063902004858	0.00203653698200305	0.00531008161233387	0.0113291798035873	0.000633589283289837	0.00126717856657967	0.00105598213881639	0.0020214515228771	0.00165940050385433	0.0105296504699121	0.00505362880719275	0.00760307139947804	0.00431444131002127	0.00203653698200305	0.00764832777685589	0.00334897192596057	0.00162922958560244	0.00203653698200305	0.00256452805141124	0.00185551147249167	0.00779918236811537	0.00174991325861003	0.00359033927197574	0.00107106759794234	0	0.00807072063238245	0.000769358415423373	0.00113140943444614	0.0119627690868772	0.000754272956297425	0.00019611096863733	0.0025494425922853	0.00229298978714417	0.00147837499434295	0.00920213006682858	0.00215722065501064	0.00276063902004858	0.00181025509511382	0.00107106759794234	0.000512905610282249	0.00362051019022764	0.00257961351053719	0.00325845917120488	0.000859871170179064	0.0423448837665374	0.0274253646909744	0.0144066134652808	0.0015538022899727	0.00319811733470108	0.0045708941151624	0.00328863008945677	0.000150854591259485	0.00331880100770867	0.00283606631567832	0.00236841708277391	0	0.00170465688123218	0.000995640302312601	0.000452563773778455	0.00229298978714417	0.00268521172441883	0.00137277678046131	0.000362051019022764	0.00179516963598787	0.0015538022899727	0.000452563773778455	0.000135769132133536	0.000286623723393021	0.00212704973675874	0.002051622441129	0.00060341836503794	0.000407307396400609	0.0913424550076182	0.00129734948483157	0.00438986860565101	0.00188568239074356	0.00187059693161761	0.0025192716740334	0.000482734692030352	0.000135769132133536	0.00194602422724736	0.000392221937274661	0.00226281886889227	0.000422392855526558	0.000935298465808807	0.00158397320822459	0.000135769132133536	0.000181025509511382	0.0015538022899727	4.52563773778455e-05	0.000316794641644918	0.00114649489357209	0.000573247446786043	0.000663760201541734	0.00079952933367527	0.000316794641644918	0.00165940050385433	0.0148290063208074	0.00801037879587865	0.000331880100770867	0.00604926910950535	0.000558161987660094	0.000980554843186652	0.000150854591259485	0.000482734692030352	0.000814614792801219	0	0.000527991069408197	6.0341836503794e-05	0.000241367346015176	0.00153871683084675	0.000120683673007588	0.00117666581182398	0.000588332905911991	0.0199882333418818	0.0034847410580941	0.00470666324729593	0.00262486988791504	0	0.000588332905911991	0.00140294769871321	0	0.000392221937274661	0.000950383924934755	0.000105598213881639	0.000241367346015176	0.000663760201541734	0	0.003514911976346	0.000392221937274661	0.00279080993830047	0	0.000271538264267073	7.54272956297425e-05	0.000362051019022764	0.00174991325861003	4.52563773778455e-05	0	0.00030170918251897	0.000829700251927167	0.0039825612092504	0.000482734692030352	9.0512754755691e-05	0	0.000286623723393021	0.000256452805141124	0.000165940050385433	0.000422392855526558	0.00268521172441883	0.000527991069408197	0.00214213519588469	0.0024891007557815	0.000482734692030352	6.0341836503794e-05	0.00111632397532019	3.0170918251897e-05	9.0512754755691e-05	0.000135769132133536	0.000271538264267073	0.000135769132133536	0.000120683673007588	0.00826683160101978	0.000618503824163888	0.00123700764832778	0.00245892983752961	0
S3B515	0.0908288217115505	0.0110602504821433	0.00539071031902781	0.00460069242744615	0.00525129539698399	0.00741222668866324	0.0264191277273044	0.0204010502590794	0.0237470083881311	0.0107117131770337	0.00518158793596208	0.0114784952482747	0.00120826265771313	0.00408950437995213	0.000278829844087646	0.00227711039338244	0.0891790784673653	0.0372934916467226	0.00729604758696006	0.0180077607639938	0.005506889420731	0.0137091340009759	0.00434509840369914	0.00611102074958756	0.00109208355600994	0.0109208355600994	0.0111996654041871	0.00961962962102377	0.0104328833329461	0.0219810860422427	0.00808606547854172	0.00032530148476892	0.00434509840369914	0.000232358203406371	0.00364802379348003	0.002881241722239	0.00185886562725097	0.00439157004438042	0.000371773125450194	0.00130120593907568	0.000766782071241025	0.00230034621372308	0.000697074610219114	0.0100146385668146	0.00506540883425889	0.00968933708204568	0.00548365360039036	0.00541394613936845	0.00457745660710551	0.00348537305109557	0.00232358203406371	0.00195180890861352	0.00202151636963543	0.00188210144759161	0.00199828054929479	0.002625647698492	0.00501893719357762	0.000975904454306759	0.000371773125450194	0.00106884773566931	0.000720310430559751	0.000999140274647396	0.010502590793968	0.00197504472895416	0.000139414922043823	0.00383391035620513	0.00299742082394219	0.0020679880103167	0.0071333968445756	0.0024397611357669	0.00257917605781072	0.0040662685596115	0.00197504472895416	0.000464716406812743	0.00504217301391826	0.00341566559007366	0.00304389246462346	0.00123149847805377	0.0353184469177684	0.0202616353370356	0.0159862443943583	0.002881241722239	0.0030671282849641	0.00383391035620513	0.00255594023747008	0.000395008945790831	0.00520482375630272	0.00304389246462346	0.00204475218997607	0.000302065664428283	0.00127797011873504	0.00137091340009759	0.000929432813625485	0.00113855519669122	0.00227711039338244	0.00113855519669122	0.000673838789878477	0.000743546250900388	0.00248623277644817	0.000720310430559751	0.00032530148476892	0.00065060296953784	0.00127797011873504	0.00127797011873504	0.000627367149197202	0.000720310430559751	0.0905732276878035	0.00297418500360155	0.00494922973255571	0.00234681785440435	0.00139414922043823	0.00227711039338244	0.00123149847805377	0	0.00132444175941632	0.00048795222715338	0.00141738504077886	0.00202151636963543	0.000743546250900388	0.0020679880103167	0	0.000371773125450194	0.00199828054929479	0.000464716406812743	4.64716406812743e-05	0.000697074610219114	0.000464716406812743	0.000836489532262937	0.000418244766131468	0.000580895508515928	0.0059483700072031	0.0111067221228245	0.00629690731231266	0.017031856309687	0.00348537305109557	0.00227711039338244	0.000673838789878477	0.000255594023747008	0.000766782071241025	0.00167297906452587	0.000185886562725097	0.000859725352603574	4.64716406812743e-05	0.000371773125450194	0.00127797011873504	0.000395008945790831	0.00246299695610754	0.000557659688175291	0.0181936473267189	0.00281153426121709	0.00239328949508562	0.0061342565699282	0.000232358203406371	0.000999140274647396	0.00283477008155773	0.000557659688175291	0.000534423867834654	0.000464716406812743	0.000278829844087646	0.000511188047494017	0.00148709250180078	0	0.0014406208611195	0.00155679996282269	0.00155679996282269	9.29432813625485e-05	0.000302065664428283	0.000627367149197202	0.0016265074238446	0.00278829844087645	9.29432813625485e-05	0.000743546250900388	0.000557659688175291	0.00283477008155773	0.00492599391221507	0.000580895508515928	0.000209122383065734	0.000185886562725097	0.000534423867834654	0.00130120593907568	0	0.00190533726793224	0.00230034621372308	0.000348537305109557	0.00153356414248205	0.00102237609498803	0.000859725352603574	0.00032530148476892	0.000952668633966122	0.000139414922043823	4.64716406812743e-05	0.000209122383065734	0.000348537305109557	0.00032530148476892	0.00399656109858959	0.00434509840369914	0.00227711039338244	0.00199828054929479	0.00295094918326092	0
S3B6070	0.112495653512247	0.00651545639546483	0.00491366877768214	0.00543239715212422	0.00710828882339864	0.00523288623887727	0.0332499187705567	0.01684442138985	0.00506757719647265	0.00673776855594001	0.00627604329956849	0.00928580793369397	0.000490226815406803	0.00163598948862503	0.000273614966738681	0.00273044935557975	0.074713986855081	0.0382547925371518	0.00660096107257067	0.0223053201010095	0.00266204561389508	0.00756431376796311	0.00699998289906458	0.00116856392044645	0.00117996454406056	0.0116058348391657	0.0114063239259187	0.0143020823239031	0.00504477594924442	0.0151001259768909	0.00886398485997184	0	0.00450324632757412	3.99021826493909e-05	0.00322067617098655	0.00326057835363594	0.00239413095896346	0.0124323800511888	0.00163028917681797	0.00164168980043208	0.00108875955514767	0.00133957327465812	0.00137377514550046	0.00861317114046138	0.00314087180568777	0.00796903590626407	0.0040928238774661	0.00143647857537807	0.00528418904514077	0.00233142752908584	0.00129397078020168	0.00229722565824351	0.00312947118207366	0.00333468240712767	0.00199510913246955	0.00140797701634279	0.00220032035752356	0.00115716329683234	0.000102605612527005	0.00143077826357102	0.0008778480182866	0.000581431804319696	0.0100610503394536	0.00364249924470869	0.000171009354211675	0.00402442013578143	0.00238273033534934	0.00200650975608366	0.000421823073722133	0.00177279697199437	0.00226872409920823	0.00274184997919386	0.00237132971173523	0.000273614966738681	0.00271904873196564	0.0034087864606194	0.00385911109337681	0.000832245523830154	0.0253435862941703	0.0223623232190801	0.0193354576495334	0.00193810601439899	0.00485666565961158	0.00600812864463686	0.00528418904514077	0.00020521122505401	0.00344298833146173	0.00125976890935934	0.00393891545867559	0	0.00128827046839462	0.00435503822059067	0.000894948953707768	0.00174999572476614	0.00446334414492473	0.00165879073585325	0.00050732775082797	0.00140227670453574	0.00225162316378706	0.00161888855320386	0.00164739011223914	0.001020355813463	0.00181269915464376	0.00149918200525569	0.000267914654931625	0.000552930245284417	0.101494051724629	0.00238273033534934	0.00362539830928752	0.00132817265104401	0.00146498013441335	0.00203501131511894	0.000404722138300965	7.98043652987818e-05	0.00208631412138244	0.000307816837581016	0.00241693220619168	0.000627034298776143	0.000632734610583199	0.00112296142599	0.000324917773002183	0.000114006236141117	0.000883548330093656	1.14006236141117e-05	0.000336318396616295	0.000342018708423351	0.000558630557091473	0.000632734610583199	0.000364819955651574	0.000364819955651574	0.000290715902159848	0.0160463777368622	0.00294706120424787	0.030211652577396	0.00401871982397437	0.00413842637192254	0.000849346459251321	9.12049889128935e-05	0.000490226815406803	0.00120276579128878	6.27034298776143e-05	0.000951952071778326	0.000336318396616295	0.0004389240091433	0.00124836828574523	0.000285015590352792	0.00124836828574523	0.000581431804319696	0.0130879159090002	0.00505617657285854	0.0106082802729309	0.00158468668236153	6.27034298776143e-05	0.00110016017876178	0.00212051599222477	7.4104053491726e-05	0.000490226815406803	0.00158468668236153	0.000153908418790508	0.000285015590352792	0.000193810601439899	1.14006236141117e-05	0.0017556960365732	0.00652115670727189	0.0101693562637876	1.14006236141117e-05	0.000969053007199494	0.00016530904240462	0.000342018708423351	0.00150488231706274	0.000193810601439899	0.0015105826288698	0.000324917773002183	0.000775242405759595	0.00117996454406056	0.000199510913246955	6.27034298776143e-05	0.000148208106983452	0.000421823073722133	7.98043652987818e-05	7.4104053491726e-05	0.000273614966738681	0.00275895091461503	0.000313517149388072	0.00174429541295909	0.00249673657149046	0.000997554566234773	0.000193810601439899	0.000188110289632843	0.000114006236141117	0.000285015590352792	1.14006236141117e-05	0.000758141470338428	6.27034298776143e-05	0.0183835055777551	0.00178419759560848	0.012654692211664	0.00180129853102965	0.00132817265104401	5.70031180705585e-05
S4B07	0.0917378917378917	0.00508322087269456	0.00457339931024142	0.00358374568900885	0.00353876143349828	0.000524816314289999	0.01521967311441	0.00275903433798171	0.00251911830859199	0.001469485680012	0.00725745988903884	0.000809716599190283	0.000899685110211426	0.0122057279952017	0.00376368271105113	0.00116959064327485	0.0545359124306493	0.0265107212475634	0.00623781676413255	0.00107962213225371	0	0.00187434397960714	0.00424351476983056	0.0051731893837157	0.00137951716899085	0.0131354026090868	0.00850202429149798	0.0103163892637577	0.0790523316839106	0.00547308442045284	0.00613285350127455	0.0255060728744939	0.00217423901634428	0.0118308591992803	0.00679262258209627	0.00287899235267656	0.0288499025341131	0.000179937022042285	0.000284900284900285	0.00145449092817514	0.00266906582696056	0.00118458539511171	0.00119958014694857	0.0110511321037637	0.0413555255660519	0.000509821562453141	0.00377867746288799	0.0160293897136002	0.00337381916329285	0.000614784825311141	0.00232418653471285	0.00386864597390913	0.00284900284900285	0.00214424951267057	0.00193432298695457	0.00211426000899685	0.000524816314289999	0.000179937022042285	0.00197930724246514	0.000854700854700855	0.00119958014694857	0.00103463787674314	0.00874194032088769	0.00821712400659769	0.00428849902534113	0.00458839406207827	0.00524816314289999	0.0048582995951417	0.00214424951267057	0.000524816314289999	0.00367371420002999	0.00107962213225371	0.00223421802369171	0.000854700854700855	0.00100464837306943	0.000194931773879142	0.00127455390613285	0.000659769080821712	0.0129404708352077	0.0201229569650622	0.000389863547758285	0.0428699955015744	0.00347878242615085	0.00364372469635628	0.00793222372169741	0.0083520767731294	0.00595291647923227	0.00767731294047084	4.49842555105713e-05	0.00266906582696056	0.000449842555105713	0.000614784825311141	0.00092967461388514	0.00124456440245914	0.000329884540410856	0.00772229719598141	0.00130454340980657	0.000164942270205428	0.000179937022042285	0.00092967461388514	0.000314889788573999	0.00272904483430799	5.99790073474284e-05	0.00035987404408457	0.000254910781226571	0.000659769080821712	0.0724696356275304	0.00905683010946169	0.000179937022042285	0.0047533363322837	0.00383865647023542	0.00557804768331084	0.00112460638776428	0.00284900284900285	0.00316389263757685	0.000824711351027141	0.00202429149797571	0.000239916029389714	0.00101964312490628	0.000689758584495427	0.00511321037636827	0.000539811066126856	0.000974658869395711	0.00187434397960714	0.000119958014694857	0.000314889788573999	0.000209926525715999	0.000599790073474284	0.000269905533063428	0.000719748088169141	0.01102114260009	0.000479832058779427	0.00151446993552257	0.00157444894287	2.99895036737142e-05	0.00209926525715999	0.00382366171839856	0.00389863547758285	0.000104963262858	0.00403358824411456	0.000539811066126856	0.00101964312490628	0.00163442795021742	0.00046483730694257	0.000194931773879142	0.00112460638776428	0.00092967461388514	0.000419853051431999	2.99895036737142e-05	0.000254910781226571	0	0.000389863547758285	0.00688259109311741	0.000764732343679712	0.000284900284900285	0.00101964312490628	0.00139451192082771	0.00173939121307542	0.00140950667266457	0.00145449092817514	0.00850202429149798	0.00113960113960114	0	0.00355375618533513	0.000239916029389714	0.00476833108412056	0.00139451192082771	0.000959664117558854	0.0233618233618234	0.00451342030289399	0.000134952766531714	0.000599790073474284	0.00245913930124456	0	0.000104963262858	0.00311890838206628	0.0033888139151297	0.00151446993552257	0.000284900284900285	0.000794721847353426	0.000539811066126856	0.00376368271105113	0.000449842555105713	0.00340380866696656	0.000554805817963713	2.99895036737142e-05	0.000584795321637427	0.00377867746288799	0.00100464837306943	0.000314889788573999	0.000674763832658569	0.000839706102863998	0.00100464837306943	0.00056980056980057	0.000209926525715999	0	0.00161943319838057	0.000374868795921427	0.00035987404408457	0.00260908681961314
S4B1522	0.0894232575615255	0.0139254179973699	0.00335806875821905	0.004086041705805	0.00260661281232388	0.000187863986473793	0.0115771181664475	0.0073032124741687	0.00267706180725155	0.0021369528461394	0.00117414991546121	0.000657523952658275	0.0173774187488259	0.0163676498215292	0.00537760661281232	0.00211346984783017	0.0491264324628969	0.028602291940635	0.011107458200263	0.00154987788840879	0.000939319932368965	0.000328761976329138	0.00201953785459327	0.00922881833552508	0.000751455945895172	0.0123990231072703	0.00845387939132068	0.0101446552695848	0.00986285928987413	0.00920533533721586	0.00589423257561525	0.0440541048281044	0.00279447679879767	0.00626996054856284	0.00558895359759534	0.00147942889348112	0.00272402780387	0.000375727972947586	0.00110370092053353	0.00105673492391509	0.00169077587826414	0.000962802930678189	0.000868870937441293	0.00946364831861732	0.0114362201765921	0.00230133383430396	0.00220740184106707	0.0130800300582378	0.00387469472102198	0.00502536163817396	0.012469472102198	0.00368683073454819	0.0034050347548375	0.00208998684952095	0.00150291189179034	0.000845387939132068	0.000774938944204396	0.00206650385121172	0.0026300958106331	0.00129156490700733	0.000657523952658275	0.00211346984783017	0.00765545744880706	0.0061290625587075	0.00371031373285741	0.00131504790531655	0.00697445049783956	0.0061290625587075	0.00450873567537103	0.00507232763479241	0.00568288559083224	0.00138549690024422	0.000939319932368965	0.000657523952658275	0.0014559458951719	0.00131504790531655	0.00152639489009957	0.000516625962802931	0.0379954912643246	0.0135966560210408	0.00192560586135638	0.0183637046778133	0.00767894044711629	0.00333458575990983	0.0109430772120984	0.0147238399398835	0.0034050347548375	0.00272402780387	0.00117414991546121	0.0026300958106331	0.0021369528461394	0.000610557956039827	0.00434435468720646	0.00159684388502724	0.00039921097125681	0.00234829983092241	9.39319932368965e-05	0.00190212286304715	0.000610557956039827	0.00387469472102198	0.000469659966184482	0.000187863986473793	0.000493142964493707	0.000328761976329138	0.000845387939132068	0.000234829983092241	0.0623708435092993	0.00819556640991922	0.00277099380048845	0.00786680443359008	0.00324065376667293	0.00403907570918655	0.00302930678188991	0.00345200075145595	0.00305278978019914	0.000281795979710689	0.00464963366522638	0.00608209656208905	0.0006810069509675	0.00105673492391509	0.00300582378358069	0.000422693969566034	0.000516625962802931	0.001362013901935	0.000305278978019914	0.000234829983092241	0.000352244974638362	0.000516625962802931	0.000258312981401465	0.000446176967875258	0.0597877136952846	0.00117414991546121	0.00666917151981965	0.00375727972947586	0.00154987788840879	0.0012680819086981	0.00133853090362578	0.00192560586135638	0.000587074957730603	0.00265357880894233	0.0012680819086981	0.000164380988164569	0.00117414991546121	0.000892353935750517	0.000610557956039827	0.000939319932368965	0.00100976892729664	0.000563591959421379	0.000657523952658275	0.00568288559083224	0.000634040954349051	0.000164380988164569	0.00359289874131129	0.00157336088671802	0.00169077587826414	0.000305278978019914	0.000305278978019914	0.00112718391884276	0.000281795979710689	0.000540108961112155	0.0212755964681571	0.00394514371594965	0.00119763291377043	0.00110370092053353	0.000704489949276724	0.00211346984783017	0.0012680819086981	0.000986285928987413	0.01906819462709	0.00932275032876198	0.000234829983092241	0.00129156490700733	0.00551850460266767	0.00154987788840879	0.000258312981401465	0.000634040954349051	0.000422693969566034	0.00122111591207965	0.000939319932368965	0.000211346984783017	0.000469659966184482	0.00211346984783017	7.04489949276724e-05	0.00192560586135638	0.00166729287995491	0	0.000328761976329138	0.00260661281232388	0.00192560586135638	0.00129156490700733	0.000939319932368965	0.00162032688333646	7.04489949276724e-05	0.00110370092053353	0.000751455945895172	0.000305278978019914	0.00129156490700733	0.000563591959421379	0.00112718391884276	0.0006810069509675
S4B3040	0.0983717999734713	0.0129493301498873	0.00494097360392625	0.00459278418888447	0.00366427908210638	0.00356479639209444	0.00953375779281072	0.0174260512004245	0.00281867621700491	0.0120539859397798	0.00164146438519698	0.00427775567051333	0.018735906618915	0.0132809391165937	0.00111089003846664	0.00198965380023876	0.0553621169916435	0.0359629924393156	0.00994826900119379	0.00263629128531635	0.0215877437325905	0.00572025467568643	0.00227152142193925	0.010163814829553	0.000911924658442764	0.0140436397400186	0.0131317150815758	0.013811513463324	0.00770990847592519	0.00681456426581775	0.00679798381748243	0.00311712428704072	0.00447672105053721	0.00150882079851439	0.00427775567051333	0.00157514259185568	0.00341557235707654	0.00112747048680196	3.3160896670646e-05	0.00121037272847858	0.00112747048680196	0.00215545828359199	0.00155856214352036	0.0114736702480435	0.00616792678074015	0.0122861122164743	0.00444356015386656	0.0121037272847858	0.00495755405226157	0.00261971083698103	0.011291285316355	0.00455962329221382	0.00227152142193925	0.00247048680196313	0.00220519962859796	0.00436065791218995	0.00242074545695716	0.00116063138347261	0.00225494097360393	0.00132643586682584	0.00077928107176018	0.00124353362514922	0.0113576071096962	0.00137617721183181	0.00416169253216607	0.00135959676349649	0.00170778617853827	0.0067814033691471	0.00545496750232126	0.00484149091391431	0.00596896140071628	0.00474200822390237	0.00172436662687359	0.000762700623424857	0.00155856214352036	0.00198965380023876	0.00132643586682584	0.000679798381748243	0.0419651147367025	0.0186032630322324	0.00615134633240483	0.00936795330945749	0.00494097360392625	0.00387982491046558	0.0018735906618915	0.00127669452181987	0.00391298580713622	0.00169120573020294	0.00553786974399788	0.00260313038864571	0.00182384931688553	0.00077928107176018	0.00436065791218995	0.00200623424857408	0.000663217933412919	0.000596896140071628	0.00154198169518504	0.00273577397532829	0.00203939514524473	0.00169120573020294	0.000563735243400982	0.000978246451784056	0.000563735243400982	0.000431091656718398	0.000729539726754211	0.000480833001724367	0.0837478445417164	0.00522284122562674	0.00422801432550736	0.00215545828359199	0.00253680859530442	0.00613476588406951	0.00225494097360393	0.00593580050404563	0.00170778617853827	0.000364769863377106	0.00373060087544767	0.00333267011539992	0.000795861520095503	0.000663217933412919	0.00363111818543573	0.000580315691736304	0.000978246451784056	0.00169120573020294	0.000696378830083565	0.000513993898395013	0.000663217933412919	0.000895344210107441	0.000248706725029845	0.000431091656718398	0.0282033426183844	0.00185701021355617	0.0041119511871601	0.00152540124684971	0.00538864570897997	0.000630057036742274	0.00369743997877703	0.000580315691736304	0.00147565990184375	0.00162488393686165	0.0020891364902507	3.3160896670646e-05	0.000182384931688553	0.000895344210107441	0.00137617721183181	0.000381350311712429	0.000397930760047752	0.000182384931688553	0.00550470884732723	0.00315028518371137	0.00117721183180793	0.000630057036742274	0.000580315691736304	0.00275235442366362	0.000961666003448733	0.000547154795065659	3.3160896670646e-05	0.00077928107176018	0.000414511208383075	0.000364769863377106	0.013397002254941	0.00369743997877703	0.00484149091391431	0.00126011407348455	0.000348189415041783	0.000613476588406951	0.000547154795065659	0.00112747048680196	0.00877105716938586	0.00960007958615201	0.000812441968430826	0.00212229738692134	0.00611818543573418	0.00217203873192731	6.63217933412919e-05	0.000596896140071628	0.000232126276694522	0.000646637485077597	0.00104456824512535	0.00121037272847858	0.000182384931688553	0.00109430959013132	0.000348189415041783	0.00150882079851439	0.00155856214352036	0.000729539726754211	0.00104456824512535	0.00155856214352036	0.00213887783525667	0.00203939514524473	0.000530574346730336	0.00160830348852633	6.63217933412919e-05	0.00134301631516116	0.000381350311712429	0.00200623424857408	0.000480833001724367	0.00160830348852633	0.00210571693858602	0.000381350311712429
S4B5565	0.0895369066357385	0.0114489271808467	0.004158727528788	0.00309833485212493	0.00362853119045647	0.00591500289951122	0.0208102062795129	0.0167177532930163	0.00513627702758678	0.0117802998923039	0.00271725623394913	0.00666059150028995	0.0148454974732831	0.00891392593819899	0.00102725540551736	0.00147460856598459	0.0535829674426311	0.0296578576754204	0.0104382404109022	0.0177947146052523	0.0108027503935051	0.00873167094689752	0.00485461022284815	0.00702510148289288	0.000712451329633005	0.010338828597465	0.010570789495485	0.0104382404109022	0.0145969679396902	0.0033634330212907	0.00581559108607406	0.00555049291690829	0.00303206030983349	0.00422500207107945	0.00455637478253666	0.00291607986082346	0.00367823709717505	0.000463921796040096	9.94118134371635e-05	0.00150774583713031	0.00106039267666308	0.00238588352249192	0.00115980449010024	0.00964294590340485	0.0105210835887665	0.0170822632756193	0.00463921796040096	0.0121282412393339	0.00402617844420512	0.00301549167426062	0.00758843509237014	0.00251843260707481	0.00233617761577334	0.00225333443790904	0.00175627537072322	0.00225333443790904	0.00271725623394913	0.00173970673515036	0.00200480490431613	0.00129235357468312	0.000977549498798774	0.00086156904978875	0.0106536326733493	0.00329715847899925	0.00213735398889901	0.00134205948140171	0.00369480573274791	0.00427470797779803	0.00236931488691906	0.00536823792560683	0.00511970839201392	0.00308176621655207	0.00212078535332615	0.000745588600778726	0.00135862811697457	0.0028995112252506	0.00155745174384889	0.000629608151768702	0.0757352332035457	0.0164360864882777	0.00437411979123519	0.0114157899097009	0.00717421920304863	0.00253500124264767	0.00372794300389363	0.00324745257228067	0.00444039433352663	0.00366166846160219	0.00422500207107945	0.00135862811697457	0.0023527462513462	0.00173970673515036	0.0039101979951951	0.00319774666556209	0.0010106867699445	0.00205451081103471	0.00102725540551736	0.000745588600778726	0.00250186397150195	0.00202137353988899	0.00029823544031149	0.00203794217546185	0.000944412227653053	0.00147460856598459	0.000364509982602933	0.000231960898020048	0.0708143484384061	0.00477176704498385	0.00624637561096844	0.00192196172645183	0.00296578576754204	0.00714108193190291	0.00230304034462762	0.00256813851379339	0.00240245215806478	0.000331372711457211	0.0017231380995775	0.00472206113826526	0.000513627702758678	0.000646176787341562	0.0023527462513462	0.00106039267666308	0.000845000414215889	0.000894706320934471	0.000265098169165769	0.000530196338331538	0.000546764973904399	0.000613039516195841	0.000364509982602933	0.000331372711457211	0.0135697125341728	0.00127578493911026	0.00947725954767625	0.00102725540551736	0.00412559025764228	0.00175627537072322	0.00384392345290365	0.000811863143070168	0.000811863143070168	0.0022699030734819	0.00135862811697457	0.000894706320934471	0.000331372711457211	0.000447353160467236	0.000977549498798774	0.000646176787341562	0.000265098169165769	0.000231960898020048	0.0092452986496562	0.00185568718416038	0.00366166846160219	0.000546764973904399	0.0010935299478088	0.00139176538812029	0.00208764808218043	0.000182254991301466	0.000182254991301466	0.0010106867699445	0.000314804075884351	0.000828431778643029	0.0155579488029161	0.000977549498798774	0.00268411896280341	0.00144147129483887	0.000546764973904399	0.00134205948140171	0.000231960898020048	0.00155745174384889	0.00830088642200315	0.00671029740700853	0.000381078618175793	0.00102725540551736	0.00412559025764228	0.0028166680473863	0.000347941347030072	0.00086156904978875	0.000215392262447187	0.000447353160467236	0.000463921796040096	0.000729019965205865	3.31372711457211e-05	0.00130892221025599	0.000149117720155745	0.00193853036202469	0.00129235357468312	0.00293264849639632	0.0018059812774418	0.00198823626874327	0.00149117720155745	0.000944412227653053	0.000331372711457211	0.000911274956507332	0.000198823626874327	0.000712451329633005	0.000596470880622981	0.00266755032723055	0.000480490431612957	0.00104382404109022	0.00250186397150195	0.00102725540551736
S5A07	0.186969269493541	0.0010649185406467	0.010538544519127	0.0071501673443421	0.00669377368406495	0.000179791441927364	0.000663845324039499	0.00307028462368268	0.00255857051973557	0.00117555942798661	0.00406605260974193	0.00168727353193373	0.000359582883854729	0.00063618510220452	0.000497883993029624	0.004633087157359	0.0956767073271928	0.056952396758222	0.00894808176361574	0.00298730395817774	8.29806655049374e-05	0.000525544214864603	0.00031809255110226	0.00283517273808536	0.00174259397560368	0.0207313362653168	0.0235941692252372	0.0218792354714685	0.0408264874284292	0.00103725831881172	0.01322158603712	0.0100683207479324	0.00629270046745775	0.0056980056980057	0.00475755815561641	0.00626504024562277	0.00898957209636821	0.000428733438442176	0.000248941996514812	0.00434265482809172	0.0027798522944154	0.000871296987801842	0.00206068652670594	0.0182419163001687	0.0141896938013443	0.000567034547617072	0.000608524880369541	0.00568417558708821	0.00811827510856637	4.14903327524687e-05	0.00030426244018477	0.00172876386468619	0.00472989793378143	0.00419052360799934	0.00315326528918762	0.000843636765966863	0.00110640887339916	0.00791082344480403	0.000525544214864603	0.00219898763588084	0.00186706497386109	0.00102342820789423	0.0218239150277985	0.00138301109174896	0.0100683207479324	0.00428733438442176	0.000608524880369541	0.00377562028047465	0.000359582883854729	0	0.000470223771194645	0.00177025419743866	0.000705335656791967	0.000594694769452051	0.000760656100461926	4.14903327524687e-05	0	0.00112023898431665	0.00417669349708185	0.0332614167565624	0	0.00160429286642879	0.00322241584377507	0.00705335656791968	0.00152131220092385	0.00322241584377507	0.00063618510220452	0.00262772107432302	0.000207451663762343	0.000152131220092385	0.000331922662019749	0.000138301109174896	2.76602218349791e-05	0.00297347384726025	0.000525544214864603	0.00247558985423063	0.000525544214864603	0.00229579841230327	2.76602218349791e-05	0.00192238541753105	0.00030426244018477	0.00215749730312837	0.000553204436699582	0.0010649185406467	0.000401073216607197	0.000871296987801842	0.166376234337399	0.00105108842972921	0	0.00095427765330678	0.00434265482809172	0.000788316322296905	5.53204436699582e-05	0.000484053882112135	0.00230962852322076	4.14903327524687e-05	0.000179791441927364	8.29806655049374e-05	0.00130003042624402	0.00030426244018477	0.000456393660277155	0.000387243105689708	0.000470223771194645	2.76602218349791e-05	0.000138301109174896	0.000774486211379415	0.00116172931706912	0.000788316322296905	0.00186706497386109	0.000746825989544436	0.000912787320554311	0.000345752772937239	0.000207451663762343	0.000345752772937239	0	0.000470223771194645	0.000981937875141759	0.00266921140707548	0	0.000276602218349791	0.000373412994772218	0.000152131220092385	0.0015904627555113	0.000193621552844854	0.00030426244018477	0.000525544214864603	0.00135535086991398	0.000359582883854729	0	6.91505545874478e-05	8.29806655049374e-05	8.29806655049374e-05	0.000829806655049373	0.000152131220092385	0.000262772107432302	0.000567034547617072	0.000331922662019749	0.00391392138964955	0.000691505545874478	4.14903327524687e-05	0.000829806655049373	0	9.68107764224269e-05	0.000885127098719332	0	0.00511714103947114	0.00031809255110226	0.00134152075899649	0.00163195308826377	0.000235111885597322	0.000165961331009875	0.000567034547617072	9.68107764224269e-05	2.76602218349791e-05	0	0.000732995878626947	0.00152131220092385	0.000553204436699582	0	0.000207451663762343	0.000179791441927364	0.000912787320554311	0.000165961331009875	0.000138301109174896	0.000746825989544436	0	9.68107764224269e-05	0	0.000331922662019749	0	4.14903327524687e-05	4.14903327524687e-05	0.00112023898431665	0.000262772107432302	0	0	0.000608524880369541	0.000359582883854729	5.53204436699582e-05	0.00224047796863331
S5A1522	0.158407079646018	0.00656909462219197	0.00714771953710007	0.00612661674608577	0.00534377127297481	0.000238257317903336	0.00301225323349217	0.00629680054458815	0.00439074200136147	0.000918992511912866	0.00490129339686862	0.00134445200816882	0.0027569775357386	0.00420353982300885	0.00120830496936692	0.00440776038121171	0.078284547311096	0.0457794417971409	0.00728386657590197	0.00321647379169503	0.00010211027910143	0.00105513955071477	0.00156569094622192	0.00154867256637168	0.00141252552756978	0.0211198093941457	0.018788291354663	0.0164737916950306	0.068498978897209	0.00182096664397549	0.0110619469026549	0.0167460857726344	0.00537780803267529	0.00381211708645337	0.00483321987746767	0.00326752893124575	0.00944520081688223	0.000204220558202859	0.000901974132062628	0.00236555479918312	0.00245064669843431	0.00146358066712049	0.00199115044247788	0.0152654867256637	0.0204560925799864	3.40367597004765e-05	0.00132743362831858	0.0125085091899251	0.0066712049012934	3.40367597004765e-05	0.000936010891763104	0.00445881552076242	0.0044928522804629	0.00396528250510551	0.00221238938053097	0.000970047651463581	0.000374404356705242	0.00182096664397549	0.000646698434309054	0.00188904016337645	0.00202518720217835	0.000884955752212389	0.0173757658270933	0.00930905377808033	0.0154186521443159	0.00107215793056501	0.00343771272974813	0.00318243703199455	0.000527569775357386	0.000306330837304289	0.000748808713410483	0.000987066031313819	0.00154867256637168	0.000663716814159292	0.00182096664397549	3.40367597004765e-05	0.000357385976855003	0.00110619469026549	0.018141592920354	0.0237236215112321	0	0.00474812797821647	0.00328454731109598	0.00561606535057863	0.0041354663036079	0.00163376446562287	0.00134445200816882	0.0023144996596324	0.000748808713410483	0.000987066031313819	0.0010211027910143	0.000425459496255956	0.000561606535057862	0.0017358747447243	0.000340367597004765	0.00202518720217835	0.000816882232811436	0	5.10551395507148e-05	0.000476514635806671	0	0.00241660993873383	0.000340367597004765	0.000442477876106195	0.000901974132062628	0.000748808713410483	0.142614023144997	0.00112321307011572	0.00039142273655548	0.00134445200816882	0.00490129339686862	0.00481620149761743	0.000170183798502383	0.000374404356705242	0.00200816882232811	0.000425459496255956	0.000187202178352621	0.000119128658951668	0.00132743362831858	0.000374404356705242	0.00265486725663717	0.000187202178352621	0.00142954390742001	0.000323349217154527	0.000425459496255956	0.000493533015656909	0.000936010891763104	0.000714771953710007	0.00239959155888359	0.000544588155207624	0.00284206943498979	0.000306330837304289	0.00187202178352621	0.00219537100068074	8.50918992511913e-05	6.8073519400953e-05	0.000970047651463581	0.00129339686861811	0.000221238938053097	0.000578624914908101	0.00010211027910143	0	0.000663716814159292	0.000170183798502383	0.000493533015656909	0.000527569775357386	0.000646698434309054	0.000442477876106195	6.8073519400953e-05	0.00010211027910143	3.40367597004765e-05	0	0.00256977535738598	0.00078284547311096	0.000306330837304289	0.000255275697753574	0.000187202178352621	0.00028931245745405	0.000238257317903336	0	0.00922396187882914	0.000476514635806671	0.00010211027910143	0.00228046289993193	0.000153165418652144	0.0015997277059224	0.00284206943498979	0.000357385976855003	0.00359087814840027	0.0013784887678693	0.000238257317903336	0.000578624914908101	0.000612661674608577	0	5.10551395507148e-05	0.00180394826412526	0.00136147038801906	0.000272294077603812	0	5.10551395507148e-05	0.000204220558202859	0.00886657590197413	0.000374404356705242	0.00125936010891763	0.000561606535057862	3.40367597004765e-05	0.000255275697753574	0.000476514635806671	0.000170183798502383	0.000170183798502383	0	0.000119128658951668	0.000697753573859769	5.10551395507148e-05	0.00010211027910143	0	0.00100408441116406	0.00010211027910143	0.000136147038801906	0.00384615384615385
S5A3040	0.149825922874532	0.0081058814149414	0.00746804156589683	0.00701623833949026	0.00494325883009541	0.000345496584899142	0.00918223616020411	0.00593988359422755	0.00413267068860127	0.0032157759055997	0.00151486964148085	0.00167432960374199	0.00481037552821112	0.00765407818853483	0.00283041433013528	0.00362771414144099	0.075105642224998	0.0418848167539267	0.0223908363675021	0.00204640284901799	0.00279054933956999	0.000571398198102426	0.000863741462247854	0.00342838918861456	0.000770723150928854	0.0176336141600446	0.0177532091317405	0.0175937491694794	0.0111754856884684	0.00393334573577484	0.00989980599037925	0.0194541153958594	0.0042389773301087	0.00641826348101098	0.00478379886783427	0.00264437770749728	0.00305631594333856	0.000345496584899142	0.00192680787732214	0.00213942116033699	0.00233874611316342	0.00180721290562628	0.00170090626411885	0.0151619847449969	0.00547479203763255	0.00353469583012199	0.00419911233954341	0.00888989289605868	0.00586015361309698	0.00104977808488585	0.00167432960374199	0.00348154250936827	0.00446487894331198	0.00397321072634013	0.00259122438674356	0.00162117628298828	0.000823876471682568	0.001023201424509	0.00443830228293513	0.00195338453769899	0.001023201424509	0.000744146490551997	0.0148297764902862	0.00822547638663726	0.00514258378292184	0.00134212134903128	0.00225901613203285	0.00547479203763255	0.00134212134903128	0.00220586281127913	0.00441172562255827	0.000651128179232998	0.00140856299997342	0.000225901613203285	0.000744146490551997	0.000571398198102426	0.000504956547160284	0.000903606452813139	0.0425890982539134	0.0217529965184575	0.00107635474526271	0.00701623833949026	0.00495654716028384	0.00536848539612512	0.00679033672628698	0.0069896616791134	0.00245834108485928	0.00140856299997342	0.000983336433943711	0.00136869800940814	0.00144842799053871	0.000531533207537141	0.00268424269806256	0.00251149440561299	0.000465091556594998	0.00138198633959657	0.000863741462247854	0.00071756983017514	0.000239189943391713	6.64416509421426e-05	0.000239189943391713	0.000491668216971855	0.000398649905652856	0.000279054933956999	0.00532862040555984	0.000425226566029713	0.126026523507056	0.00301645095277327	0.000239189943391713	0.00295000930183113	0.00318919924522285	0.00183378956600314	0.00378717410370213	0.00115608472639328	0.00205969117920642	0.000305631594333856	0.00215270949052542	0.000823876471682568	0.000996624764132139	0.000318919924522285	0.00152815797166928	0.000797299811305711	0.000704281499986712	0.00140856299997342	0.000186036622637999	0.000544821537725569	0.00071756983017514	0.000996624764132139	0.000584686528290855	0.000465091556594998	0.0107635474526271	0.000292343264145428	0.00417253567916656	0.00241847609429399	0.000624551518856141	0.000558109867913998	0.000597974858479283	0.001023201424509	0.000558109867913998	0.00201982618864114	0.000983336433943711	9.30183113189997e-05	0.000491668216971855	0.000212613283014856	0.000690993169798283	0.000651128179232998	0.000478379886783427	0.000332208254710713	0.000531533207537141	0.000531533207537141	0.000119594971695857	0.000332208254710713	0.00322906423578813	0.00107635474526271	0.000332208254710713	0.00108964307545114	2.6576660376857e-05	0.000172748292449571	0.000372073245275999	0.000531533207537141	0.00987322933000239	0.000677704839609855	0.000411938235841284	0.00180721290562628	0.000332208254710713	0.00124910303771228	0.00627209184893826	0.000318919924522285	0.00983336433943711	0.00660430010364898	0.000584686528290855	0.000983336433943711	0.00229888112259813	0.000571398198102426	2.6576660376857e-05	0.000757434820740426	0.000690993169798283	0.000584686528290855	6.64416509421426e-05	0.00026576660376857	0.000199324952826428	0.00976692268849496	0.000119594971695857	0.00229888112259813	0.00219257448109071	0	6.64416509421426e-05	0.00026576660376857	0.00106306641507428	0.000398649905652856	5.31533207537141e-05	0.000597974858479283	0.000411938235841284	0.000372073245275999	0.00035878491508757	0	0.000491668216971855	0.000159459962261142	0.000119594971695857	0.00071756983017514
S5A5565	0.0959368605670856	0.00444314527915814	0.00470622624963461	0.00672318035662087	0.00400467699503069	0.00359543992984507	0.00157848582285881	0.0129494299912306	0.00251388482899737	0.00745396083016662	0.0028354282373575	0.00686933645133002	0.000730780473545747	0.00496930722011108	0.00143232972814966	0.00339082139725227	0.0640748319204911	0.0424729611224788	0.0388775211926337	0.00236772873428822	0.00795089155217773	0.00786319789535224	0.00204618532592809	0.00330312774042678	0.00102309266296405	0.01373867290266	0.0162817889505992	0.0109324758842444	0.00178310435545162	0.00181233557439345	0.00993861444022216	0.00306927798889214	0.00409237065185618	0.000438468284127448	0.00292312189418299	0.00125694241449868	0.00344928383513593	0.00154925460391698	0.000380005846243788	0.00169541069862613	0.000906167787196726	0.00125694241449868	0.00125694241449868	0.0117217187956738	0.00236772873428822	0.0233849751534639	0.00309850920783397	0.00204618532592809	0.00482315112540193	0.000847705349313066	0.00149079216603332	0.00207541654486992	0.00228003507746273	0.00321543408360129	0.00116924875767319	0.00274773458053201	0.00146156094709149	0.000789242911429407	0.00502776965799474	0.00154925460391698	0.000350774627301958	0.000526161940952938	0.0146448406898568	0.00964630225080386	0.0067524115755627	0.000175387313650979	0.00128617363344051	0.0036246711487869	0.00371236480561239	0.00593393744519146	0.0028354282373575	0.000993861444022216	5.84624378836597e-05	0.000643086816720257	0.00169541069862613	0.00365390236772873	0.00213387898275358	0.00102309266296405	0.0546916106401637	0.0205203156971646	0.00511546331482023	0.00596316866413329	0.0279450453083894	0.00613855597778427	0.00295235311312482	0.000555393159894768	0.00175387313650979	0.000204618532592809	0.00833089739842151	0.00184156679333528	0.00125694241449868	0.00187079801227711	0.00724934229757381	0.00172464191756796	0.000438468284127448	0.000701549254603917	0.000613855597778427	0.00952937737503654	0.00327389652148495	0.000350774627301958	0	0.000555393159894768	0.000701549254603917	0.000438468284127448	0.00219234142063724	0.000906167787196726	0.0858813212510962	0.0203741596024554	0.00198772288804443	0.000876936568254896	0.00245542239111371	0.000584624378836597	0.00534931306635487	0.000526161940952938	0.0019584916691026	0.000760011692487577	0.00271850336159018	0.000116924875767319	0.000467699503069278	0.000672318035662087	0.00114001753873137	0.00239695995323005	0.000263080970476469	0.000760011692487577	0.00140309850920783	0.000847705349313066	0.000584624378836597	0.000789242911429407	0.000555393159894768	0.000380005846243788	0.0371236480561239	0	0.00149079216603332	0.00415083308973984	0.00520315697164572	0.00432622040339082	0.00102309266296405	0	0.000233849751534639	0.00184156679333528	0.000730780473545747	0	0.000175387313650979	0	0.00333235895936861	0.000526161940952938	8.76936568254896e-05	0	0.0133586670564163	0.000701549254603917	0.0100555393159895	8.76936568254896e-05	0.0143817597193803	0.000876936568254896	0.00131540485238234	0.000993861444022216	0	0.000321543408360129	0.000233849751534639	0	0.000526161940952938	0.00134463607132417	0.00716164864074832	0.00970476468868752	0.000204618532592809	0.000263080970476469	0.000321543408360129	0.000526161940952938	0.00154925460391698	0.00160771704180064	0	0.0128325051154633	0.000263080970476469	0.00178310435545162	0.000321543408360129	8.76936568254896e-05	8.76936568254896e-05	0	0.000380005846243788	0.000321543408360129	5.84624378836597e-05	0.00108155510084771	0.00233849751534639	0.000233849751534639	0.00184156679333528	0.000496930722011108	0.00602163110201695	0.000438468284127448	0.00172464191756796	0.000526161940952938	0	0.000263080970476469	0.000116924875767319	0.000116924875767319	0	0.000233849751534639	5.84624378836597e-05	0	0.000146156094709149	0.000116924875767319
S5B07	0.1405503247011	0.00423937377939379	0.00690684492148426	0.00695447833473587	0.00552547593718741	0.000254044870675283	0.0108445404169511	0.00279449357742811	0.00292151601276575	0.00168304726822375	0.00439815182356584	0.00166716946380654	0.00284212699067973	0.00893920388688652	0.00115907972245598	0.00323907210110986	0.074752703196202	0.0448547974786047	0.00768485733792731	0.00222289261840873	9.52668265032311e-05	0.0012225909401248	0.00177831409472698	0.00469983010749274	0.00160365824613772	0.0181165748400311	0.0155920039376955	0.0161159714834633	0.0542703354980073	0.00296914942601737	0.0114320191803877	0.0144329242152395	0.00474746352074435	0.00627173274479605	0.00666867785522618	0.00311204966577222	0.0162588717232181	0.000174655848589257	0.000698623394357028	0.00247693748908401	0.00238167066258078	0.000968546069449516	0.00173068068147537	0.0138613232562201	0.0232292278623712	0.000285800479509693	0.00344548355853353	0.0139089566694717	0.00755783490258967	3.17556088344104e-05	0.0012225909401248	0.00419174036614217	0.0030644162525206	0.0042711293882282	0.00252457090233562	0.0018259475079786	0.00042870071926454	0.000730379003191439	0.0021276257919055	0.00120671313570759	0.000730379003191439	0.000523967545767771	0.0157349041774503	0.00677982248614662	0.00714501198774233	0.00282624918626252	0.00471570791190994	0.00444578523681745	0.00112732411362157	6.35112176688208e-05	0.00169892507264096	0.00125434654895921	0.00225464822724314	0.000349311697178514	0.00106381289595275	0.000174655848589257	0.000635112176688208	0.00130197996221083	0.0128768993823534	0.024991664152681	7.93890220860259e-05	0.0222130483796701	0.00422349597497658	0.00609707689620679	0.00312792747018942	0.00431876280147981	0.0051920420444261	0.00423937377939379	4.76334132516156e-05	0.00173068068147537	0.000476334132516156	0.000492211936933361	0.000603356567853797	0.0024610596846668	0.000317556088344104	0.00265159333767327	0.000555723154602182	0.000238167066258078	0.00138136898429685	0.000793890220860259	0.000142900239754847	0.00233403724932916	0.000555723154602182	0.000190533653006462	0.000333433892761309	0.000762134612025849	0.119321700195297	0.00317556088344104	0.000317556088344104	0.00263571553325606	0.00415998475730776	0.00344548355853353	0.000714501198774233	0.00128610215779362	0.00322319429669265	0.000539845350184976	0.000730379003191439	0.000269922675092488	0.000762134612025849	0.000142900239754847	0.00357250599387117	0.000841523634111875	0.000889157047363491	0.00139724678871406	0.000222289261840873	0.000714501198774233	0.000952668265032311	0.000762134612025849	0.00111144630920436	0.00100030167828393	0.00414410695289055	0.000714501198774233	0.00327082770994427	0.00085740143852908	0.000142900239754847	0.000333433892761309	0.00201648116098506	0.00157190263730331	0.000142900239754847	0.00204823676981947	0.000412822914847335	0.000539845350184976	0.00176243629030978	0.000111144630920436	0.000381067306012925	0.000682745589939823	0.000285800479509693	0.00039694511043013	0	0.000349311697178514	0	0.000682745589939823	0.00231815944491196	0.000619234372271002	0.000190533653006462	0.00284212699067973	0.000905034851780696	0.00139724678871406	0.000238167066258078	0.000174655848589257	0.00719264540099395	0.000587478763436592	9.52668265032311e-05	0.00260395992442165	0.000190533653006462	0.00527143106651212	0.00190533653006462	0.000650989981105413	0.0120036201394071	0.00298502723043458	3.17556088344104e-05	0.000571600959019387	0.00100030167828393	0	0	0.00303266064368619	0.00449341865006907	0.000682745589939823	0	0.000158778044172052	0.000381067306012925	0.00181006970356139	0.000301678283926899	0.00217525920515711	0.000206411457423667	0	6.35112176688208e-05	0.000714501198774233	0.000365189501595719	0.000127022435337642	0.000238167066258078	0.000317556088344104	0.000936790460615106	0.000301678283926899	0.000285800479509693	0	0.00100030167828393	0.000254044870675283	0	0.00292151601276575
S5B1522	0.115973412167887	0.0104505997326153	0.0040672604364773	0.00470747735703391	0.00391662116105222	0.00235373867851696	0.0094526145329241	0.00843579942380477	0.00237256858794509	0.00418023989304611	0.00246671813508577	0.00227841904080441	0.0102058109100495	0.00704238612612273	0.00239139849737323	0.00241022840680136	0.0645677594290772	0.0345340538912008	0.00956559398949291	0.00169469184853221	0.00410492025533357	0.00254203777279831	0.00224075922194814	0.00355885288191764	0.00143107311653831	0.0161748921987685	0.0129926375054136	0.0115992242077316	0.0319355263901181	0.00643982902442239	0.00775792268439189	0.0245165420754326	0.00305044532735798	0.00822867042009528	0.00740015440525731	0.0016382021202478	0.0129549776865573	0.000320108460278306	0.00169469184853221	0.00144990302596645	0.00233490876908882	0.00150639275425085	0.00103564501854746	0.0126725290451353	0.0201103432692489	0.00595025137929087	0.00210894985595119	0.00773909277496375	0.00478279699474646	0.0010544749279756	0.00677876739412883	0.00653397857156307	0.00282448641422035	0.00231607885966069	0.000997985199691189	0.00169469184853221	0.000602557101700341	0.00214660967480746	0.00414258007418984	0.0016382021202478	0.000583727192272205	0.00056489728284407	0.0112791157474533	0.00738132449582918	0.00706121603555087	0.00182650121452916	0.00566780273786883	0.00493343627017154	0.00233490876908882	0.00261735741051086	0.00193948067109797	0.00116745438454441	0.00177001148624475	0.000659046829984748	0.00135575347882577	0.000809686105409833	0.00144990302596645	0.000903835652550511	0.0476773306720395	0.021654395842356	0.000885005743122376	0.0199220441749675	0.00431204925904306	0.00414258007418984	0.00579961210386578	0.00431204925904306	0.00463215771932137	0.00225958913137628	0.00154405257310712	0.0010544749279756	0.0013180936599695	0.000640216920556612	0.00197714048995424	0.00154405257310712	0.000395428097990849	0.00122394411282882	0.000282448641422035	0.00135575347882577	0.00205246012766679	0.000583727192272205	0.000414258007418984	0.00103564501854746	0.000753196377125426	0.000282448641422035	0.000244788822565763	0.000357768279134577	0.0876343984785433	0.00357768279134577	0.00148756284482272	0.00306927523678611	0.00237256858794509	0.0029562957802173	0.00278682659536408	0.00210894985595119	0.00161937221081967	0.000583727192272205	0.0016382021202478	0.00186416103338543	0.000809686105409833	0.00128043384111322	0.00199597039938238	0.00493343627017154	0.000847345924266104	0.00193948067109797	0.000225958913137628	0.000320108460278306	0.000395428097990849	0.000527237463987798	0.000677876739412883	0.00073436646769729	0.0116933737548722	0.000677876739412883	0.00843579942380477	0.00419906980247425	0.00133692356939763	0.00120511420340068	0.00276799668593594	0.00192065076166984	0.000244788822565763	0.00265501722936713	0.000451917826275256	0.000941495471406783	0.000809686105409833	0.00056489728284407	0.000414258007418984	0.000809686105409833	0.000414258007418984	0.000225958913137628	0.00139341329768204	0.00156288248253526	0.000263618731993899	0.00073436646769729	0.000903835652550511	0.00086617583369424	0.000696706648841019	0.00114862447511627	0.000376598188562713	0.000282448641422035	0.000847345924266104	0.000207129003709492	0.0238386653360197	0.000659046829984748	0.000960325380834918	0.0024290583162295	0.000583727192272205	0.00143107311653831	0.00329523414992374	0.000527237463987798	0.0135010450599733	0.00483928672303086	0	0.00152522266367899	0.00248554804451391	0.00128043384111322	0.000169469184853221	0.00210894985595119	0.0019018208522417	0.00133692356939763	5.6489728284407e-05	0.000225958913137628	9.41495471406783e-05	0.00670344775641629	0.000225958913137628	0.00148756284482272	0.00146873293539458	3.76598188562713e-05	0.000357768279134577	0.00133692356939763	0.000621387011128476	5.6489728284407e-05	0.000112979456568814	0.000357768279134577	0.00030127855085017	0.000960325380834918	0.00320108460278306	0.000112979456568814	0.000696706648841019	0.000169469184853221	0.00030127855085017	0.00177001148624475
S5B3040	0.0622773230621088	0.0198001925854598	0.00436928261916225	0.00364708714492056	0.00339431872893597	0.0074867597496389	0.0131921039961483	0.0179706307173808	0.00452575830524795	0.00617477130476649	0.00343042850264805	0.00609051516610496	0.00716177178623014	0.00671641791044776	0.00115551275878671	0.00191381800674049	0.0496750120365912	0.0226649012999519	0.0150216658642273	0.00724602792489167	0.0057655272026962	0.012650457390467	0.0047303803562831	0.0037915262397689	0.00098700048146365	0.0101588830043332	0.00751083293211363	0.0163216177178623	0.0266490129995185	0.0207510832932114	0.00594607607125662	0.0121208473760231	0.00225084256138662	0.00513962445835339	0.00559701492537313	0.00229898892633606	0.0110616273471353	0.00280452575830525	0.000649975926817525	0.00136013480982186	0.00178141550312951	0.00164901299951854	0.000710158883004333	0.00837746750120366	0.0147327876745306	0.0145402022147328	0.00922002888781897	0.00907558979297063	0.00355079441502167	0.00176937891189215	0.00474241694752046	0.00962927298988926	0.00157679345209437	0.00115551275878671	0.00201011073663938	0.00300914780934039	0.00133606162734714	0.00982185844968705	0.00421280693307655	0.00113143957631199	0.000541646605681271	0.000553683196918633	0.01108570052961	0.00624699085219066	0.0124939817043813	0.00258786711603274	0.00604236880115551	0.00373134328358209	0.00452575830524795	0.0091478093403948	0.00288878189696678	0.00221473278767453	0.00229898892633606	0.000830524795377949	0.00117958594126143	0.00217862301396245	0.00164901299951854	0.000517573423206548	0.0360375541646606	0.0178502648050072	0.00842561386615311	0.0170558497833414	0.00500722195474242	0.0032258064516129	0.00385170919595571	0.00266008666345691	0.00527202696196437	0.00273230621088108	0.00226287915262398	0.000950890707751565	0.00179345209436688	0.000950890707751565	0.00362301396244584	0.00129995185363505	0.000481463649494463	0.00231102551757342	0.0019740009629273	0.00139624458353394	0.00208233028406355	0.00208233028406355	0.00102311025517573	0.000999037072701011	0.000770341839191141	0.000818488204140587	0.00534424650938854	0.000324987963408763	0.0544655753490611	0.00920799229658161	0.00323784304285026	0.00310544053923929	0.0035387578237843	0.00417669715936447	0.00380356283100626	0.00286470871449206	0.00138420799229658	0.000613866153105441	0.00194992778045258	0.00121569571497352	0.000601829561868079	0.00314155031295137	0.00376745305729417	0.00485074626865672	0.000830524795377949	0.00163697640828117	0.000794415021665864	0.000469427058257102	0.000637939335580164	0.000481463649494463	0.000878671160327395	0.000613866153105441	0.00964130958112662	0.00115551275878671	0.00588589311506981	0.00374337987481945	0.00757101588830043	0.00263601348098219	0.00222676937891189	0.00186567164179104	0.000445353875782378	0.00226287915262398	0.00180548868560424	0.00107125662012518	0.000902744342802118	0.000734232065479056	0.00128791526239769	0.000577756379393356	0.000493500240731825	0.000156475686085701	0.00866634569090034	0.00127587867116033	0.00215454983148772	0.00368319691863264	0.000926817525276842	0.000866634569090034	0.002130476649013	0.00068608570052961	0.000674049109292248	0.000722195474241695	0.00415262397688974	0.000421280693307655	0.0165142031776601	0.00298507462686567	0.00416466056812711	0.00263601348098219	0.000481463649494463	0.00241935483870968	0.00167308618199326	0.000662012518054887	0.00759508907077516	0.00389985556090515	0.000144439094848339	0.00243139142994704	0.00199807414540202	0.00156475686085701	0.000926817525276842	0.00203418391911411	0.0011916225324988	0.000866634569090034	0.000120365912373616	0.000349061145883486	0.000156475686085701	0.00516369764082812	0.00152864708714492	0.00238324506499759	0.00420077034183919	0.00162493981704381	0.00187770823302841	0.00104718343765046	0.00121569571497352	0.000312951372171401	0.000300914780934039	0.000662012518054887	0.000397207510832932	0.000541646605681271	0.0100264805007222	0.00091478093403948	0.00104718343765046	0.000192585459797785	0.00108329321136254	0.00175734232065479
S5B5060	0.0842122343014765	0.0291578776569852	0.00477040402401428	0.00376440045432419	0.00819406133376602	0.00610092487424955	0.00657147493104008	0.0212883336037644	0.00206068473146195	0.00597111796203148	0.00444588674346909	0.00561414895343177	0.00133052085023527	0.00202823300340743	0.000519227648872302	0.00199578127535291	0.0615609281194224	0.0279084861268863	0.00803180269349343	0.00822651306182054	0.0040402401427876	0.0130455946779166	0.00606847314619503	0.00261236410838877	0.000827519065390232	0.00954080804802856	0.00942722699983774	0.018822002271621	0.00621450592244037	0.00918383903942885	0.00621450592244037	0.00311536589323381	0.00275839688463411	0.00133052085023527	0.00640921629076748	0.00150900535453513	0.0042836281031965	0.00347233490183352	0.00245010546811618	0.00157390881064417	0.00123316566607172	0.00116826220996268	0.000989777705662827	0.0081616096057115	0.00395911082265131	0.0121693980204446	0.0102871977932825	0.00298555898101574	0.00528963167288658	0.00129806912218076	0.00126561739412624	0.00425117637514198	0.00215803991562551	0.00189842609118936	0.0022391692357618	0.000941100113581048	0.0012818432581535	0.00597111796203148	0.0006003569690086	0.00089242252149927	0.00058413110498134	0.000438098328736005	0.0118448807398994	0.0197144247931202	0.0107090702579912	0.00150900535453513	0.0047217264319325	0.00178484504299854	0.000259613824436151	0.00851857861431121	0.00193087781924387	0.00270971929255233	0.00201200713938017	0.000519227648872302	0.00100600356969009	0.00597111796203148	0.00136297257828979	0.00089242252149927	0.0333279247119909	0.02883336037644	0.0309427226999838	0.00653902320298556	0.00762615609281194	0.00384552977446049	0.00819406133376602	0.000632808697063119	0.00457569365568717	0.000924874249553789	0.0106441668018822	0.000340743144572448	0.00155768294661691	0.0189193574557845	0.00186597436313484	0.00108713288982638	0.0036021418140516	0.00199578127535291	0.000649034561090378	0.00249878306019796	0.0024014278760344	0.00222294337173454	0.00121693980204446	0.00176861917897128	0.000957325977608308	0.00147655362648061	0.00465682297582346	0.00029206555249067	0.0726594191140678	0.00327762453350641	0.00507869544053221	0.00155768294661691	0.00207691059548921	0.00141165017037157	0.0012007139380172	0.000470550056790524	0.00194710368327113	0.000762615609281194	0.000470550056790524	0.00322894694142463	0.000405646600681486	0.00181729677105306	0.00131429498620802	0.00209313645951647	0.000924874249553789	0.000227162096381632	0.00270971929255233	0.000259613824436151	0.00058413110498134	0.00058413110498134	0.00030829141651793	0.000389420736654227	0.0022391692357618	0.00150900535453513	0.00058413110498134	0.00259613824436151	0.00382930391043323	0.00279084861268863	0.00186597436313484	0.000470550056790524	0.000275839688463411	0.0022391692357618	0.000470550056790524	0.00266104170047055	0.000227162096381632	0.000859970793444751	0.00369949699821516	0.000454324192763265	0.000340743144572448	0.000454324192763265	0.0237059873438261	0.00553301963329547	0.0230894045107902	0.00139542430634431	0.000129806912218076	0.0006003569690086	0.00146032776245335	0.000681486289144897	0.000275839688463411	0.00165503813078046	0.00262858997241603	0.000503001784845043	0.00340743144572448	0.000454324192763265	0.0029206555249067	0.00986532532857375	0.000210936232354373	0.000778841473308454	0.00089242252149927	0.000113581048190816	0.00149277949050787	0.00376440045432419	0.000275839688463411	0.00548434204121369	0.00210936232354373	0.00285575206879766	0.0030829141651793	0.000340743144572448	0.000632808697063119	9.73551841635567e-05	0.000421872464708746	0.000146032776245335	3.24517280545189e-05	0.0016388122667532	0.00399156255070583	0.000616582833035859	0.00150900535453513	0.00215803991562551	0.00212558818757099	0.0018822002271621	0.000210936232354373	0.000421872464708746	0	4.86775920817784e-05	0.000941100113581048	0.000113581048190816	0.0123965601168262	0.000454324192763265	0.000113581048190816	6.49034561090378e-05	0.000713938017199416	0.000454324192763265
S6A07	0.106282308171547	0.0166192392530603	0.00858744885416491	0.00417585748202529	0.00441159137213962	0.0192459883143343	3.3676270016333e-05	0.00484938288235195	0.013049554631329	0.00223947195608614	0.00417585748202529	0.000808230480391992	0.00129653639562882	0.00387277105187829	0.0100692047348836	0.00210476687602081	0.0919698934146054	0.0386435198437421	0.00596069979289094	0.00095977369546549	0.00939567933455691	0.000993449965481823	0.00388960918688646	0.00434423883210696	0.000858744885416491	0.00875583020424658	0.0118877233157655	0.0142955766219334	0.00400747613194363	0.00702150229840543	0.00830120055902608	0.00136388893566149	0.0104396437050632	0.0227314822610248	0.00730775059354426	0.0132010978464025	0.00176800417585748	0.000134705080065332	0.00149859401572682	0.00146491774571049	0.00205425247099631	0.000942935560457324	0.000909259290440991	0.00941251746956507	0.0103554530300224	0	0.0029635117614373	0.00119550758557982	0.00449578204718045	0.000808230480391992	0.0063816531680951	0.0031150549765108	0.00260991092626581	0.00309821684150264	0.00429372442708246	0.00378858037683746	0.000269410160130664	0.000740877940359326	0.00109447877553082	0.00138072707066965	0.00368755156678846	0.000858744885416491	0.016383505362946	0.000521982185253161	0.00414218121200896	0.00786340904881375	0.00914310730943441	0.00210476687602081	0.00178484231086565	0.000151543215073498	0.000168381350081665	0.00153227028574315	0.00505144050244995	0.0117193419656839	0.000909259290440991	0.000101028810048999	0.00168381350081665	0.000976611830473657	0.0108774352152756	0.0172590883833707	0.00419269561703346	0.0237249322265066	0.00476519220731112	0.00394012359191096	8.41906750408325e-05	0.000471467780228662	0.00109447877553082	0.00294667362642914	0.00028624829513883	0.00538820320261328	0.00749297007863409	0.00028624829513883	0.00191954739093098	0.00240785330616781	0.000774554210375659	0.000488305915236828	0.00225631009109431	8.41906750408325e-05	0.000117866945057165	0.000488305915236828	0.00254255838623314	0.00197006179595548	0.00106080250551449	0.000269410160130664	0.000202057620097998	0.00062301099530216	0.0960615602215899	0.00267726346629847	0.00422637188704979	0.00139756520567782	0.0066847395982421	0.000353600835171496	0.000505144050244995	0.0028624829513883	0.00202057620097998	0.0134705080065332	5.05144050244995e-05	0.00121234572058799	0.000555658455269494	0.00562393709272761	0.0035191702167068	0.00144807961070232	0.000976611830473657	0.00144807961070232	0.000841906750408325	0.00116183131556349	0.000555658455269494	0.000538820320261328	0.00028624829513883	0.000218895755106164	0.00101028810048999	0.00579231844280927	0.00441159137213962	0	0	0.00981663270976107	0.00887369714930374	0.0128306588762229	0.00328343632659247	0.00242469144117598	0.00692047348835643	0.00237417703615148	0.00338446513664147	0.00202057620097998	0.000218895755106164	0.0035191702167068	0.000303086430146997	0.000488305915236828	0	0.0115846368856185	0.000168381350081665	0.00109447877553082	0.00139756520567782	0.00335078886662513	0.000218895755106164	0.000774554210375659	0.00276145414133931	0.000202057620097998	0.000521982185253161	0.000690363535334826	0	0.00636481503308694	0	0.000606172860293994	0.00062301099530216	0.00190270925592281	5.05144050244995e-05	0	0	0.000117866945057165	0.00998501405984273	0.00478203034231928	8.41906750408325e-05	5.05144050244995e-05	0.00163329909579215	0.000117866945057165	0.00478203034231928	0.000639849130310327	0.00107764064052266	0.000521982185253161	0.000134705080065332	0	8.41906750408325e-05	0.00767818956372392	0.000218895755106164	0.00429372442708246	0.00213844314603714	0.00457997272222129	6.7352540032666e-05	0.000252572025122497	0.00220579568606981	0.000404115240195996	0.000909259290440991	0.00095977369546549	0	0	0.000740877940359326	0.000117866945057165	0.000370438970179663	0.00264358719628214
S6A1522	0.0825439266615737	0.0205118411000764	0.00427807486631016	0.00339954163483575	0.00318945760122231	0.0194614209320092	0.000611153552330023	0.00444996180290298	0.0213712757830405	0.0104087089381207	0.00126050420168067	0.00131779984721161	0.00215813598166539	0.000553857906799083	0.00754392666157372	0.00219633307868602	0.0581741787624141	0.034453781512605	0.013292589763178	0.00122230710466005	0.0284186401833461	0.00227272727272727	0.00777310924369748	0.00141329258976318	0.0010122230710466	0.00914820473644003	0.0113636363636364	0.0105423987776929	0.00412528647822766	0.0080977845683728	0.00718105423987777	0.00297937356760886	0.012070282658518	0.00811688311688312	0.00351413292589763	0.0103132161955691	0.00200534759358289	0.00124140565317036	0.000859434682964095	0.0014514896867838	0.00284568372803667	0.00108861726508785	0.000993124522536287	0.0109625668449198	0.00410618792971734	0	0.00645530939648587	0.00488922841864018	0.00387700534759358	0.00689457601222307	0.0099694423223835	0.0027501909854851	0.00227272727272727	0.00282658517952636	0.00702826585179526	0.000668449197860963	0.00133689839572193	0.000897631779984721	0.00211993888464477	0.000897631779984721	0.00265469824293354	0.000802139037433155	0.0115546218487395	0.00053475935828877	0.000458365164247517	0.00410618792971734	0.00771581359816654	0.00313216195569137	0.000725744843391902	0.00391520244461421	0.000840336134453782	0.00481283422459893	0.006646294881589	0.0105805958747135	0.000935828877005348	0.000821237585943468	0.00380061115355233	0.000859434682964095	0.0280748663101604	0.0147249809014515	0.00112681436210848	0.00674178762414057	0.00536669213139801	0.00341864018334607	0.000458365164247517	0.000515660809778457	0.00345683728036669	0.00410618792971734	0.00385790679908327	0.00114591291061879	0.00639801375095493	0.000897631779984721	0.00286478227654698	0.0018716577540107	0.000515660809778457	0.000190985485103132	0.00328495034377387	0.000420168067226891	0.000401069518716578	0.00233002291825821	0.000553857906799083	0.000152788388082506	0.00103132161955691	0.000286478227654698	0.000171886936592819	0.000553857906799083	0.074025974025974	0.00712375859434683	0.00616883116883117	0.00964476699770817	0.00603514132925898	0.000133689839572193	0.00255920550038197	0.00502291825821238	0.00131779984721161	0.0147249809014515	0.00423987776928953	0.000954927425515661	0.00326585179526356	0.00324675324675325	0.000515660809778457	0.00834606569900687	0.00271199388846448	0.00284568372803667	0.0040488922841864	0.000744843391902215	0.00059205500381971	0.000229182582123759	0.000190985485103132	0.000114591291061879	0.0108479755538579	0.0160809778456837	0.00935828877005348	0	0.000324675324675325	0.00307486631016043	0.00821237585943468	0.00723834988540871	0.00907181054239878	0.00311306340718105	0.00318945760122231	0.00150878533231474	0.000744843391902215	0.00204354469060351	0.000152788388082506	0.00162337662337662	0.000229182582123759	0.000687547746371276	0.000763941940412529	0.010733384262796	0.00345683728036669	0.00530939648586707	0.00200534759358289	0.00580595874713522	0.000190985485103132	0.00311306340718105	0.000171886936592819	0.000248281130634072	0.000305576776165011	0.00215813598166539	0.000114591291061879	0.0121657754010695	0	0	0.00255920550038197	0.00127960275019099	0.000286478227654698	0.000439266615737204	3.81970970206264e-05	0.00341864018334607	0.012987012987013	0.000229182582123759	0.000152788388082506	0.00175706646294882	0.00280748663101604	0.00108861726508785	0.00106951871657754	0.00112681436210848	0.00296027501909855	0	0.00053475935828877	0	0.000458365164247517	0.00364782276546982	0.000324675324675325	0.00110771581359817	0.000706646294881589	0.000897631779984721	0.000324675324675325	0.00945378151260504	0.00106951871657754	0.00143239113827349	5.72956455309396e-05	9.54927425515661e-05	0.000324675324675325	0.000420168067226891	0.00271199388846448	0.000649350649350649	0.00124140565317036	0.000496562261268144
S6A3040	0.130951999743828	0.00802139037433155	0.00648435748823209	0.00619616382208844	0.00504338915751385	0.00174517275609209	0.00142495757148804	0.00491530308367223	0.00419481891831311	0.0148259630471677	0.00220948477376797	0.00309007653142912	0.000640430369208108	0.000464312017675878	0.00409875436293189	0.00352236703064459	0.0775721284703321	0.0487527618559672	0.00822953024432419	0.0018092157930129	0.028675269781293	0.00339428095680297	0.015642511767908	0.000544365813826892	0.00161708668225047	0.0152262320279228	0.0171315123763169	0.0156104902494476	0.00196932338531493	0.00443498030676615	0.0103589612219411	0.00408274360370169	0.00914214352044574	0.000208139869992635	0.003554388549105	0.00553972269365013	0.00267379679144385	0.000624419609977905	0.00182522655224311	0.00200134490377534	0.00469115245444939	0.000784527202279932	0.00182522655224311	0.0128886611803132	0.00813346568894297	0.000480322776906081	0.00374651765986743	0.00403471132601108	0.00704473406128919	0.00395465752986007	0.012952704217234	0.00187325882993372	0.00309007653142912	0.00421082967754331	0.00172916199686189	0.000976656313042364	0.00283390438374588	0.00160107592302027	0.00136091453456723	0.000992667072272567	0.00142495757148804	0.00126484997918601	0.0157705978417497	0.00225751705145858	0.000304204425373851	0.00333023791988216	0.00401870056678088	0.00366646386371642	0.00108873162765378	0.00206538794069615	0.00265778603221365	0.00312209804988953	0.00267379679144385	0.000752505683819527	0.00115277466457459	0.000848570239200743	0.000336225943834257	0.00124883921995581	0.0311089051842838	0.0210221268692561	0.0232156008837939	0.00166511895994108	0.00292996893912709	0.00774920746741811	0.000928624035351756	0.0110634346280701	0.00147298984917865	0.00608408850747702	0.00190528034839412	0.000944634794581959	0.00278587210605527	0.00140894681225784	0.00248166768068142	0.00209740945915655	0.000752505683819527	0.000208139869992635	0.0011687854238048	4.80322776906081e-05	0.000672451887668513	0.00193730186685453	0.000112075314611419	0	0.000496333536136284	0.000144096833071824	0.00041627973998527	0.000672451887668513	0.118591693618111	0.00422684043677351	0.00438694802907554	0.00366646386371642	0.00389061449293926	0.00160107592302027	0.0065163790066925	0.00581190560056358	0.00168112971917128	0.00405072208524128	0.00124883921995581	0.00100867783150277	0.00336225943834257	0.000256172147683243	4.80322776906081e-05	6.40430369208108e-05	0.000624419609977905	0.00108873162765378	0.0012168177014954	0.00115277466457459	0.000560376573057094	0.000544365813826892	0.000928624035351756	0.000320215184604054	0.0177078997086042	0.00219347401453777	0.000880591757661148	0.000400268980755067	0.00433891575138493	0.00630823913669986	0.00104069934996318	0.00196932338531493	0.00344231323449358	0.00230554932914919	0.000464312017675878	0.000448301258445675	0.000304204425373851	0.000336225943834257	0.000672451887668513	0.000720484165359121	6.40430369208108e-05	0.00107272086842358	0.00755707835665567	0.001184796183035	0.00302603349450831	0.00254571071760223	0.000288193666143649	0.000688462646898716	0.000272182906913446	0.00233757084760959	0.00083255947997054	3.20215184604054e-05	0.000800537961510135	0.000112075314611419	0.000448301258445675	0.00619616382208844	0.00017611835153223	0	0.00195331262608473	0.00268980755067405	0.000208139869992635	0.001184796183035	0.000128086073841622	0.00317013032758013	0.00557174421211054	0	0.000192129110762432	0.00169714047840149	0.000624419609977905	0.000576387332287297	6.40430369208108e-05	0.000112075314611419	0.000896602516891351	0.000224150629222838	0.000144096833071824	0	0	0	0.00483524928752121	0.000672451887668513	0	3.20215184604054e-05	0.000272182906913446	0.000320215184604054	0.000128086073841622	0.000288193666143649	8.00537961510135e-05	6.40430369208108e-05	0.000224150629222838	0.000720484165359121	0.000288193666143649	0.00156905440455986	0.00192129110762432	0
S6B07	0.151894112277499	0.00528134576514312	0.011188628806155	0.00701571363369629	0.00674186607550368	0.00512486144617591	3.91210797418009e-05	0.00266023342244246	0.00588120232118406	0.00177348894829497	0.00404251157331942	0.00149964139010237	5.21614396557345e-05	0.00375562365521288	0.014135750146704	0.00369042185564322	0.0998891569407316	0.0588772250114103	0.00645497815739714	0.00237334550433592	0.000482493316815544	0.0013561974310491	0.0028297581013236	0.00470756992893004	0.00169524678881137	0.0196257416704701	0.0183347460389907	0.0181782617200235	0.00299928278020473	0.00635065527808568	0.0127925930755689	0	0.00528134576514312	0.00979331029536415	0.00735476299145856	0.0112147095259829	0.00332529177805307	0.000221686118536872	0.00144747995044663	0.00250374910347526	0.00203429614657365	0.000951946273717155	0.00207341722631545	0.012766512355741	0.00727652083197496	0.000130403599139336	0.00177348894829497	0.00204733650648758	0.00688531003455695	0	0.00133011671122123	0.00061289691595488	0.00340353393753668	0.00350785681684814	0.00359913933624568	0.00118667275216796	0.00075634087500815	0.000665058355610615	0.000312968637934407	0.00190389254743431	0.00277759666166786	0.000678098715524548	0.0222729347329986	0	0.00429027841168416	0.00323400925865554	0.00333833213796701	0.0028688791810654	0.000964986633631088	0	0	0.00152572210993023	0.00326008997848341	0.00168220642889744	0.000521614396557345	7.82421594836018e-05	0.000443372237073743	0.000991067353458955	0.00213861902588511	0.031440307752494	0.00791549846775771	0.0198735085088348	0.0042641976918563	0.0059333637608398	0.00014344395905327	0	0.000560735476299146	0.00133011671122123	0	0.00299928278020473	0.00293408098063507	0.000247766838364739	0.000117363239225403	0.00269935450218426	0.00121275347199583	0.000717219795266349	0.00568559692247506	7.82421594836018e-05	0	0.000352089717676208	0.00323400925865554	0.00172132750863924	0.000326008997848341	0.000534654756471279	0.000652017995696681	0.000743300515094217	0.13824085544761	0.00735476299145856	0.000482493316815544	0.000195605398709004	0.00226902262502445	2.60807198278672e-05	0.000352089717676208	0.000638977635782748	0.00217774010562692	0.000704179435352416	0	0.00182565038795071	0.00109539023277042	0.00146052031036057	0.00168220642889744	0.000221686118536872	0.000482493316815544	0.000273847558192606	0.000508574036643411	0.000991067353458955	0.000404251157331942	0.00118667275216796	0.00075634087500815	0.000273847558192606	0	0.0031036056595162	0.00414683445263089	0	6.52017995696681e-05	0.00972810849579448	0.00263415270261459	0.00856751646345439	0.00219078046554085	0.00153876246984417	0.00486405424789724	0.00161700462932777	0.0111495077264132	6.52017995696681e-05	0.000339049357762274	0.00165612570906957	0.000391210797418009	0.000547695116385212	0	0.00525526504531525	0	0.00114755167242616	0.00133011671122123	0.00153876246984417	0	0.000456412596987677	0.00239942622416379	7.82421594836018e-05	0.000847623394405686	0.00203429614657365	0	0.00421203625220056	0	0.000365130077590141	7.82421594836018e-05	0.00299928278020473	0.00103018843320076	2.60807198278672e-05	0	0	0.00370346221555715	0.00232118406468019	0	0	0.000195605398709004	5.21614396557345e-05	0.0016691660689835	0.000964986633631088	0.00114755167242616	0.000743300515094217	6.52017995696681e-05	3.91210797418009e-05	0	0.0147095259829171	0	0.002947121340549	0.0030644845797744	0.000391210797418009	0	0	0.00198213470691791	0	0.0016691660689835	0.000221686118536872	3.91210797418009e-05	0	0.00014344395905327	0	0.000495533676729478	0.000560735476299146
S6B1522	0.11759960487323	0.0114092854790912	0.00668422785643727	0.00773789924267369	0.00500493908462298	0.00274942377346065	6.58544616397761e-05	0.00714520908791571	0.0245307869608166	0.00454395785314455	0.00192624300296345	0.00136648007902535	0.00675008231807705	0.00218966084952256	0.00974646032268686	0.00301284162001976	0.0873724069805729	0.0474646032268686	0.00712874547250576	0.00182746131050379	0.0145373724069806	0.000625617385577873	0.0113434310174514	0.00512018439249259	0.00141587092525519	0.0145538360223905	0.0147843266381297	0.015294698715838	0.00314455054329931	0.00945011524530787	0.0106354955548238	0.000230490615739216	0.0141751728679618	0.0111952584787619	0.00411590385248601	0.0139940730984524	0.00304576885083964	0.000921962462956865	0.000477444846888377	0.00207441554165295	0.00144879815607507	0.00118538030951597	0.00204148831083306	0.0113269674020415	0.00567994731643069	0	0.00548238393151136	0.00273296015805071	0.00544945670069147	0.00197563384919328	0.00698057293381627	0.000707935462627593	0.00263417846559104	0.00325979585116892	0.00367138623641752	0.0022061244649325	0.000872571616727033	0.000823180770497201	0.000543299308528153	0.00171221600263418	0.00148172538689496	0.000411590385248601	0.0162166611787949	0.000296345077378992	0.000790253539677313	0.00462627593019427	0.00207441554165295	0.00462627593019427	0.000707935462627593	0.00113598946328614	0.000493908462298321	0.00210734277247284	0.00429700362199539	0.0254198221929536	0.00133355284820547	0.000263417846559104	0.00223905169575239	0.00107013500164636	0.0115080671715509	0.0236911425749095	0.000148172538689496	0.0102074415541653	0.00480737569970366	0.0049720118538031	0.000148172538689496	0	0.00182746131050379	0.00330918669739875	0.000625617385577873	0.000905498847546921	0.0027658873888706	0.000625617385577873	0.00171221600263418	0.00283174185051037	0.000707935462627593	0.000543299308528153	0.00299637800460981	0.000263417846559104	0.000115245307869608	0.000460981231478433	0.00128416200197563	0.000559762923938097	0.000460981231478433	0.00016463615409944	0.00126769838656569	0.000428054000658545	0.107540335857754	0.00452749423773461	0.0046756667764241	0.00181099769509384	0.00268356931182088	0.000115245307869608	0.00120184392492591	0.00181099769509384	0.00169575238722423	0.00479091208429371	0.000428054000658545	0.000559762923938097	0.00100428054000659	0.000905498847546921	0.0027658873888706	0.00396773131379651	0.00311162331247942	0.00133355284820547	0.00423114916035561	0.00115245307869608	0.00118538030951597	0.000724399078037537	0.000460981231478433	0.000592690154757985	0.0115245307869608	0.0040006585446164	0.00587751070135002	0	0.000115245307869608	0.000740862693447481	0.00567994731643069	0.00874217978268028	0.00194270661837339	0.00148172538689496	0.00135001646361541	0.00162989792558446	0.00149818900230491	0.000477444846888377	9.87816924596641e-05	0.00131708923279552	0.000214027000329272	0.00102074415541653	6.58544616397761e-05	0.0130556470200856	0.000889035232136977	0.0017945340796839	0.00167928877181429	0.00436285808363517	8.23180770497201e-05	0.000691471847217649	0.000691471847217649	0.000181099769509384	3.2927230819888e-05	0.0016463615409944	0	0.0118373394797498	3.2927230819888e-05	0.000493908462298321	0.00102074415541653	0.00118538030951597	0	0.000493908462298321	0	0.00032927230819888	0.00862693447481067	0.000279881461969048	0.00016463615409944	0.000181099769509384	0.00110306223246625	0.00103720777082647	0.000987816924596642	0.000378663154428713	0.00187685215673362	0	0.000411590385248601	0	0	0.0117385577872901	0	0.00133355284820547	0.000576226539348041	6.58544616397761e-05	0	0.00265064208100099	0.00561409285479091	0.000740862693447481	6.58544616397761e-05	0.000296345077378992	0.000428054000658545	0.000263417846559104	0.000576226539348041	0.000477444846888377	0.000444517616068489	0.00107013500164636
S6B3040	0.119004835034549	0.0106333710009077	0.00694688872010522	0.00692836368351827	0.00479798447601934	0.0102443452325818	0.000981826939108205	0.00602063689075786	0.0214705174042719	0.00992941961060373	0.00135232767084715	0.00227857950019451	0.00170430336599915	0.00127822752449936	0.00907726792760416	0.00211185417091199	0.0747855727015061	0.0419592078694355	0.0115225727570812	0.0027046553416943	0.0261944017339434	0.00288990570756377	0.00872529223245216	0.00153757803671662	0.00192660380504251	0.0156166058427965	0.0139493525499713	0.0149126544524925	0.00350123191493303	0.00507586002482355	0.00898464274466942	0.00194512884162946	0.0105036957447991	0.00333450658565051	0.0100035197569515	0.00653933791519238	0.00283433059780293	0.000685426353717049	0.00142642781719494	0.00140790278060799	0.00209332913432504	0.00109297715862989	0.00174135343917304	0.0102999203423427	0.00405698301254145	0.000518701024434523	0.00442748374428039	0.00489060965895408	0.00546488579314944	0.00283433059780293	0.00670606324447491	0.00690983864693133	0.00344565680517219	0.00292695578073767	0.00285285563438988	0.00127822752449936	0.00120412737815157	0.000685426353717049	0.000759526500064838	0.0013338026342602	0.00159315314647746	0.00107445212204294	0.0133750764157759	0.00335303162223745	0.00140790278060799	0.00602063689075786	0.00300105592708546	0.00331598154906356	0.0016857783294122	0.00448305885404124	0.00164872825623831	0.00344565680517219	0.00318630629295493	0.00657638798836628	0.000926251829347363	0.000277875548804209	0.00227857950019451	0.00100035197569515	0.0233230210629666	0.0210444415627721	0.0016857783294122	0.0102072951594079	0.0040755080491284	0.00531668550045386	0.000166725329282525	0.0054093106833886	0.00292695578073767	0.0043904336711065	0.000759526500064838	0.00181545358552083	0.00444600878086734	0.0010188770122821	0.00207480409773809	0.00272318037828125	0.000574276134195365	0.000333450658565051	0.00229710453678146	0.000833626646412627	0.000666901317130101	0.00120412737815157	0.000926251829347363	0.000129675256108631	0.000926251829347363	0.000351975695151998	0.000166725329282525	0.000592801170782312	0.102665752764862	0.00531668550045386	0.00351975695151998	0.00361238213445472	0.00213037920749893	0.00187102869528167	0.00190807876845557	0.00848446675682184	0.00198217891480336	0.00277875548804209	0.000574276134195365	0.000926251829347363	0.00318630629295493	0.000796576573238732	0.000648376280543154	0.000222300439043367	0.00496470980530187	0.00263055519534651	0.00318630629295493	0.0013708527074341	0.000870676719586521	0.000555751097608418	0.000370500731738945	0.000518701024434523	0.00942924362275615	0.00759526500064838	0.00268613030510735	7.4100146347789e-05	0.00427928345158482	0.00698393879327912	0.00339008169541135	0.00705803893962691	0.00409403308571534	0.00376058242715029	0.00144495285378189	0.000685426353717049	0.00148200292695578	0.000351975695151998	0.00198217891480336	0.000796576573238732	0.00125970248791241	0.000555751097608418	0.00300105592708546	0.00633556251273596	0.00389025768325892	0.00344565680517219	0.000296400585391156	0.00183397862210778	5.55751097608418e-05	0.0013338026342602	0.000129675256108631	0.00040755080491284	0.000296400585391156	0.000796576573238732	0.000314925621978103	0.00670606324447491	3.70500731738945e-05	0.00040755080491284	0.00363090717104166	0.000833626646412627	0.000685426353717049	0.00151905300012968	0.000166725329282525	0.00188955373186862	0.00633556251273596	0	0	0.00125970248791241	0.000148200292695578	0.000148200292695578	0.000148200292695578	0.000926251829347363	0.00248235490265093	0	0.000351975695151998	9.26251829347363e-05	0.000185250365869473	0.000426075841499787	0.000592801170782312	0.00603916192734481	0.00142642781719494	0.000815101609825679	0.000555751097608418	0.00364943220762861	0.00209332913432504	0.000703951390303996	9.26251829347363e-05	0.000148200292695578	0.000240825475630314	0.000537226061021471	0.00418665826865008	0.00094477686593431	0.00122265241473852	0.00094477686593431
S7A07	0.107683786313196	0.00212006035487136	0.0108103978455603	0.00548159749412686	0.00416372213839601	0.00265485035429837	5.72989285100369e-05	0.00670397463567431	0.00341883606776553	0.00496590713753653	0.00576809213667704	0.00143247321275092	0.00124147678438413	0.0126439635578815	0.0151078174838131	0.00244475428309491	0.0834463395534503	0.0373780010313807	0.0101228107034398	0.00152797142693432	0.000324693928223542	0.00219645892621808	0.00542429856561682	0.00817464713409859	0.000706686784957121	0.0172278778386844	0.0120518746299444	0.0136753442710621	0.00477491070916974	0.0178963653379682	0.00855663999083217	0.00206276142636133	0.00548159749412686	0.0366713142464236	0.0199018278358195	0.00763985713467158	0.00267394999713505	0.000630288213610406	0.00641747999312413	0.00192906392650457	0.00166166892679107	0.00122237714154745	0.00124147678438413	0.0247340374734992	0.00320873999656206	0.00204366178352465	0.00557709570831025	0.0014515728555876	0.00502320606604656	0.000343793571060221	0.00788815249154841	0.00196726321217793	0.00443111713810952	0.00276944821131845	0.00353343392478561	0.00742976106346811	0.000343793571060221	0.000592088927937048	0.000267394999713505	0.00114597857020074	0.0032660389250721	0.000630288213610406	0.0109631949882537	0.000706686784957121	0.0259755142578834	0.00615008499341062	0.00441201749527284	0.00343793571060221	0.00628378249326738	0.000114597857020074	0	0.00355253356762229	0.0107339992742136	0.000572989285100369	0.000763985713467158	0.000133697499856753	0.00137517428424088	0.000840384284813874	0.00278854785415513	0.0292797524686288	0.00124147678438413	0.0177626678381114	0.00393452642435586	0.00502320606604656	0.000840384284813874	0.00091678285616059	0.000954982141833948	0.00592088927937048	9.54982141833948e-05	0.00664667570716428	0.00206276142636133	0.000381992856733579	0.0003628932138969	0.00231105678323815	0.000133697499856753	0.000706686784957121	0.00582539106518708	0.00101228107034398	0.000649387856447084	0.00131787535573085	0.00164256928395439	0.00261665106862502	0.000210096071203468	0.000305594285386863	0.00019099642836679	0.000630288213610406	0.101151708463052	0.0185839524800886	0.00103138071318066	0.00183356571232118	0.00206276142636133	0.00769715606318162	0.000420192142406937	0.00105048035601734	0.00391542678151919	0.00148977214126096	0	0.000630288213610406	0.000840384284813874	0.000592088927937048	0.00143247321275092	0.00208186106919801	0.00169986821246443	0.000133697499856753	0.000897683213323911	0.000496590713753653	0.000534789999427011	0.000668487499283763	0.000305594285386863	0.00219645892621808	0	0.000649387856447084	0.00311324178237867	5.72989285100369e-05	0	0.00433561892392612	0.00424012070974273	0.00540519892278014	0.000706686784957121	0.00171896785530111	0.00796455106289512	0.00148977214126096	0.00307504249670531	0.0011841778558741	0.000152797142693432	0.00364803178180568	0.000210096071203468	0.0010886796416907	0	0.00330423821074546	0.00101228107034398	0.00137517428424088	0.00126057642722081	0.000171896785530111	0	0.00391542678151919	0.00758255820616154	9.54982141833948e-05	0.000420192142406937	0.00259755142578834	0	0.00296044463968524	0	0.000744886070630479	0.00019099642836679	0.00469851213782302	9.54982141833948e-05	0.00166166892679107	0	0	0.003628932138969	0.000878583570487232	0.000152797142693432	7.63985713467158e-05	0.000210096071203468	0.00171896785530111	0.000897683213323911	0.00141337356991424	0.000305594285386863	0.00101228107034398	0.000496590713753653	0.00454571499512959	0.0003628932138969	0.000821284641977195	0	0.000611188570773726	0.001547071069771	0.00152797142693432	0.000706686784957121	0	0.00248295356876826	0.00019099642836679	0.000649387856447084	0	0.000229195714040147	0	0.00196726321217793	0.000152797142693432	0.000114597857020074	0.00427831999541609
S7A1522	0.0685133993703448	0.0139944713199724	0.00351301543423174	0.00495277585809721	0.0028603240420794	0.00668048836673578	0.00188128695385088	0.00525992474852185	0.0167780081394456	0.0133801735391231	0.00103662750518314	0.00122859556169853	0.00510635030330953	0.00128618597865315	0.0054326959993857	0.00128618597865315	0.0564194118098748	0.0315595484911311	0.012381939645243	0.00259156876295784	0.0420218075712201	0.00136297320125931	0.0141480457651847	0.00105582431083468	0.000729478614758504	0.00967519004837595	0.00735237656453966	0.00790908392843431	0.00115180833909238	0.0118636258926515	0.00527912155417339	0.011172540889196	0.0072755893419335	0.00143976042386547	0.00424249404899025	0.0109997696383322	0.0016509252860324	0.00357060585118636	0.00299470168164018	0.0010174306995316	0.00314827612685249	0.000883053059970821	0.000748675420410044	0.00673807878369039	0.00478000460723336	0	0.00656530753282654	0.00241879751209399	0.00362819626814098	0.00823542962451048	0.0158181678568686	0.00646932350456884	0.00222682945557859	0.00232281348383629	0.00126698917300161	0.000633494586500806	0.00132457958995623	0.00301389848729171	0.00261076556860938	0.000729478614758504	0.00238040390079091	0.00105582431083468	0.00915687629578438	0.00282193043077632	0.00211164862166935	0.00775550948322199	0.00527912155417339	0.00372418029639868	0.00435767488289949	0.00399293557552023	0.00309068570989787	0.00516394072026415	0.00631574905935652	0.00875374337710205	0.00236120709513937	0.000403132918682331	0.00272594640251862	0.000671888197803885	0.0429240574368425	0.0112685249174537	0.00777470628887353	0.00353221223988328	0.00595100975197727	0.0025723719573063	0.00153574445212317	0.0109613760270291	0.0036857866850956	0.00716040850802427	0.00280273362512478	0.00787069031713123	0.00790908392843431	0.00094064347692544	0.00616217461414421	0.00220763264992705	0.000230361667818475	0.000268755279121554	0.00360899946248944	0.00249558473470015	0.000633494586500806	0.00190048375950242	0.000671888197803885	3.83936113030792e-05	0.000691085003455425	0.000211164862166935	0.000172771250863856	0.000287952084773094	0.06571066574522	0.00694924364585733	0.00650771711587192	0.0100399293557552	0.00157413806342625	0.000345542501727712	0.00170851570298702	0.0108461951931199	0.000806265837364663	0.00597020655762881	0.000614297780849267	0.00140136681256239	0.00817783920755586	0.00247638792904861	0.000249558473470015	0.000153574445212317	0.0011134147277893	0.00353221223988328	0.0056246640559011	0.0009214466712739	0.000403132918682331	0.000383936113030792	0.000249558473470015	0.000115180833909237	0.013802503263457	0.00614297780849267	0.00633494586500806	0.000307148890424633	0.00122859556169853	0.0108269983874683	0.00549028641634032	0.00863856254319281	0.0125163172848038	0.00328265376641327	0.00220763264992705	0.00134377639560777	0.00238040390079091	0.00224602626123013	0.00209245181601781	0.000998233893880058	0.00201566459341166	0.000825462643016202	0.000307148890424633	0.0102318974122706	0.00151654764647163	0.0020348613990632	0.000134377639560777	0.0020348613990632	0.00591261614067419	0.00364739307379252	0.000230361667818475	0.000518313752591569	0.00134377639560777	0.00253397834600322	5.75904169546187e-05	0.0119020195039545	0	0.000268755279121554	0.00370498349074714	0.0017469093142901	0.00107502111648622	0.00115180833909238	0.000153574445212317	0.00307148890424633	0.0071796053136758	0.00094064347692544	0.000537510558243108	0.00205405820471474	0.000326345696076173	0.00426169085464179	0.00502956308070337	0.00122859556169853	0.0016509252860324	7.67872226061583e-05	0.000729478614758504	0	0	0	0.000825462643016202	0.00213084542732089	0	0.000710281809106965	0.000633494586500806	0.000268755279121554	0.00130538278430469	0.00115180833909238	0.000172771250863856	7.67872226061583e-05	0.000671888197803885	0.00324426015511019	0.00182369653689626	0.00282193043077632	0.00176610611994164	0.00103662750518314
S7A3040	0.0763322393059963	0.0179493115798935	0.00426262103528579	0.00449413719375179	0.00358169115744461	0.00230154298710319	0.0017295618897166	0.00765365182693486	0.00792602377807133	0.0142450530444375	0.00130738536545507	0.00277819390159201	0.00566533658363862	0.00141633414590965	0.00437156981574038	0.00130738536545507	0.0492993231557014	0.0365114600498441	0.0151166432880742	0.00153890152392107	0.028176878345068	0.00273733810892154	0.0327391085266039	0.00111672499965953	0.000708167072954827	0.00897465578994675	0.0109765896307998	0.00936959511909463	0.00179765487750071	0.0166555448119953	0.00589685274210462	0.00128014817034142	0.0124473981669368	0.000313227743806943	0.00213811981642131	0.00828010731454875	0.00157975731659154	0.00183851067017119	0.00671396859551403	0.000994157621648123	0.00181127347505754	0.00114396219477318	0.000857971646079887	0.00720423810755968	0.00892018139971946	0.000817115853409416	0.00810306554631004	0.00424900243772896	0.00324122621852402	0.00714976371733239	0.0101594737773904	0.0127197701180732	0.00187936646284166	0.00171594329215977	0.00318675182829672	0.00280543109670566	0.00381320731591061	0.00345912377943319	0.00291437987716025	0.000966920426534476	0.00209726402375083	0.00140271554835283	0.00906998597284452	0.000299609146250119	0.00181127347505754	0.00465756036443367	0.0053657274373885	0.00292799847471707	0.00614198749812744	0.00330931920630813	0.00306418445028531	0.00374511432812649	0.00374511432812649	0.00162061310926201	0.00136185975568236	0.000953301828977652	0.00186574786528483	0.000735404268068474	0.0530580560813847	0.0137820207275055	0.0192294597502349	0.00381320731591061	0.00351359816966049	0.00262838932846695	0.0024241103651146	0.000762641463182122	0.00437156981574038	0.0043307140230699	0.00221983140176225	0.0055972435958545	0.00480736493755873	0.00159337591414836	0.00437156981574038	0.00113034359721636	0.00279181249914884	6.8092987784118e-05	0.00337741219409225	0.00281904969426248	0.00168870609704613	0.00314589603562625	0.000517506707159297	0	0.000721785670511651	0.000285990548693296	0.000231516158466001	0.000272371951136472	0.0699042612591755	0.00475289054733144	0.00804859115608275	0.00640074085170709	0.00128014817034142	0.0019610780481826	0.00458946737664955	0.00735404268068474	0.000735404268068474	0.00671396859551403	0.00137547835323918	0.00181127347505754	0.00931512072886734	0.00570619237630909	5.44743902272944e-05	0.000177041768238707	0.000585599694943415	0.00268286371869425	0.00501164390091108	0.00136185975568236	0.000435795121818355	0.00053112530471612	0.000517506707159297	0.000258753353579648	0.0288578082229092	0.00268286371869425	0.00298247286494437	0.00175679908483024	0.00231516158466001	0.0139182067030737	0.00300971006005802	0.0017295618897166	0.00754470304648027	0.00285990548693296	0.000857971646079887	0.00159337591414836	0.000939683231420828	0.0014980457312506	0.00117119938988683	0.000721785670511651	0.000694548475398004	0.00122567378011412	0.00292799847471707	0.00269648231625107	0.000749022865625298	0.00454861158397908	4.08557926704708e-05	0.0014435713410233	0.000258753353579648	0.00230154298710319	0.00014980457312506	0.000435795121818355	0.000585599694943415	0.00117119938988683	0.000735404268068474	0.0102411853627313	0.000163423170681883	0.000394939329147884	0.00247858475534189	0.00192022225551213	0.000735404268068474	0.000980539024091299	0.000245134756022825	0.00563809938852497	0.00306418445028531	0.00133462256056871	0.000653692682727533	0.0039221560963652	0.0012120551825573	0.00275095670647837	0.000408557926704708	0.000626455487613886	0.0012120551825573	0.000285990548693296	0.000653692682727533	6.8092987784118e-05	0	0	0.00437156981574038	0.00119843658500048	0.000381320731591061	0.000776260060738945	0.000653692682727533	0.000299609146250119	0.000599218292500238	0.000599218292500238	5.44743902272944e-05	0.000354083536477414	0.00171594329215977	0.00596494572988874	0.00104863201187542	0.00211088262130766	0.0053657274373885	0.000177041768238707
S7A5060	0.0707283515349557	0.0175853469773841	0.00386963625419211	0.0045575715882707	0.00232178175251526	0.0017628342935764	0.0198641327715195	0.00958809871872044	0.00834121592570298	0.0228738498581133	0.000988907042737983	0.00361166050391263	0.00326769283687333	0.00103190300111789	0.000472955542179035	0.00171983833519649	0.056883652936624	0.0317740132427552	0.00816923209218333	0.0124258319717947	0.0198211368131396	0.00180583025195632	0.0189612176455413	0.00094591108435807	0.000515951500558947	0.00748129675810474	0.00933012296844097	0.0116519047209562	0.0102330380944191	0.0193051853125806	0.00584745033966807	0.000515951500558947	0.0151345773497291	0.00137587066815719	0.00189182216871614	0.00528850288072921	0.00146186258491702	0	0.00184882621033623	0.00137587066815719	0.00120388683463754	0.00124688279301746	0.00111789491787772	0.00765328059162439	0.00597643821480781	0.00154785450167684	0.00662137759050649	0.00365465646229254	0.00262275346117465	0.00718032504944535	0.00429959583799123	0.00464356350503053	0.00133287470977728	0.00141886662653711	0.00159085046005675	0.00408461604609167	0.00507352308882965	0.00154785450167684	0.00262275346117465	0.000773927250838421	0.00197781408547597	0.00116089087625763	0.00829821996732307	0	0.000214979791899561	0.00743830079972483	0.0042136039212314	0.00189182216871614	0.00296672112821395	0.00520251096396939	0.00133287470977728	0.00563247054776851	0.00339668071201307	0.000472955542179035	0.00111789491787772	0.00120388683463754	0.000257975750279474	0.000730931292458509	0.0547338550176283	0.0116089087625763	0.0510362025969559	0.00159085046005675	0.00180583025195632	0.00227878579413535	0.000730931292458509	0.000214979791899561	0.00477255138017026	0.00197781408547597	0.00133287470977728	0.0017628342935764	0.00214979791899561	0.000902915125978158	0.00253676154441483	0.00240777366927509	0.00847020380084272	0.000128987875139737	0.00197781408547597	0.000644939375698684	0.000644939375698684	0.00318170092011351	8.59919167598246e-05	0.000515951500558947	0.00154785450167684	0.000429959583799123	8.59919167598246e-05	0.000472955542179035	0.0595494023561785	0.00292372516983404	0.0115659128041964	0.00851319975922263	0.000429959583799123	0.00675036546564623	0.00412761200447158	0.00262275346117465	0.00193481812709605	0.00253676154441483	0.000859919167598246	0.00227878579413535	0.00619141800670737	0.000429959583799123	0.000128987875139737	8.59919167598246e-05	0.00094591108435807	0.00128987875139737	0.000472955542179035	0.000429959583799123	0.000300971708659386	0.000515951500558947	0.000386963625419211	0.000214979791899561	0.0239057528592312	0.00283773325307421	0.00107489895949781	0.000214979791899561	0.00778226846676412	0.0162524722676068	0.00417060796285149	0.00159085046005675	0.00657838163212658	0.00223578983575544	0.000214979791899561	0.00236477771089518	0.000171983833519649	0.000343967667039298	0	0.000343967667039298	0	0.00107489895949781	0.0301831627826984	0.00159085046005675	0	0.00322469687849342	0	0.000257975750279474	0.000257975750279474	0.00232178175251526	0.00356866454553272	0	0.00120388683463754	0.000902915125978158	0.000902915125978158	0.0045575715882707	0.000300971708659386	0.000257975750279474	0.000816923209218334	0.000730931292458509	0.000257975750279474	0.000902915125978158	0.00133287470977728	0.00885716742626193	0.00055894745893886	0.000171983833519649	0.000730931292458509	0.00627740992346719	0.00576145842290825	0.000816923209218334	0	0.000343967667039298	0.000773927250838421	8.59919167598246e-05	8.59919167598246e-05	0.000214979791899561	0.00227878579413535	0	0.0209390317310173	0.000515951500558947	0	0.000472955542179035	0.00137587066815719	0.000988907042737983	0.000644939375698684	0.000644939375698684	0	0.000386963625419211	0.00103190300111789	0.0076962765500043	0.000128987875139737	0.0017628342935764	0.00563247054776851	0.000214979791899561
S7B07	0.137940439881971	0.00265317761412383	0.010042401249721	0.00540553943812145	0.00463686181159959	0.00198368419747576	0	0.00786034863249771	0.00173572367279129	0.00255399340425004	0.00944729599047832	0.00136378288576459	0.00136378288576459	0.00743881574053411	0.00793473678990305	0.00352103945051948	0.0898113020407151	0.041657368146991	0.00922413151826229	0.00173572367279129	0.000173572367279129	0.000446328944432046	0.00756279600287634	0.00463686181159959	0.00123980262342235	0.0181259143544348	0.0118029209749808	0.0136874209625828	0.00498400654615785	0.00900096704604627	0.0091745394133254	0.00116541446601701	0.0041657368146991	0.0242009472092043	0.0134146643854298	0.0104391380892162	0.00243001314190781	0.000396736839495152	0.00131419078082769	0.00200848024994421	0.00195888814500731	0.000347144734558258	0.00166133551538595	0.0245232958912941	0.00505839470356319	0.000446328944432046	0.00238042103697091	0.00257878945671849	0.00587666443502194	0	0.0128443551786556	0.00282674998140296	0.00433930918197823	0.00297552629621364	0.00342185524064569	0.00203327630241266	0.000743881574053411	0.000471124996900493	0.000272756577152917	0.00143817104316993	0.00349624339805103	0.00049592104936894	0.0164893748915173	0.000867861836395646	0.0183242827741824	0.0121996578144759	0.00349624339805103	0.00364501971286171	0.00198368419747576	7.43881574053411e-05	4.9592104936894e-05	0.00535594733318456	0.0087530065213618	0.000991842098737881	0.00066949341664807	0	0.000396736839495152	0.0012645986758908	0.00272756577152917	0.0296560787522626	0.00213246051228644	0.0141089538545464	0.00436410523444668	0.00520717101837387	0	0.00111582236108012	0.000942249993800987	0.00384338813260929	0	0.0100671973021895	0.00270276971906073	0	9.91842098737881e-05	0.00265317761412383	0.00049592104936894	0.000198368419747576	0.00520717101837387	0.000743881574053411	0	0.00143817104316993	0.00128939472835925	0.00181011183019663	0.000520717101837387	0.000371940787026705	0.000371940787026705	0.0012645986758908	0.124724143916289	0.0138361972773934	0.000520717101837387	0.002107664459818	0.00166133551538595	0.00391777629001463	0	0.00116541446601701	0.00324828287336656	0.000570309206774282	0	0.000173572367279129	0.000942249993800987	0.00091745394133254	0.000818269731458752	0.0045376776017258	0.00104143420367477	0.000223164472216023	0.000793473678990305	0.000818269731458752	0.000694289469116517	0.000322348682089811	0.000421532891963599	0.000892657888864093	0	0.000719085521584964	0.00389298023754618	0	0	0.00396736839495152	0.00317389471596122	0.00540553943812145	0.000322348682089811	0.000619901311711176	0.00763718416028168	0.00302511840115054	0.00257878945671849	0.000570309206774282	9.91842098737881e-05	0.00344665129311414	0.000694289469116517	0.000545513154305834	0	0.00719085521584964	7.43881574053411e-05	0.00235562498450247	0.00049592104936894	0	0	0.00218205261722334	0.00312430261102433	0	0.000198368419747576	0.000644697364179623	0	0.00302511840115054	0.000123980262342235	0.000198368419747576	4.9592104936894e-05	0.0066453420615438	0	0.00104143420367477	0	0	0.00297552629621364	0.0020580723548811	0	0	0.000520717101837387	0.0020580723548811	0.00161174341044906	0.00314909866349277	7.43881574053411e-05	0.0012645986758908	0.000148776314810682	0.000347144734558258	4.9592104936894e-05	0.00533115128071611	0	0.00109102630861167	0.00183490788266508	0.00156215130551216	0.00066949341664807	0.000123980262342235	0.00255399340425004	9.91842098737881e-05	0.00151255920057527	0	0.000148776314810682	0	0.00091745394133254	0	0.000644697364179623	0.00409134865729376
S7B1522	0.0857575702923513	0.00591555900229048	0.0061860876152001	0.005536818944217	0.00403989395278374	0.00413007015708695	0.00102800872905658	0.00638447526466716	0.00800764694212491	0.00252493372048984	0.00613198189261818	0.00111818493335979	0.012732880047613	0.00438256352913593	0.00876512705827186	0.00201994697639187	0.073890381806049	0.0344833805255469	0.00858477464966545	0.00248886323876855	0.0130394791422439	0.00135264306454813	0.010316157772287	0.00391364726675925	0.000793550597868234	0.0133460782368749	0.0108572149981063	0.0108932854798276	0.00192977077208866	0.0113802369830649	0.00679928580446192	0.00568110087110213	0.00611394665175753	0.0185762980864609	0.00762890688405144	0.0105866863851967	0.00169531264090032	0.0259166411167421	0.00122639637852364	0.00106407921077786	0.00196584125380994	0.000703374393565026	0.00131657258282684	0.0138871354626941	0.00403989395278374	0.0002164228903277	0.00557288942593828	0.00337259004094	0.00400382347106246	0.00394971774848053	0.014698721301423	0.00387757678503796	0.00265118040651433	0.00248886323876855	0.00236261655274406	0.00147888975057262	0.000865691561310801	0.00205601745811315	0.00146085450971198	0.00124443161938428	0.00385954154417732	0.000865691561310801	0.010568651144336	0.00191173553122802	0.010821144516385	0.00853066892708352	0.0110556026475734	0.00465309214204556	0.00299384998286652	0.00147888975057262	0.00198387649467059	0.00714195538081411	0.00627626381950331	0.00822406983245261	0.000991938247335293	0.000486951503237326	0.000937832524753368	0.000793550597868234	0.0304434865727632	0.0212274784929753	0.00533843129474994	0.00916190235720598	0.00438256352913593	0.0040218587119231	0.000180352408606417	0.00223636986671957	0.00183959456778545	0.00463505690118492	0.00100997348819593	0.0121918228217938	0.00422024636139016	0.000595162948401176	0.00313813190975165	0.0019478060129493	7.21409634425668e-05	0.000162317167745775	0.00577127707540534	0.00153299547315454	0.00360704817212834	0.00191173553122802	0.00111818493335979	0.000883726802171443	0.000414810539794759	0.000198387649467059	0.000396775298934117	0.000613198189261818	0.0790484606921925	0.00975706530560716	0.00514004364528288	0.008909408985157	0.00286760329684203	0.00110014969249914	0.00160513643659711	0.00414810539794759	0.00239868703446535	0.00541057225819251	0.000198387649467059	0.000523021984958609	0.0028134975742601	0.00214619366241636	0.00212815842155572	0.00140674878713005	0.0019478060129493	0.00256100420221112	0.00427435208397208	0.000865691561310801	0.000667303911843743	0.000468916262376684	0.000414810539794759	0.000577127707540534	0.00798961170126427	0.00167727740003968	0.00322830811405486	3.60704817212834e-05	0.000198387649467059	0.0035890129312677	0.00223636986671957	0.00964885386044331	0.00486951503237326	0.00182155932692481	0.00384150630331668	0.00160513643659711	0.00420221112052951	0.00137067830540877	0.000342669576352192	0.00214619366241636	0.000414810539794759	0.00120836113766299	0.000414810539794759	0.0130935848648259	0.00178548884520353	0.00171334788176096	0.000486951503237326	0.00270528612909625	0.000541057225819251	0.00297581474200588	0.0010821144516385	0.000144281926885134	0.000703374393565026	0.00140674878713005	0.000126246686024492	0.00728623730769924	0	0.000198387649467059	0.000919797283892726	0.00326437859577615	0.000180352408606417	0.000667303911843743	0.000126246686024492	0.000937832524753368	0.00490558551409454	0.00333651955921871	0.000342669576352192	0.0027233213699569	0.00113622017422043	0.00501379695925839	0.0012985373419662	0.00317420239147294	0.00155103071401519	0.000577127707540534	0.000450881021516042	0.000306599094630909	7.21409634425668e-05	0.00115425541508107	0.000396775298934117	0.00176745360434289	0.000757480116146951	0.00162317167745775	0.000595162948401176	0	0.00147888975057262	0.000883726802171443	0.000829621079589518	0	0.000721409634425668	0.000486951503237326	0.00110014969249914	0.000937832524753368	0.00111818493335979	0.00243475751618663
S7B3040	0.126794475152425	0.00777983456524835	0.00709375930408668	0.00721026265032168	0.00406467230197667	0.00181227427476667	0.000608406363671668	0.00402583785323167	0.00964388810500835	0.0115079416447684	0.00207117059973334	0.00186405353976	0.0114432175635267	0.00163104684729	0.00450479605442001	0.00327503851082834	0.0680508990174885	0.0453456913179117	0.0108477560161034	0.00258896324966667	0.0259673013941567	0.001203867911095	0.0116244449910034	0.00177343982602167	0.00119092309484667	0.0157150069254767	0.0169188748365717	0.0137991741207234	0.00168282611228334	0.00787044827898668	0.0104594115286534	0.00759860713777168	0.00992867406247168	0.00255012880092167	0.00362454854953334	0.00616173253420668	0.00266663214715667	0.00103558529986667	0.00107441974861167	0.00152748831730334	0.00256307361717	0.000970861218625002	0.00220061876221667	0.0126341406583734	0.00450479605442001	3.88344487450001e-05	0.00494491980686334	0.00324914887833167	0.00543682282430001	0.00609700845296501	0.0100840118574517	0.00116503346235	0.00343037630580834	0.00420706528070834	0.00218767394596834	0.000789633791148335	0.00289963883962667	0.00277019067714334	0.00357276928454001	0.00122975754359167	0.00264074251466	0.00126859199233667	0.0149253731343284	0.000932026769880002	0.00418117564821167	0.00433651344319167	0.00453068568691667	0.00454363050316501	0.00168282611228334	0.000647240812416668	0.00179932945851834	0.00414234119946667	0.00296436292086834	0.00308086626710334	0.000867302688638335	0.000349510038705001	0.000129448162483334	0.000647240812416668	0.0266145422065734	0.0209447126898034	0.013397884817025	0.00387050005825167	0.00279608030964	0.00565688470052168	0.002135894680975	0.00321031442958667	0.00150159868480667	0.00500964388810501	0.00117797827859834	0.00418117564821167	0.00618762216670334	0.000453068568691667	0.00454363050316501	0.00172166056102834	0.000388344487450001	0.000116503346235	0.00222650839471334	0.002135894680975	0.000142392978731667	0.00142392978731667	0.000323620406208334	0	0.000414234119946667	0.000258896324966667	0.000323620406208334	0.000530737466181668	0.113513093681635	0.00576044323050834	0.00534620911056168	0.00702903522284501	0.00208411541598167	0.001359205706075	0.00132037125733	0.00397405858823834	0.00216178431347167	0.00286080439088167	0.000388344487450001	0.000919081953631668	0.00336565222456667	0.000595461547423334	0.000569571914926668	0.000660185628665001	0.000660185628665001	0.00265368733090834	0.00381872079325834	0.00137215052232334	0.00124270235984	0.000686075261161668	0.000453068568691667	0.000220061876221667	0.021630787950965	0.00253718398467334	0.00191583280475334	0.000297730773711667	0.000608406363671668	0.0106147493236334	0.00152748831730334	0.002601908065915	0.00722320746657001	0.000543682282430001	0.00115208864610167	0.000996750851121668	0.000919081953631668	0.000776688974900001	9.06137137383335e-05	0.000569571914926668	0.000181227427476667	0.00125564717608834	0.00106147493236334	0.00752093824028168	0.00200644651849167	0.00113914382985334	2.58896324966667e-05	0.00119092309484667	0.000466013384940001	0.00264074251466	0	0.000440123752443334	0.00015533779498	0.000388344487450001	0.00015533779498	0.0123752443334067	0.000142392978731667	0.000129448162483334	0.000427178936195001	0.00156632276604834	0	0.000763744158651668	0	0.00201939133474	0.00750799342403335	0.000466013384940001	0.000194172243725	0.00199350170224334	0.000362454854953334	0.00387050005825167	9.06137137383335e-05	0.000711964893658335	0.00154043313355167	0.000116503346235	0.000453068568691667	6.47240812416668e-05	0	0.000427178936195001	0.000802578607396668	0.00107441974861167	0.000258896324966667	0.000582516731175001	0.000699020077410001	0.000336565222456667	0.000608406363671668	0.000569571914926668	0.000129448162483334	6.47240812416668e-05	0.000258896324966667	0.00148865386855834	0.000207117059973334	0.00163104684729	0.00226534284345834	0.001281536808585
S7B5060	0.129895852245531	0.00995263010216713	0.0084176473500916	0.00617294139006718	0.0035981316123921	0.00196411771502137	0.00703121131595887	0.00544671299123574	0.00795550200538069	0.0201198276858072	0.00189809695149124	0.00211266443296417	0.00694868536154621	0.000891280307656758	0.00305346031326852	0.0027398616865004	0.0742733589713965	0.0436727350751811	0.00808754353244095	0.00930892765774836	0.0208460560846386	0.00227771634178949	0.00906134979451037	0.00183207618796111	0.0014194464158978	0.0149537029395745	0.0178256061531352	0.0161255714922343	0.00171653985178339	0.0102992391107003	0.0110584778912968	0.00371366794856983	0.012147820489544	0.0022282007691419	0.00453892749269645	0.00376318352121742	0.00236024229620216	0.000396124581180781	0.0007097232079489	0.0020796540511991	0.00188159176060871	0.00127089969795501	0.00199712809678644	0.0132536682786736	0.00518262993711522	0.000363114199415716	0.00302044993150346	0.00404377176622048	0.00566128047270867	0.00622245696271477	0.00500107283740736	0.00198062290590391	0.00333404855827158	0.00330103817650651	0.00343307970356677	0.00105633221648208	0.00457193787446152	0.00178256061531352	0.00226121115090696	0.00113885817089475	0.00277287206826547	0.00128740488883754	0.0148216614125142	0.000957301071186888	0.00120487893442488	0.00336705894003664	0.00377968871209996	0.00379619390298249	0.00150197237031046	0.00163401389737072	0.00133692046148514	0.0029379239770908	0.0029379239770908	0.00198062290590391	0.000940795880304356	0.0007097232079489	0.000297093435885586	0.000825259544126628	0.0371366794856983	0.0191130110419727	0.0219849142555334	0.00219519038737683	0.00340006932180171	0.0050175780282899	0.000511660917358509	0.00297093435885586	0.00168352947001832	0.00265733573208774	0.000676712826183835	0.00597487909947679	0.00325152260385891	0.000198062290590391	0.00297093435885586	0.00305346031326852	0.00343307970356677	9.90311452951953e-05	0.0013204152706026	0.000907785498539291	0.000792249162361563	0.00158449832472313	0.000610692062653705	0.000231072672355456	0.000660207635301302	0.000214567481472923	0.000412629772063314	0.000313598626768119	0.118193671909816	0.0020301384785515	0.007097232079489	0.00574380642712133	0.00186508656972618	0.00356512123062703	0.00216218000561177	0.00336705894003664	0.00145245679766286	0.00255830458679255	0.000247577863237988	0.00170003466090085	0.00434086520210606	0.000478650535593444	0.000429134962945846	0.000165051908825326	0.000594186871771172	0.00156799313384059	0.00216218000561177	0.000907785498539291	0.00105633221648208	0.00064370244441877	0.000726228398831432	0.000297093435885586	0.0150197237031046	0.0020796540511991	0.00163401389737072	0.000148546717942793	0.00118837374354234	0.0101837027745226	0.00262432535032268	0.00221169557825936	0.00478650535593444	0.00125439450707247	0.000726228398831432	0.000792249162361563	0.000627197253536237	0.000891280307656758	0.000462145344710912	0.000346609008533184	0.000346609008533184	0.000907785498539291	0.00869823559509466	0.00363114199415716	0.00103982702559955	0.00084176473500916	6.60207635301302e-05	0.000676712826183835	0.000363114199415716	0.0013204152706026	0.00110584778912968	4.95155726475977e-05	0.000148546717942793	0.000280588245003053	0.000577681680888639	0.00576031161800386	0.000148546717942793	0.000214567481472923	0.000660207635301302	0.000990311452951953	9.90311452951953e-05	0.000808754353244095	0	0.00392823543004275	0.00231072672355456	0.000198062290590391	9.90311452951953e-05	0.00188159176060871	0.000544671299123574	0.00198062290590391	0.000247577863237988	0.000627197253536237	0.00117186855265981	8.25259544126628e-05	0.000363114199415716	0	0.000280588245003053	0.000280588245003053	0.00320200703121132	0.000957301071186888	0.000115536336177728	0.000280588245003053	0.000726228398831432	0.000313598626768119	0.000165051908825326	0.00064370244441877	0.000165051908825326	6.60207635301302e-05	0.000214567481472923	0.00361463680327463	0.00013204152706026	0.00171653985178339	0.00204664366943404	0.000462145344710912
zr2502_24_R1	0.0451142253791515	0.00940679593012094	0.00345555768861586	0.0326358226147053	0.00633518909579574	0.00211172969859858	0.0107506239201382	0	0.0320598963332693	0.0305240929161067	0.0130543290458821	0.00326358226147053	0.00479938567863313	0.0209253215588405	0.00652716452294106	0.000959877135726627	0.0645037435208293	0	0.0239969283931657	0.000959877135726627	0.0136302553273181	0.0220771741217124	0.0163179113073527	0.00364753311576118	0	0.03244384718756	0	0	0	0	0.0234210021117297	0.0113265502015742	0.0216932232674218	0.00595123824150509	0	0	0	0.00172777884430793	0.0132463044730275	0	0	0.00134382799001728	0.0161259358802073	0	0.015358034171626	0.00268765598003456	0	0	0.0147821078901901	0.000767901708581302	0	0	0.0023037051257439	0	0	0.00383950854290651	0.0182376655788059	0.00326358226147053	0.0015358034171626	0	0	0	0	0.00556728738721444	0.0289882894989441	0.00537531196006911	0.00518333653292379	0.0097907467844116	0	0	0.00249568055288923	0	0	0	0	0	0.0142061816087541	0	0	0	0	0	0.0136302553273181	0	0.00883086964868497	0	0.0140142061816088	0	0.00998272221155692	0.0264926089460549	0.00614321366865041	0	0	0.0117105010558648	0.00211172969859858	0.00633518909579574	0	0.000767901708581302	0	0.00307160683432521	0	0.0023037051257439	0	0	0.00575926281435976	0	0.0023037051257439	0.0520253407563832	0.0023037051257439	0.0122864273373008	0	0.00479938567863313	0.0103666730658476	0	0.000383950854290651	0	0.00383950854290651	0.00268765598003456	0.00460741025148781	0.00211172969859858	0	0	0	0	0	0	0	0	0	0.00134382799001728	0	0	0.000575926281435976	0	0.0328277980418506	0	0	0	0	0	0	0	0	0.00249568055288923	0	0	0.000767901708581302	0	0	0	0	0	0	0.00441543482434248	0.00345555768861586	0.00287963140717988	0	0	0.00383950854290651	0.0023037051257439	0.0101746976387022	0	0.0113265502015742	0	0	0	0	0	0	0.00499136110577846	0.00767901708581302	0	0	0	0	0.00441543482434248	0.0107506239201382	0.00364753311576118	0	0	0	0.00767901708581302	0	0	0.00249568055288923	0.00460741025148781	0.00191975427145325	0	0	0	0.00422345939719716	0.00575926281435976	0.00287963140717988	0	0.0238049529660203	0.000383950854290651	0	0	0.000767901708581302	0
zr2502_25_R1	0.122045718713677	0.0147229755908563	0.00445563734986439	0.0178225493994576	0.0131731886865556	0.0127857419604804	0.0118171251452925	0.0164664858581945	0.015304145679969	0	0.00251840371948857	0.00464936071290198	0.0032932971716389	0.00154978690430066	0.00619914761720263	0.0168539325842697	0.00891127469972879	0.0087175513366912	0.00561797752808989	0.00406819062378923	0.0265401007361488	0.0149166989538938	0	0.00271212708252615	0.00309957380860132	0	0.0536613715614103	0.0189848895776831	0.0602479659046881	0.0114296784192174	0.0185974428516079	0.025958930647036	0.00813638124757846	0.0118171251452925	0.00309957380860132	0.00736148779542813	0.0244091437427354	0.0108485083301046	0.00174351026733824	0.00387446726075165	0.00619914761720263	0	0.00368074389771406	0.000387446726075165	0	0.00716776443239055	0.00581170089112747	0.0135606354126308	0.00639287098024022	0.00503680743897714	0.0112359550561798	0	0	0.00774893452150329	0.00678031770631538	0.00523053080201472	0	0	0.00736148779542813	0.00426191398682681	0.00271212708252615	0.00154978690430066	0	0.00174351026733824	0.0133669120495932	0.0174351026733824	0	0.0104610616040294	0.0178225493994576	0.00193723363037582	0.00232468035645099	0	0	0	0	0.00309957380860132	0	0.00271212708252615	0	0	0.0193723363037582	0.00464936071290198	0	0	0	0.0118171251452925	0	0	0	0.00484308407593956	0	0	0	0	0	0	0	0.00426191398682681	0.00290585044556373	0	0.00251840371948857	0.00135606354126308	0.00697404106935296	0	0	0.00271212708252615	0	0	0.0224719101123595	0	0	0	0	0.00561797752808989	0	0	0.00309957380860132	0.00232468035645099	0	0	0.00135606354126308	0	0	0	0.000581170089112747	0	0	0	0	0	0.0226656334753971	0.00484308407593956	0	0.0131731886865556	0.00174351026733824	0	0	0.00290585044556373	0.0032932971716389	0.000581170089112747	0	0	0	0	0	0	0	0.000968616815187912	0.00813638124757846	0.00290585044556373	0.00348702053467648	0	0.00290585044556373	0	0	0.000581170089112747	0.00368074389771406	0	0.00251840371948857	0	0.0145292522278187	0.0087175513366912	0.00639287098024022	0.00542425416505231	0	0	0	0	0.00891127469972879	0	0	0.00774893452150329	0	0	0	0	0	0	0	0	0	0	0.00484308407593956	0	0	0	0	0	0.00232468035645099	0	0	0	0	0	0	0.00542425416505231	0	0	0	0
zr2502_26_R1	0.131639281620176	0.0164310278945357	0.00831104317921284	0.011654566297287	0.0142338555598013	0.00955292319449752	0.0130875047764616	0.0119411539931219	0.00277034772640428	0.000382116927779901	0.000859763087504776	0.00324799388612916	0.00315246465418418	0.00410775697363393	0.0139472678639664	0.000668704623614826	0	0.00334352311807413	0.00439434466946886	0.00305693542223921	0.0140427970959113	0.00171952617500955	0.00391669850974398	0	0.00200611387084448	0	0.0781429117309897	0.0369698127627054	0.0397401604891097	0.0103171570500573	0	0.0146159724875812	0	0.0128964463125716	0.00439434466946886	0.00764233855559801	0.0326709973251815	0.00296140619029423	0	0.00496752006113871	0.00382116927779901	0.00162399694306458	0	0.00286587695834925	0	0.00811998471532289	0	0.0112724493695071	0	0.00143293847917463	0.0128009170806267	0.00296140619029423	0	0.0213030187237295	0	0.00468093236530378	0	0	0.00305693542223921	0.00448987390141383	0	0.00487199082919373	0.000955292319449752	0.00219717233473443	0	0	0	0	0.00878868933893772	0.0304738249904471	0.00210164310278945	0.00343905235001911	0.000764233855559801	0.0111769201375621	0.000859763087504776	0.000477646159724876	0	0.00219717233473443	0	0.0187237294612151	0.0387848681696599	0.00210164310278945	0	0	0	0.00926633549866259	0.00410775697363393	0.00640045854031334	0	0.00219717233473443	0	0.00219717233473443	0.0015284677111196	0.00544516622086358	0	0.00305693542223921	0.00277034772640428	0.00429881543752388	0.000764233855559801	0	0.00105082155139473	0.000955292319449752	0.00171952617500955	0.000477646159724876	0	0.00534963698891861	0	0	0.00534963698891861	0	0	0	0.0011463507833397	0.00334352311807413	0.00143293847917463	0	0.00286587695834925	0	0	0.00363011081390906	0.00200611387084448	0.00105082155139473	0.000859763087504776	0.00458540313335881	0.000573175391669851	0.000764233855559801	0.00210164310278945	0	0	0	0.0327665265571265	0	0	0.0145204432556362	0	0	0.00410775697363393	0	0.00124188001528468	0	0.000859763087504776	0.00219717233473443	0	0	0	0.00286587695834925	0	0.000668704623614826	0.0285632403515476	0.00773786778754299	0.00257928926251433	0	0.00640045854031334	0	0.0015284677111196	0.0019105846388995	0.00248376003056935	0.000573175391669851	0	0	0.00391669850974398	0.0120366832250669	0.00181505540695453	0	0	0.00019105846388995	0.00324799388612916	0	0.0111769201375621	0	0	0.00181505540695453	0	0.00477646159724876	0.00200611387084448	0	0	0	0.00133740924722965	0.00019105846388995	0.00171952617500955	0.00277034772640428	0.00897974780282767	0	0	0	0	0.00277034772640428	0.00105082155139473	0.00305693542223921	0	0	0	0.00143293847917463	0	0.00859763087504777	0	0.00363011081390906	0	0.00105082155139473
zr2502_27_R1	0.0874453466583385	0.0243597751405372	0.0028107432854466	0.0199875078076202	0.00655840099937539	0.00343535290443473	0.00811992504684572	0.000936914428482199	0.00718301061836352	0.00874453466583385	0.00905683947532792	0.00374765771392879	0.00405996252342286	0	0	0.00124921923797626	0.0596502186133666	0.0940037476577139	0.0137414116177389	0	0.00437226733291693	0.0103060587133042	0.00811992504684572	0	0	0.281386633354154	0	0	0	0	0.0153029356652092	0.0118675827607745	0.00655840099937539	0.00593379138038726	0	0	0	0	0.00437226733291693	0	0	0	0.00593379138038726	0	0	0.00499687695190506	0	0	0.00874453466583385	0	0	0.00530918176139913	0.00218613366645846	0	0	0	0.0156152404747033	0	0.00249843847595253	0	0.00437226733291693	0	0.00124921923797626	0.00249843847595253	0.0103060587133042	0	0	0	0	0	0	0	0	0	0	0	0.0374765771392879	0	0.00843222985633979	0	0	0	0	0.0134291068082448	0.00343535290443473	0	0.0124921923797626	0	0.00468457214241099	0.0159275452841974	0.00655840099937539	0	0	0.0018738288569644	0.00249843847595253	0.00780762023735166	0	0	0	0	0	0	0	0	0	0	0	0.0346658338538414	0	0.0018738288569644	0	0	0	0	0	0	0	0	0	0	0	0.00218613366645846	0	0	0	0	0	0	0.00687070580886946	0	0	0	0	0	0.00843222985633979	0	0	0	0	0	0	0	0.00437226733291693	0	0	0	0	0	0	0	0	0	0	0	0	0	0	0	0	0	0	0	0	0	0	0.00124921923797626	0	0.00218613366645846	0	0.00468457214241099	0.00374765771392879	0	0	0	0	0	0.0137414116177389	0	0	0	0	0.00718301061836352	0	0	0	0.000936914428482199	0	0	0	0	0.00218613366645846	0.0028107432854466	0	0	0.00843222985633979	0	0	0	0.0128044971892567	0
zr2502_28_R1	0.197368421052632	0.00522138680033417	0.0108604845446951	0.0348788638262322	0.0162907268170426	0.00856307435254804	0.0198412698412698	0.0279866332497911	0.0139933166248956	0.00898078529657477	0	0.00167084377610693	0.00730994152046784	0.00208855472013367	0.00522138680033417	0.0043859649122807	0.0248538011695906	0.0121136173767753	0	0	0.0215121136173768	0.00793650793650794	0.00584795321637427	0.00710108604845447	0.00104427736006683	0.0137844611528822	0.0545112781954887	0.0167084377610693	0.0244360902255639	0.0110693400167084	0.0075187969924812	0.02109440267335	0.0116959064327485	0.0068922305764411	0.00271512113617377	0.00355054302422723	0.00960735171261487	0.0050125313283208	0	0.00417710944026733	0.00417710944026733	0.00355054302422723	0.00271512113617377	0	0	0.0112781954887218	0.0114870509607352	0.0100250626566416	0	0	0.00522138680033417	0	0	0.0025062656641604	0.0050125313283208	0	0.00271512113617377	0.00396825396825397	0.00668337510442774	0.00396825396825397	0.00208855472013367	0.000417710944026733	0.000835421888053467	0	0.010233918128655	0	0	0	0.010233918128655	0.0025062656641604	0	0	0.0018796992481203	0.0104427736006683	0.0018796992481203	0	0	0.00605680868838764	0	0	0.0139933166248956	0	0	0.0081453634085213	0	0.00584795321637427	0	0	0.00208855472013367	0.00710108604845447	0	0	0	0	0	0	0.00480367585630743	0	0.00417710944026733	0	0.00271512113617377	0	0.0056390977443609	0	0	0	0	0	0.0267335004177109	0	0	0	0	0.00480367585630743	0	0	0	0	0	0	0.0110693400167084	0	0	0.00396825396825397	0	0	0	0	0	0	0.0119047619047619	0	0	0.0162907268170426	0	0.0018796992481203	0	0.00292397660818713	0.0025062656641604	0	0.00208855472013367	0	0	0	0	0	0	0.0018796992481203	0.0183792815371763	0.00271512113617377	0.00417710944026733	0	0.0100250626566416	0	0	0.0018796992481203	0	0	0	0	0.0177527151211362	0.00793650793650794	0.00355054302422723	0	0	0.0043859649122807	0	0	0.0123224728487886	0	0	0.00898078529657477	0	0.00396825396825397	0	0	0	0	0.00208855472013367	0	0	0	0	0	0	0	0	0	0	0	0	0	0	0	0	0.00355054302422723	0	0	0	0
zr2502_29_R1	0.244174056506496	0.00989894823674984	0.0156733347081873	0.0175293875025779	0.0220664054444215	0.00598061455970303	0.0094864920602186	0.00783666735409363	0	0.0018560527943906	0.0018560527943906	0	0.00804289544235925	0.00763043926582801	0.00763043926582801	0.00103114044132811	0.00226850897092184	0.00845535161889049	0.00494947411837492	0.00494947411837492	0.0111363167663436	0	0	0.000618684264796865	0.00206228088265622	0	0.0956898329552485	0.021241493091359	0.0158795627964529	0.0125799133842029	0	0.0193854402969684	0	0.021241493091359	0.00556815838317179	0.00969272014848422	0.016910703237781	0.00247473705918746	0	0.0065992988244999	0.00329964941224995	0.00103114044132811	0	0.00309342132398433	0.00123736852959373	0.0191792122087028	0	0.00515570220664054	0	0.00268096514745308	0.0111363167663436	0.00164982470612497	0.000824912353062487	0.00164982470612497	0.00329964941224995	0.00412456176531244	0	0	0	0	0	0	0	0	0	0	0.00309342132398433	0	0.0129923695607342	0.00494947411837492	0.00556815838317179	0.00804289544235925	0	0.0134048257372654	0	0.00103114044132811	0	0.0018560527943906	0.00494947411837492	0.0204165807382966	0.0309342132398433	0.00556815838317179	0	0	0	0.00123736852959373	0	0.0065992988244999	0	0	0	0.00350587750051557	0.00164982470612497	0	0	0	0	0	0	0	0	0.000618684264796865	0	0	0.000824912353062487	0	0	0	0.013611053825531	0	0	0	0	0.00412456176531244	0	0	0.00515570220664054	0	0	0	0.0028871932357187	0.00103114044132811	0	0.00268096514745308	0.00103114044132811	0	0	0	0	0	0.0389771086822025	0	0	0.0200041245617653	0	0	0	0	0.00123736852959373	0	0.00556815838317179	0	0	0	0.000412456176531244	0	0	0	0.00928026397195298	0.0028871932357187	0.00618684264796865	0	0.00391833367704681	0	0.00103114044132811	0	0.00103114044132811	0	0	0	0	0.00989894823674984	0.00515570220664054	0	0.00247473705918746	0	0.0028871932357187	0	0.00783666735409363	0	0	0.00721798308929676	0	0.00226850897092184	0	0.000824912353062487	0	0.00226850897092184	0	0	0	0	0.00804289544235925	0	0	0.00329964941224995	0	0.00144359661785935	0	0.00433078985357806	0	0	0	0	0	0.00391833367704681	0.00391833367704681	0.00515570220664054	0	0
zr2502_30_R1	0.0623457805560125	0.0159565718045731	0.00493502220759993	0.0393156769205461	0.00756703405165323	0.00394801776607995	0.00954104293469321	0.0047705214673466	0.00937654219443988	0.0105280473762132	0.0220430991939464	0.00296101332455996	0.00658002961013325	0.0199045895706531	0.0052640236881066	0	0.0411251850633328	0	0.0291166310248396	0.00230301036354664	0.0348741569337062	0.0152985688435598	0.0146405658825465	0.00180950814278664	0.00378351702582662	0.0345451554531995	0	0	0	0.0021385096232933	0.0180950814278664	0.0161210725448265	0.0164500740253331	0.00575752590886659	0	0	0	0	0.0134890607007732	0	0	0.0021385096232933	0.00723803257114657	0	0.00361901628557329	0.00641552886987991	0.00296101332455996	0	0.0148050666227998	0.00148050666227998	0	0.00312551406481329	0.00394801776607995	0	0	0.0047705214673466	0.0199045895706531	0.0026320118440533	0.00164500740253331	0	0	0	0.00164500740253331	0.00822503701266656	0.0266491199210396	0.00674453035038658	0.00542852442835993	0.0125020562592532	0	0	0.00296101332455996	0.0166145747655864	0	0	0	0	0.00197400888303997	0	0	0	0	0	0.00460602072709327	0.0078960355321599	0.0106925481164665	0	0.0154630695838131	0	0.0125020562592532	0.0230301036354664	0.0121730547787465	0.00131600592202665	0	0	0.00296101332455996	0	0	0.00361901628557329	0.00394801776607995	0.00838953775291989	0	0.00230301036354664	0	0.000987004441519987	0.00888303997367988	0	0.000658002961013325	0.0404671821023195	0	0.00806053627241323	0.00279651258430663	0.00148050666227998	0.00411251850633328	0	0	0.0074025333113999	0	0.00197400888303997	0.00180950814278664	0.00180950814278664	0	0	0	0	0	0.0026320118440533	0	0.00279651258430663	0.00871853923342655	0.00592202664911992	0	0	0.00690903109063991	0	0.0184240829083731	0	0.00509952294785327	0	0	0	0	0.00197400888303997	0	0.00707353183089324	0.0021385096232933	0.00115150518177332	0.000987004441519987	0	0.00378351702582662	0	0	0.00279651258430663	0	0.0106925481164665	0	0	0	0.0021385096232933	0	0.00246751110379997	0.00296101332455996	0.0047705214673466	0	0	0.00312551406481329	0	0	0.0026320118440533	0	0	0.0101990458957065	0.00394801776607995	0.0047705214673466	0	0	0	0.0116795525579865	0	0	0	0	0.0110215495969732	0	0.00411251850633328	0.00246751110379997	0.00361901628557329	0.00559302516861326	0	0	0	0.00707353183089324	0	0.00296101332455996	0	0.0110215495969732	0.000987004441519987	0	0	0	0
zr2502_31_R1	0.1173807035876	0.0120167189132706	0.0168930686172065	0.0271682340647858	0.0116684082201324	0.00661790316962731	0.01619644723093	0.00487634970393591	0.0154998258446534	0.0221177290142807	0.00383141762452107	0.00888192267502612	0.00365726227795193	0.00191570881226054	0.00609543712991989	0.0177638453500522	0.0214211076280042	0.00609543712991989	0.00905607802159526	0.00644374782305817	0.0931731104144897	0.0186346220828979	0.0142807384186695	0.00243817485196796	0.00470219435736677	0.00853361198188784	0.00661790316962731	0.0127133402995472	0.033611981887844	0.00766283524904215	0.0337861372344131	0.0182863113897597	0.00957854406130268	0.00243817485196796	0.00191570881226054	0.00417972831765935	0.0139324277255312	0.0116684082201324	0.00557297109021247	0.00383141762452107	0.00139324277255312	0	0.00731452455590387	0.00104493207941484	0.00330895158481365	0.00557297109021247	0.00731452455590387	0.0113200975269941	0.00975269940787182	0.00226401950539882	0.00278648554510623	0	0.00139324277255312	0	0.00470219435736677	0	0.00470219435736677	0.000870776732845698	0.0186346220828979	0.0026123301985371	0.00330895158481365	0.00156739811912226	0	0.0026123301985371	0.0170672239637757	0.00661790316962731	0	0.0118425635667015	0.00975269940787182	0.00139324277255312	0	0	0.00104493207941484	0	0.00104493207941484	0.00226401950539882	0.00435388366422849	0	0	0	0.0118425635667015	0	0.0026123301985371	0	0.00191570881226054	0.00539881574364333	0	0	0.00957854406130268	0.0104493207941484	0.00679205851619645	0	0.00296064089167537	0	0	0	0	0	0	0	0.00278648554510623	0.00226401950539882	0.00278648554510623	0	0	0	0	0	0	0	0	0.00208986415882968	0.00296064089167537	0.00226401950539882	0	0.00313479623824451	0.00121908742598398	0	0	0	0	0	0.00505050505050505	0.0017415534656914	0	0	0	0.00313479623824451	0	0	0.00487634970393591	0.00661790316962731	0	0.0106234761407175	0.0114942528735632	0.00191570881226054	0	0	0	0.000870776732845698	0	0.00313479623824451	0	0	0	0	0	0	0.00383141762452107	0.00139324277255312	0.00208986415882968	0.00452803901079763	0.00383141762452107	0	0	0.00208986415882968	0	0.00208986415882968	0	0.000348310693138279	0.00766283524904215	0.0141065830721003	0	0	0	0	0	0	0.0202020202020202	0	0	0.00783699059561128	0.0026123301985371	0	0	0	0	0	0	0.000522466039707419	0.000348310693138279	0.00644374782305817	0	0.00452803901079763	0	0	0	0	0	0	0	0	0	0	0.00226401950539882	0.0017415534656914	0	0	0	0
zr2502_32_R1	0.107246798603027	0.0112048894062864	0.00480209545983702	0.0165890570430733	0.0114959254947614	0.00829452852153667	0.0219732246798603	0.00509313154831199	0.00451105937136205	0.000582072176949942	0.00232828870779977	0.00407450523864959	0.00363795110593714	0.0291036088474971	0.00552968568102445	0.00174621653084983	0	0.00873108265424913	0	0.0178987194412107	0.0117869615832363	0	0.0120779976717113	0.000291036088474971	0.0059662398137369	0.00407450523864959	0.0375436554132712	0.0273573923166473	0.0154249126891735	0.0109138533178114	0	0.019499417927823	0	0.0090221187427241	0.00320139697322468	0.0090221187427241	0.0176076833527357	0.00305587892898719	0.00189173457508731	0.0119324796274738	0.00349243306169965	0.00218277066356228	0	0.00567520372526193	0.00552968568102445	0.00654831199068685	0.00494761350407451	0.010477299185099	0	0.00291036088474971	0.0167345750873108	0.00116414435389988	0	0.00130966239813737	0.010477299185099	0	0	0.00334691501746217	0.0080034924330617	0.0069848661233993	0.00145518044237485	0.00640279394644936	0	0	0.00669383003492433	0	0.00276484284051222	0	0.0234284051222352	0.00291036088474971	0.00247380675203725	0.00480209545983702	0.0010186263096624	0.00669383003492433	0.0100407450523865	0.00116414435389988	0.00232828870779977	0	0.00160069848661234	0.0227008149010477	0.0477299185098952	0.00494761350407451	0	0	0	0.0107683352735739	0	0.0130966239813737	0	0.00174621653084983	0.00363795110593714	0.00552968568102445	0.00145518044237485	0	0	0	0.00247380675203725	0	0.00160069848661234	0.00538416763678696	0.000873108265424913	0.00160069848661234	0.00116414435389988	0.000727590221187427	0	0.00247380675203725	0	0	0.00742142025611176	0	0.00509313154831199	0	0	0.00582072176949942	0	0	0.00145518044237485	0.00130966239813737	0	0	0	0.000582072176949942	0	0.00378346915017462	0	0	0.00407450523864959	0	0	0	0.034778812572759	0	0	0.0168800931315483	0.0069848661233993	0	0	0.00291036088474971	0	0	0.00349243306169965	0.00334691501746217	0.00145518044237485	0	0.000291036088474971	0.00276484284051222	0	0	0.0128055878928987	0.00320139697322468	0.0020372526193248	0	0.00552968568102445	0	0	0	0.00160069848661234	0.00145518044237485	0	0	0	0.0138242142025611	0.00523864959254948	0.00378346915017462	0	0	0.0020372526193248	0	0.0264842840512224	0.00451105937136205	0	0.00785797438882421	0	0	0.00291036088474971	0	0	0	0	0	0	0.00465657741559953	0.00494761350407451	0	0	0	0	0.00392898719441211	0.000873108265424913	0	0	0	0	0.00261932479627474	0	0.00611175785797439	0.0145518044237485	0.00756693830034924	0	0.0020372526193248
