sample_id	EU652571.1.1503	HE804013.1.1479	AM745219.1.1602	KT907947.1.912	GU180188.1.1514	JQ580309.1.1482	MG601401.1.1536	KT167015.1.1381	JQ580221.1.1496	FJ905762.1.1411	KF268910.1.1377	EU488198.1.1432	FJ545472.1.1559	CP013099.3645030.3646539	KX172552.1.1464	AB858577.1.1407	AB806704.1.1485	JX240886.1.1472	KJ817533.1.1498	DQ811808.1.1527	FN553631.1.1499	GU302442.1.1531	GQ249585.1.1531	EU652611.1.1524	CP016268.790030.791574	JF747656.1.1535	FJ748775.1.1510	EF061955.1.1529	HQ727627.1.1522	KX097089.1.1528	FN553506.1.1517	AM039960.1.1519	JF268389.1.1458	DQ811831.1.1528	AB694385.1.1409	KC009895.1.1442	EF125387.1.1524	DQ431904.1.1420	JQ824907.1.1522	FJ900318.1.1494	JF344561.1.1519	KP728222.1.1525	AF126545.1.1465	KJ817730.1.1525	AY216453.1.1421	DQ363780.1.954	KM108644.1.1515	LC004293.1.1337	EF999356.1.1505	LN569797.1.1343	JX504409.1.1551	JQ580158.1.1515	AB622941.1.1314	HQ697852.1.1461	HE604685.1.1406	AB806700.1.1497	EU488012.1.1496	JQ580306.1.1521	FJ484793.1.1352	AM935174.1.1396	MH071306.1.1400	FJ516992.1.1523	EU283571.1.1333	KY609501.1.1523	KX172242.1.1463	KC009877.1.1515	KR825104.1.1480	JF421166.1.1503	JN038229.1.1464	FJ479355.1.1447	HQ014650.1.1499	HM437993.1.1513	HF922320.1.1505	LN572475.1.1329	JN518931.1.1452	EU491603.1.1422	MG601395.1.1528	EU245402.1.1490	KF616626.1.1420	FJ748816.1.1514	DQ811819.1.1523	KC470953.1.1371	JF344346.1.1503	KU578771.1.1356	AY584740.1.1231	EU287222.1.1531	JX391720.1.1474	GU982895.1.1212	AB300128.1.1329	KJ817744.1.1481	FJ516918.1.1484	FJ685743.1.1209	EU592419.1.1485	FJ203584.1.1459	KC009862.1.1289	JF344128.1.1458	DQ522941.1.1376	GU584665.1.1413	FM242440.1.1461	FN396636.1.1437	KJ817529.1.1517	HQ691983.1.1504	AY454607.1.1049	GQ263303.1.1425	JQ989616.1.1540	EU491860.1.1478	JN498221.1.1394	JX240956.1.1475	KX172698.1.1484	EU491875.1.1464	GQ337314.1.1475	JQ245921.1.944	MGML01000116.8420.9921	EU245945.1.1484	JX870311.1.915	JN977195.1.1550	KR559960.1.1479	JN488175.1.1372	JX227448.1.1506	KC009968.1.1238	DQ811807.1.1529	JX221977.1.1390	FJ517002.1.1521	KF596668.1.1487	JQ716338.1.1491	HQ118614.1.1521	KX097186.1.1519	KC010004.1.1496	FJ712438.1.1480	EU488328.1.1485	GQ356834.1.936	JQ716269.1.1517	JX241033.1.1526	EF157274.1.1422	KY228984.1.1390	FJ900559.1.1484	KX097734.1.1525	GU369933.1.1368	JN977251.1.1528	KR824977.1.1462	GQ246386.1.1492	DQ811936.1.1499	JF495328.1.1537	JF344544.1.1460	GQ850571.1.1477	EF602488.1.1422	GU230392.1.1515	JN477996.1.1425	DQ811880.1.1473	DQ431896.1.1372	DQ811792.1.1512	JN977382.1.1548	DQ831554.1.1518	KT952676.1.1499	KT223232.1.1433	JN457484.1.1393	JN537239.1.1468	DQ811817.1.1511	JN387531.1.1345	GQ246392.1.1520	AF254399.1.1489	AB448791.1.904	FJ748781.1.1509	KC471044.1.1422	KX172521.1.1480	HM243983.1.1497	HQ588383.1.1408	KU324299.1.1492	AM882598.1.1523	DQ811804.1.1523	HQ397466.1.1499	AB694414.1.1369	KC009869.1.1401	KM019077.1.1499	JF344695.1.1458	KY441460.1.1524	FJ542954.1.1450	JN387529.1.1354	GQ994182.1.911	JN886895.1.1515	JX441507.1.1521	EU734985.1.1485	KR824952.1.1522	KT907904.1.907	JX870284.1.918	KM071677.1.1399	KM356600.1.1484	JX870242.1.918	JX241004.1.1520	KX213873.1.1405	JF344372.1.1525	LN566308.1.1399	EU487995.1.1518	EF125448.1.1512	JF421187.1.1490	JF747686.1.1533	JX206507.1.1461	AB858645.1.1364	JF344583.1.1522	JN830953.1.1424
S1A015	4.90587020565115	1.35320693476678	1.75377247403379	1.6372165829663	1.53503961352607	-1.25979971764853	1.01438590082381	2.3314669075984	1.66765371515216	-1.64546219846052	3.18096741204795	0.136444974324526	-1.34318132658758	0.615074658290028	0.00996082721540592	1.56395729116565	4.45102457179671	3.62330518933646	2.35758373476033	0.963742168005059	-1.43415310479331	-1.04468833803159	0.426599235921695	1.3990602392629	-0.435624274682184	3.11369058600306	2.5988225110525	2.71200049181547	3.30662964002313	1.90651885648099	2.17933550335401	3.82210141833472	1.32946694746371	2.70291640209513	1.44290287712708	1.42122181106576	1.31128462838052	-2.86923763008263	0.396521780684418	0.615074658290028	0.41167358570502	0.156053445712902	0.525270763428725	2.45572166741182	3.7306328691302	-2.53276539346142	0.662988013985926	2.25114852797274	1.61939873964951	-2.86923763008263	0.989384598618397	2.07383234451786	1.63279179698594	1.34140738783563	0.989384598618397	0.972362911048967	-0.92332748102732	0.49805819990384	0.455798390613957	0.484169087743173	0.2308546587956	-0.717475426823172	2.61223427956325	1.91991939201847	2.75188761089256	2.25114852797274	1.48490380110171	0.989384598618397	-0.92332748102732	-1.34318132658758	1.67618255149968	-0.717475426823172	1.36486887451463	2.55923042093045	0.708710263324021	-1.9137261850552	-0.815113896387088	-0.304288272621097	2.44790149070599	3.1493555844136	-4.47867554251673	-0.586855244406107	1.5591953774054	1.49003201746863	3.40477081162101	2.69834322339317	0.674616051981045	1.765491358147	0.175284807640789	0.470084347861434	-4.47867554251673	-0.273982923125768	-4.47867554251673	0.863658709448077	-0.586855244406107	2.58008261000193	-1.04468833803159	-0.0127674238621505	-2.86923763008263	-0.0360242860264175	-1.64546219846052	-0.0842263878442955	-0.335540816125202	-1.25979971764853	-1.18283867651241	-0.586855244406107	4.75391543839427	0.639318269900021	-4.47867554251673	1.56869663652954	2.40785610001378	2.15858248876772	-0.765103475812426	1.49513406935253	1.10857311588352	-0.765103475812426	-4.47867554251673	-4.47867554251673	-0.244569037919474	-4.47867554251673	-0.0842263878442955	0.032183964000116	-1.53423656335029	-2.53276539346142	-1.9137261850552	-0.717475426823172	-0.86775762987251	-0.982167981050254	-0.435624274682184	-1.11137971253026	1.42122181106576	-1.34318132658758	0.21267233971241	1.56869663652954	-4.47867554251673	1.21505659628597	1.75377247403379	1.67192722592955	-4.47867554251673	0.032183964000116	-4.47867554251673	-0.815113896387088	-1.9137261850552	-0.304288272621097	-0.0360242860264175	1.79984588164911	-0.13487012066305	0.194153291945172	-4.47867554251673	-4.47867554251673	-2.86923763008263	-0.546849909792408	2.0029015867597	-1.43415310479331	-0.92332748102732	0.602728822467729	0.156053445712902	-1.04468833803159	1.89293630471512	-1.53423656335029	2.41599449691675	-1.9137261850552	-2.86923763008263	0.854043250748635	-4.47867554251673	1.09347848966103	0.824629365542342	-0.0598349347201363	2.39137786928139	-2.53276539346142	-1.77062534141452	-2.53276539346142	-0.628527940806675	-2.86923763008263	-2.86923763008263	1.98746918172088	-0.435624274682184	-0.0842263878442955	-2.28145096518051	-0.92332748102732	-0.815113896387088	2.08517998401539	-1.11137971253026	-0.586855244406107	0.470084347861434	-4.47867554251673	-1.53423656335029	-4.47867554251673	-4.47867554251673	-0.586855244406107	-1.64546219846052	-4.47867554251673	0.615074658290028	1.24817220507046	-2.28145096518051	-4.47867554251673	0.333508812855684	-0.546849909792408	-0.672013052746415	2.74753346758394
S1A1530	3.92462059262354	2.07215130663471	0.825267977543966	0.772040336532903	0.581943757722582	-1.07835257194501	2.44159356249349	1.65262126905914	1.30894657522187	1.1505703803784	0.000746902499519031	-0.437261753341116	-0.231054711557805	1.36083889122539	1.58018256462982	0.465193246680388	3.43632191297084	2.75249181520688	1.9771514449089	-0.136309343968439	0.289659744337433	1.08945812018492	-0.147673102618754	1.71485543749751	-0.533335583430739	2.2656863958772	1.67503117045872	1.7514448849298	1.78674266701082	2.16004166819529	1.29554154875382	2.9087510173828	0.635575912638378	1.67871781057894	0.489659298834795	0.603742986065167	-0.170795520039608	-1.64889743041262	-0.0921032514639428	-0.00915416848319239	-0.89361846874567	-0.25621327119396	-0.758582184941727	1.94665705155483	1.43395305203111	0.656248483443098	1.29012881564707	2.18807040885303	0.715819443688431	-0.968653654688584	-0.159167482044489	0.871689814395215	1.56997839445558	0.0857036249754852	-0.50027472116985	0.282252303059571	-1.23492163263655	-0.218708875735506	1.29554154875382	-0.437261753341116	-0.437261753341116	-0.567526948179018	1.77678407848525	1.66761686401949	2.49991912944634	0.0202597167231007	0.950939186049355	0.767474118553322	0.252061330780426	1.03842664017247	1.21695976171996	-0.602928875229934	-0.136309343968439	-0.349614446282361	-0.452646672180596	-0.484145339239967	0.000746902499519031	-1.34216716299015	2.88700512106989	2.16117803195394	-0.801599570025418	1.30894657522187	1.64122513432827	0.592902771512303	1.60227181617629	2.20125017129744	1.38827203300554	0.220930412185252	-0.621111194313124	1.30092514183729	0.121262927011972	-0.658498726384745	-0.0601856484956382	0.387984496848419	-1.87847187205712	-0.392478150714143	-0.846550957887684	-0.585071257829927	-0.468271990083677	-0.823822706810128	-0.484145339239967	-2.17696486061312	-1.87847187205712	-2.74750971908073	-3.11523449920605	-1.42063877843164	3.74856889224691	2.32814474985137	-5.31245907654227	1.04191096425508	1.1505703803784	1.62776339257737	1.41497264830859	-1.34216716299015	0.138579377023433	-1.94516324655579	0.923910513661436	-1.34216716299015	-0.801599570025418	-1.16932435015074	0.304312021124304	0.935583797966161	-1.50579658677195	-0.697338559701008	-2.26793663881885	-0.282021155149833	-1.75711101505285	-0.516668530945527	-2.36802009737583	-0.758582184941727	2.74934319799608	-0.392478150714143	0.651120267076179	1.33263189296338	-0.282021155149833	-0.737748098038885	-0.0394595179785213	-0.159167482044489	-1.46231147483221	0.0298751754225428	0.0947126949178507	-1.50579658677195	-2.60440887544006	-0.550285141744512	-1.3051258913098	-1.38063344381794	-0.823822706810128	-1.87847187205712	0.513541030838182	-1.23492163263655	-2.09358325167407	-0.918009921869829	2.18252715740827	0.977256494366729	-1.13807180664663	0.73491310250401	-2.09358325167407	-1.46231147483221	0.289659744337433	-0.846550957887684	1.55551533242802	0.645965616487514	-0.25621327119396	-2.09358325167407	-2.09358325167407	0.446442697335012	1.82720125942265	-0.737748098038885	2.01729061249924	-0.567526948179018	-3.70302116410817	0.0488330891671573	1.29283884440593	-3.36654892748695	-2.74750971908073	-1.02199963539388	-1.23492163263655	1.80149703302377	-0.50027472116985	-0.25621327119396	-0.125073270701513	1.72544688690491	0.656248483443098	0.477501094354985	0.875805046540322	-5.31245907654227	-3.11523449920605	-1.3051258913098	0.18060236679828	0.825267977543966	-1.50579658677195	-0.0394595179785213	-0.994970963005958	-1.20158521236896	-3.11523449920605	-3.70302116410817	-0.437261753341116	-2.47924573248605	-2.47924573248605	0.0766126532742328
S1A3050	3.78501061732056	1.78932857508323	0.474234984926332	0.642514184597247	0.31942007392221	0.0786807607176208	2.31332906005019	1.37040431360106	1.01951977379704	1.10787743428648	0.642514184597247	0.774782153174997	0.62210531296604	0.881027233242558	1.12048264320546	0.450040256339275	3.31677893084866	2.51146329251643	2.63906806647132	-0.562581584473313	1.29266247992088	-0.176020631004301	-0.540358447688603	0.780664523078064	-1.24455546443513	2.34450365439659	1.46645331870682	1.75006508026617	2.33215019278693	1.02871524089014	1.0821800887912	3.14824624340671	-0.00779283728620594	2.62803347174761	0.881027233242558	0.991414879476928	0.24208687051904	-0.378389119743546	-0.323830135493112	-0.90808322781392	-0.540358447688603	0.0425322466013096	-0.456098104070862	1.82091014713353	1.6904827404466	2.27721939868971	1.75006508026617	2.38185739469313	0.528511871780769	-0.973680510299733	0.628954654811615	1.04685632796079	0.24208687051904	0.102073640292327	-0.00779283728620594	-0.306285825842203	-1.75538108820112	0.31942007392221	0.466234942259255	-0.562581584473313	-0.0207800328130174	-1.68392212421898	1.62963672458476	1.65442114065455	2.43258873346038	0.179890662649134	1.04685632796079	0.870360465438363	0.520936077972312	0.587136715128294	0.859578689835074	-1.44030004156123	-0.378389119743546	-0.733729840669142	-0.0472716482599935	0.0176862480147788	-1.29001783851189	-1.11939232148113	3.11243822196298	2.3358722814513	-0.760758513057061	1.62963672458476	2.62060884367333	0.536030704194797	1.0821800887912	2.07888055592012	1.17334047506991	0.0786807607176208	0.0786807607176208	1.72983967173073	0.572799551981886	-1.11939232148113	0.37373206327595	0.169137870872873	-1.44030004156123	-0.497341062604912	-0.397257604047929	-0.456098104070862	-1.15939765609483	0.0904456022972076	-0.131237028377328	-1.75538108820112	-1.68392212421898	-2.00669551648203	-1.11939232148113	-1.9157237382763	3.60451904665884	1.7807356113604	-1.38765630807581	0.762912577619614	1.35731083685405	0.655892310543423	1.8555368244431	-1.11939232148113	-0.102458063827284	-0.145943175767023	0.655892310543423	-1.68392212421898	-1.44030004156123	-0.681770101738431	0.102073640292327	0.211472234699433	-0.90808322781392	0.179890662649134	-2.10677897503901	-1.08092604065333	-1.29001783851189	-1.75538108820112	-1.83234212933725	-1.33764588750114	1.7764112802974	-0.47650697570207	0.675629793381744	0.991414879476928	0.886318250876974	-0.733729840669142	-0.518618461052197	0.912361389412994	-1.04388476897298	-0.0207800328130174	-0.0744842117848785	-1.83234212933725	-1.33764588750114	-1.68392212421898	-1.68392212421898	-0.497341062604912	-1.75538108820112	-3.44178004177135	-1.38765630807581	-1.68392212421898	-0.846525334814487	-0.707412532351769	1.19682492030298	1.16937221589429	-2.65332268140708	-0.222904216903151	-2.10677897503901	-0.681770101738431	-0.359870071976309	-1.24455546443513	0.707683819671828	0.738742216691801	1.13704616887714	-1.49586989271604	-0.817111449608193	0.450040256339275	0.169137870872873	-0.973680510299733	1.25323084821653	-0.0744842117848785	-5.05121795420545	1.54319550554433	0.662514851303916	-3.44178004177135	-5.05121795420545	0.744839796559919	1.19294894645828	-0.306285825842203	-1.68392212421898	-0.656768799533014	-1.61723074972031	2.00754019831321	1.81675645476484	1.01023896472256	1.0908194513819	-2.34316775310324	-5.05121795420545	-1.49586989271604	0.520936077972312	-0.585309835550869	-2.85399337686923	-0.306285825842203	-0.207030867746862	-0.940344090032141	-2.00669551648203	-5.05121795420545	0.221781604358294	-3.44178004177135	-1.29001783851189	-0.116744021074761
S1A5075	4.02231948882896	1.85647227167251	0.852633908151529	0.761224157750036	0.270349320403393	0.245348018197976	2.36459838308546	1.84970977760022	0.464263233402665	0.981845639631535	0.175450578580598	0.993893978147709	1.54001738399472	1.30670671532507	1.43272822743049	-0.141307757952692	3.34041000036748	2.66899253639295	1.95277759068707	-0.128961922130393	1.53538238149058	0.981845639631535	-0.179287006017908	0.989893972814364	-0.905224009400845	2.00058355662516	1.7019002731114	1.73858392297301	2.06279442558563	1.07807367172609	1.23719233144038	2.01793757131831	0.567248047960098	1.34957041975685	0.638074100528711	0.529860515888478	0.219705587584638	-0.853264270470134	-1.33089182482653	-0.477779994573905	-0.711852616420305	0.0399780659677305	-0.0928134080140817	1.8239351549116	1.42497625062617	2.40044094553975	1.5142548350647	1.61569307791019	0.756173641963967	-0.988605618339895	0.725322866243491	0.597370807415206	0.620832294094205	0.110006670328214	-0.128961922130393	-0.0579261490136407	-0.232279536158419	-0.347514799736003	0.443714565175277	0.415642546396591	-0.607591606095895	-0.711852616420305	1.95430664297275	0.893180002545879	1.94817635557535	-0.531364240708011	0.677185230645336	1.17920507379003	0.709533064510856	0.771249304369414	1.30962216928519	0.529860515888478	-0.477779994573905	-0.648001144433772	-0.259867492677248	0.436770092822466	-1.21537893770468	-0.988605618339895	3.41155274006492	1.9739744478972	-0.0465623903633263	1.35514923478389	1.83776424306265	0.523491067602998	0.745995437048211	0.997878047162584	1.50949858353005	-0.0465623903633263	0.193388279267265	1.45814255585306	0.310677365790365	-2.38949877888094	0.649405666538261	0.294740773527552	-1.25242020938503	-0.549883288475249	-0.378525036478564	0.110006670328214	-1.01801950354619	-1.25242020938503	-1.07957739654562	-1.1796608551026	-1.33089182482653	-3.02548754560094	-0.878906701083471	-2.08721790700801	3.76410962739473	2.54582117798888	-1.1796608551026	0.175450578580598	1.11411360820929	0.523491067602998	1.72137508529237	-1.33089182482653	-0.347514799736003	-1.55915047680751	0.13858004277227	-1.66736406144774	-1.25242020938503	-1.41604963316684	0.471020015865545	0.0805927851219206	-1.11183825876384	-0.245978380516581	-1.92687525693283	-0.734075753205015	-0.932252681788764	-0.96003224589584	-1.85541629295068	-1.07957739654562	1.88307400654412	-0.905224009400845	1.07439719699678	0.660610265551123	1.32119972262764	-0.828262968264716	-0.549883288475249	-0.477779994573905	-2.38949877888094	0.429777057331496	0.548729000192861	-2.27827314377071	-1.50914005623285	-1.85541629295068	-1.50914005623285	-1.3725645212271	-1.78872491845201	-5.22271212293716	0.0399780659677305	-1.21537893770468	-0.19227420154472	-1.25242020938503	1.64526228603314	0.464263233402665	-2.65776276547562	-0.394398385634854	-2.27827314377071	-1.46151200724359	-0.0928134080140817	-1.61179421029293	2.35645584445892	0.318551422221272	0.326363961958065	-1.3725645212271	-0.1047183105204	-0.232279536158419	0.157185230603305	-0.932252681788764	1.64526228603314	0.371999256664684	-1.66736406144774	-0.273952232558987	0.643755933996141	-1.1796608551026	-2.51466192183495	-0.587983134707519	-0.668835231336614	0.090493856104632	-0.128961922130393	-0.803871515140557	-1.1796608551026	0.523491067602998	-0.116766649036575	0.548729000192861	0.756173641963967	-0.668835231336614	-1.72620456147067	-0.668835231336614	0.688084521103372	-0.905224009400845	-2.38949877888094	-0.347514799736003	-1.29088649021283	-0.803871515140557	-5.22271212293716	-1.85541629295068	-0.668835231336614	-1.92687525693283	-1.66736406144774	-1.14517467903144
S1B07	5.10393716956611	1.82762661868739	2.23957971267526	2.10886453944057	1.71688451335389	0.156728689342806	1.78778906579007	0.230446265239373	1.13139142743887	0.389660247023178	1.19914641966727	0.240547361225877	-0.541897956981765	1.43187777213664	0.592689434144622	1.34250413461683	4.49712186646956	4.02507955866447	1.93288435414059	0.910821880119832	-0.224443726196314	-0.498880571898074	-0.0354776266836909	1.33915964989399	0.706144310378665	2.8684152580884	3.09308214943823	2.95194204705093	3.0109351707709	0.900485870789169	2.44777202189668	0.585597205835131	1.83581499606675	2.04147738242614	1.78992581873981	1.14775171054407	1.82968000749923	-0.240573108126197	-0.256966917901874	1.05870987600406	0.926128301402507	0.564013634167956	0.667554313108797	2.78282178317135	2.16321753915285	-1.4974094020092	0.51939656867915	1.88163974642994	2.04809444544544	-1.4974094020092	0.51939656867915	0.336314266317886	1.40714699087892	1.28760184022914	1.1189431339123	-0.457637613364025	0.188989551561027	0.534491194901634	-1.12093183077429	0.380964540055625	0.240547361225877	0.0161467387216163	2.80317473622	0.480632025228905	1.50827320239796	0.970690129462418	1.34250413461683	1.45003258241701	-0.273633970387086	-0.343227262186281	-0.909622737107083	-0.0899128332387082	0.299100669977451	-1.29155734780505	0.199515964548015	-2.00823502577519	0.0286469014858479	-0.048811157553156	2.33433277215814	3.39035852452131	-0.240573108126197	2.22310713704792	0.95605572194398	1.98339103025192	-1.29155734780505	1.49402794726191	0.951129603607924	1.19140943716512	-2.00823502577519	0.779125013784902	-2.00823502577519	-1.20260986178856	0.0771412514244583	0.640974675304085	-0.498880571898074	-0.762298022350224	-0.941883599325304	-1.83388163863041	-2.2195441194424	-0.273633970387086	0.199515964548015	-0.00933234657936843	-0.379928629036709	-0.457637613364025	-1.68546163351214	-0.437636946657356	4.94253412951255	0.706144310378665	-1.29155734780505	-0.224443726196314	1.13960502597626	0.00348834184969338	-0.273633970387086	0.0652363489181402	1.01335062660513	-0.909622737107083	-0.103997573120447	-0.379928629036709	0.0286469014858479	-0.941883599325304	0.680583813399131	-1.33918539679431	0.250547444560461	-0.076023721078041	-0.878370193602978	-0.658308308826177	-0.658308308826177	-0.361409581269471	-0.361409581269471	-0.224443726196314	0.830564924989663	-0.683309611031594	-0.398797113341092	-0.478046484995232	-1.91726324756947	-0.818650958901356	0.123392269075214	0.674090284088582	-1.44183955085439	0.0161467387216163	-1.83388163863041	-1.38919581736897	-0.103997573120447	-2.2195441194424	-1.00970619566406	-0.192945059136943	-1.4974094020092	-0.418028475268979	-1.75692059749429	-0.658308308826177	-5.05275746349862	-0.520157970345359	-1.61877025901347	-1.16093716538799	-1.29155734780505	-1.44183955085439	-0.975220019592896	-0.0354776266836909	-3.44331955106451	-1.4974094020092	-0.975220019592896	-0.7900775864573	-2.34470726239641	-0.683309611031594	-1.04542427826614	0.43203946999204	0.0409927373081471	-1.33918539679431	0.100534130999164	-0.290583528700859	0.345405238019138	-0.975220019592896	-1.75692059749429	-2.00823502577519	-2.48780810603708	-0.0223195421061799	0.779125013784902	-0.0899128332387082	-1.29155734780505	-1.44183955085439	-1.12093183077429	0.00348834184969338	-1.91726324756947	0.188989551561027	-1.83388163863041	-5.05275746349862	-0.0354776266836909	0.0409927373081471	-0.7900775864573	-1.68546163351214	-1.91726324756947	-1.91726324756947	-0.818650958901356	-1.55624990203213	-1.68546163351214	-5.05275746349862	-0.256966917901874	-1.83388163863041	-1.44183955085439	0.819360325976801
S1B2230	3.76395607330573	2.25062866084672	0.977662985033831	0.73005226469041	0.864738258528524	1.20167196262447	2.87802446384388	2.61161751878702	1.88961531530939	1.91367145816362	1.22897741331474	1.55221511202838	1.24897808002141	0.244775475824372	-1.52031574632152	0.0961152016035491	3.45278162845567	2.7388987807173	1.42964810877689	2.44798809500521	1.7624404884397	1.69434066300397	1.02004220800269	1.18539253333561	-1.21956159230239	1.66719613925322	1.70276176540038	1.72487738686405	1.38072019407346	1.34538776515915	1.18539253333561	-0.928638025926436	0.484005164890206	-1.75670452438575	1.00048851237606	0.890257984736619	0.0820798834871654	0.440520052950467	-1.80216689846251	-0.211508880680006	-0.673017885934319	1.04193090679213	-0.290367455592325	1.60598300251453	0.848451253553825	1.86020143010309	0.912065702548018	1.49710935184373	0.887103407988104	1.25991910819961	1.17122464581688	0.0678447676652931	0.374169190926354	0.0387518067236288	-0.532929092763637	0.556930404794878	0.368878173291939	1.0228046406986	-0.628893081025381	-0.784243521044543	-1.59307510060395	-0.767576468559331	1.7083366927313	0.163480733431125	-1.52031574632152	0.109956253015421	0.405340545829294	0.368878173291939	0.074987655177674	0.620781876781411	0.308750775319344	0.737418780507172	-0.353880861314651	-1.30068713711476	-0.586633271735498	1.23791602031555	-0.32161999909643	-1.16891785948363	2.95960942201589	2.44798809500521	2.2392510492866	0.608333583254843	0.445446171286523	0.620781876781411	0.921268221479179	-0.673017885934319	1.06863476323956	0.815059169495514	1.07650881967046	-0.240357035017664	-0.0221034689976456	0.565683195904473	0.10305967395636	-0.0953068730209408	0.341994833898498	0.0961152016035491	-0.375981208315317	0.347429629884455	0.744731427353458	0.220458168173665	1.57470601988827	-0.767576468559331	-0.183469660615613	0.274363433009868	-2.12937980967093	-1.42023228776454	3.66589324267262	0.410442597713189	0.825194391389558	-0.174295284339571	-0.250161035114285	1.34738377380586	0.169974262741674	-1.38897974426044	0.268515463127445	-1.5560338289236	0.0238816442441774	1.36908087741644	-0.890538179694166	-0.643386088327947	-0.68816969095492	-0.767576468559331	-0.32161999909643	-1.35867439476511	-1.52031574632152	-1.5560338289236	-1.12071575766576	-1.32926050955881	-1.67154671604545	-2.00801895266666	2.03302528990812	0.341994833898498	1.12498769979069	-0.103781500011913	1.23791602031555	-0.481962649171609	0.420569266531118	-2.00801895266666	-2.06685945268959	-0.211508880680006	-1.59307510060395	0.0238816442441774	-1.95244910151185	-1.52031574632152	-0.890538179694166	-2.42787279822692	-1.52031574632152	-2.06685945268959	2.27773275126605	0.420569266531118	1.89999603136395	-0.559420708210613	-2.99841765669454	-0.364869982890246	-0.387217281582243	-2.42787279822692	-2.42787279822692	-0.353880861314651	-0.68816969095492	-0.988656035652689	0.948378315488656	-0.68816969095492	-0.250161035114285	-0.532929092763637	0.308750775319344	-2.26753014815174	-1.89980536802643	-1.00949012255553	-0.120949303634279	0.954304258756203	-1.42023228776454	-0.890538179694166	-0.260062106096997	0.435569547790611	0.561316376738133	-0.835979195443731	-2.1960711841696	-1.71321941244601	-0.332258397301485	-0.988656035652689	-5.56336701415607	-0.311093586109442	-0.719179927697481	-1.84979494745176	0.561316376738133	0.0238816442441774	-0.46961681334931	-0.735053276853771	-0.559420708210613	-0.948246497314813	-1.45249314998276	-1.89980536802643	-2.26753014815174	-1.48582957025035	-1.71321941244601	0.927356520346435	-3.1654717413577	0.379432360970629	0.883938848385141	-3.95392910172197
S1B3040	4.76261581063662	2.41542773777219	1.88329638132833	1.78136947358226	1.56231590751957	1.26656176391714	3.03093380410149	2.83320149937913	3.28329187574088	1.67782879464142	2.40589629150664	2.20894307244462	0.316025453529821	0.614934588575385	-1.17205160190001	0.805989825338094	4.28874897922231	3.77183320264982	1.63390281418357	3.65534743147389	0.661672066427075	1.36617010665571	1.67451753333776	-0.0360517811602823	0.207074269741265	2.50026283533923	2.78412498500144	2.51325003086604	1.34794636769926	2.73136302899153	2.24894840705832	-2.16245030592789	1.520643211119	-2.32950439059106	1.35709974968575	0.966332475413274	0.932082552370195	1.61998954626658	0.932082552370195	0.688700738814994	0.303038258003009	-0.0178694620770923	0.341504538830805	2.39949114550938	1.67782879464142	1.5806987781201	1.1833969806511	0.545599895174321	1.67451753333776	2.89281510718503	-1.1164817507452	1.40165054667112	1.09860044399102	0.918047234253812	0.679772108070693	-0.261491544734842	0.162949464832328	-0.0360517811602823	-4.72739966338943	0.147797659811726	-0.383594241535742	-0.0360517811602823	2.60758221548239	1.90985836789503	-1.59190544746028	1.64078752296107	0.249334079031148	0.986333142119943	-1.59190544746028	0.679772108070693	-0.28474840689911	1.19952636258098	0.402499051533647	-0.877252061679367	2.27475629101419	1.23102502964036	-0.757107749837304	-0.493293158792167	2.9872778104115	3.15604669074831	2.81428343649269	-1.29341245890428	0.952772945627641	1.72936999218274	1.5321818006755	-1.29341245890428	0.790053233075281	0.303038258003009	1.4811903627072	-1.89418631933321	-0.52270704399846	2.5260707192951	-2.16245030592789	0.414263893113234	2.34162376318883	-0.877252061679367	-0.877252061679367	0.414263893113234	-0.553012393493789	-0.52270704399846	-0.7955740306651	-0.616525799216115	0.207074269741265	0.492956161688899	-0.584264936997894	-0.835579365278799	4.65141685855866	-1.682877225666	1.05025265983323	0.903812118431939	0.57590524466965	0.555804065348562	-2.53017508605321	-2.53017508605321	0.652497690151034	-1.17205160190001	1.08673086843564	-0.357951810922405	-0.52270704399846	0.207074269741265	-2.78148951433411	-4.72739966338943	0.514347351670216	-4.72739966338943	-0.757107749837304	-0.238763293657286	-0.19480017023617	-0.173522771788885	-0.616525799216115	-1.89418631933321	-0.720066478156955	2.30522459763858	0.303038258003009	-0.19480017023617	0.798053275742358	1.3293843498392	0.0847846919829918	-1.01382759668512	-1.23089210192295	0.425891931108353	-2.32950439059106	0.945923603782067	-1.59190544746028	-1.17205160190001	-0.409911549853116	-1.89418631933321	0.147797659811726	-0.835579365278799	2.54846493715711	1.3293843498392	1.11614475364193	0.100914073912875	-4.72739966338943	-0.0734393132319027	1.03779143939542	-2.32950439059106	-4.72739966338943	0.341504538830805	-3.11796175095533	-1.1164817507452	-1.89418631933321	-2.16245030592789	-0.757107749837304	-2.32950439059106	1.00594161350832	-4.72739966338943	-1.01382759668512	-2.78148951433411	-0.757107749837304	0.773858547155301	-1.682877225666	-1.682877225666	-2.32950439059106	0.147797659811726	0.545599895174321	-1.23089210192295	-1.78296068422299	-2.32950439059106	0.147797659811726	-1.17205160190001	-2.53017508605321	-4.72739966338943	1.48520643236209	-4.72739966338943	1.11033078377651	-0.152688684886043	-1.78296068422299	-0.152688684886043	-4.72739966338943	-1.682877225666	-2.01934946228722	-4.72739966338943	-2.32950439059106	-1.17205160190001	-4.72739966338943	0.303038258003009	-4.72739966338943	-0.553012393493789	-0.649862219483706	2.00481104307778
S1B6575	3.8286483418926	2.53135714231228	1.0100319913053	0.827292810784251	0.817217158795509	1.06288982316975	3.21465202642921	2.77176978152188	2.57856091865757	1.94902751687321	1.76686921205905	1.81281030491943	0.895115407123012	0.597233167771668	-1.49810695997597	0.171050187159756	3.78040008693861	2.96129610912845	1.75900289814307	3.37865500269948	1.1500662030473	0.918264588989977	1.45171561227395	-0.0200050496029522	-0.470320723876469	1.64847384400952	1.69794629754859	1.77467412972844	2.08041375315135	2.3288607959551	1.49634243976514	-1.26984830799499	0.775867598976814	-1.15433542087314	0.699117617360254	0.664331501274837	0.199623559603813	1.61483838626657	0.0694400107489743	-0.198823975845706	-0.871209164957221	0.26328141137579	-0.566548755971022	1.47033317129002	1.25342835306598	1.75107421438756	1.32905492839689	0.812141005763649	0.781130769021089	1.30758171069016	0.314794945825899	0.832292821200957	-0.131230684713177	0.227403123710888	0.151537372936175	-0.28647128290446	0.180665645859198	-0.157722300160153	-2.21722962693917	-0.719017349615296	-0.956975986714646	-1.01853387971408	1.68314687310265	1.89018701685028	-1.31152100439555	1.19963387146738	0.876202313816525	0.101021582799273	-1.0507947419323	0.314794945825899	1.43274485364417	0.958628812845338	0.141636301953463	0.890420562818805	0.927376269341234	1.07077941044491	-0.399494671307856	-1.01853387971408	2.50173905878787	2.45066823106213	2.9974200485623	0.0368284251602136	0.20896942202205	0.775867598976814	1.11685281806023	-0.58695762760223	0.842218461000927	0.922830806969559	1.86030781696655	-1.35500611633529	-0.227194672974921	2.46636252082472	-1.15433542087314	0.101021582799273	1.77272860382295	-0.0557231322050322	0.180665645859198	0.121535122632376	0.347719730522365	0.0694400107489743	-1.19137669255349	-0.171236019326876	-0.271319477883859	0.289369847460089	-2.76377333330724	-1.6063205446162	3.70152273458524	-0.28647128290446	0.997426782386321	-0.131230684713177	-0.092764403885381	0.727209352227269	-0.452138404793279	-5.16166860610561	0.218228747434847	-1.94279278123741	0.552064199403756	0.379594939052814	-1.35500611633529	0.245503165354506	-1.35500611633529	-1.4480965394013	0.578124306073621	-1.40046849041205	-0.792220753638591	-1.11861733827106	-1.08413116219989	-1.01853387971408	-2.02617439017646	-1.94279278123741	0.615983717117044	2.43572771410718	0.590904032720021	-0.742827998309015	1.65067648807187	0.227403123710888	1.67459067117145	-1.86583174010128	-0.987281336209975	0.111330952458134	-1.11861733827106	1.44902743861215	-1.40046849041205	-0.118243489186366	-0.28647128290446	-2.4536184050034	-1.49810695997597	-0.333354868803311	2.75002191460273	1.50655964231179	1.12432948840325	-0.28647128290446	-5.16166860610561	-1.08413116219989	1.56576311874524	-5.16166860610561	-1.0507947419323	-0.105422800757304	-2.4536184050034	-1.01853387971408	-0.566548755971022	-1.55075069346139	-0.767219451433174	-0.927562101508353	0.50475808200682	-2.11714616838219	-0.58695762760223	-2.21722962693917	-0.488839771643706	0.497813609654009	-2.59671924864408	-1.94279278123741	-1.11861733827106	-0.317481519647021	0.280749104416181	-0.987281336209975	-1.19137669255349	-2.11714616838219	-0.241687680277487	-1.40046849041205	-1.86583174010128	-1.4480965394013	1.05493749497925	-1.72768140162047	0.743693241948958	0.558643170501799	-1.11861733827106	-0.956975986714646	-1.40046849041205	-0.871209164957221	0.227403123710888	-3.55223069367151	-2.3284552620494	-1.08413116219989	-2.96444402876939	0.628291564791641	-5.16166860610561	-1.31152100439555	-1.19137669255349	-3.55223069367151
S2A1727	3.64828289884649	2.4176787969674	0.716823274844482	0.761398899433186	0.693767498544556	1.7486786925507	2.99547757325322	2.90066333114595	2.66679516790797	1.44496352891213	2.09093547169345	2.06463738933881	2.08369955010727	1.5166122012183	-1.77666711863491	-0.181118318361477	3.6997964332966	2.80653948618747	1.79237978721267	2.5875290806243	1.40854493841321	2.75221765999411	1.39706705056852	1.87979600611706	-0.749513793948946	1.59062871135156	1.55430510549403	1.87801347445078	1.72401146034891	1.83425079400931	1.30650747352279	-2.09944051089796	0.458155872258317	-2.09944051089796	0.798836426505317	0.66417954135906	0.0655232042200371	0.412865113078154	-1.53304503597716	-0.100537831702137	-0.774515096154363	0.99376410546485	-1.13662976338891	1.64838147884943	1.26126550940946	2.9247532440934	1.65062363225511	1.4640376766747	0.627478174508632	1.18575795690131	0.687919528662133	1.19991748550495	-0.253613820399631	-0.181118318361477	-0.725122340824786	0.682037158759066	0.798836426505317	-0.195203058243216	-1.10091168078683	-1.43039088191708	-1.21213731589706	-0.268765625420232	1.91822868366517	0.494391720712362	-0.826474835085074	0.777615471022432	1.18575795690131	0.272137453583036	2.20783692043639	1.49852385274587	1.0845480549698	0.569769856887985	0.639862233708353	-1.6474553871549	0.435766877364838	1.08848506792914	-0.939270329230418	-1.33730045885106	3.44592292818829	2.43008205675082	2.6496238547502	0.645997222275869	0.563147316127491	0.722505108311912	0.798836426505317	-1.84812608261706	1.14575262228761	0.699581468409976	0.465508846563575	-1.84812608261706	0.0208230253021302	0.750439885643466	0.465508846563575	-0.490002598463861	-0.633103442104534	0.435766877364838	-0.253613820399631	-0.153530361842648	-0.569251970118001	0.00932864587639504	-2.74606767582301	-1.70997574413624	-0.195203058243216	0.0208230253021302	-2.19952396945494	-1.77666711863491	3.46835858788643	1.39706705056852	1.00236630904751	0.633689374601272	0.159341959437691	0.949606821423751	0.307075504944317	0.235934404919075	0.0655232042200371	-2.31074960456517	-0.00229939211872399	0.245108781195117	-1.29381534691133	0.076392876456941	-0.238688170182955	-0.284150544259712	0.3814899905104	-1.10091168078683	-2.19952396945494	-2.09944051089796	-1.48040130249174	-1.58861488713197	-1.38276283292782	-1.48040130249174	2.15515851408942	0.569769856887985	1.77473227039909	-1.00082822222985	2.0995500260441	0.670167583203682	-0.181118318361477	-1.84812608261706	-0.181118318361477	-0.12668311180646	-0.774515096154363	0.108310479425246	-2.31074960456517	-1.13662976338891	-1.38276283292782	-5.14396294862138	-0.45261506639224	-2.31074960456517	2.71196925109723	0.59582996355785	-0.569251970118001	1.85088703721169	-2.74606767582301	-0.490002598463861	0.272137453583036	-5.14396294862138	0.0655232042200371	-0.655326578889244	-3.19805279956607	-1.48040130249174	2.66517244949915	-0.969575678725747	1.30016830807906	-0.8001575267677	-0.0140642336983108	-2.19952396945494	-1.48040130249174	-0.881283071580069	-1.53304503597716	0.722505108311912	-5.14396294862138	-5.14396294862138	-0.00229939211872399	0.0208230253021302	1.30966205027131	-0.590086057020843	-2.94673837128516	-1.77666711863491	-1.43039088191708	-0.853503507472993	-5.14396294862138	-0.381789013823628	1.49852385274587	0.235934404919075	0.739359439866894	0.9313830824673	-1.70997574413624	-1.33730045885106	-0.611363455468128	-1.17367103506926	-1.43039088191708	-2.00846873269223	-3.19805279956607	-1.92508712375318	-0.969575678725747	1.94026347347653	-3.19805279956607	0.761398899433186	0.733772833158254	-5.14396294862138
S2A3545	4.25787372449961	1.04608577773376	1.43038910101405	1.2427354346818	0.79234298497638	0.756704469529021	2.32824505578543	1.79615553976221	2.17150034078113	1.58040241457535	1.51672587671563	1.47338214749916	1.31275056358782	-0.0290354978587493	-2.38790142675138	0.615694583262821	3.8249155949659	3.31113295140874	1.73497944273565	1.6931979087207	0.961078872928657	0.868168768124865	0.666596156028858	0.646545358983297	-0.570166471120069	2.13788372998214	2.22721909008987	2.07315525728165	0.880265689833694	1.10541124381858	1.74346845806056	-1.15795313602219	1.12756404845971	0.394507341669372	0.671546661188715	0.770218188695744	0.997380499604872	-0.0696502170129394	-2.2878179681944	0.232180001404869	0.457619764979428	-0.678380055760301	0.0837599962865951	2.06338120268422	1.25658607161569	1.20290086509583	0.752159007157347	0.0195177275582417	1.19122190023169	-0.0191344268760378	0.770218188695744	1.22869025997875	0.661621021388744	0.68625280857841	0.354634950421995	0.232180001404869	0.101381597636415	-0.383580515539657	-0.122854253076404	-0.0593408473540782	-0.156190673343996	-0.778463514317284	2.17260166247835	-0.604952587205484	-0.697611417688189	1.00448532522862	0.594585620052586	0.420232232907808	0.457619764979428	-0.427065627479395	0.938648025940474	0.860022083557047	-0.369495775657918	-1.28928913808327	-0.0390355811933327	0.208923139240602	-1.01485229238151	-0.167554431994311	3.32617872158885	2.79476877942855	2.17039780483703	0.168917804626902	0.938648025940474	1.14923672335861	1.04947561148827	0.247389420068397	0.23981362625994	1.28639857759939	0.0837599962865951	-1.06966052887651	-0.00933042677941653	-0.913499798121227	-0.263436203697593	0.0748313655422939	-0.30190248452539	-0.4123594800897	-1.4005147731935	-0.697611417688189	-0.0696502170129394	-0.717219889076565	-1.06966052887651	-0.14495460007707	-0.202441690994752	-0.226394932017245	-1.3620484923657	-1.3620484923657	4.22844554774575	0.177047930710152	0.68625280857841	-0.457143082716673	0.432850696867019	0.733767684185923	-0.889689149427508	1.51247507329044	0.216735678977395	-1.15795313602219	-0.889689149427508	0.401000870979921	-0.250936040933362	-0.622810204605491	-0.866432287263241	-2.11346458104962	-0.520156050545407	-1.3620484923657	-1.77699234442841	-1.12764778652686	-0.383580515539657	-0.737220555783235	-1.06966052887651	-1.7214224932736	1.27295751503038	0.135719735217307	1.62325220247847	-0.0491366771798365	-0.0290354978587493	-0.328394099972366	0.487742524434537	0.401000870979921	-0.276094600569516	0.0748313655422939	-1.77699234442841	0.118698047647876	0.0926096115635779	-1.15795313602219	-1.32500722068535	-1.25480296201211	-1.52567791614751	-1.22146654174451	1.58833109833086	0.340982861253668	0.743005625170859	0.00999384604698594	-2.49912706186161	-0.21434659350107	0.534127651015472	-1.22146654174451	-1.4405201078072	-0.457143082716673	-1.01485229238151	-1.57114029022426	1.92818219217203	-5.33234040591782	-0.889689149427508	-0.799740912764569	-0.622810204605491	-1.25480296201211	-1.4005147731935	-1.09823390132057	-0.288915288998578	0.306014263415921	-1.61876833921352	-5.33234040591782	-0.156190673343996	0.738397322084665	0.347832203099243	-0.520156050545407	-2.93444513311945	-0.238590205111063	-2.0365035399135	-1.12764778652686	-2.38790142675138	0.743005625170859	0.401000870979921	-1.52567791614751	-0.0905933908581824	-0.504026668615523	-0.659511571455919	-1.4005147731935	-0.866432287263241	-1.96504457593135	-2.0365035399135	-3.38643025686251	-1.22146654174451	-1.04188096476943	0.934860142623537	-0.202441690994752	-1.4405201078072	0.056731323898676	0.216735678977395	-1.89835320143268
S2A5060	4.17164325517734	1.70488369090333	1.26556748011556	1.27909643505588	1.24954883095992	1.44580590008954	3.10154838056533	2.20718737064738	2.60390844379167	1.98060719935533	1.84015095715363	1.88635143292321	0.886427050906563	0.453217414164743	-2.29661432095242	0.531882033225656	4.02091131147646	3.21536175769861	1.64923023295123	2.37096712515707	1.23326940167106	1.66913900689669	0.987299900095	1.1032488376966	-0.182771352555254	1.9068835551662	2.11059261225176	2.08190617439217	0.987299900095	1.99603450257024	1.70634567946783	-2.14819431583415	1.0312952649399	-0.788102327108282	0.736413737345265	0.966086983455808	0.656210451590292	-0.350704171897108	-1.4379527019149	0.378912688444228	-0.328104339979868	0.129956751822615	-0.316993114554797	1.96041582354677	1.11387310761683	1.57541967625936	0.996255183824105	0.821335585325818	1.16787079994565	0.442934547209159	0.545966773107394	0.796244663332292	0.541293867408002	0.635112622625656	0.211357601766574	0.406088273823193	0.536599023103794	-0.328104339979868	-1.4379527019149	-0.14485211769296	-0.671303059362032	-0.655677741458951	2.06877467256844	-0.0390265938891119	-0.805959944508289	0.701115955264242	0.821335585325818	0.406088273823193	0.831899063835388	0.0178993429068974	0.339581776381804	0.705100024279116	-0.27374313076098	-1.17168472396694	0.617907897176026	0.777929133025859	0.178241992982077	-0.595509219992498	3.31986582530098	2.65271278441543	2.35886867890926	0.101280951845949	0.792608295688908	1.09789407255894	1.01975112519304	-0.719699600223882	0.788958656601358	0.468446134866568	0.685019028222067	-2.37999592989147	-0.09054012833922	0.211357601766574	-1.04958202716604	0.164682463196445	0.527142687861758	-0.242490587256876	-1.47243887798607	-0.202284166778836	0.442934547209159	-0.27374313076098	-2.57105116665418	-0.328104339979868	0.463395619080499	-0.09054012833922	-1.5836645130963	-1.4379527019149	4.10676118174711	-0.625141017598869	1.04270765699165	-0.242490587256876	0.384407207761869	0.821335585325818	-0.861529795663099	0.345296077645243	0.15783312135087	-1.75429003012706	0.0792212337812161	0.0566638863571418	-0.397496333403867	-0.805959944508289	-0.920370295686033	-2.21965327981629	-0.446585943600391	-2.21965327981629	-1.40461628164731	-1.62366984771	-0.861529795663099	-0.94077916731724	-1.75429003012706	-1.28138364122336	0.774225425088375	0.999222545051907	1.84778944114242	-0.655677741458951	0.821335585325818	-0.163632012344556	0.150936542291809	-0.824142263591479	-0.284381528966036	0.0642396801655991	-2.95054078835909	-0.192480166682214	-1.34110287592499	-0.703305790448205	-0.824142263591479	-2.08150294133548	-0.805959944508289	-1.22503070467223	2.32953427142086	0.763031278345221	1.04270765699165	0.564443049274967	-2.80743994471841	-0.263216717773993	0.437753188467162	-3.3182655684844	-1.62366984771	-0.0142319352758955	-1.47243887798607	-1.37235541942909	1.26329475186455	-2.14819431583415	-0.373826589317963	-0.459244340472314	-0.373826589317963	-3.11759487302225	-1.37235541942909	-1.50815696058815	-1.00463063930377	0.656210451590292	-2.29661432095242	-3.90605223338652	-0.655677741458951	0.536599023103794	0.224302766358611	-0.824142263591479	-1.7088276560503	-1.66534254411056	-1.09664953802403	-1.02685377608848	-2.80743994471841	-0.222185321096131	0.736413737345265	-1.85192849969098	-0.0993897436162028	-0.135592792280163	-0.595509219992498	-1.25281026877931	-0.842661311358717	-1.28138364122336	-2.68227680176441	-2.57105116665418	-0.880761157590987	-2.4709677080972	0.322240301345317	1.29905275143934	-2.37999592989147	-0.350704171897108	0.356627643654793	-2.37999592989147
S2A515	3.57141800043387	1.97439696467339	0.643001129426011	0.462387514977213	0.291603242588122	1.73589911683068	2.29155017197674	2.11327521117878	2.91756185486685	1.97138264438047	0.462387514977213	1.55185688281265	2.07045930698027	0.776176333266714	-1.50421302733555	-0.0416353614660263	3.42568826328671	2.73904202805026	1.60113897123567	2.284953116715	1.7068273020087	2.4428003676634	0.932817674406424	1.8375277492999	-0.729148724307715	1.509646630811	1.30870976553093	1.65434300729913	1.87810812705768	1.89291102893897	1.09394971511306	0.376926285561984	0.810493426190844	-0.373598007581264	0.124549157924956	0.665537294448423	-0.174359977120608	0.0239619210197874	-1.24749318048773	-0.29780416821173	-0.873979672186171	1.01072590955133	-0.706925587523005	1.62276143524883	1.04179637002507	1.93134650451755	1.03411878912603	0.986772668528835	0.376926285561984	1.11193581148284	1.09394971511306	-0.0878863791167817	-0.18734717264742	-0.148880891819624	-0.455611159242099	0.945529709994786	1.02638180662388	-0.327435965818101	0.369463564360395	-0.798944486243257	-1.3676374923298	-0.823335939367416	1.32612675152494	-0.421994548443114	0.299667802424852	0.566040088289882	0.740639598989927	0.384333726839846	0.756024517829406	0.515556182857891	0.572175076857398	0.369463564360395	-0.124034893233093	-1.72127753257337	0.2670118394508	0.124549157924956	-1.01309247464889	-0.751876975385271	2.93556466395904	2.05669446473402	2.21410682276795	0.180377607477898	0.671092864293026	0.376926285561984	-0.18734717264742	0.307667845091929	1.44534760195095	0.0552144645238917	0.534787544785778	-0.848337241572834	-0.526437211810711	-0.622665243905265	-0.0303992881991002	-0.18734717264742	-0.873979672186171	-0.0416353614660263	-1.07465036764832	-0.283311160909164	0.614097383243662	0.152852934087807	-2.27334611487341	-0.95510521699854	-0.706925587523005	-0.389471356737554	-1.66243703255044	-1.66243703255044	3.46644679730582	1.47056961990691	0.730249895140791	0.566040088289882	-0.111839620139275	0.547406008744989	0.475947044762845	0.331290990855365	-0.213838788094396	-0.823335939367416	-0.200505257224931	1.88964038007085	-0.124034893233093	0.420569575293891	-0.0529991201163407	-1.72127753257337	0.180377607477898	-0.775133837549538	-2.50973489293765	-1.99890926917165	-1.60686718139563	-1.66243703255044	-1.99890926917165	-2.81988982124148	2.39356262336377	0.391686701145105	1.13310062267488	-1.78379788955471	1.16403092336624	-0.508254892727521	0.566040088289882	-2.50973489293765	-0.643074115536472	-0.900296980503545	0.0755197306846371	-1.50421302733555	-1.45658497834629	-2.27334611487341	-0.848337241572834	-3.27187494498454	-0.357972689678183	-1.85048926405338	2.15307507249686	0.834304074884562	-3.27187494498454	1.25456120046105	-3.27187494498454	-0.0997912816230997	-0.312510315601426	-0.983678589442595	-1.1747338262053	-0.873979672186171	-1.99890926917165	-1.10691122986654	2.14549449292318	-1.41112260426954	0.80080812045638	-0.405600738667437	-0.983678589442595	-2.81988982124148	-1.21045190880738	-0.685185600886599	0.937072999976563	0.95391550337106	-1.60686718139563	-5.21778509403986	0.559867229182801	0.815301127758946	1.12609534008648	-1.07465036764832	-1.72127753257337	-1.1747338262053	-1.07465036764832	-0.0192880627740291	-3.02056051670364	-0.490397275327514	0.829587085006423	-0.490397275327514	-0.124034893233093	-0.848337241572834	0.703793325603961	-0.927325652891464	-0.405600738667437	-0.983678589442595	-0.848337241572834	-0.95510521699854	-0.775133837549538	-0.823335939367416	-2.38457174998364	1.07932422589408	-2.65283573657832	-0.327435965818101	1.25146522275592	-2.81988982124148
S2B07	4.43778732544953	2.7098175940968	1.30134217753544	1.38121654920993	1.07106162090609	-1.15977956722912	3.15907513346897	1.3932648877261	1.00265889402169	0.64471892777637	0.139503416901145	-0.0959533946464211	1.25200481772992	1.75729792392619	1.34417527752958	0.610380790195478	3.89122633747772	3.26644796243056	2.22851440959713	-0.0442177202472323	-0.780289945524212	1.71479861040891	-0.618648593967796	1.69433005955351	-0.113811012046428	2.83724424834449	2.21807045043605	2.32579038519865	1.44764721849954	3.16655816158418	1.89446348166493	2.81726261303487	0.786130581826198	0.948099909771254	1.09823720628505	0.910000063538984	0.375155817907064	-1.32683365189228	0.375155817907064	0.24556298886147	0.125418677019407	-0.357433094704178	0.180605092586697	1.93938829357312	1.36080767757872	0.449658345204985	1.53796126421423	0.83614100240086	1.32726155508752	0.702111725773022	-1.45604538337229	0.518993038606049	1.77924667883057	0.583830558101357	0.318322343143898	1.62396464918245	-1.0621410976652	-0.745803769453042	2.13605729877521	0.0518561098423902	-0.479535791505078	-0.0442177202472323	1.93242770862549	1.37310291443576	-0.712467349185451	-0.0784090849955117	0.0208458730998293	2.07132882607472	0.935560560518518	0.386144939482659	0.960483968970975	-2.87743106430345	-1.87890223419232	-0.45389336089174	-0.712467349185451	-0.745803769453042	-1.77881877563534	-0.648953943463125	2.91165498066402	2.72889607420204	0.518993038606049	0.329950381139017	1.36902127611611	1.21452970656338	0.661455720131893	2.20041774137968	0.459862515379227	0.717922331799665	-2.11529101225655	-0.380689956868445	-1.10976914665445	-1.99012786930255	0.0364711910029101	0.883769051390114	-1.38935400887362	-1.52750434735443	-0.479535791505078	0.318322343143898	-0.45389336089174	-2.11529101225655	-0.45389336089174	-0.712467349185451	-1.45604538337229	-0.85304929980664	-0.931520915248135	-0.816008028126291	4.29652725545335	1.8625197337096	-0.745803769453042	1.19525200113747	0.79342988430781	0.64471892777637	1.53450105314934	0.479963694700314	0.661455720131893	-1.32683365189228	-0.53288177221037	-1.38935400887362	-1.01667872358844	-0.589234708761502	-0.816008028126291	-0.0275506677620205	-0.53288177221037	0.910000063538984	-2.25839185589723	-0.208220696517502	-1.32683365189228	-0.334704843626622	-1.10976914665445	-1.68784699742961	1.98238134005822	-0.780289945524212	1.4438593351826	0.0518561098423902	1.54140954349315	0.0966397124693632	-0.269464321758221	-1.45604538337229	-0.0442177202472323	1.17062021394781	1.06553674497412	-1.32683365189228	-0.891515580634436	0.829147966909889	-4.82334121335876	-1.52750434735443	-1.01667872358844	-0.816008028126291	-2.62611663602254	-4.82334121335876	-1.21242330071454	0.565730516457739	2.26756860872122	0.220083903560485	-1.10976914665445	1.63656324101877	-2.87743106430345	-4.82334121335876	-0.0111568579863439	0.193938623456162	-0.208220696517502	1.21929162032362	-1.60446538849056	0.220083903560485	-2.87743106430345	-0.0611672785610056	-2.25839185589723	-0.680206486967229	2.75275612726435	-0.357433094704178	-1.87890223419232	0.139503416901145	2.38080807867718	-2.11529101225655	-4.82334121335876	-1.68784699742961	-1.60446538849056	-0.816008028126291	-2.11529101225655	0.800676292828577	-1.68784699742961	0.922861977181391	-4.82334121335876	1.06553674497412	-0.891515580634436	-0.188612225129126	-3.21390330092466	1.19037394268404	-0.505853099822451	0.79342988430781	-1.87890223419232	0.537950952350664	-2.62611663602254	0.601608804122641	0.341444760564753	-2.25839185589723	-1.60446538849056	-4.82334121335876	-4.82334121335876	-0.648953943463125
S2B1522	3.84025674451477	1.63535978383536	1.09417653392601	0.700030658557786	0.560917856095068	1.9583440575838	2.55022238122217	2.60504150645603	0.817525052272491	1.79169244139937	1.38927412563726	1.84928668004465	0.755600509712597	1.02905407116601	-1.53964060902569	-0.111549119227338	3.37891505377834	2.65701103136735	1.56571138954552	2.01849103115737	1.7525763435235	2.26810530446924	1.14204892238545	0.844861606436242	-0.618483687500363	1.49319945284338	1.3520852452182	1.62305193616077	1.29357273503053	3.18342100782782	1.4150155726874	-1.04852005633903	0.295863409165221	-1.40306507401994	0.447230897660688	0.530612506599739	-0.111549119227338	0.326517150256223	-3.05598809839378	-0.441028320357581	-0.30445278535183	1.24356231445586	-1.07882540583436	1.52329431664218	0.646684677852493	2.68451909953011	2.11133433852564	0.803571337498626	0.596112104216861	0.88018536726665	-0.000939247683368727	0.725673089171123	0.413214012382434	0.288050869428428	0.311307731592695	1.25257138439823	0.499359963095634	-0.883764823262977	1.20041232316269	-0.810561419239682	-1.24587949049753	-1.81922547124485	1.38666315809654	0.295863409165221	-1.32138704300567	0.524439647492658	0.755600509712597	0.684323529352428	0.641190158534852	1.69664377927077	1.43014827003628	-0.0999210812322193	-0.290368045470092	-1.32138704300567	-0.618483687500363	0.99869120743589	1.37878910166563	-0.909407253876314	3.51939762755074	2.38064088395177	1.56133022152996	1.04757311893325	1.67336435749273	0.377999106091367	0.231584257760656	-0.883764823262977	1.00636878833492	-0.222774754337563	0.447230897660688	-0.638092158888739	0.867084743220952	-1.28292076217788	0.578669801553518	0.214847465405133	-1.53964060902569	0.231584257760656	-1.01910617113274	0.511978427054846	0.63010971275828	-0.85876352105756	0.657583968310528	-0.764576305997859	-0.810561419239682	-1.24587949049753	-1.17567523182428	-1.88591684574352	3.67542769547195	1.96129173842114	0.918487921680916	-0.347937897291569	0.922654594375762	0.295863409165221	1.4670074794053	-1.49201256003644	0.0891215762348123	-1.11007794933847	0.144950025787755	0.492990514810154	-1.04852005633903	0.486580236449235	-0.184308473509767	0.295863409165221	-1.28292076217788	0.108079489979427	-2.85531740293163	-0.883764823262977	-1.14233881155669	-1.49201256003644	-1.53964060902569	-1.44655018595968	1.79690984453906	-0.935724562193688	1.2674084518287	0.725673089171123	1.99172887060701	-0.123313960806925	0.554929814250445	-2.0343368508618	-0.543682474417665	0.223250876201512	0.264240220734709	-1.14233881155669	-2.68826331826846	-1.17567523182428	-0.441028320357581	-5.25321267573	-1.88591684574352	-1.36139237761937	1.85421279838071	-2.41999933167378	-1.04852005633903	0.348906145149702	1.02530874843585	-0.543682474417665	0.0299910530079899	-0.834372067933401	-5.25321267573	-1.11007794933847	-0.580383841268092	-0.638092158888739	-0.0437265228885773	0.280176812997522	0.95939342002152	-1.53964060902569	-0.764576305997859	-2.11771845980085	-2.41999933167378	-1.69786461424058	0.377999106091367	0.85825466377268	-3.05598809839378	-0.457422130133257	0.144950025787755	0.760502480312804	0.560917856095068	-0.441028320357581	-3.05598809839378	-1.69786461424058	-2.85531740293163	-1.01910617113274	-3.30730252667469	-1.17567523182428	1.70997731014024	-0.525824857017658	0.392234221913239	0.710366667888448	1.84102217019476	-0.474089182618469	0.0197868828337482	-2.11771845980085	-3.6437747632959	-1.58965102960035	-5.25321267573	-0.85876352105756	1.25555646124168	0.511978427054846	-1.81922547124485	-2.11771845980085	0.0599933033117885	-2.20869023800658
S2B3040	3.88465533156135	1.4541185016831	1.09973088169402	1.02305099610905	0.948212937042561	1.92520046423829	2.89704024102538	2.2123050027439	1.37991567536758	1.63828791856554	1.79023837748319	1.69024765749625	0.0390541763056769	0.709093781855473	-1.27385763888019	0.232313999499199	3.73841153982513	3.01245779219385	2.21461313994865	2.77249832462549	1.08199992072279	1.95253701840204	1.01160048932106	0.357969268447389	-0.711550059279056	1.84342415312566	1.92520046423829	1.52778600340729	1.61546535122189	3.6113712961046	1.56378539126761	-1.94831268642798	1.08913007570738	-1.27385763888019	1.40353882113102	0.154013149085442	0.117142613277114	0.759737514674228	-0.849700397759873	-0.338874773993882	-0.226869715617387	0.456294020958375	-0.324168626604187	1.77604115587961	0.769565603610491	2.11021277798917	1.02305099610905	0.871742573050723	1.16437923862719	0.927551044978603	-0.41583581513001	0.117142613277114	-0.0456525211664855	0.343099105967938	0.22391058870282	0.0981846995324993	0.57593337792005	-0.499217424069061	-0.481975617634555	0.0491552722921806	-0.900344130578627	-0.981469675390996	1.88594895769327	0.91916525160233	-1.03945693304135	0.774443662063923	0.449582586370388	0.508423086393321	0.0690564266094755	0.0981846995324993	0.599394864599049	0.605175227514548	-0.324168626604187	-1.58058790630267	0.92336693845603	0.0591553556267641	0.661212295622259	-0.755513182700172	2.72797157648934	2.5682286535563	2.81639049410633	-0.102485995929651	1.4215341653501	0.906453216013968	1.01160048932106	-0.755513182700172	0.456294020958375	-0.0908579579345323	1.08199992072279	-3.63471163999821	-0.465026059320782	-0.900344130578627	0.616636671033555	-0.36895222923116	0.107708581043755	0.754787009514372	-1.133275688259	-0.590189202274788	1.17094740673928	0.343099105967938	1.96148562397805	-0.87470169996529	-1.48294943673875	-0.755513182700172	-2.5360993513301	-1.43748706266199	4.18973429087941	1.52549242442019	0.365322242752648	-0.0237937273539863	1.23436008977626	-0.281304922172405	0.387062229389054	-0.926661438896001	0.343099105967938	-1.39400195072225	0.853924729733929	-1.530577485728	-0.87470169996529	1.17094740673928	-0.213711631039876	-1.530577485728	-1.16661210852659	-1.01004304783505	-1.10101482604078	-1.23681636719984	-1.58058790630267	-1.133275688259	-1.81016234794717	-1.48294943673875	-0.0567637465915567	1.25262543775355	0.401297345210926	1.26461958453937	1.69993765579722	0.769565603610491	0.677428867211504	-1.94831268642798	-0.138204078531731	-0.44835900683557	-1.23681636719984	-0.690272660831771	-1.74764199096583	-0.801498295941995	-0.226869715617387	-1.43748706266199	-3.04692497509609	-1.58058790630267	2.26079251596386	-0.41583581513001	-0.138204078531731	1.2465739820702	-0.95369011128392	0.126488475695351	-0.150399351625549	-1.43748706266199	1.42914841533534	-0.499217424069061	-1.16661210852659	-1.530577485728	-1.58058790630267	-1.20109828459776	0.677428867211504	-3.63471163999821	-1.27385763888019	-2.5360993513301	-0.711550059279056	-2.67920019497077	-0.138204078531731	0.343099105967938	-2.29971057326587	-0.900344130578627	-1.06976228253667	0.0885692408330572	-0.534619351119978	-1.16661210852659	-2.4109362083761	-2.19962711470889	-2.10865533650316	-2.84625427963394	-3.63471163999821	-1.74764199096583	1.56599289768283	-0.552801670203168	-0.0908579579345323	0.835783642663278	-0.0237937273539863	-1.58058790630267	-1.10101482604078	-2.02527372756411	-1.6888014909429	-2.5360993513301	-2.5360993513301	-1.23681636719984	2.03861162717328	0.135747801108148	-1.39400195072225	0.189572451121928	-0.240203246486852	-2.02527372756411
S2B5565	4.43314800756311	1.85432742798867	1.46622051849026	1.3825063245311	1.20557561637202	1.69127429006059	2.9177403062655	2.51652054025013	1.9577405233621	1.72726018198404	1.8949937683721	2.12928294590123	-0.68248708140135	1.25401123347162	-1.65786672964551	0.59571078424184	4.09525786172622	3.40335146163841	1.8173350991431	3.23444190279565	1.48890580132135	2.20697351470057	1.14943842955204	1.14943842955204	0.0188234097977569	2.24454501787252	2.31242518390661	2.33673756455092	1.85950208377869	1.66966851134601	1.93646312491481	-1.96014760151844	1.13356508039575	-2.84745079651935	0.80875787530504	0.27554325664557	0.489842783163327	1.21545223986793	-1.49752407957033	0.448386069484981	0.300389255232101	0.405136085691165	-0.398911790902222	2.12928294590123	0.852085952068577	2.72252813964047	1.0087574298024	0.996599225322592	1.29113846750051	1.0087574298024	-0.559254440977401	-0.618973675679024	0.873065742537771	0.86612127018496	0.499943879149831	0.631589071906742	0.778793086603104	0.223918891240263	0.126619980253464	0.081836377626491	-0.23948405397412	0.169483684685246	2.65380741402538	0.348302610927999	-4.79336094557466	0.740028543152859	0.978080177555355	0.613810825885458	1.11200090247991	0.262884859773648	1.53991868256503	1.12821747406915	0.382788786999168	-1.35937374108951	1.12821747406915	1.1753466144107	-0.23948405397412	-0.120532111112755	3.49441908151377	2.67572293934657	2.57371611430635	0.359930648923118	0.939980331323085	1.35724182287162	1.57138981127725	-1.74883850785124	1.41119681699403	0.0508261408839301	0.801350434027178	-4.79336094557466	0.0969881826470926	-0.0484288172114109	0.926950831032751	0.631589071906742	0.324632866842094	0.300389255232101	-0.986698455804341	-0.588668326183695	-0.139400595417138	-0.398911790902222	-1.57448512070646	-1.23801288408525	-0.0142374524631315	-0.139400595417138	-1.65786672964551	-0.559254440977401	4.33000441238711	1.12821747406915	1.20557561637202	0.80875787530504	0.155398944803507	0.197071641204075	0.604801755943092	-1.74883850785124	0.0508261408839301	-1.12979929944501	0.300389255232101	-1.35937374108951	-1.0321608298811	0.613810825885458	-0.198241095440071	-0.68248708140135	-1.0321608298811	-0.986698455804341	-3.18392303314056	-1.42606511558819	-0.588668326183695	-0.750309677740111	-0.943213343864602	-1.12979929944501	1.34003709742199	0.786368880411561	1.66966851134601	-0.304724575842521	2.0514545336336	-0.986698455804341	0.786368880411561	-2.08531074447245	-0.398911790902222	-1.12979929944501	-1.07978887887035	-1.07978887887035	-2.59613636823844	-0.943213343864602	-0.120532111112755	-1.35937374108951	-0.559254440977401	-1.12979929944501	2.80403537463813	1.14943842955204	1.24927188810772	1.09551701275822	-2.39546567277629	-0.823069032022539	0.0664514587870109	-4.79336094557466	1.20557561637202	-0.559254440977401	-1.96014760151844	-1.35937374108951	0.852085952068577	-4.79336094557466	0.996599225322592	-0.0659731268623203	-0.750309677740111	-3.18392303314056	-1.12979929944501	-1.42606511558819	-1.12979929944501	0.567931220134764	-2.59613636823844	-4.79336094557466	-0.374520337778063	-0.398911790902222	-0.0484288172114109	-0.327452826920077	-4.79336094557466	-2.59613636823844	-2.84745079651935	-1.96014760151844	-4.79336094557466	-1.29685338410818	0.939980331323085	-1.12979929944501	-0.282501439057811	0.984291377647995	-1.18244303293044	-1.35937374108951	-0.650226219183129	-1.65786672964551	-2.22841158811312	-1.65786672964551	-3.18392303314056	-1.57448512070646	-4.79336094557466	1.40714822846803	-2.84745079651935	2.9810745647283	0.169483684685246	-4.79336094557466
S3A07	5.30700112930362	1.27726795061848	2.24031711977735	2.15954406620041	1.95887337073826	0.560902479956531	2.18102140181097	1.8650546155206	0.638360538995535	1.72865677142199	1.18097368019841	1.84295426851994	0.476937099839197	-2.24581924865271	0.547388760789808	1.51538086704085	4.68250089428254	4.18729946335996	2.52203651961248	0.936853527551532	0.733105906584901	1.38295628139152	-0.779482179859282	0.755453205276898	0.476937099839197	2.92150318826671	3.23435660452588	3.01917111377926	0.850260998735564	0.447305302232825	2.83971735361667	0.210916524168595	1.83547759817692	-0.0735959735219067	1.41774239747694	0.755453205276898	1.30315936455122	0.476937099839197	-1.39852138826551	1.13668599999729	0.766442326852493	1.81270621576444	0.777311999089397	2.87615863277892	0.860261082070148	2.04159140964632	0.918248339720497	0.266486375323406	2.10946406104566	1.23027944118256	-0.472751912436806	0.0228642926656555	1.77754634411081	1.70755894245735	1.72027097804571	0.248304056240216	0.152076024145662	0.547388760789808	1.0582143845558	0.870162153052859	0.447305302232825	-0.00039256949861155	3.17028115355171	0.574236010825996	-0.779482179859282	-1.87809446852739	-0.681843710295366	1.56084324111761	-0.887695764499514	1.14420483241132	1.14420483241132	-0.435710640756457	-1.87809446852739	0.0228642926656555	-0.268656556093291	-0.435710640756457	-0.636381336218609	0.733105906584901	3.2698471355012	3.4516470244367	1.56084324111761	0.248304056240216	3.59643609311152	2.0687015036558	-0.152584384840537	1.29674908619031	-1.39852138826551	-0.472751912436806	1.42342423094437	0.131667152514455	0.301888302374322	-2.49713367693361	-0.180363948947613	0.899290425975883	-0.208937321391669	-0.636381336218609	-0.268656556093291	1.42907396348649	-0.365506382083209	-2.83360591355483	-1.07574799600245	0.686854888934145	-1.22416800112073	-0.887695764499514	-0.681843710295366	-0.332169961815617	5.18317392444273	0.36914052938349	-0.399992558154378	-0.511218193264602	0.625860376231303	0.36914052938349	2.6344542275803	-0.887695764499514	1.17372727167764	-1.87809446852739	0.638360538995535	-4.44304382598893	0.0228642926656555	0.416768578372744	0.587394095403507	-0.299909099597396	-0.208937321391669	-0.832125913344704	-0.435710640756457	0.248304056240216	0.0895556671643276	-0.0992384041352441	-0.399992558154378	-0.636381336218609	-1.00905662150378	-2.24581924865271	0.819646362915957	0.319130108808828	1.49975554913777	-1.60983048193271	0.533689916431646	-4.44304382598893	0.476937099839197	0.650706374817834	0.798703189070714	-4.44304382598893	-1.49860484682249	-0.0242032181923304	-0.511218193264602	-1.1472069599846	-1.1472069599846	-0.125555712452618	-0.125555712452618	-4.44304382598893	-0.681843710295366	0.110833065611613	-0.681843710295366	-0.0242032181923304	-1.87809446852739	0.110833065611613	-2.24581924865271	-4.44304382598893	-0.72947175928462	-1.22416800112073	-0.779482179859282	0.0895556671643276	2.94898774152566	-0.125555712452618	-4.44304382598893	-0.332169961815617	-4.44304382598893	-1.07574799600245	1.89023580215076	-0.0242032181923304	-2.83360591355483	2.55546581626167	0.248304056240216	-0.238351206597962	-2.04514855319056	-4.44304382598893	-4.44304382598893	-1.73499362488672	-2.24581924865271	0.172076690852331	-2.49713367693361	-0.551223527878301	-0.72947175928462	-1.87809446852739	-1.30754961005978	0.210916524168595	-0.365506382083209	-4.44304382598893	-0.511218193264602	-1.22416800112073	-4.44304382598893	-0.0735959735219067	-4.44304382598893	0.0455925437432119	-0.152584384840537	-0.208937321391669	-4.44304382598893	-4.44304382598893	-4.44304382598893	-1.22416800112073
S3A1522	5.09515012144221	1.20430598870642	2.12932347171881	2.19652432248691	1.97227232842112	1.60043146921845	2.66078772673102	2.42761259706631	1.85886970322721	-0.429326652314738	2.08077024630182	1.87529717736916	0.441026984372392	0.121504306064952	-1.37670797125892	1.54532110650793	4.51624390511933	4.13395804867745	2.40388669174148	3.77597498049335	-0.389321317701039	2.1756280397605	1.50485315695509	0.538665453936307	0.899208874652961	2.99007143399426	3.0020237675181	2.98067539171257	0.293973566415895	-1.75619759296383	2.69904375788656	-2.37523680137005	2.05046489680649	-4.32114695042536	1.81658010366087	0.441026984372392	1.40570079716183	2.07744798410984	2.84820306624523	1.18824138620261	0.832144644072415	0.351681884036541	1.05875040311509	2.82483751728902	0.84363902349815	3.46582005218951	2.76140161892994	0.523040136033226	2.08077024630182	5.06490987929264	-2.71170903799126	1.43775482345192	1.310064831396	1.68766623501723	1.392585855084	-0.514484460655045	-0.514484460655045	0.0226584714283193	-1.02531008442104	0.59883397540276	0.423785177937885	-0.278095682590815	2.99407143932761	4.4852771134325	-4.32114695042536	1.95361507081657	0.808751764497709	1.18011126011936	-4.32114695042536	-0.0584670733840493	-0.0870404458281051	1.40570079716183	1.6678144664645	-0.607574883721057	0.982157957633711	1.14691319070977	1.37929662296532	0.569202177796389	4.82080750868435	3.40594753435448	2.93515028926532	-1.10227112555716	3.8717001841675	2.19356574044717	0.097693657371233	-1.48793360636915	-1.18565273449622	0.682799355520094	2.34961937042051	-4.32114695042536	1.34527973768707	1.498935979927	1.946053598116	1.12127076009643	2.04704023592513	2.14188250649531	-1.18565273449622	1.11257505312888	-1.61309674932315	-0.514484460655045	-0.278095682590815	-1.10227112555716	-4.32114695042536	-0.429326652314738	-0.71022903778114	-0.71022903778114	5.02066018429312	-0.210273086252053	0.232729941175176	0.627612939952804	0.627612939952804	0.293973566415895	0.423785177937885	-4.32114695042536	0.909961666429222	1.09495345177906	1.04014521528406	-1.37670797125892	0.189712556091485	0.232729941175176	-0.116454331034399	-1.02531008442104	0.0483009020416567	-4.32114695042536	-0.313813765192894	-0.313813765192894	-0.0306875092769734	0.0483009020416567	-0.824639388958885	-0.657585304295718	-4.32114695042536	2.15428576627873	-0.350855036873243	0.899208874652961	1.85886970322721	-1.61309674932315	-0.116454331034399	-0.178012224033832	-2.71170903799126	-0.470999348715306	-0.243609506519645	0.909961666429222	-4.32114695042536	1.98330185199662	0.760257414559098	-0.210273086252053	-0.887159745940219	0.273972899709225	2.92806810668902	-4.32114695042536	1.12127076009643	-1.10227112555716	-4.32114695042536	-0.71022903778114	1.31720771890838	-0.824639388958885	0.232729941175176	-0.0306875092769734	-4.32114695042536	-2.37523680137005	-1.75619759296383	-4.32114695042536	3.30004821238448	-2.37523680137005	-1.27662451270194	-4.32114695042536	0.855002782148464	-4.32114695042536	-0.243609506519645	-4.32114695042536	-1.37670797125892	2.58760782888986	-1.92325167762699	-0.953851120438891	-0.765798888935951	-4.32114695042536	-1.92325167762699	-2.37523680137005	-1.61309674932315	-2.37523680137005	-0.953851120438891	-4.32114695042536	0.760257414559098	-1.02531008442104	-0.657585304295718	0.627612939952804	-2.37523680137005	-4.32114695042536	-4.32114695042536	-0.514484460655045	-4.32114695042536	-4.32114695042536	-1.61309674932315	-4.32114695042536	-4.32114695042536	0.313582037804271	-4.32114695042536	0.457976542686165	-4.32114695042536	-4.32114695042536
S3A3040	4.45168445378351	1.47880389571861	1.60831487160872	1.73066687036544	1.29499975896444	0.518341945531322	3.30414936615567	1.56396170405892	0.925955282177776	0.778221736671151	1.59080895409511	1.84652867584393	0.202304647324416	-0.350695901492288	-0.290976666790665	0.673413859877901	3.89405607955292	3.51246001373077	2.68499645678286	1.76091492312094	-0.414209307214614	1.85673284601817	1.53637374754009	0.237090763409831	0.128877178769598	2.30902556742591	2.32398311124553	2.16824049688202	0.184447029924409	-0.106242563591327	2.02742471564666	-0.914165258743701	1.4124530336945	-1.09109596690278	1.15508943762914	-0.014223664871075	0.628208423109854	1.92222269115329	2.6610611331344	0.451650571032649	-0.414209307214614	0.639702802535589	-0.130634016715486	2.24225995387747	1.35823921710035	2.66709888732532	2.19272152363577	-0.593257538663599	1.42295181779272	0.66230263445283	-2.91564525895382	1.12036372625531	1.03943723593477	0.147745663073981	1.08438862379703	-0.482031903553375	-1.58064419222148	-0.554791257835803	-0.633262873277298	-0.0364468016557851	-0.718420681617606	-0.234623730239534	2.18300091246514	3.56593187032261	-1.2292463053836	2.22601829754883	0.788122807653862	0.556321193596538	-1.09109596690278	0.73760701751696	0.166264710841219	0.925955282177776	1.82580254532681	0.0496278071154577	0.826774962088141	0.6952726536904	0.8362089943215	0.0496278071154577	3.13267209974694	2.84199388849309	2.8767584073559	-0.969735109898511	3.53102648815714	1.50319534884277	0.109645816841711	0.147745663073981	-0.811511104683617	-0.381948444996393	1.69152292969694	-1.15778734140145	0.219848956975325	0.706025445466662	1.0083063173396	0.237090763409831	2.26276181092165	1.82928686940943	-0.320390551996959	1.14134351672451	-0.718420681617606	-2.12718789858955	-0.234623730239534	-0.0364468016557851	-4.52508317138792	-0.517749986155454	-1.2292463053836	-1.2292463053836	4.41410443008769	-0.350695901492288	-1.09109596690278	-0.381948444996393	-0.0591750527333414	-0.633262873277298	1.74967884985401	-1.96013381392639	0.531162633960383	1.10612861043344	1.82230603826809	-0.0591750527333414	-0.763883055694363	-1.02857560992144	-0.0364468016557851	-0.914165258743701	0.237090763409831	-2.32785859405171	-0.914165258743701	-0.0364468016557851	-0.482031903553375	-0.320390551996959	-1.30620734651972	-1.69186982733171	-1.2292463053836	2.25597445454825	-0.181277749534241	1.42295181779272	1.84310401496257	-1.69186982733171	0.202304647324416	-1.38958895545878	-0.969735109898511	0.380191607050504	0.109645816841711	0.128877178769598	-0.207595057851615	1.71519267378284	0.580862302512655	-1.2292463053836	-1.81703297028572	-0.447545727482205	3.19847930089004	-4.52508317138792	-0.593257538663599	-0.593257538663599	-1.30620734651972	-0.914165258743701	1.59080895409511	-0.554791257835803	0.817251080576886	-0.234623730239534	-1.81703297028572	-2.91564525895382	-4.52508317138792	-0.234623730239534	2.71699918786904	-1.81703297028572	-0.674935569677866	-2.91564525895382	1.19522860521949	-2.12718789858955	0.478863134557534	-0.914165258743701	-2.12718789858955	-0.130634016715486	-0.26240329434661	-0.718420681617606	0.202304647324416	-4.52508317138792	-4.52508317138792	-1.96013381392639	-2.12718789858955	-1.2292463053836	-2.32785859405171	-1.09109596690278	0.237090763409831	-1.96013381392639	-1.2292463053836	0.797926807750483	-0.674935569677866	-4.52508317138792	-1.69186982733171	-0.381948444996393	-2.57917302233261	-1.30620734651972	-4.52508317138792	-0.969735109898511	-2.91564525895382	-0.0824319148976085	-4.52508317138792	-4.52508317138792	-4.52508317138792	-2.12718789858955
S3A6070	5.61445287591832	-0.0010525990512269	3.12303464908455	3.37816587589215	2.68353611537198	-1.19063666592506	3.7821484040401	0.75527348313025	1.9693986589202	1.93235738723985	1.98144699743638	2.6223549588969	-3.13654681498038	2.27955358722404	0.474371097663848	3.14945127952849	5.16224157946882	5.25076545558134	3.75202564458499	1.88073302183455	-3.13654681498038	1.28229379281622	1.79792711815031	1.12613306206094	1.98144699743638	4.32221587740058	4.33367732091959	3.08005928610449	0.670115674789943	-3.13654681498038	3.80367565413926	-3.13654681498038	3.23847800484772	-3.13654681498038	1.62562711981738	1.28229379281622	2.67758371684469	2.75785601928447	4.27016391519726	1.86739949096508	1.7232655893813	1.25790233969206	1.60838531338287	3.2947842669531	3.40736503058442	0.833745098571745	5.48230003016236	-3.13654681498038	3.06396235906231	2.31449163858532	-3.13654681498038	2.93419091302211	1.90687830193887	2.03960291759345	1.51741353517715	0.29744038950477	0.833745098571745	0.940990628925343	-3.13654681498038	1.25790233969206	-0.738651542182006	0.52701483114927	4.12678280249646	4.78244567318487	-3.13654681498038	3.6757982791971	2.42028124671916	2.34825011851028	-3.13654681498038	1.60838531338287	-1.19063666592506	1.15391262616801	3.33888590172371	1.25790233969206	1.81221307539779	0.624653300713186	0.795278817743949	1.67563754039204	4.24433222058374	4.38585341640675	3.01831127903604	-3.13654681498038	2.13645274358337	3.46059888690627	-0.428496613878167	-3.13654681498038	-3.13654681498038	-0.0010525990512269	1.43816416352301	-3.13654681498038	-3.13654681498038	-0.738651542182006	0.474371097663848	1.82629781527953	3.18960265817472	1.00658791141116	0.359960746486104	1.23290103748664	-1.52710890254628	-1.52710890254628	0.359960746486104	-3.13654681498038	0.230749015006098	1.43816416352301	0.29744038950477	1.15391262616801	5.37844395288066	-3.13654681498038	-3.13654681498038	-3.13654681498038	1.47857370186088	-3.13654681498038	-3.13654681498038	-3.13654681498038	2.58376496162704	1.28229379281622	2.40471673017805	1.9933518999427	0.418801246509037	-1.52710890254628	-3.13654681498038	-3.13654681498038	1.60838531338287	-3.13654681498038	-3.13654681498038	0.713600786729682	0.906504452854174	0.577025251723931	0.713600786729682	-0.192107835813936	-3.13654681498038	3.4496248398743	-3.13654681498038	1.18094129855593	0.833745098571745	-3.13654681498038	-3.13654681498038	0.474371097663848	-3.13654681498038	-3.13654681498038	-3.13654681498038	1.00658791141116	-0.738651542182006	2.64110550824228	-0.738651542182006	0.52701483114927	-0.738651542182006	1.18094129855593	4.43647044107217	-3.13654681498038	-3.13654681498038	-3.13654681498038	-3.13654681498038	-3.13654681498038	0.670115674789943	-3.13654681498038	-0.0920243772569536	1.51741353517715	-3.13654681498038	-3.13654681498038	-3.13654681498038	-3.13654681498038	-1.52710890254628	-3.13654681498038	-1.19063666592506	-3.13654681498038	2.48747069120696	-3.13654681498038	-3.13654681498038	-3.13654681498038	-3.13654681498038	-3.13654681498038	-3.13654681498038	-1.52710890254628	2.41252926991484	-3.13654681498038	-3.13654681498038	-3.13654681498038	-3.13654681498038	-3.13654681498038	-0.738651542182006	-3.13654681498038	1.45857303515421	-0.30333347092416	-3.13654681498038	2.21531131849569	-3.13654681498038	-3.13654681498038	-3.13654681498038	-1.19063666592506	-3.13654681498038	-3.13654681498038	-3.13654681498038	-3.13654681498038	-3.13654681498038	0.940990628925343	-3.13654681498038	-3.13654681498038	-3.13654681498038	1.75380231324138
S3B2030	4.21257519309099	2.44812969726837	1.36639169886566	1.35576742894543	1.30650986584251	1.75900486850037	3.45290854772467	2.91706916891837	2.64136328751331	1.97480663735166	1.55157134268817	2.10788861196493	0.262481384559998	0.750743601471016	-2.55492135346958	0.745841630870809	4.06577388178302	3.24437330078964	1.52937287289902	3.00447740373306	1.78367572327697	2.52233362796808	1.3976035952679	1.68496551404318	-0.133072839648713	2.14495276798781	2.19579113780917	2.17128582756135	1.73370993360475	2.37474487809301	1.85261057161267	-2.69802219711025	0.852920570911248	-5.26297155457179	0.750743601471016	1.0414772478502	0.37538311476196	1.48108763173956	-1.70762349308237	0.179446155950007	0.116925798968674	0.476821357607448	-0.144977742155031	1.82125486752613	1.38989147478156	1.98339652553067	1.34772449014597	0.631431279693064	1.03413776536215	1.3716618032899	0.161978462909617	0.526988616325467	0.65860686507203	0.725989862318078	0.0100280039919607	0.647825089468741	1.14225690345906	-0.571623672342642	-1.45630906480147	0.205088586563345	-0.73037206141853	-0.893523702104765	1.99755104351807	0.557111375780575	-0.972512113423395	0.568910922711731	0.67456465051064	0.68506343460886	1.8719192969941	0.620350833916492	0.82607332087506	0.883357703097111	-0.144977742155031	-1.00029167753047	1.24281250555644	0.221825378918869	0.65860686507203	-0.194067352351555	3.60727001272748	2.49962449396828	2.99881312494297	0.0600384245666223	0.695453138457996	1.15212540459981	0.904544936316555	-3.65353364213769	1.0304477242747	0.883357703097111	0.403455133540646	-2.86507628177342	-0.06447452330596	0.230089888768762	-0.609011204414263	0.270417934155734	0.866078655488759	0.389517625696865	-0.357696776133356	-0.553441353259452	0.246416782056191	-0.328497621441095	-1.96713468856746	-1.11983682818025	0.230089888768762	-0.0755857487310312	-1.65205364192756	-0.752112048054936	4.14695710909707	0.937537619470904	1.21553808763678	0.410351712599707	0.316758271414436	0.720964726115405	-0.553441353259452	-1.76646399310531	0.361045951615552	-1.45630906480147	0.126100175244715	-0.73037206141853	-0.844130946775188	0.489601084253847	-2.21844911684836	-1.25563836933931	-0.0981855806482717	-1.65205364192756	-1.41282395286173	-1.21992028673724	-0.709094662971245	-0.571623672342642	-0.62824256634215	-1.18543411066607	0.900343249462855	1.98482102719606	1.96178185119618	-1.82898435008664	1.41788312421843	-0.62824256634215	-0.688260576068403	-1.76646399310531	-0.571623672342642	-0.314211664193618	-2.69802219711025	-0.286237812151212	-1.89567572458531	-1.25563836933931	-0.0981855806482717	-2.12747733864264	0.050234424470001	-1.05827893518082	2.76025313014488	0.844051333170468	1.01929519232422	1.43775955497602	-2.86507628177342	-0.571623672342642	0.563028552808664	-2.55492135346958	-1.11983682818025	-0.194067352351555	-1.89567572458531	-1.15209769039847	-0.133072839648713	-5.26297155457179	1.05599655917465	-0.609011204414263	0.107666473555876	-3.65353364213769	-1.65205364192756	-0.820320298081469	-1.02886504997453	1.1618974693336	-2.21844911684836	-5.26297155457179	-1.96713468856746	-0.133072839648713	1.41537056008255	-0.709094662971245	-2.55492135346958	-5.26297155457179	-1.96713468856746	-1.08858428467615	-2.69802219711025	-1.45630906480147	0.631431279693064	-0.972512113423395	0.368240227249579	0.996609909493137	-0.62824256634215	-1.54939948786748	-0.109679960074007	-5.26297155457179	-1.76646399310531	-2.04409572970359	-2.04409572970359	-2.12747733864264	-2.04409572970359	1.93521202253016	-2.69802219711025	1.22166368106347	0.389517625696865	-3.65353364213769
S3B3545	4.47418648317568	2.12373093544887	1.6483072387338	1.61032799066858	1.72940051715484	1.81917630179597	3.47685573627496	2.89662377927203	2.07142107088127	2.04837478339522	1.61804011115492	2.17196937546638	-0.369706204222858	1.00483714036151	-2.20932169462855	0.915889654345017	4.45019844380959	3.42735687961346	1.66798807076766	3.08928974632243	1.36599375237473	2.35441356393625	1.25825075597848	1.60515333487856	0.260769869374311	2.31947551257497	2.49276166375932	2.3015378118883	1.6606530745561	1.70387708988861	1.98300327595376	-2.47758568122323	1.39841150194816	-2.84531046134855	0.862826809369806	0.559583782194936	1.5156627641275	2.27268335106821	-0.599883782194448	0.0873636762383088	-0.0937751483065963	0.552176340917074	0.355627662832989	2.1995473205722	1.46623409828692	1.87417998166884	1.30835067802998	0.559583782194936	1.88010885279112	1.05553924348148	0.337362314855695	0.559583782194936	0.789347438598752	0.466853297943213	1.8996216670147	0.408503414880936	1.12498145220358	-0.0796904084248578	-5.04253503868476	1.93381303176298	-0.407806050455129	-0.0252552018698404	2.32706568184164	-0.427414521843505	-1.74669817268044	0.783465068695685	0.677776737922647	0.240668690053224	2.06489043542594	0.616947177074857	0.862826809369806	0.44226189480589	-0.0796904084248578	-0.808428534087505	1.133332231421	0.795195408481176	1.02820268931772	-0.297602910321515	3.59066182848778	3.15637940630222	2.51284690555551	0.290183754580604	1.00955413023965	1.36599375237473	1.03739815641083	-1.99801260096134	1.04650983676208	0.889710148763246	0.710037600140868	-5.04253503868476	0.382414978796638	-0.152185910463011	-0.931661174511453	0.677776737922647	0.835200743094874	0.166951114156657	-1.15071474057414	0.433928513246746	0.290183754580604	-0.931661174511453	-2.09809605951832	-1.37897339255512	0.602911858958473	0.566936756500195	-0.648085884012326	-1.03520185345229	4.35933437083629	0.110756555813015	1.32565214766573	0.48291790044702	0.474917857779943	0.771595493140302	-0.868147768789127	-2.09809605951832	0.514293023014774	-1.07224312513264	0.664575226064111	-0.999483770850214	-0.214221301382463	0.309323094791302	-2.09809605951832	-1.82365921381656	0.290183754580604	-3.09662488962945	-1.2813349229912	-0.0120971172923294	-0.698729616831081	-0.553898668952625	-0.369706204222858	-1.2813349229912	0.355627662832989	2.54172977970429	1.92631533965718	-1.23587254891445	1.645819675262	-0.725046925148454	-0.167337715483613	-1.99801260096134	-0.868147768789127	-0.351187156455621	-5.04253503868476	-0.779855161643449	-2.84531046134855	-1.54602747721828	0.280474940453644	-2.20932169462855	0.0137107666635439	-0.673087186217743	2.84015716760426	1.09519201540147	1.39521661105164	0.812536883517662	-5.04253503868476	-0.673087186217743	0.188573578169822	-5.04253503868476	-1.07224312513264	-0.198347952226174	-2.33448483758255	-1.54602747721828	-0.553898668952625	-5.04253503868476	1.10379421898413	-1.07224312513264	0.87366702392267	-5.04253503868476	-1.43161712604054	-2.64463976588639	-1.15071474057414	0.408503414880936	-3.09662488962945	-5.04253503868476	-1.32896297198046	-0.333004837372431	1.22845339317353	-0.868147768789127	-2.47758568122323	-5.04253503868476	-1.37897339255512	-1.48718697719535	-1.90704082275562	-0.999483770850214	0.835200743094874	-0.779855161643449	0.609954141583886	0.759583336692298	-0.868147768789127	-2.84531046134855	-0.0385887327393055	-3.43309712625066	-2.47758568122323	-2.09809605951832	-1.43161712604054	-2.09809605951832	-2.20932169462855	1.95779942159047	-0.623694430888167	0.0634104352158156	0.747425132212489	-5.04253503868476
S3B515	4.03441307300771	1.9297160285374	1.21213853047056	1.05403740557039	1.18599325036623	1.53000557926073	2.79983645626825	2.5414642130703	2.6932541933601	1.89773035938605	1.17265971949677	1.96679545650591	-0.275938524959277	0.936569181816496	-1.7110230502486	0.353304853621188	4.0160852497111	3.14443881897271	1.51423238158364	2.41675628805974	1.23341592891784	2.14421794108056	0.99702715085361	1.33730167342456	-0.37602198351626	1.91704426446858	1.94222922622219	1.79032128001849	1.87138415935482	2.61601927609252	1.61688653564372	-1.56260304513033	0.99702715085361	-1.88537643739338	0.822673763708832	0.587554021347906	0.151505489867662	1.00763732996563	-1.43339131365032	-0.20251105640446	-0.725206255725835	0.363405949607691	-0.81902501094349	1.83051581596663	1.15003431997879	1.79753284973406	1.22919651337513	1.2164303825521	1.04898688978432	0.777211389632074	0.373406032942275	0.199999839806273	0.234887098806714	0.163851325689961	0.223392719380978	0.495051142364602	1.14083885288569	-0.487247618626484	-1.43339131365032	-0.397299381963545	-0.786764148725268	-0.463990756462217	1.87803606858313	0.211764681385859	-2.36494951765526	0.872219500260262	0.626929186582737	0.257486930723954	1.49172339268972	0.421959258359266	0.477272896343318	0.930887348349065	0.211764681385859	-1.21632680841249	1.14544715597188	0.757076481223019	0.642255157060964	-0.257070040654895	3.09004281256056	2.53461095951973	2.29776362361185	0.587554021347906	0.649830950869421	0.872219500260262	0.468263826400952	-1.37455081362739	1.17712401262545	0.642255157060964	0.246250857457028	-1.63406200911247	-0.220368673804467	-0.150775382005271	-0.535449720444362	-0.334779024982211	0.353304853621188	-0.334779024982211	-0.852361431211081	-0.755511605221164	0.440739153010862	-0.786764148725268	-1.56260304513033	-0.886847607282251	-0.220368673804467	-0.220368673804467	-0.92256568988433	-0.786764148725268	4.0315954481928	0.619177209778419	1.12688513811182	0.383307103924986	-0.13410832952006	0.353304853621188	-0.257070040654895	-4.9298988751168	-0.184966746753551	-1.16869875942324	-0.117714519744383	0.234887098806714	-0.755511605221164	0.257486930723954	-4.9298988751168	-1.43339131365032	0.223392719380978	-1.21632680841249	-3.3204609626827	-0.81902501094349	-1.21632680841249	-0.63943943396841	-1.31898096247258	-0.998073242392475	1.31037697005397	1.93390451633615	1.36721044481713	2.36107590302618	0.777211389632074	0.353304853621188	-0.852361431211081	-1.79440465918765	-0.725206255725835	0.0468348673037733	-2.09668553106058	-0.61241076158049	-3.3204609626827	-1.43339131365032	-0.220368673804467	-1.37455081362739	0.431393290592625	-1.03807857700617	2.42701936723922	0.563162568223747	0.402819918148568	1.3410895567415	-1.88537643739338	-0.463990756462217	0.571359335427926	-1.03807857700617	-1.07975127340674	-1.21632680841249	-1.7110230502486	-1.12323638534648	-0.070086470755129	-4.9298988751168	-0.101585137814499	-0.0246240966783713	-0.0246240966783713	-2.73267429778058	-1.63406200911247	-0.92256568988433	0.0188610152613675	0.554898058373854	-2.73267429778058	-0.755511605221164	-1.03807857700617	0.571359335427926	1.12219029380762	-0.998073242392475	-1.98545989595036	-2.09668553106058	-1.07975127340674	-0.20251105640446	-4.9298988751168	0.176046598783779	0.363405949607691	-1.49591167063165	-0.0395497468950472	-0.441262505384661	-0.61241076158049	-1.56260304513033	-0.511058267320203	-2.36494951765526	-3.3204609626827	-1.98545989595036	-1.49591167063165	-1.56260304513033	0.913645541914559	0.99702715085361	0.353304853621188	0.223392719380978	0.611364670041626	-4.9298988751168
S3B6070	4.44934820699421	1.60102289698304	1.31900903242572	1.41931330856068	1.68807071114588	1.38191578817538	3.23054632578411	2.55059700378463	1.34983339062609	1.63456000388629	1.5636020497626	1.95520238179782	-0.980681702541964	0.220396743757608	-1.55926231853636	0.731917777843695	4.04011374796689	3.37075163544789	1.61405522739263	2.8313612767651	0.706573232248944	1.7502266366363	1.67272307548144	-0.115380082543508	-0.105694776809044	2.17816181060867	2.16082606195283	2.38701269261519	1.34532634074309	2.44130010545302	1.90872619985789	-6.13397329703974	1.23183954016973	-3.42592309593753	0.896884179076378	0.909186618948597	0.600618362933205	2.24694187608387	0.216912419674997	0.223868969468357	-0.185938307859097	0.0208847969766746	0.04604335661283	1.88003169773971	0.87181572221376	1.80232939616222	1.13633958903928	0.090585132235617	1.39166667800179	0.574110786813327	-0.0136758780887929	0.559350371230206	0.868182657363878	0.931640066557974	0.418534589994847	0.0705844655289471	0.516305751547679	-0.125160111597148	-2.52305538439552	0.0866168730599961	-0.400632020141997	-0.810963317901335	2.03536309888864	1.0198605045391	-2.02309943286643	1.11949708564478	0.595850773449732	0.424224505772526	-1.13002699109428	0.30057322174771	0.546881381750472	0.736080114758383	0.5910603451271	-1.55926231853636	0.727738043440987	0.95360040851823	1.07758343627406	-0.453800688022675	2.9590464323599	2.83391327508773	2.68849627522923	0.389589009109769	1.30734709267787	1.51999588343903	1.39166667800179	-1.84351385589135	0.963575553575049	-0.0404035269946075	1.09803703462502	-6.13397329703974	-0.0180811715567089	1.19839590888932	-0.38140065821411	0.287648970766774	1.22294494531628	0.234213889310749	-0.946587491198988	0.0665358770029467	0.539324670727911	0.209907137086588	0.227329180533252	-0.250650908551465	0.32279635853242	0.133227251501619	-1.5800964054392	-0.860973738475996	4.34643656083723	0.595850773449732	1.01515830151766	0.0123559606291543	0.110193603623993	0.438309245654264	-1.17112866677984	-2.76667746705327	0.463172404846908	-1.4426254148106	0.610085889271605	-0.73581059552199	-0.726801525579624	-0.155087532138621	-1.38904116867649	-2.42040123033544	-0.394180384860509	-4.52453538460564	-1.35484980392821	-1.338182751443	-0.850769568301755	-0.726801525579624	-1.27416089267807	-1.27416089267807	-1.49924430881011	2.50206902821488	0.808183408659726	3.13473031823336	1.11808065481307	1.14741236653054	-0.433529723649056	-2.63746573557326	-0.980681702541964	-0.0866011179934647	-2.99847908111059	-0.319842765214677	-1.35484980392821	-1.0905481801205	-0.0494738839645716	-1.51885278019848	-0.0494738839645716	-0.810963317901335	2.29831538728605	1.34758240486977	2.08831177683297	0.188591942887541	-2.99847908111059	-0.175548604009961	0.479410921339817	-2.83813643103541	-0.980681702541964	0.188591942887541	-2.12664011180727	-1.51885278019848	-1.89986679244248	-4.52453538460564	0.290895726865645	1.60189702291282	2.04606742645042	-4.52453538460564	-0.302090819756226	-2.05643585313402	-1.338182751443	0.137015134818556	-1.89986679244248	0.140788724202196	-1.38904116867649	-0.524501501854783	-0.105694776809044	-1.87129341999843	-2.99847908111059	-2.16368138348762	-1.13002699109428	-2.76667746705327	-2.83813643103541	-1.55926231853636	0.742291314851023	-1.42444309572741	0.284391638896468	0.64253369533244	-0.273187073573877	-1.89986679244248	-1.92928067764878	-2.42040123033544	-1.51885278019848	-4.52453538460564	-0.546724638639493	-2.99847908111059	2.6380171394925	0.306973243593178	2.26466155825236	0.316497125104434	0.0123559606291543	-3.08945085931632
S4B07	4.170393484272	1.27879518384503	1.17327101545792	0.929874653697244	0.917269444778262	-0.979146066672356	2.37445761786671	0.668970700326856	0.57825698663869	0.0413777850243173	1.6344386681771	-0.550478061484527	-0.44603539811693	2.15389566488837	0.978764226386068	-0.185580138365363	3.65037314832602	2.92920824549181	1.48320769845317	-0.265092201293097	-5.24182594371367	0.283626995418113	1.09853336001408	1.296313880054	-0.0214701186353459	2.22725794120756	1.79256198620183	1.98583655501498	4.0215811491992	1.35258751603611	1.4662581401394	2.89058673078724	0.431497323457822	2.12272107054197	1.56831650640147	0.711417390574113	3.01374270957008	-2.02295011884547	-1.57826429758402	0.0311736148500756	0.635909838065968	-0.17292174149344	-0.160421578729208	2.05458732506025	3.37376356955876	-1.00771943911641	0.982732485561689	2.42626776536873	0.869641395789007	-0.822985335917073	0.497966968465563	1.00621693079476	0.70097343141303	0.41765627204595	0.315002117985867	0.403620953929567	-0.979146066672356	-2.02295011884547	0.337903882272551	-0.496893815350421	-0.160421578729208	-0.30735201058298	1.82036568857288	1.75850851656156	1.10905977300107	1.17653899222254	1.31068194332092	1.23360677299042	0.41765627204595	-0.979146066672356	0.954618184080849	-0.265092201293097	0.458617629677016	-0.496893815350421	-0.336551165275242	-1.94598907770934	-0.100162387211011	-0.753189573981531	2.21231513443301	2.65361006322929	-1.27153403016155	3.40972330020165	0.900211461873686	0.946438179368918	1.72325440188774	1.77478374018055	1.43651617094066	1.69062194785884	-3.29591579465836	0.635909838065968	-1.13095207954036	-0.822985335917073	-0.41351220641137	-0.123832131296916	-1.43516345394335	1.69645854030329	-0.0770399697901567	-2.10633172778452	-2.02295011884547	-0.41351220641137	-1.48062582802011	0.65807140986882	-3.04460136637745	-1.35000564560304	-1.68647788222426	-0.753189573981531	3.93464735875093	1.85572290690112	-2.02295011884547	1.21179905517902	0.998449901457098	1.37155827466589	-0.224546106898747	0.70097343141303	0.805546235332607	-0.532295742401337	0.36029287716603	-1.74531838224719	-0.321845017885546	-0.709226450560415	1.28466891585712	-0.95136650256528	-0.366628620512519	0.283626995418113	-2.40861259965746	-1.48062582802011	-1.8745301137272	-0.847376789041232	-1.63090803106945	-0.667114965210288	2.05187177688777	-1.06743867381803	0.071380035328116	0.110032189762395	-3.63238803127957	0.396528725620075	0.994543646490033	1.0139240980397	-2.53377574261146	1.04788962719533	-0.95136650256528	-0.321845017885546	0.14724578610283	-1.09869121732214	-1.94598907770934	-0.224546106898747	-0.41351220641137	-1.19877467587912	-3.63238803127957	-1.68647788222426	-5.24182594371367	-1.27153403016155	1.58146017864202	-0.607096955484035	-1.57826429758402	-0.321845017885546	-0.0107173268590843	0.20921250985203	-7.89286540285872e-05	0.0311736148500756	1.79256198620183	-0.211388022321236	-5.24182594371367	0.92148886032097	-1.74531838224719	1.21494371185849	-0.0107173268590843	-0.382013539351999	2.80280033605367	1.16009125301351	-2.29738696454723	-0.847376789041232	0.554231807051701	-5.24182594371367	-2.53377574261146	0.79126027808513	0.874066181769363	0.071380035328116	-1.57826429758402	-0.568997109251765	-0.95136650256528	0.978764226386068	-1.13095207954036	0.878471475237279	-0.924337830177361	-3.63238803127957	-0.87237809124665	0.982732485561689	-0.336551165275242	-1.48062582802011	-0.730966437196821	-0.51443812500133	-0.336551165275242	-0.898020521859987	-1.8745301137272	-5.24182594371367	0.138071409826789	-1.31000031098935	-1.35000564560304	0.613245978488756
S4B1522	3.87576903995803	2.01681556419491	0.597113385344862	0.792703091787668	0.344802941045359	-2.22915548635854	1.83230120901872	1.37217768837269	0.371353173139481	0.147117322426662	-0.4472483135735	-1.01931756258021	2.23810398385304	2.17828086384071	1.06668137964579	0.136128200851067	3.27689315250882	2.73615422321045	1.79093026277132	-0.172019702193006	-0.667919675742321	-1.69507300042829	0.0909227640830199	1.60585941800264	-0.887981560519122	1.90082115545548	1.51827030687019	1.70036067651712	1.67222282955819	1.60331488736765	1.15822133968498	3.16794196872026	0.414094721516752	1.21989791648125	1.10514766047358	-0.218181743956168	0.388669623150942	-1.56586126894828	-0.508491938814219	-0.551509323897909	-0.0856350879941852	-0.643528222618162	-0.744880716878449	1.63095483785519	1.82006864058309	0.220834898323229	0.179378184644883	1.95424085347946	0.739749544962303	0.999088088513258	1.90648154792719	0.690203808410874	0.610954436756733	0.125016975425996	-0.202556426053087	-0.771909389266368	-0.857676211023793	0.113780902159069	0.353731571789661	-0.352838629102425	-1.01931756258021	0.136128200851067	1.41920829886167	1.19721263365016	0.696532943462521	-0.334981011702419	1.32619257513087	1.19721263365016	0.890874503873025	1.00836889758773	1.12178006052272	-0.28324533730323	-0.667919675742321	-1.01931756258021	-0.234055093112458	-0.334981011702419	-0.187171507213607	-1.25570634064444	3.02003342351149	1.99294401292499	0.0435766434858209	2.29327227255949	1.42226640522049	0.590120349853891	1.77603637043258	2.07252202115112	0.610954436756733	0.388669623150942	-0.4472483135735	0.353731571789661	0.147117322426662	-1.09207691686264	0.853833232192676	-0.142387904586634	-1.50702076892535	0.240936077644316	-2.86514425307854	0.0313813703920029	-1.09207691686264	0.739749544962303	-1.34879676371045	-2.22915548635854	-1.3011687147212	-1.69507300042829	-0.771909389266368	-2.01784639269134	3.51554309603618	1.48728191181905	0.405691310720372	1.44640030655692	0.561648675772579	0.781175586616601	0.494459231284779	0.624606525925061	0.502151576907934	-1.84349300554656	0.921567450272431	1.18953505275113	-0.98483138650904	-0.551509323897909	0.486707254480461	-1.45145091777054	-1.25570634064444	-0.300194895617003	-1.76653196441043	-2.01784639269134	-1.62838162592961	-1.25570634064444	-1.92687461448561	-1.39880718428511	3.47325349646985	-0.4472483135735	1.28151160371157	0.709072292715256	-0.172019702193006	-0.371020948185615	-0.317436702051509	0.0435766434858209	-1.13054319769043	0.362581187066644	-0.371020948185615	-2.35431862931255	-0.4472483135735	-0.718563408561075	-1.09207691686264	-0.667919675742321	-0.596460711760176	-1.17054853230413	-1.01931756258021	1.12178006052272	-1.05503564518229	-2.35431862931255	0.664478917172437	-0.15709405197633	-0.0856350879941852	-1.76653196441043	-1.76653196441043	-0.487657851911377	-1.84349300554656	-1.2122212287047	2.44036938034009	0.757714099937602	-0.427639842185124	-0.508491938814219	-0.951494966241448	0.136128200851067	-0.371020948185615	-0.619717573924443	2.33089426434908	1.61597328423957	-2.01784639269134	-0.352838629102425	1.09248926360166	-0.172019702193006	-1.92687461448561	-1.05503564518229	-1.45145091777054	-0.408408480257236	-0.667919675742321	-2.11792985124832	-1.34879676371045	0.136128200851067	-3.11645868135945	0.0435766434858209	-0.0995242001548524	-5.06236883041476	-1.69507300042829	0.344802941045359	0.0435766434858209	-0.352838629102425	-0.667919675742321	-0.127894897284068	-3.11645868135945	-0.508491938814219	-0.887981560519122	-1.76653196441043	-0.352838629102425	-1.17054853230413	-0.487657851911377	-0.98483138650904
S4B3040	3.88650739666145	1.85935300941778	0.896907792388909	0.823958792742741	0.598560449041442	0.571098769100055	1.55337708771819	2.15611085469901	0.336873156279824	1.7877518586019	-0.201704496279201	0.753033553504736	2.22855315127428	1.88462283160586	-0.589734542565264	-0.0102123875130387	3.31171423372194	2.88038986479466	1.59590050107629	0.270181781781151	2.37017863318377	1.04313050276398	0.121761776662878	1.61731812370722	-0.78547911969136	1.94042869881086	1.87333036530769	1.9237715617471	1.34124995627337	1.21794687967338	1.21551378844874	0.437235866444317	0.798409957842789	-0.285523168162272	0.753033553504736	-0.242735892957064	0.52843827195734	-0.575028395175568	-3.88557140856959	-0.504576734224957	-0.575028395175568	0.0695110863190003	-0.253262305944051	1.73844609761775	1.11837489737587	1.80681302113424	0.790988773505171	1.79186709074701	0.900252277111756	0.263892452873587	1.72243411069284	0.816725488149221	0.121761776662878	0.205434252386993	0.0922393373965562	0.772191227537669	0.185163288013374	-0.546249430625525	0.114462474181266	-0.41360495601923	-0.941132429403153	-0.477729484188769	1.72828635855862	-0.377015508586938	0.725580849096046	-0.389063847103113	-0.162290527738325	1.21307476284938	0.995714213498814	0.876602526228163	1.08562981628126	0.855876395711046	-0.152675069038883	-0.962409827850438	-0.253262305944051	-0.0102123875130387	-0.41360495601923	-1.0761687132071	3.03470515096622	2.22145147917266	1.11568672371407	1.53584815511243	0.896907792388909	0.655593447442586	-0.0700593035222905	-0.451584204084447	0.66408606748824	-0.171999341865285	1.01077473912454	0.25756331782194	-0.0968466194859401	-0.941132429403153	0.772191227537669	-0.00194787766314519	-1.10056016633125	-1.2045498798553	-0.263900704149107	0.307109054373369	0.014379015624284	-0.171999341865285	-1.26090281640643	-0.715885827892164	-1.26090281640643	-1.52471740745157	-1.00637295127155	-1.41747187709797	3.72557836742404	0.95229654153752	0.741360269200011	0.0695110863190003	0.231838426583503	1.11299130429239	0.114462474181266	1.08006651959593	-0.162290527738325	-1.68834683123337	0.616458018498985	0.50392724094299	-0.920298342500311	-1.10056016633125	0.589490092071478	-1.23232944396238	-0.715885827892164	-0.171999341865285	-1.05235806451338	-1.35187459461216	-1.10056016633125	-0.80366143877455	-2.06102211651855	-1.52471740745157	2.63740335349721	-0.0789089187992733	0.713580705092935	-0.274653495925368	0.983500321204876	-1.15120389915001	0.607549273609876	-1.23232944396238	-0.307623515162939	-0.211805592265705	0.0383801677238269	-3.88557140856959	-2.35951510507454	-0.80366143877455	-0.377015508586938	-1.64486171929363	-1.60318902289307	-2.35951510507454	1.00477771965216	0.447790054123008	-0.532164690743786	-1.15120389915001	-1.23232944396238	0.31313316897675	-0.732835386205937	-1.29031670161273	-3.88557140856959	-0.941132429403153	-1.56318368827937	-1.68834683123337	1.89331853857341	0.607549273609876	0.876602526228163	-0.464571399611258	-1.73380920531013	-1.17752120746738	-1.29031670161273	-0.575028395175568	1.47007102459771	1.56030352233606	-0.899889470869103	0.0540667638915266	1.11028859994451	0.0771447111740713	-3.29778474366747	-1.2045498798553	-2.12771349101722	-1.12556146853667	-0.650822234545102	-0.504576734224957	-2.35951510507454	-0.60466019278194	-1.73380920531013	-0.285523168162272	-0.253262305944051	-1.00637295127155	-0.650822234545102	-0.253262305944051	0.0618187406958448	0.014379015624284	-1.32062205110806	-0.222009762439947	-3.29778474366747	-0.401259120196931	-1.64486171929363	-0.00194787766314519	-1.41747187709797	-0.222009762439947	0.0462542241547332	-1.64486171929363
S4B5565	3.76349761986802	1.70737355211658	0.695953390551558	0.402289246422229	0.55986263352699	1.04764576314583	2.30459575799541	2.08572083876466	0.906694302385297	1.73588581854167	0.27142097121719	1.16620549787038	1.96700869405695	1.45729789760821	-0.69632304224588	-0.337250973707427	3.2501400364958	2.65876059045025	1.61502355641674	2.14812111709433	1.64932154020861	1.43665926636199	0.850388040279915	1.21942240676317	-1.0587286608936	1.6054617305774	1.62763207648436	1.61502355641674	1.95013540284969	0.484176405894414	1.03072011226248	0.9841323574235	0.380725068506389	0.711732810655523	0.787098029604733	0.341831277385115	0.573437502618058	-1.48158551171363	-2.95968742208664	-0.31515062670676	-0.66482437518651	0.141789908564251	-0.575876889170013	1.53583958645162	1.62292249164127	2.10727973352307	0.805084125974515	1.76497374190299	0.663627343534408	0.37526057403431	1.29647069270828	0.19567499705923	0.120810118095056	0.0848350156367781	-0.163344613838756	0.0848350156367781	0.27142097121719	-0.172778646072115	-0.0315753362076334	-0.468390974199873	-0.745513286436652	-0.870676429390658	1.63543242804795	0.464324637341682	0.0321912821513566	-0.430886578741419	0.577921815065388	0.723406094960247	0.13484543621144	0.950795937155909	0.903468493136415	0.396941640095634	0.0244393053470384	-1.01377727303133	-0.418691305647601	0.336149443917685	-0.282889764488539	-1.1808313576945	3.59610705861624	2.06873741357311	0.746351652310118	1.70447709824512	1.24040219723236	0.202210968039015	0.586830559954497	0.44917283232108	0.761361314960683	0.568932990496954	0.711732810655523	-0.418691305647601	0.127852400720469	-0.172778646072115	0.634458608943752	0.4337879134816	-0.712452424175764	-0.00718388308347429	-0.69632304224588	-1.01377727303133	0.189096025961187	-0.0233785690034543	-1.91371886690396	-0.0152484429202042	-0.779704651184931	-0.337250973707427	-1.71797428977786	-2.15734094956171	3.52893281647805	0.833205486959918	1.10208096970084	-0.0735983259824806	0.358685608940097	1.23577791153525	0.106575002273184	0.215156132631052	0.148686487623311	-1.81106471284387	-0.182302527583371	0.822752430107829	-1.38150205315665	-1.15518892708116	0.127852400720469	-0.66482437518651	-0.889907791318546	-0.833288897319038	-2.0281292180817	-1.35024950965254	-1.31994416015722	-1.20714866601187	-1.71797428977786	-1.81106471284387	1.87720479919565	-0.481211662628935	1.51852313644016	-0.69632304224588	0.687969316203337	-0.163344613838756	0.617400626039175	-0.929516929413591	-0.929516929413591	0.09213431811839	-0.418691305647601	-0.833288897319038	-1.81106471284387	-1.51730359431571	-0.745513286436652	-1.15518892708116	-2.0281292180817	-2.15734094956171	1.49376501952102	-0.108536377343762	0.568932990496954	-1.31994416015722	-0.634287651326428	-0.394738064625108	0.00875270917933868	-2.38914256361903	-2.38914256361903	-0.712452424175764	-1.86107513341854	-0.909516262706922	2.01385821986528	-0.745513286436652	0.259188402781556	-0.359850805624667	-1.31994416015722	-0.430886578741419	-2.15734094956171	-0.282889764488539	1.38611400841375	1.17363127456723	-1.67448917783812	-0.69632304224588	0.687969316203337	0.307245697735335	-1.76343666385462	-0.870676429390658	-2.22879991354385	-1.51730359431571	-1.48158551171363	-1.03600040981604	-3.91519886711408	-0.45573257732795	-2.58019780038174	-0.0650512654040227	-0.468390974199873	0.347481009927234	-0.135565049731681	-0.0398398460575269	-0.326139748282356	-0.779704651184931	-1.81106471284387	-0.815106578235848	-2.30576095467998	-1.0587286608936	-1.23417733839979	0.253015543674475	-1.44709933564246	-0.68044969308959	0.189096025961187	-0.69632304224588
S5A07	5.66507702566564	0.503466595360367	2.78979116748263	2.40219818414059	2.33630609033189	-1.24412165555455	0.0347524569445032	1.55811576060736	1.37624354104856	0.601705034943781	1.83846766209271	0.961299688985848	-0.569666608006758	-0.00735902840562375	-0.249499080410488	1.9688106154128	4.9951429211105	4.47643295738237	2.62630745257476	1.53077920644361	-1.97500916409734	-0.196153099705195	-0.689810919848821	1.47863469293736	0.993430967168641	3.46607565719013	3.59538842734783	3.5199498130194	4.14359620707258	0.477321315256045	3.01646944788137	2.74417628463633	2.27458437570108	2.1754248647758	1.99528274945478	2.27018392855626	2.63092995695363	-0.396823795167347	-0.929040608914655	1.90417273514156	1.4589780403878	0.304228564899712	1.16048505183181	3.33819681494444	3.08709889546005	-0.121117913762282	-0.0513221518267395	2.17299767911819	2.52906490501938	-2.59404837250357	-0.73329603178856	0.985494417572905	1.98946031670335	1.86857026950062	1.58472486933533	0.272225833813538	0.541445843425584	2.50320139442946	-0.196153099705195	1.22523258122596	1.06216029932082	0.46398778438658	3.51741896699911	0.763346386500196	2.74417628463633	1.8913725603746	-0.0513221518267395	1.7644902808631	-0.569666608006758	-4.53995852155888	-0.30585201696162	1.00911756333634	0.0947704666707563	-0.0740504029042959	0.169571679753454	-2.59404837250357	-4.53995852155888	0.553791679247883	1.86526993647196	3.93870172014057	-4.53995852155888	0.911079932006821	1.60637073611002	2.38857929660579	0.858204179958874	1.60637073611002	-0.00735902840562375	1.40284085356782	-1.10597131707373	-1.40446430562973	-0.648138223448253	-1.49543608383546	-2.93052060912478	1.52614956854487	-0.196153099705195	1.3433638669294	-0.196153099705195	1.26818396842156	-2.93052060912478	1.09125326026249	-0.73329603178856	1.20624466898127	-0.145509366886441	0.503466595360367	-0.46242107765316	0.304228564899712	5.54838902986585	0.490479399833556	-4.53995852155888	0.394515411571812	1.90417273514156	0.204973606804371	-2.34273394422266	-0.277278644517564	1.27417201026619	-2.59404837250357	-1.24412165555455	-1.97500916409734	0.701788493500763	-0.73329603178856	-0.335265902167913	-0.496907253724329	-0.30585201696162	-2.93052060912478	-1.49543608383546	0.187429297153461	0.589940193364194	0.204973606804371	1.06216029932082	0.151389360670264	0.350390606662874	-0.608132888834554	-1.10597131707373	-0.608132888834554	-4.53995852155888	-0.30585201696162	0.422886108701027	1.4184661714709	-4.53995852155888	-0.826386454854572	-0.532625336326408	-1.40446430562973	0.902459188962914	-1.17266269157241	-0.73329603178856	-0.196153099705195	0.743245207179109	-0.569666608006758	-4.53995852155888	-2.14206324876051	-1.97500916409734	-1.97500916409734	0.255832024037862	-1.40446430562973	-0.876396875429233	-0.121117913762282	-0.648138223448253	1.80040078216887	0.0751619952823801	-2.59404837250357	0.255832024037862	-4.53995852155888	-1.83190832045667	0.319853882802792	-4.53995852155888	2.06804210373721	-0.689810919848821	0.733041037004867	0.928101619576252	-0.984610460069466	-1.32108269669068	-0.121117913762282	-1.83190832045667	-2.93052060912478	-4.53995852155888	0.132870312903027	0.858204179958874	-0.145509366886441	-4.53995852155888	-1.10597131707373	-1.24412165555455	0.350390606662874	-1.32108269669068	-1.49543608383546	0.151389360670264	-4.53995852155888	-1.83190832045667	-4.53995852155888	-0.648138223448253	-4.53995852155888	-2.59404837250357	-2.59404837250357	0.553791679247883	-0.876396875429233	-4.53995852155888	-4.53995852155888	-0.0513221518267395	-0.569666608006758	-2.34273394422266	1.24386666077086
S5A1522	5.17688078817611	1.99532941599164	2.07964202737716	1.92568950468916	1.78918162410466	-1.28765380260931	1.21716815687963	1.9530509927003	1.59309324191264	0.036398249633359	1.70289263391231	0.413954569624447	1.12887554973395	1.54960812997291	0.307894997664122	1.5969542505701	4.47211782018658	3.93567987689363	2.098488286002	1.28258657248664	-2.09000027513425	0.173364104706517	0.56540619248254	0.554536520245636	0.463044179820971	3.16227315291238	3.04534557082433	2.91394603081121	4.3386019537042	0.715688395531878	2.51593884591672	2.93033144604334	1.79552078954839	1.45207325514647	1.68893080153055	1.298293701692	2.35806615704385	-1.43607380772758	0.0178792018661214	0.976262149225581	1.01147705551665	0.498341961901994	0.804635881548374	2.83781066832659	3.13035554994408	-3.04551172016168	0.401296172752524	2.63874808800565	2.01073408518662	-3.04551172016168	0.054580568716549	1.60844862999584	1.61603879926251	1.49137962507311	0.909570774726909	0.0899824957674653	-0.848287142825465	0.715688395531878	-0.311144210742101	0.752222138864334	0.821513919335726	-0.000989282438261352	2.96722496222184	2.34356000965482	2.84778857815907	0.189237453862806	1.34893743451075	1.27197639337463	-0.511814906204252	-1.04403171995156	-0.166313262863645	0.107224302201971	0.554536520245636	-0.285501780128763	0.715688395531878	-3.04551172016168	-0.893749516902222	0.220247690605367	3.01033508587557	3.2784887550317	-4.65494963259578	1.67119984055931	1.303475060434	1.8388042072559	1.5333144904868	0.607740556309101	0.413954569624447	0.954522162589175	-0.166313262863645	0.107224302201971	0.140840913000956	-0.723123999871459	-0.450257013204819	0.668060346542624	-0.941377565891477	0.821513919335726	-0.0802386540924021	-4.65494963259578	-2.70903948354047	-0.611898364761235	-4.65494963259578	0.997539547672866	-0.941377565891477	-0.684657719043663	0.0178792018661214	-0.166313262863645	5.07186040553147	0.235399495625969	-0.804802030885726	0.413954569624447	1.70289263391231	1.68540967113197	-1.61042719487236	-0.848287142825465	0.813110508539347	-0.723123999871459	-1.51945541666664	-1.94689943149357	0.401296172752524	-0.848287142825465	1.09125355794437	-1.51945541666664	0.474949082327289	-0.991387986466139	-0.723123999871459	-0.577412188690065	0.054580568716549	-0.212298376105468	0.990497265047453	-0.480562362700148	1.15918089922928	-1.04403171995156	0.743213068921968	0.901878429103753	-2.25705435979741	-2.45772505525957	0.0899824957674653	0.37548828879665	-1.35911276659146	-0.420843127998525	-2.09000027513425	-4.65494963259578	-0.285501780128763	-1.61042719487236	-0.577412188690065	-0.511814906204252	-0.311144210742101	-0.684657719043663	-2.45772505525957	-2.09000027513425	-3.04551172016168	-4.65494963259578	1.05878317291358	-0.122350139442529	-1.04403171995156	-1.22096242811064	-1.51945541666664	-1.09960157110637	-1.28765380260931	-4.65494963259578	2.33438563337878	-0.611898364761235	-2.09000027513425	0.939761747006054	-1.71051065342934	0.586797382463858	1.15918089922928	-0.893749516902222	1.39242254645049	0.438800568210977	-1.28765380260931	-0.420843127998525	-0.364490191447393	-4.65494963259578	-2.70903948354047	0.706342533113641	0.426454732388678	-1.1584420711293	-4.65494963259578	-2.70903948354047	-1.43607380772758	2.29490682240499	-0.848287142825465	0.348996673349674	-0.450257013204819	-3.04551172016168	-1.22096242811064	-0.611898364761235	-1.61042719487236	-1.61042719487236	-4.65494963259578	-1.94689943149357	-0.236109024799187	-2.70903948354047	-2.09000027513425	-4.65494963259578	0.124173860515745	-2.09000027513425	-1.82173628853957	1.46094249288725
S5A3040	4.69104149546506	1.77493227973018	1.693045120258	1.63069679148972	1.28089102399904	-1.3622012808284	1.89951713728424	1.46433052389433	1.10205332440693	0.851655696556962	0.101228809173719	0.200896294346999	1.25367846047415	1.71762932588854	0.724290818848104	0.97195560804146	4.00050719033155	3.4166050540185	2.79047152085354	0.400848082517225	0.71013963930186	-0.866585075725937	-0.457295871179369	0.915549680127908	-0.570319259582765	2.55170673929552	2.5584635217584	2.54944429489155	2.09583999981029	1.0527012046172	1.97470912038422	2.64992315244721	1.12741125999701	1.54170530107277	1.24814594290443	0.656468222509343	0.800904848616128	-1.3622012808284	0.340830072790972	0.445159128842135	0.533974862552776	0.276978600804439	0.216582890514699	2.40075245214927	1.38289019195416	0.946028229785323	1.11797722776366	1.86718515131065	1.45083200622344	-0.263588992160289	0.200896294346999	0.930905068211103	1.17925213526421	1.06276840373493	0.636214365604845	0.168765016164206	-0.504179457078219	-0.289068077461274	1.17329086574771	0.354482161959299	-0.289068077461274	-0.60510537566818	2.37860805745964	1.78956668724862	1.32036983497283	-0.0192872153387338	0.499389282902996	1.38289019195416	-0.0192872153387338	0.475649295599923	1.16729384627533	-0.737373344245931	0.0287989713289045	-1.77714513289111	-0.60510537566818	-0.866585075725937	-0.988687772526837	-0.412512268552396	3.43327734960674	2.76157995368883	-0.238742993573759	1.63069679148972	1.2835719907523	1.36330572267797	1.59800157157111	1.62690531775345	0.583708868226914	0.0287989713289045	-0.328546888435062	0.000225598884847855	0.05657853543598	-0.938044039708082	0.671393872726019	0.605043010701905	-1.06981331733921	0.00984105758428999	-0.457295871179369	-0.641145312151377	-1.7215752817363	-2.93459792158215	-1.7215752817363	-1.01500508084421	-1.22161933020721	-1.57129307868696	1.35586151956624	-1.15810592448488	4.5180681523462	0.787804224570429	-1.7215752817363	0.765581087785719	0.84337407572524	0.291524311806818	1.01489601527549	-0.167707220457006	0.407299717798713	-1.48234559267046	0.451331987949216	-0.504179457078219	-0.315213357565597	-1.44067289626989	0.109924516141272	-0.53670264878378	-0.659664359918615	0.0287989713289045	-1.96519736439405	-0.913652586583923	-0.641145312151377	-0.315213357565597	-0.843856824648381	-1.06981331733921	2.05830532735516	-1.5258307046102	1.11163806231992	0.567404159201971	-0.77861630277998	-0.889841937890204	-0.821633687863671	-0.289068077461274	-0.889841937890204	0.387818582226891	-0.328546888435062	-2.62444299327831	-1.01500508084421	-1.83598563291404	-0.678532844222997	-0.737373344245931	-1.04203375323213	-1.4006675616562	-0.938044039708082	-0.938044039708082	-2.38805421521408	-1.4006675616562	0.855770928702069	-0.238742993573759	-1.4006675616562	-0.226547720479941	-3.72305528194642	-2.03665632837619	-1.28944192654597	-0.938044039708082	1.97202275207963	-0.697764206150885	-1.18935846798899	0.276978600804439	-1.4006675616562	-0.0907461793208784	1.51869173311322	-1.44067289626989	1.96797961988728	1.57024954277807	-0.843856824648381	-0.328546888435062	0.516831585566338	-0.866585075725937	-3.72305528194642	-0.587561066017271	-0.678532844222997	-0.843856824648381	-2.93459792158215	-1.61892112767621	-1.89850598989537	1.96120452622092	-2.38805421521408	0.516831585566338	0.469625180996542	-5.33249319438052	-2.93459792158215	-1.61892112767621	-0.251088829396058	-1.22161933020721	-3.1352686170443	-0.821633687863671	-1.18935846798899	-1.28944192654597	-1.32516000914805	-5.33249319438052	-1.01500508084421	-2.11361736951232	-2.38805421521408	-0.641145312151377
S5A5565	4.35672554852846	1.28752953839898	1.34487008501422	1.70061580478822	1.18398885945814	1.07660609841954	0.258565644020711	2.35506274410115	0.720509356289346	1.80358735199527	0.840217320355314	1.72207585580798	-0.500956605484107	1.39910023907508	0.162337611926157	1.01825621535727	3.95316266659785	3.54209466235044	3.45367503276926	0.660967962598329	1.86800355645481	1.85693333270056	0.515977652169735	0.99216777927297	-0.170102361167118	2.41416090137695	2.58382744568579	2.18595674530879	0.379402117163985	0.395531499093869	2.09078006794108	0.919075895267634	1.20557243112531	-0.998795033723287	0.870522669850643	0.0331258804461507	1.0352779029267	0.240046596253473	-1.1369453722041	0.329391696589323	-0.2896475118169	0.0331258804461507	0.0331258804461507	2.25557247573833	0.660967962598329	2.94560147478828	0.928509927500992	0.515977652169735	1.36933613716863	-0.355244794302713	0.201946750021203	0.530062392051474	0.623463567139876	0.96538046330932	-0.0383330835359943	0.80896477685121	0.182338278632827	-0.425449052975962	1.41076217882293	0.240046596253473	-1.21390641334023	-0.821864325564209	2.4779685497535	2.06097160164325	1.7049448158778	-1.8678328807469	0.0558541315237071	1.08467065825627	1.10848130694999	1.57603094723416	0.840217320355314	-0.198675733611173	-2.82334432577433	-0.626119748438113	0.329391696589323	1.09267070092335	0.557650348570303	-0.170102361167118	3.794860469696	2.81501034355941	1.42800398525743	1.58093291783437	3.12364573123182	1.60985059547395	0.880423740833354	-0.769220592078787	0.363008307388308	-1.72473203710622	1.91460697144758	0.411404848250158	0.0331258804461507	0.427030166153239	1.7758077878882	0.346341254903097	-0.998795033723287	-0.540961940097806	-0.671582122514871	2.048794891068	0.983318163995987	-1.21390641334023	-4.43278223820843	-0.769220592078787	-0.540961940097806	-0.998795033723287	0.584497598606491	-0.2896475118169	4.24601946840422	2.80786745604703	0.487198687619692	-0.321908374035122	0.69711647671464	-0.719210171504125	1.47257960984614	-0.821864325564209	0.472492540229997	-0.462490324656311	0.798326378646154	-2.23555766087221	-0.936274676741953	-0.582634636498374	-0.0633343857414115	0.673163235692147	-1.48834325904199	-0.462490324656311	0.14192874029495	-0.355244794302713	-0.719210171504125	-0.425449052975962	-0.769220592078787	-1.1369453722041	3.40753074511173	-4.43278223820843	0.201946750021203	1.21970694206022	1.44495354357121	1.26094990059427	-0.170102361167118	-4.43278223820843	-1.59956889415222	0.411404848250158	-0.500956605484107	-4.43278223820843	-1.8678328807469	-4.43278223820843	1.00093976534581	-0.821864325564209	-2.48687208915312	-4.43278223820843	2.38614182706709	-0.540961940097806	2.10245903280523	-2.48687208915312	2.45985940296366	-0.321908374035122	0.0780772683084172	-0.198675733611173	-4.43278223820843	-1.29728802227928	-1.59956889415222	-4.43278223820843	-0.821864325564209	0.0998172549448229	1.76366188958609	2.06700480244742	-1.72473203710622	-1.48834325904199	-1.29728802227928	-0.821864325564209	0.240046596253473	0.276747963103901	-4.43278223820843	2.34600265947674	-1.48834325904199	0.379402117163985	-1.29728802227928	-2.48687208915312	-2.48687208915312	-4.43278223820843	-1.1369453722041	-1.29728802227928	-2.82334432577433	-0.115294124672122	0.64862212677603	-1.59956889415222	0.411404848250158	-0.877434176719019	1.5906653547526	-0.998795033723287	0.346341254903097	-0.821864325564209	-4.43278223820843	-1.48834325904199	-2.23555766087221	-2.23555766087221	-4.43278223820843	-1.59956889415222	-2.82334432577433	-4.43278223820843	-2.03488696541006	-2.23555766087221
S5B07	4.80804366213537	1.30870804448538	1.79608327444187	1.80294828996155	1.57322670834989	-1.47705114094415	2.24681513431332	0.892909354522666	0.937237941629896	0.387733463298795	1.3454094113358	0.378299431065436	0.909763686077648	2.05375581162915	0.0168738843681053	1.04015645363217	4.17671314309943	3.66602909721921	1.90270590948014	0.664795966923116	-2.40860934494909	0.0698664145086161	0.442541699793789	1.4116356965871	0.339647276631156	2.75968694411916	2.60968882189273	2.64272485916975	3.85654561550316	0.95336732355978	2.29953389358889	2.53248347610749	1.42170289570482	1.69973926535702	1.76103295756232	1.00025090945863	2.65154844582827	-1.83806448648148	-0.484922332678491	0.772644488129522	0.733551562338245	-0.161374347038213	0.41551302740587	2.49209660772343	3.00817458428125	-1.36264078976641	1.10178732867805	2.4955251825106	1.88605620124357	-3.36412078997653	0.0698664145086161	1.29742972944767	0.984865990619151	1.31615686849837	0.791632400374214	0.468859008111163	-0.96622551717816	-0.440959209257375	0.621152677191208	0.0568792189818046	-0.440959209257375	-0.768866083019665	2.61880742610917	1.77754276652613	1.82994655519771	0.904177079369008	1.415002703135	1.35616220311207	-0.0107140721507237	-2.77633412507441	0.397079325717032	0.0953454998096008	0.67893047785802	-1.16689621264031	-0.0682839239722011	-1.83806448648148	-0.579109547738192	0.13238677148995	2.41847286510396	3.08128151869039	-2.57566342961226	2.96345878710482	1.30496272175521	1.67153226709501	1.00532706249049	1.32722709225261	1.51107653322462	1.30870804448538	-3.02764855335532	0.41551302740587	-0.862684838237319	-0.830423976019098	-0.629753280556947	0.766234209768603	-1.25998663570632	0.840571829414436	-0.710878825369315	-1.53957149792548	0.191227271512884	-0.358438185569371	-2.02911972324419	0.71341665392919	-0.710878825369315	-1.75468287754243	-1.21235858671707	-0.398847723907248	4.6443113117226	1.02040272489594	-1.25998663570632	0.834583787569813	1.28983956018099	1.10178732867805	-0.462699195893781	0.120191498396132	1.03525448303196	-0.739452197813371	-0.440959209257375	-1.41821064092122	-0.398847723907248	-2.02911972324419	1.13790863709205	-0.300729867948724	-0.24617088369829	0.202591030163198	-1.60626287242416	-0.462699195893781	-0.177768156813889	-0.398847723907248	-0.0247988120324623	-0.129371615952039	1.28602276165429	-0.462699195893781	1.0498888905504	-0.282210820181487	-2.02911972324419	-1.21235858671707	0.567704842747796	0.319746122313862	-2.02911972324419	0.583269359288908	-1.00326678885851	-0.739452197813371	0.433613069049488	-2.26550850130842	-1.0817384043	-0.507650583756047	-1.36264078976641	-1.0417330696863	-4.97355870241063	-1.16689621264031	-4.97355870241063	-0.507650583756047	0.706613906606437	-0.604110849943609	-1.75468287754243	0.909763686077648	-0.228626574047381	0.202591030163198	-1.53957149792548	-1.83806448648148	1.83658374770451	-0.65607058887432	-2.40860934494909	0.822499048354741	-1.75468287754243	1.52622833824522	0.511238231080024	-0.554718094614033	2.34829101137773	0.95868648503738	-3.36412078997653	-0.683099261262239	-0.129371615952039	-4.97355870241063	-4.97355870241063	0.974476286770015	1.36680060131712	-0.507650583756047	-4.97355870241063	-1.92903626468721	-1.0817384043	0.460163301143609	-1.30999705628098	0.643212395255941	-1.6777218364063	-4.97355870241063	-2.77633412507441	-0.462699195893781	-1.12341110070057	-2.14034535835441	-1.53957149792548	-1.25998663570632	-0.194435209299101	-1.30999705628098	-1.36264078976641	-4.97355870241063	-0.129371615952039	-1.47705114094415	-4.97355870241063	0.937237941629896
S5B1522	4.20919194165073	1.80330966632839	0.861031604691251	1.00689997777363	0.823380098487562	0.315746815820545	1.70303669718194	1.58934973874756	0.323683365416281	0.888368158855001	0.362447908866526	0.283355320029309	1.77962914266332	1.40903286020598	0.331557421847188	0.339369961583981	3.62361081418808	2.99796830104404	1.71490627273732	-0.0112090920454131	0.870227071784351	0.392412697568462	0.266757428620272	0.727830081771187	-0.179268201918804	2.23979188207161	2.02085703009805	1.90749937985311	2.91976364147299	1.31971271495099	1.50567726302344	2.65548183087623	0.574119059018498	1.56451776304637	1.45852212510616	-0.0449201493877247	2.01795637541742	-1.65435806182183	-0.0112090920454131	-0.166281006391992	0.307746773153468	-0.128301758326776	-0.500175921998905	1.99592905309912	2.45745213200791	1.24076429883294	0.206394278893181	1.50325007736583	1.02274189323928	-0.482318304598898	1.37093301397371	1.33420572225355	0.497404141437636	0.299682213316738	-0.536877288849333	-0.0112090920454131	-1.0353188534156	0.224015880243001	0.879338752135607	-0.0449201493877247	-1.06657139691971	-1.09883225913793	1.87953703171627	1.45597759447117	1.4116995284529	0.0632934352525076	1.19221107341595	1.05369213928038	0.307746773153468	0.421505658510126	0.12301266995413	-0.381392386008938	0.0320408917484034	-0.947026246269924	-0.232972380890665	-0.743798004656655	-0.166281006391992	-0.634995144807856	3.32040329337154	2.53139296672413	-0.655829231710698	2.44804914782363	0.919344086749306	0.879338752135607	1.21516290059415	0.919344086749306	0.990803050731451	0.275090810179416	-0.103760649410659	-0.482318304598898	-0.260946232933071	-0.975599618713979	0.142152010164827	-0.103760649410659	-1.44850600761768	-0.334508800110087	-1.77571891882609	-0.232972380890665	0.179365606505262	-1.06657139691971	-1.40304363354092	-0.500175921998905	-0.8152569686388	-1.77571891882609	-1.91386925730691	-1.54614447718159	3.92903082980525	0.733093251815462	-0.140801921091008	0.580254047586014	0.323683365416281	0.542866515514394	0.484026015491461	0.206394278893181	-0.0564145288134599	-1.06657139691971	-0.0449201493877247	0.0835987014132531	-0.743798004656655	-0.289725197483114	0.151586042398186	1.05369213928038	-0.698846616794389	0.12301266995413	-1.99083029844304	-1.65435806182183	-1.44850600761768	-1.16665485547669	-0.919246682162848	-0.840258270844218	1.91557696819947	-0.919246682162848	1.58934973874756	0.89285247130233	-0.246861493051332	-0.349893718949567	0.477269233028581	0.113303855827169	-1.91386925730691	0.435740774331999	-1.31788582520061	-0.594585606469979	-0.743798004656655	-1.09883225913793	-1.40304363354092	-0.743798004656655	-1.40304363354092	-1.99083029844304	-0.20575981736578	-0.0917123108944837	-1.84241029332477	-0.840258270844218	-0.634995144807856	-0.677106630157983	-0.892218009774929	-0.397521767938821	-1.49613405660693	-1.77571891882609	-0.698846616794389	-2.07421190738209	2.62745352669044	-0.947026246269924	-0.574977135081603	0.347121938388299	-1.06657139691971	-0.179268201918804	0.651080100154627	-1.16665485547669	2.05921400488248	1.0344607773525	-5.20970612331124	-0.115955922504477	0.370023702674983	-0.289725197483114	-2.2652671441448	0.206394278893181	0.103499855730548	-0.246861493051332	-3.26379597425593	-1.99083029844304	-2.81181085051287	1.35977529710306	-1.99083029844304	-0.140801921091008	-0.153460317962931	-3.60026821087714	-1.54614447718159	-0.246861493051332	-1.00501350392027	-3.26379597425593	-2.6447567658497	-1.54614447718159	-1.71319856184476	-0.574977135081603	0.622176353972278	-2.6447567658497	-0.892218009774929	-2.2652671441448	-1.71319856184476	0.0320408917484034
S5B3040	3.24536539797813	2.0996669712533	0.589646699843475	0.409249013369454	0.337545953456397	1.12761103120876	1.69374597072784	2.00274504052607	0.624785450109849	0.935117432238514	0.348109431965966	0.921391726558639	1.08326879166526	1.01912202137916	-0.736589588785159	-0.2340886749052	3.01929457866418	2.234754430002	1.82356551258973	1.09495506823471	0.866611297193394	1.65184039801266	0.668948470727359	0.448026084851169	-0.893334303789464	1.43261213911776	1.13081873243553	1.90653053496889	2.39664932623315	2.1465598352468	0.897414553932668	1.60909469669074	-0.0723537517196338	0.751821691246715	0.836979499587023	-0.0512447885093987	1.51769744691428	0.147049479978853	-1.3079318954609	-0.574329760208641	-0.305547638887345	-0.382508680023473	-1.22015628457851	1.23993519608976	1.80415527926212	1.79100260301344	1.33570210118177	1.3199226810778	0.382536239716054	-0.312304421350224	0.67148654315583	1.37910393530667	-0.42712574551228	-0.736589588785159	-0.185149245864978	0.21732632339482	-0.592108006229926	1.39889431528042	0.553228109344546	-0.757532762630402	-1.48842027117319	-1.46668028453679	1.51987017997978	0.946734213409183	1.63940004618607	0.0668283124137039	0.913463042803132	0.432051304243434	0.624785450109849	1.32784351456925	0.176587492415717	-0.0884831336495173	-0.0512447885093987	-1.06480584455935	-0.716076048952056	-0.104876943425194	-0.382508680023473	-1.53337165903546	2.69839995457442	1.99602684260078	1.24566176864696	1.95051743847181	0.725753864476799	0.286718316818821	0.463749679230625	0.0942899923550913	0.777227214682139	0.121017641260906	-0.0670345902420335	-0.930375575469813	-0.298836204299358	-0.930375575469813	0.402637419037141	-0.619382424149585	-1.60483062301761	-0.0460364434022598	-0.203222026924673	-0.548241324124343	-0.149954997743185	-0.149954997743185	-0.857616221187384	-0.881285965273289	-1.13946737332837	-1.07929885186192	0.79081745782386	-1.99194659245757	3.11135075013713	1.33439661796764	0.290435793218953	0.248763096818385	0.379146405961542	0.544632067874748	0.451190644454132	0.168236713198297	-0.556862067168251	-1.36455078946041	-0.215454595360307	-0.686073798648257	-1.38415926084878	0.260301686374879	0.441666762942877	0.694043890579905	-1.06480584455935	-0.389807982505085	-1.10893064946829	-1.62983192522302	-1.32645094322814	-1.60483062301761	-1.00884719091131	-1.36455078946041	1.38035237491951	-0.736589588785159	0.887251864840466	0.435266741097409	1.1387932563543	0.0852196353851271	-0.0830777150826094	-0.25948686551081	-1.68179166415373	-0.0670345902420335	-0.292169512941169	-0.811893971849289	-0.98199994087512	-1.18709542231763	-0.628641749562382	-1.42456879918666	-1.58043916989345	-2.70344291168572	1.27381281830948	-0.637987611980619	-0.115957389201766	0.419085158246167	-0.955854660770798	-1.02254603526947	-0.127161988214628	-1.25434764932679	-1.2718919589777	-1.2034892320933	0.538860046077626	-1.73659990064873	1.91825657625359	0.209310248406585	0.541750221499859	0.0852196353851271	-1.60483062301761	-0.000343215743360936	-0.368067995868679	-1.28974957637771	1.14196534466045	0.476152939014046	-2.78040395282184	0.00460728941649524	-0.1911372877096	-0.434759370367351	-0.955854660770798	-0.173279670309594	-0.705974952965552	-1.02254603526947	-2.95475733996662	-1.92174233378432	-2.70344291168572	0.756489144294211	-0.458016232531618	-0.0153434970028536	0.550370964543766	-0.397160956810343	-0.253076587149891	-0.83449380376653	-0.686073798648257	-2.02898786413792	-2.06745414496572	-1.28974957637771	-1.79458715829908	-1.48842027117319	1.41950110506075	-0.968841856297609	-0.83449380376653	-2.50277221622356	-0.800782746424218	-0.319107168672977
S5B5060	3.82823721806466	2.76780399702656	0.958930910522997	0.722542132458767	1.49919994589188	1.2045699546713	1.27877278098682	2.45334090189713	0.121768272029837	1.18309261906075	0.888603168380941	1.12153472606131	-0.313549799228009	0.105957666003195	-1.24510800323295	0.089893063499388	3.51495983627532	2.72402213266889	1.4792192612014	1.5031486183473	0.793110822622929	1.96387287386379	1.19924371038863	0.358157050094067	-0.784766284898954	1.65122883413169	1.63926287939007	2.33025813314585	1.22299152823867	1.61312898789942	1.22299152823867	0.533748061159195	0.412387204154927	-0.313549799228009	1.25380269463906	-0.188386656274003	0.85149315872971	0.641961645799427	0.294237532380779	-0.146495714564843	-0.389057351736154	-0.442761530708015	-0.607310917756172	1.49523561958997	0.772867216346283	1.89439155850487	1.7264891945858	0.491301370911938	1.06208185614784	-0.338090908144126	-0.363249467780281	0.843902989463034	0.16775338527166	0.0400902410155695	0.204522233058749	-0.657321338330833	-0.350591070908358	1.18309261906075	-1.10200715959228	-0.709965071816256	-1.1290358319802	-1.41216208789612	1.86738113862211	2.37656270118753	1.76664903139374	-0.188386656274003	0.948691913221903	-0.0213325716108361	-1.92298771166211	1.53800209774836	0.0569682788029215	0.394635258696477	0.0979576233361179	-1.24510800323295	-0.591181535826288	1.18309261906075	-0.289596558205516	-0.709965071816256	2.90143969575482	2.75661506910875	2.82720067058997	1.27382839514136	1.42744786645679	0.743819530906052	1.49919994589188	-1.05004742066157	0.917330458017852	-0.674563144765339	1.76057460117421	-1.65829515743503	-0.156805084223704	2.33541499889284	0.0229224373932038	-0.51422049469016	0.678579009037651	0.089893063499388	-1.02504611845615	0.313846003769156	0.27423686567411	0.197275824537982	-0.402215436313665	-0.0304235433120885	-0.64037178001706	-0.210009120287168	0.934874767668761	-1.80857736048437	3.68069535534661	0.58439179397795	1.02145126750433	-0.156805084223704	0.129580811766631	-0.254709299205075	-0.41554896718313	-1.34195782922287	0.0653016603620653	-0.865618381528049	-1.34195782922287	0.569466143761274	-1.48766964040426	-0.00339487092416935	-0.325745072321827	0.137332788570949	-0.674563144765339	-2.05219944314212	0.394635258696477	-1.92298771166211	-1.1290358319802	-1.1290358319802	-1.75593362699894	-1.52767497501796	0.204522233058749	-0.188386656274003	-1.1290358319802	0.351945850001426	0.739600115363344	0.424049143902771	0.0229224373932038	-1.34195782922287	-1.86414721163918	0.204522233058749	-1.34195782922287	0.376562477636782	-2.05219944314212	-0.746666438666683	0.705188117765616	-1.37644400529404	-1.65829515743503	-1.37644400529404	2.56087049198266	1.1069995864422	2.53452581414945	-0.26620367863081	-2.58628192907237	-1.10200715959228	-0.220998241862763	-0.976844016638273	-1.86414721163918	-0.096485293990181	0.364329909201148	-1.27636054673706	0.623137560553792	-1.37644400529404	0.469382685204292	1.68464881985894	-2.12365840712426	-0.844784294625207	-0.709965071816256	-2.71144507202638	-0.199139448050264	0.722542132458767	-1.86414721163918	1.09817599978369	0.145025134194104	0.446972783804707	0.523304101998112	-1.65829515743503	-1.05004742066157	-2.85454591566705	-1.44920335957647	-2.47505629396215	-3.81005736069449	-0.106289294086802	0.7810139009141	-1.07568985127491	-0.188386656274003	0.16775338527166	0.152658759049175	0.0315431804371116	-2.12365840712426	-1.44920335957647	-5.41949527312859	-3.47358512407328	-0.657321338330833	-2.71144507202638	1.91287393280047	-1.37644400529404	-2.71144507202638	-3.22227069579237	-0.930858903396449	-1.37644400529404
S6A07	4.41956651929817	2.56445594248983	1.90467008331927	1.18472229125124	1.23953052774623	2.71112845917739	-3.41442982241129	1.33397453166271	2.32278742833115	0.563380923554857	1.18472229125124	-0.44915675634201	0.0195573820738542	1.10953030815126	2.06370597071258	0.501585204286392	4.2749412851184	3.40798540940383	1.53998779168673	-0.278935606482142	1.99453406422381	-0.244744241733863	1.11385931924084	1.22417513966304	-0.389138746615757	1.92406933376958	2.22960264783914	2.41392738682654	1.14364875604295	1.70356399000546	1.87080230458809	0.0698824659613697	2.09980505035921	2.87750961894722	1.74347539042	2.33432601788764	0.327990398630674	-2.19065439078918	0.163518070995362	0.140918239078122	0.477390475699335	-0.296479916133052	-0.332519852616249	1.99632297346653	2.09171439133906	-5.02386773484539	0.842600322087904	-0.0610231045854857	1.25839901205061	-0.44915675634201	1.60813404255024	0.892334327762042	0.715925177333841	0.886928909195134	1.21250185535831	1.08759960465729	-1.52736017337891	-0.535231365113253	-0.148670411644241	0.0820777390551877	1.06063167822978	-0.389138746615757	2.55017727052681	-0.88073300845386	1.1766414391973	1.81667879444329	1.96730915227582	0.501585204286392	0.337424430864033	-2.07942875567895	-1.97934529712197	0.185618417996029	1.37472719968981	2.21534723893441	-0.332519852616249	-2.45891837738386	0.279437173213683	-0.261693800047636	2.14085264392646	2.60221502322699	1.18873836090613	2.92026975626872	1.31649156888236	1.12673503360089	-2.62597246204702	-0.980816467010842	-0.148670411644241	0.836918488620474	-1.46851967335598	1.43916172207528	1.76847669262542	-1.46851967335598	0.409854268708847	0.635614480914229	-0.491268241692137	-0.946330290939673	0.570843644756446	-2.62597246204702	-2.31581753374318	-0.946330290939673	0.689865070663976	0.435717779298766	-0.179680648386801	-1.52736017337891	-1.80499190997719	-0.706379621309082	4.31846534658929	0.741323367939452	1.19672243525435	0.0941260775713628	1.65447437980894	-1.26266761915183	-0.912993870672081	0.808014742438124	0.460929198645262	2.35451597815132	-3.07795758579008	-0.0471339924248184	-0.819175115454426	1.48191632528284	1.01400318507674	0.129423859652387	-0.261693800047636	0.129423859652387	-0.408747218004133	-0.0893938017147011	-0.819175115454426	-0.849480464949755	-1.46851967335598	-1.72803086884106	-0.228077189248651	1.51137353616827	1.23953052774623	-5.02386773484539	-5.02386773484539	2.03832389744116	1.93742831106477	2.30588195419612	0.944839825139973	0.64255895326704	1.68908846583168	0.621579162797845	0.975068827101291	0.460929198645262	-1.72803086884106	1.01400318507674	-1.41294982220117	-0.946330290939673	-5.02386773484539	2.20379476388326	-1.97934529712197	-0.148670411644241	0.0941260775713628	0.965093682044471	-1.72803086884106	-0.491268241692137	0.772190015919979	-1.80499190997719	-0.88073300845386	-0.605027127048795	-5.02386773484539	1.60549551859206	-5.02386773484539	-0.733408293697001	-0.706379621309082	0.40108228263601	-3.07795758579008	-5.02386773484539	-5.02386773484539	-2.31581753374318	2.05531665976428	1.32001269928094	-2.62597246204702	-3.07795758579008	0.249131823718354	-2.31581753374318	1.32001269928094	-0.680062312991708	-0.164055330483721	-0.88073300845386	-2.19065439078918	-5.02386773484539	-2.62597246204702	1.79286814574958	-1.72803086884106	1.21250185535831	0.517395810313034	1.27691805981785	-2.82664315750917	-1.58988053036025	0.548286297332372	-1.13204743673477	-0.332519852616249	-0.278935606482142	-5.02386773484539	-5.02386773484539	-0.535231365113253	-2.31581753374318	-1.21720524507507	0.72870490398024
S6A1522	3.87168573711418	2.4797072356393	0.913972226739041	0.684685120776425	0.621079870821853	2.42716410957124	-1.01866339110758	0.953278596665684	2.52073395559554	1.80179932482986	-0.30270153278146	-0.258576727872522	0.231899356478189	-1.11551321709749	1.48024730676444	0.24936704951858	3.52184518924528	2.99813534363958	2.04616431277659	-0.333238256641541	2.80562070001256	0.283412890928298	1.51013745223765	-0.189104355057754	-0.520221826541307	1.67284041388023	1.88949790835209	1.81454995294864	0.877687066999276	1.55100852530813	1.43101456679668	0.553152529536939	1.94977674015841	1.55336146757016	0.717745983037314	1.79259115663599	0.158807472472853	-0.317853337802061	-0.682191154486363	-0.162612739610778	0.507392912387473	-0.448118532639963	-0.53909031084569	1.85359661684554	0.873057429100535	-5.19305066100321	1.32462061190906	1.04722518416756	0.815762524439382	1.39035856115555	1.7587215033957	0.473376027109219	0.283412890928298	0.500681477799486	1.40953723118612	-0.930370783961898	-0.244290770625045	-0.639173769402673	0.214121110456905	-0.639173769402673	0.438161120818152	-0.750399404512897	1.90615108254988	-1.14999939316866	-1.30123036289259	0.873057429100535	1.50274825605528	0.603007089762158	-0.849245239149529	0.825542553493022	-0.704414291271073	1.03150776827215	1.35373474975731	1.81816332634715	-0.597930810868623	-0.72714254234863	0.79591075588665	-0.682191154486363	2.79345427755078	2.14843319135995	-0.413927167891684	1.36798000489336	1.14022896713648	0.690271727485065	-1.30123036289259	-1.18571747577074	0.701352173261637	0.873057429100535	0.810836406103326	-0.397260115406472	1.31571847596847	-0.639173769402673	0.514059603745662	0.090153067734775	-1.18571747577074	-2.14852822327979	0.650493756028147	-1.38638817123289	-1.43185054530965	0.308207549541514	-1.11551321709749	-2.359837316947	-0.50170277877407	-1.75906345651807	-2.24861168183677	-1.11551321709749	3.76278448321575	1.4230145241296	1.27929563349769	1.72564455801726	1.25741976114096	-2.485000459901	0.401660718598626	1.07414988753815	-0.258576727872522	2.14843319135995	0.905023621163027	-0.577930144161954	0.644679786162727	0.638831816280303	-1.18571747577074	1.5811732253544	0.459438519265437	0.507392912387473	0.859038507921204	-0.823602808536192	-1.04991593461168	-1.97417483613501	-2.14852822327979	-2.62810130354168	1.84309783274732	2.23647018178325	1.69552179856215	-5.19305066100321	-1.6377025995138	0.584601662219443	1.56504384342452	1.43895111639242	1.66446340154218	0.59690950989404	0.621079870821853	-0.124146458782982	-0.823602808536192	0.177587367124449	-2.359837316947	-0.0513871045005532	-1.97417483613501	-0.902591219854822	-0.798601506330775	1.83248765363531	0.701352173261637	1.12951457892407	0.158807472472853	1.21876760670668	-2.14852822327979	0.59690950989404	-2.24861168183677	-1.89721379499888	-1.69654309953673	0.231899356478189	-2.62810130354168	1.95765079658931	-5.19305066100321	-5.19305066100321	0.401660718598626	-0.287775882564784	-1.75906345651807	-1.34290305929315	-3.58361274856911	0.690271727485065	2.02292434164825	-1.97417483613501	-2.359837316947	0.0273051640751119	0.493924695336607	-0.448118532639963	-0.465662842290873	-0.413927167891684	0.54674225117602	-5.19305066100321	-1.14999939316866	-5.19305066100321	-1.30123036289259	0.754984328177432	-1.6377025995138	-0.430876726205457	-0.875562547466903	-0.639173769402673	-1.6377025995138	1.70566387332677	-0.465662842290873	-0.175770824188289	-3.2471405119479	-2.79515538820484	-1.6377025995138	-1.38638817123289	0.459438519265437	-0.958944156405954	-0.317853337802061	-1.22275874745109
S6A3040	4.64837074025189	1.85658804461965	1.64410531077313	1.59870028601106	1.39314311919893	0.334908986474215	0.133223062498469	1.36745952446423	1.20923551924934	2.47039848294307	0.569854762845052	0.904261949687496	-0.659713588669848	-0.976625299436567	1.18611310182848	1.03488213210456	4.12479015539226	3.6604048074942	1.88217999249176	0.370787274139117	3.12979297396267	0.997926425582131	2.52398272907718	-0.820056238745027	0.259043235699501	2.49702412395386	2.6148655452474	2.52193459728082	0.455225593285691	1.26480537040415	2.11210323079135	1.18220684686142	1.98724892045252	-1.75832587733796	1.04391153882395	1.48686725584762	0.75996778848278	-0.684714890875265	0.379559260211954	0.471290195789498	1.32086207648581	-0.459042893207696	0.379559260211954	2.33044763983469	1.87044965270627	-0.943288879168975	1.09644002510399	1.17039568593307	1.72689488259389	1.1503950192264	2.33540121033535	0.405422770801873	0.904261949687496	1.21303780519908	0.325734610198174	-0.241978387969868	0.81795504613313	0.24914216471679	0.0875008131603741	-0.225849006039985	0.133223062498469	0.0147414588779453	2.53213356381043	0.591284154300951	-1.39060109721264	0.978923478456515	1.16642742675745	1.07488746671826	-0.134181817514161	0.502665318357252	0.753979746638158	0.91454481664308	0.75996778848278	-0.500285851741745	-0.077429000921712	-0.38133390888038	-1.29296262764872	0.00208306200602237	3.21123018750994	2.81943504634325	2.91864804077912	0.288171508622525	0.851199104712284	1.82210186854848	-0.29198880854453	2.17784758832247	0.166193081736039	1.5804706145194	0.422300808589225	-0.275039250230757	0.800909178860141	0.121986989231543	0.685630168836948	0.517991288835479	-0.500285851741745	-1.75832587733796	-0.0637301565635502	-3.10825259428697	-0.61151148685197	0.438898699998262	-2.34611254224008	-5.05416274334229	-0.911028016950754	-2.10972376417585	-1.08387082979016	-0.61151148685197	4.54923271666538	1.21682568851601	1.25393569816724	1.07488746671826	1.1341013797403	0.24914216471679	1.64902536989858	1.53476373419123	0.29769539013378	1.1743482602489	0.00208306200602237	-0.209975656883695	0.988470090340095	-1.55765518187581	-3.10825259428697	-2.85693816600607	-0.684714890875265	-0.134181817514161	-0.0237248219498509	-0.077429000921712	-0.791482866300971	-0.820056238745027	-0.29198880854453	-1.34059067663798	2.64794159670876	0.562608354324285	-0.344632542029952	-1.12233711061796	1.24294657659165	1.61660357750359	-0.178965420141134	0.455225593285691	1.01194534676146	0.612263944770146	-0.976625299436567	-1.01111147550774	-1.39060109721264	-1.29296262764872	-0.61151148685197	-0.543303236825436	-2.85693816600607	-0.148887964903857	1.79702218415146	-0.050216437396827	0.88337346174014	0.711028359442558	-1.44324483069806	-0.588254624687703	-1.49881468185287	0.626009865674781	-0.400202393184763	-3.44472483090819	-0.439042226501027	-2.34611254224008	-1.01111147550774	1.59870028601106	-1.91866852741314	-5.05416274334229	0.447095467202441	0.765920187010075	-1.75832587733796	-0.050216437396827	-2.22094939928607	0.929773537344905	1.49262266741824	-5.05416274334229	-1.83528691847409	0.307129422367139	-0.684714890875265	-0.763703302193895	-2.85693816600607	-2.34611254224008	-0.326774924629945	-1.68686691335581	-2.10972376417585	-5.05416274334229	-5.05416274334229	-5.05416274334229	1.35106571468856	-0.61151148685197	-5.05416274334229	-3.44472483090819	-1.49881468185287	-1.34059067663798	-2.22094939928607	-1.44324483069806	-2.65626747054392	-2.85693816600607	-1.68686691335581	-0.543303236825436	-1.44324483069806	0.229040985395702	0.430634190148369	-5.05416274334229
S6B07	5.35403496526993	1.99622314348604	2.7462889502681	2.27988976652701	2.24011179507009	1.96618333778803	-2.75613476157406	1.31167024541343	2.10367764278761	0.907426884555585	1.7292861713041	0.740372799892419	-2.50482033329315	1.65579735587873	2.9799766001975	1.63831439309838	4.93493480468638	4.40637347162142	2.19666962370061	1.19785244295312	-0.384556797093064	0.640289341335436	1.37330112045931	1.88136431152939	0.862475496693319	3.30798261785236	3.23996189786048	3.23139347699811	1.43135313236727	2.18039256036847	2.88018428364709	-4.70204491062937	1.99622314348604	2.6131734791236	2.32704265352029	2.74861588558216	1.53432467957433	-1.14669684913996	0.705126860830744	1.25119842365841	1.04415827991078	0.288387676149362	1.06314619215547	2.87814450731517	2.31635688843983	-1.65752247290595	0.907426884555585	1.05052772819626	2.26114507524086	-4.70204491062937	0.620965068509034	-0.148168019028834	1.55753655343555	1.58767066027962	1.61331309089296	0.507441242212047	0.0601290241683818	-0.0673159223997386	-0.810224612518748	0.978127698387693	1.35473910259925	-0.0480845604718509	3.43447334148592	-4.70204491062937	1.78867862387313	1.50654511546725	1.53823093454139	1.38699996481747	0.301901395316085	-4.70204491062937	-4.70204491062937	0.757540603514784	1.51456119045549	0.854783151070164	-0.307595755956936	-2.13709555316784	-0.467938406032115	0.328393010763061	1.094012840136	3.7791065094396	2.40045444514527	3.32052403635888	1.78259032500588	2.11249798663058	-1.56655069470022	-4.70204491062937	-0.236136791974791	0.620965068509034	-4.70204491062937	1.43135313236727	1.4094224288733	-1.03848326449973	-1.75760593146293	1.32623360960132	0.529063706225212	0.00748529068295944	2.06989064521023	-2.13709555316784	-4.70204491062937	-0.694711725396903	1.50654511546725	0.877684915356848	-0.770219277905049	-0.283204302832777	-0.0869243937881148	0.0428872177338757	5.25985304945318	2.32704265352029	-0.384556797093064	-1.26805770614423	1.15302701157305	-3.09260699819527	-0.694711725396903	-0.106925060494784	1.11208562119569	-0.0106970284002306	-4.70204491062937	0.936309758704372	0.427853804293699	0.714055491575046	0.854783151070164	-1.14669684913996	-0.384556797093064	-0.940844794935812	-0.332597058162353	0.328393010763061	-0.558910184237842	0.507441242212047	0.0601290241683818	-0.940844794935812	-4.70204491062937	1.46547158025897	1.75472474494279	-4.70204491062937	-2.304149637831	2.60649788690982	1.30184215647717	2.47954703398249	1.11803801972299	0.766015230505757	1.91402027450344	0.815407985835333	2.74278836326282	-2.304149637831	-0.731752997077252	0.839218634529052	-0.591171046456063	-0.259393654139058	-4.70204491062937	1.99127875764057	-4.70204491062937	0.474104821944454	0.620965068509034	0.766015230505757	-4.70204491062937	-0.439365033588059	1.20875173341115	-2.13709555316784	0.173152412571778	1.04415827991078	-4.70204491062937	1.77030138387153	-4.70204491062937	-0.658993642794824	-2.13709555316784	1.43135313236727	0.366859291590857	-3.09260699819527	-4.70204491062937	-4.70204491062937	1.64183552349696	1.17569087115026	-4.70204491062937	-4.70204491062937	-1.26805770614423	-2.50482033329315	0.847031174265846	0.301901395316085	0.474104821944454	0.0428872177338757	-2.304149637831	-2.75613476157406	-4.70204491062937	3.01974686618816	-4.70204491062937	1.41384721485366	1.45281318338704	-0.591171046456063	-4.70204491062937	-4.70204491062937	1.01826686597804	-4.70204491062937	0.847031174265846	-1.14669684913996	-2.75613476157406	-4.70204491062937	-1.56655069470022	-4.70204491062937	-0.35823948877569	-0.236136791974791
S6B1522	4.5604221216565	2.22821523010617	1.69404791933915	1.84025994937672	1.40513507750124	0.807447341616408	-2.80945861287244	1.76065993505673	2.99333090346941	1.30867481131368	0.452902323935501	0.111310622208097	1.70383991924377	0.580565468191591	2.07081486336057	0.898678657845912	4.2633401839287	3.65322410340675	1.75835578657188	0.40048858125146	2.47035528211104	-0.662877768354974	2.22243068758464	1.42786332857879	0.146608404289121	2.47148650395113	2.4871906965749	2.52111079751279	0.941351798971987	2.0399640876401	2.1580371885632	-1.63938736022218	2.44513904631927	2.20929181244281	1.20992291087621	2.4322884021872	0.909518872398777	-0.279295371496318	-0.929145746302939	0.526706298518862	0.16946654236517	-0.0299494477880842	0.510769706256049	2.22097930852	1.53145663355901	-5.00668319020866	1.49610685570696	0.801459299771786	1.4900917999772	0.478113743281996	1.73737599610269	-0.540775071554075	0.764757932921357	0.977253090478532	1.09587540440491	0.588028189393181	-0.333854355746752	-0.391562673367399	-0.801990570817692	0.335651061756153	0.191813841057168	-1.07485755748433	2.57961311694406	-1.39576527756443	-0.431972211705276	1.32659643793103	0.526706298518862	1.32659643793103	-0.540775071554075	-0.0722092570779669	-0.895809326035347	0.542392894686562	1.25289827385626	3.02891950270992	0.087067010598104	-1.51017562874218	0.602788604976301	-0.131485867007506	2.23682978445682	2.95851510040352	-2.06224421104222	2.11698959499595	1.3649286570232	1.39854526782218	-2.06224421104222	-5.00668319020866	0.40048858125146	0.992253371738025	-0.662877768354974	-0.297152988896324	0.813399740143703	-0.662877768354974	0.335651061756153	0.836861226822702	-0.540775071554075	-0.801990570817692	0.893214163373833	-1.51017562874218	-2.29863298910645	-0.963631922374108	0.0495626151396502	-0.772576685611399	-0.963631922374108	-1.96216075248524	0.0367419267105884	-1.03639127665654	4.47100898774606	1.30505161894426	1.33719724391767	0.391479511309095	0.783276980688595	-2.29863298910645	-0.0162506034299224	0.391479511309095	0.32603560305671	1.36150399614183	-1.03639127665654	-0.772576685611399	-0.19449883483624	-0.297152988896324	0.813399740143703	1.17333346344391	0.930853014873768	0.087067010598104	1.23748371045508	-0.0579232998304899	-0.0299494477880842	-0.518046820476518	-0.963631922374108	-0.716223749060267	2.23825835612835	1.18158093287393	1.56559935248535	-5.00668319020866	-2.29863298910645	-0.495823683691808	1.53145663355901	1.96216718813329	0.461376950926473	0.191813841057168	0.0992622836919219	0.286621634515834	0.202802962632763	-0.929145746302939	-2.44173383274712	0.0747211747758048	-1.71084632420433	-0.178369452906357	-2.80945861287244	2.36291753031775	-0.315335307979514	0.382388539607843	0.31632678892975	1.26807883103328	-2.60878791741029	-0.564031933718342	-0.564031933718342	-1.87118897427951	-3.39724527777456	0.296621717850417	-5.00668319020866	2.26502051667871	-3.39724527777456	-0.895809326035347	-0.178369452906357	-0.0299494477880842	-5.00668319020866	-0.895809326035347	-5.00668319020866	-1.29311112350435	1.94890941818764	-1.45133512871924	-1.96216075248524	-1.87118897427951	-0.101408411770229	-0.162496103750067	-0.210892644611917	-1.1565355884986	0.427038813345582	-5.00668319020866	-1.07485755748433	-5.00668319020866	-5.00668319020866	2.25664642726818	-5.00668319020866	0.087067010598104	-0.744003313167343	-2.80945861287244	-5.00668319020866	0.770969133013998	1.51981166936213	-0.495823683691808	-2.80945861287244	-1.39576527756443	-1.03639127665654	-1.51017562874218	-0.744003313167343	-0.929145746302939	-0.999350004976187	-0.131485867007506
S6B3040	4.22464693124569	1.81027294281097	1.38503131672635	1.38236464847943	1.0155295481281	1.77303459767085	-0.563545500575883	1.24213530717078	2.51251700221774	1.74183940759291	-0.245941748259053	0.273014001590188	-0.0160185099594639	-0.301900401907098	1.65219812452757	0.197347668516451	3.76015381305307	3.18232360962935	1.89051647386102	0.443798273979279	2.71130423626378	0.509828855502364	1.61269194759567	-0.118380522621034	0.105959916927022	2.19433274750818	2.08150186358871	2.14823604813918	0.701161870044637	1.07172410647174	1.64195213325354	0.115483798438277	1.79801359487771	0.652503623295092	1.74926748260142	1.32465633085878	0.490473412549408	-0.918886221501479	-0.192949218118542	-0.205936413645354	0.188575682443614	-0.45725084192626	0.00537268002185343	1.77844001623776	0.848125078037382	-1.19332306720324	0.935326262373126	1.03461409682051	1.14544168236831	0.490473412549408	1.34979731981689	1.37969085009503	0.685204084606027	0.522527438839491	0.496966941859957	-0.301900401907098	-0.361177011836637	-0.918886221501479	-0.817533727241191	-0.259640592617215	-0.0830827405400099	-0.474200400240033	2.03949026550874	0.658028499227061	-0.205936413645354	1.24213530717078	0.547450847291948	0.646948053450489	-0.0268881821963678	0.947774555899694	-0.0489885291970342	0.685204084606027	0.607170081993571	1.33029809476545	-0.621253818196529	-1.80238713055264	0.273014001590188	-0.545026452808645	2.59524294131482	2.49248148881475	-0.0268881821963678	1.76941468421571	0.852670540409057	1.11799570575956	-2.29193535587135	1.13523751219407	0.522527438839491	0.926940468996852	-0.817533727241191	0.0468293937001993	0.939492935067972	-0.526844133725455	0.179726067166631	0.450601021302031	-1.09323960864626	-1.62545642239356	0.281078561426918	-0.725514828520939	-0.945914893889398	-0.361177011836637	-0.621253818196529	-2.52832413393558	-0.621253818196529	-1.57281268890814	-2.29193535587135	-1.06198706514215	4.07697378701262	1.11799570575956	0.706425040088912	0.732333224947577	0.206043375484004	0.076831644003998	0.0963444582275796	1.58473313721868	0.134263693089873	0.470735929711086	-1.09323960864626	-0.621253818196529	0.607170081993571	-0.770466216383205	-0.973694457996474	-2.01749851016959	1.04962375947108	0.416114845230862	0.607170081993571	-0.23242802909233	-0.682497443437248	-1.12550047086448	-1.52280226833348	-1.19332306720324	1.69020269818494	1.47414877441464	0.436948932133704	-3.03914975770157	0.901352719048445	1.39034341421124	0.668987513016781	1.40088369624667	0.857195435007347	0.772438850404806	-0.180128529689481	-0.918886221501479	-0.154969970053326	-1.57281268890814	0.134263693089873	-0.770466216383205	-0.316393409209664	-1.12550047086448	0.547450847291948	1.29304450322444	0.806258498644592	0.685204084606027	-1.73986677357131	0.0569304896867031	-3.29046418598248	-0.259640592617215	-2.52832413393558	-1.42971184526747	-1.73986677357131	-0.770466216383205	-1.68102627354838	1.34979731981689	-3.62693642260369	-1.42971184526747	0.737435276831472	-0.725514828520939	-0.918886221501479	-0.130428861137209	-2.29193535587135	0.0866356441006193	1.29304450322444	-5.23637433503779	-5.23637433503779	-0.316393409209664	-2.40316099098157	-2.40316099098157	-2.40316099098157	-0.621253818196529	0.35833704456405	-5.23637433503779	-1.57281268890814	-2.83847906223942	-2.19185189731437	-1.38622673332773	-1.06198706514215	1.24520279423864	-0.192949218118542	-0.747737965305649	-1.12550047086448	0.742511429863333	0.188575682443614	-0.892568913184105	-2.83847906223942	-2.40316099098157	-1.94053746903346	-1.15883689113207	0.879517790445245	-0.601645346808153	-0.346025206816035	-0.601645346808153
S7A07	4.49312369999087	0.569774939218701	2.19522742878659	1.51697320855593	1.24253636285417	0.793814949579947	-2.8914866831861	1.71796005956925	1.04592555624686	1.41835320951195	1.56783162578942	0.179883004573506	0.037800490959734	2.3517709061789	2.52968022763959	0.711679252653802	4.23815421338613	3.43517377618349	2.12957030637256	0.244007532743045	-1.282048770752	0.605020878280375	1.50648360188491	1.91604108635636	-0.519908718705107	2.66091903852556	2.30384829010907	2.43012859558675	1.37920926884345	2.69896710616309	1.96165902981738	0.542500521299042	1.51697320855593	3.41609119610449	2.80512730199148	1.84846411482694	0.800957837092328	-0.632704212850452	1.67434849740331	0.475809146800369	0.327389141682096	0.0224155721202539	0.037800490959734	3.02240234832069	0.982686098110944	0.533241195886244	1.53421501499044	0.193041089151017	1.42980371629994	-1.22647891959719	1.88040786278227	0.495321961023951	1.30464057334594	0.835926434930075	1.07880523036602	1.82061421362933	-1.22647891959719	-0.694262105849885	-1.47010100225494	-0.0416062866446767	1.00033361492452	-0.632704212850452	2.20925044560734	-0.519908718705107	3.07135790654183	1.63185348455435	1.30033022184482	1.05148112609146	1.65332670226109	-2.27244747477988	-4.83739683224142	1.0841815874024	2.1881414823971	-0.726522968068107	-0.442947677568979	-2.12934663113921	0.139336910179156	-0.348760462509278	0.84277577677565	3.19105833187283	0.037800490959734	2.69147242440083	1.18605076071962	1.42980371629994	-0.348760462509278	-0.262685853738035	-0.222276315400158	1.59393424969206	-2.43950155944305	1.70938857851911	0.542500521299042	-1.12382476553711	-1.17383518611177	0.65566461109913	-2.12934663113921	-0.519908718705107	1.57770012693018	-0.164567997779512	-0.603290327644158	0.0970771008892735	0.315894762256361	0.779374265425154	-1.70190261631227	-1.34088927077494	-1.792874394518	-0.632704212850452	4.43055185235508	2.73664817313078	-0.146048950012274	0.425293356663468	0.542500521299042	1.85592683602853	-1.0307343424711	-0.127866630929084	1.18119638225482	0.218848973106891	-4.83739683224142	-0.632704212850452	-0.348760462509278	-0.694262105849885	0.179883004573506	0.551674897575083	0.349988973599337	-2.12934663113921	-0.283519940640877	-0.867104918689296	-0.794345564406868	-0.574716955200103	-1.34088927077494	0.605020878280375	-4.83739683224142	-0.603290327644158	0.952563338655835	-2.8914866831861	-4.83739683224142	1.28290058670953	1.26067744992482	1.50296247148633	-0.519908718705107	0.361100199024408	1.89003489260944	0.218848973106891	0.940255490981238	-0.00908309493911652	-2.0041834881852	1.11063815693923	-1.70190261631227	-0.0924647038781679	-4.83739683224142	1.01192794770544	-0.164567997779512	0.139336910179156	0.0529522959803357	-1.89295785307498	-4.83739683224142	1.18119638225482	1.84094528241291	-2.43950155944305	-1.0307343424711	0.772074962943542	-4.83739683224142	0.902396079937816	-4.83739683224142	-0.467948979774397	-1.792874394518	1.36311234180127	-2.43950155944305	0.327389141682096	-4.83739683224142	-4.83739683224142	1.10540254288528	-0.304797339088162	-2.0041834881852	-2.6401722549052	-1.70190261631227	0.361100199024408	-0.283519940640877	0.166549473704041	-1.34088927077494	-0.164567997779512	-0.867104918689296	1.33011965864692	-1.17383518611177	-0.371488713586834	-4.83739683224142	-0.663009562345781	0.256353368565344	0.244007532743045	-0.519908718705107	-4.83739683224142	0.727123575081276	-1.792874394518	-0.603290327644158	-4.83739683224142	-1.61852100737322	-4.83739683224142	0.495321961023951	-2.0041834881852	-2.27244747477988	1.26962605550084
S7A1522	3.59318434018265	2.00536289920298	0.62521819873476	0.967899225188619	0.420299924070877	1.26664176144071	0.00306007941817832	1.02795479218972	2.18665582569879	1.96050604493566	-0.588795767090666	-0.420331244958138	0.998377774846034	-0.374868870881381	1.06021565440794	-0.374868870881381	3.39899830908244	2.81819519686925	1.88302874152683	0.321975171559891	3.10443201748159	-0.317299019059903	2.01626961945411	-0.570613448007476	-0.936338227466126	1.6365713710338	1.36234315204745	1.43523973701487	-0.484353103723069	1.84030072307268	1.0315911598331	1.78033271667999	1.35185812807582	-0.262863812504886	0.813426120725325	1.76476146780956	-0.126852054822031	0.641434770324006	0.466059541220343	-0.607314814857904	0.515914101445562	-0.747544156166554	-0.910695796852789	1.27521324249085	0.932462446431709	-5.28014364931981	1.24927518894242	0.25324583940771	0.657392555762616	1.47562527266445	2.12778067323979	1.23456904155272	0.170894804245891	0.212917794020738	-0.389794521098056	-1.07545102992884	-0.345669716189119	0.472428989505823	0.32932814586515	-0.936338227466126	0.237309247144897	-0.570613448007476	1.58156769116092	0.40683170702001	0.118019052197943	1.41565526773868	1.0315911598331	0.683435694298637	0.84015376963114	0.752942572478991	0.497508673902846	1.00957192158919	1.2105798851827	1.53659223127516	0.229244687308167	-1.51894353362625	0.372345530948841	-1.01746377227849	3.12567095411304	1.78887977725845	1.4181244047956	0.630652994720717	1.15118743261367	0.314567730282029	-0.198739284335347	1.761268014475	0.673099684967974	1.33592153581301	0.400028959697257	1.43037946013262	1.43523973701487	-0.68502379918522	1.18600107491781	0.162274061201983	-2.06126782445161	-1.91284781933334	0.652101538128201	0.284376758002884	-1.07545102992884	0.0131611754046821	-1.01746377227849	-3.67070573688571	-0.989684208171419	-2.14464943339066	-2.33570467015337	-1.84615644483466	3.55142222980125	1.30602800553486	1.24047747823889	1.67354056155073	-0.17419817541923	-1.66922573667559	-0.0927578434790552	1.75071382679631	-0.837492392829494	1.15440286946764	-1.10575637942417	-0.289711062541074	1.46861589817187	0.276684412379728	-1.98430678331548	-2.44693030526359	-0.517969714522054	0.630652994720717	1.09488117050829	-0.705432670816427	-1.51894353362625	-1.5665715826155	-1.98430678331548	-2.71519429185827	1.99156005756756	1.18288580760086	1.21361019053188	-1.78363608785333	-0.420331244958138	1.74894391482985	1.07074206739493	1.52336160828853	1.89381467043698	0.55758679784613	0.162274061201983	-0.331383758941642	0.237309247144897	0.179441864824349	0.108928080496691	-0.626183299162287	0.0717144841562565	-0.814235530665226	-1.78363608785333	1.69246260198194	-0.211239447099579	0.0811485163896153	-2.5720934482176	0.0811485163896153	1.14472537458558	0.662655725806891	-2.06126782445161	-1.27281046408734	-0.331383758941642	0.299586176666412	-3.3342335002645	1.8435291358848	-5.28014364931981	-1.91284781933334	0.678281043709972	-0.0706574964783888	-0.552755830607469	-0.484353103723069	-2.44693030526359	0.491297473810206	1.33859533419741	-0.68502379918522	-1.23709238148526	0.0904943788078523	-1.7247955878304	0.81793063284643	0.983254613271813	-0.420331244958138	-0.126852054822031	-3.08291907198359	-0.936338227466126	-5.28014364931981	-5.28014364931981	-5.28014364931981	-0.814235530665226	0.127028122140309	-5.28014364931981	-0.9626555357835	-1.07545102992884	-1.91284781933334	-0.360162723491685	-0.484353103723069	-2.33570467015337	-3.08291907198359	-1.01746377227849	0.54585645806064	-0.0278702212731803	0.40683170702001	-0.0597878242414849	-0.588795767090666
S7A3040	3.68947272344734	2.24221919164704	0.80576854592667	0.858575845145436	0.632022553835111	0.190822112674199	-0.0939144495478246	1.39036031993227	1.42529837129355	2.01117572773975	-0.372487805801366	0.378537161336551	1.08985564746059	-0.29284374274144	0.830966729531368	-0.372487805801366	3.25233660268257	2.95210080427667	2.07053482918818	-0.210227977224848	2.69303149704248	0.363758567240432	2.84306644657141	-0.529232520805671	-0.981217644548728	1.54945115801106	1.75067308341896	1.5924845040224	-0.0554481687200292	2.16744006873642	1.12986098207429	-0.393430979646609	1.87634665368461	-1.78503039299619	0.117394644119382	1.46896609828128	-0.18413954114055	-0.0330591738265502	1.25949204472723	-0.644745407927515	-0.0479293363060016	-0.505279279783178	-0.79099090824766	1.32990235089516	1.54336748905745	-0.83938744910951	1.44737057464905	0.802573655030151	0.53233849618209	1.3223193761707	1.67336480283294	1.89798081274931	-0.0111604885189127	-0.101788505978731	0.515424773740028	0.388269598254782	0.694542910816446	0.597270021844271	0.426278924221766	-0.672333364446344	0.0981632821914946	-0.302459201440882	1.56000932547246	-1.82851550493593	-0.0479293363060016	0.894240843555974	1.03558832613962	0.430930095397497	1.17054455871073	0.553086128376338	0.476289344796427	0.676556814446664	0.676556814446664	-0.15871444277474	-0.331873086647176	-0.686418104328083	-0.0184068970396796	-0.943830112477107	3.32580317913731	1.97814698483439	2.31108564887429	0.694542910816446	0.612864879802178	0.323246698323531	0.242557787073387	-0.90779017599391	0.830966729531368	0.821591660865912	0.154782176191002	1.07777820597082	0.925852671190322	-0.175592480562092	0.830966729531368	-0.517184182289496	0.383415219789984	-3.23728272190788	0.573412031390378	0.393100525524448	-0.117725098241544	0.502549059379983	-1.29137257285257	-5.63517799470625	-0.962349160244345	-1.87397787901269	-2.07982993321684	-1.92160592800194	3.60151215259271	0.914472747527559	1.44063086927214	1.21176514487913	-0.393430979646609	0.0312486934061811	0.879534696166279	1.35046382293296	-0.943830112477107	1.25949204472723	-0.321972015664464	-0.0479293363060016	1.5866578305822	1.09703271176095	-3.43795341737003	-2.33934112870192	-1.16926987605167	0.343707770194871	0.967409897483085	-0.331873086647176	-1.46079072481061	-1.26573014223923	-1.29137257285257	-1.9716163485766	2.71690467664639	0.343707770194871	0.44932141836892	-0.078349933006713	0.196704482577266	1.98797507377065	0.458391775338884	-0.0939144495478246	1.37603599264412	0.40745483897613	-0.79099090824766	-0.175592480562092	-0.70070406157556	-0.237015293188498	-0.481886400208472	-0.962349160244345	-1.00044900647662	-0.436680963440425	0.430930095397497	0.348758285980939	-0.925647793393917	0.870606065421978	-3.68926784565094	-0.273885828996826	-1.9716163485766	0.190822112674199	-2.4996837787771	-1.46079072481061	-1.16926987605167	-0.481886400208472	-0.943830112477107	1.68137018247672	-2.41630216983805	-1.55764055080053	0.26471935887624	0.0102689029369865	-0.943830112477107	-0.658444252285677	-2.02426008206203	1.08504216042904	0.476289344796427	-0.351974265968263	-1.06046701620287	0.722664271801849	-0.447792188865496	0.368709072400288	-1.52430413053294	-1.102578501553	-0.447792188865496	-1.87397787901269	-1.06046701620287	-3.23728272190788	-5.63517799470625	-5.63517799470625	0.830966729531368	-0.459028262132422	-1.5921267268717	-0.890245866343001	-1.06046701620287	-1.82851550493593	-1.14654162497411	-1.14654162497411	-3.43795341737003	-1.66488608115413	-0.101788505978731	1.14132899766593	-0.591752877787004	0.104614917472983	1.03558832613962	-2.33934112870192
S7A5060	3.87729169051682	2.48642902542655	0.976841972839303	1.1396371072829	0.469692823802621	0.197185549370074	2.6081386790859	1.88090353618705	1.74192428519192	2.749075019717	-0.371507456716464	0.90824365649655	0.808782862965912	-0.329834760315896	-1.08616084249737	0.172794096245915	3.65952714380058	3.07746640428428	1.72114431670018	2.13964741914647	2.60597417607633	0.220996198063793	2.56167014217744	-0.414992568656204	-1.00277923355832	1.6334168637759	1.85369097266216	2.07545426150741	1.94586143246182	2.5796279760451	1.38781673675844	-1.00277923355832	2.33654274438575	-0.0472677885308861	0.266981311305617	1.28773327820145	0.0124514461707363	-4.22165505842652	0.24425306022806	-0.0472677885308861	-0.178603790591973	-0.144117614520804	-0.251363144874401	1.65608072335312	1.40955672339484	0.0688043827218681	1.51168621847122	0.920008498076137	0.590529296945895	1.59247547339854	1.08164984963255	1.15824229511394	-0.0785203320349908	-0.0169624390355572	0.0958330551097872	1.03061836962011	1.24640508270861	0.0688043827218681	0.590529296945895	-0.610737145782299	0.310944434726732	-0.214321873194052	1.73676963460326	-4.22165505842652	-1.82375978562815	1.62766972152034	1.06154867031147	0.266981311305617	0.712818874704168	1.27140638491402	-0.0785203320349908	1.35049897375124	0.847249143793708	-1.08616084249737	-0.251363144874401	-0.178603790591973	-1.65670570096499	-0.666306996937109	3.62101641655293	2.07176422041996	3.55109765804222	0.0958330551097872	0.220996198063793	0.451173776035383	-0.666306996937109	-1.82375978562815	1.1855167130336	0.310944434726732	-0.0785203320349908	0.197185549370074	0.393465458414736	-0.460454942732961	0.557468434685006	0.505732760285817	1.7572307064746	-2.27574490937121	0.310944434726732	-0.787667853941377	-0.787667853941377	0.782291247518936	-2.61221714599242	-1.00277923355832	0.0688043827218681	-1.1771326207031	-2.61221714599242	-1.08616084249737	3.70530848643646	0.698325867401602	2.06806051248247	1.76228122226067	-1.1771326207031	1.53091758039911	1.04103513047836	0.590529296945895	0.289204448090327	0.557468434685006	-0.508082991722215	0.451173776035383	1.44477162968591	-1.1771326207031	-2.27574490937121	-2.61221714599242	-0.414992568656204	-0.110781194253212	-1.08616084249737	-1.1771326207031	-1.51360485732431	-1.00277923355832	-1.27721607926008	-1.82375978562815	2.79315929284902	0.66869406979523	-0.289829425702198	-1.82375978562815	1.67274777583833	2.40770819501093	1.05134450013722	0.0958330551097872	1.50519268916067	0.432305291731	-1.82375978562815	0.487875142885811	-2.0244304810903	-1.38844171437031	-4.22165505842652	-1.38844171437031	-4.22165505842652	-0.289829425702198	3.02613752334132	0.0958330551097872	-4.22165505842652	0.795624778388401	-4.22165505842652	-1.65670570096499	-1.65670570096499	0.469692823802621	0.896338753990232	-4.22165505842652	-0.178603790591973	-0.460454942732961	-0.460454942732961	1.1396371072829	-1.51360485732431	-1.65670570096499	-0.558093412296877	-0.666306996937109	-1.65670570096499	-0.460454942732961	-0.0785203320349908	1.80179253453451	-0.925818192422194	-2.0244304810903	-0.666306996937109	1.45851755059054	1.37305632117532	-0.558093412296877	-4.22165505842652	-1.38844171437031	-0.610737145782299	-2.61221714599242	-2.61221714599242	-1.82375978562815	0.451173776035383	-4.22165505842652	2.66078241257132	-1.00277923355832	-4.22165505842652	-1.08616084249737	-0.0472677885308861	-0.371507456716464	-0.787667853941377	-0.787667853941377	-4.22165505842652	-1.27721607926008	-0.329834760315896	1.66166733006176	-2.27574490937121	0.197185549370074	1.35049897375124	-1.82375978562815
S7B07	5.00292256409505	1.05643072606501	2.38406075205276	1.76572589303294	1.61271872390776	0.767197062921812	-4.31420730206265	2.13941769683004	0.634552588315517	1.01851149120272	2.32305072922181	0.395322899249683	0.395322899249683	2.08438763247256	2.14882215485802	1.338281878206	4.57385955269213	3.80578652566245	2.29917691631691	0.634552588315517	-1.60615710096044	-0.703289389418427	2.10088965710894	1.61271872390776	0.300913214778609	2.97403709895747	2.54540760159155	2.6933933118892	1.68472925988403	2.27471917547087	2.29379332323344	0.23966958953789	1.50587562828971	3.26291462881403	2.67328294493834	2.4227596559392	0.968996426675337	-0.817699740596171	0.358621532399255	0.779542898744111	0.754696900157581	-0.946911472076177	0.591067476375779	3.27613964353991	1.69950785398015	-0.703289389418427	0.948482886842235	1.02812694990216	1.84910750197199	-4.31420730206265	2.62987990616688	1.11951470149159	1.54657892140322	1.170589631428	1.30981020412469	0.791738171837929	-0.20333343788934	-0.650645655933005	-1.1787130861335	0.447966632735105	1.33123959558059	-0.600635235358343	2.87947851633246	-0.0515274250213356	2.98491416064815	2.57843433910944	1.33123959558059	1.37276805427717	0.767197062921812	-2.36829715300734	-2.70476938962855	1.75653042593984	2.24682336383392	0.0802418526097877	-0.30687411683018	-4.31420730206265	-0.817699740596171	0.320521686166985	1.0839553994551	3.46609578584572	0.839084292435128	2.72369866138453	1.55226075487065	1.72842553161973	-4.31420730206265	0.196652204454199	0.0295981197910331	1.42558561011658	-4.31420730206265	2.38652380748516	1.07486442775385	-4.31420730206265	-2.11698272472643	1.05643072606501	-0.600635235358343	-1.48099395800643	1.72842553161973	-0.20333343788934	-4.31420730206265	0.447966632735105	0.339753048094873	0.676225284716085	-0.553007186369089	-0.880220097577505	-0.880220097577505	0.320521686166985	4.9022145402294	2.70419449700655	-0.553007186369089	0.827456254440009	0.591067476375779	1.44469447181463	-4.31420730206265	0.23966958953789	1.25794673011511	-0.464059700352592	-4.31420730206265	-1.60615710096044	0.0295981197910331	0.00328081147365955	-0.109514682671685	1.59115454599192	0.128443954427666	-1.36976832289621	-0.139820032167014	-0.109514682671685	-0.271156034228101	-1.01837043605832	-0.758859240573237	-0.0237478609142596	-4.31420730206265	-0.236669858156931	1.43836533676298	-4.31420730206265	-4.31420730206265	1.45723382106736	1.23486878283257	1.76572589303294	-1.01837043605832	-0.382381669338325	2.11066172184274	1.18705090848208	1.02812694990216	-0.464059700352592	-2.11698272472643	1.31700447975871	-0.271156034228101	-0.507544812292331	-4.31420730206265	2.05054345478926	-2.36829715300734	0.938066125983979	-0.600635235358343	-4.31420730206265	-4.31420730206265	0.861942430511178	1.21918218666487	-4.31420730206265	-1.48099395800643	-0.343915388510529	-4.31420730206265	1.18705090848208	-1.91631202926428	-1.48099395800643	-2.70476938962855	1.97179079244621	-4.31420730206265	0.128443954427666	-4.31420730206265	-4.31420730206265	1.170589631428	0.803786510354104	-4.31420730206265	-4.31420730206265	-0.553007186369089	0.803786510354104	0.560990021138501	1.22705624309578	-2.36829715300734	0.320521686166985	-1.74925794460111	-0.946911472076177	-2.70476938962855	1.7519007880411	-4.31420730206265	0.174429067669489	0.689739003882808	0.52997978439594	-0.30687411683018	-1.91631202926428	1.01851149120272	-2.11698272472643	0.497977053309767	-4.31420730206265	-1.74925794460111	-4.31420730206265	0.00328081147365955	-4.31420730206265	-0.343915388510529	1.48791107331441
S7B1522	3.78339545043911	1.11087516644134	1.15552544017907	1.04481341576324	0.730214035698979	0.75224135801727	-0.631876723680025	1.18704667448885	1.41328838347063	0.261545817290471	1.14675345410624	-0.548495114740974	1.87666153064125	0.811455271039314	1.50357523014273	0.0392915501611446	3.63447063913465	2.87250489421736	1.48280605161093	0.247208654144063	1.90043887458821	-0.359529015228351	1.66635106394506	0.698537179045409	-0.888172482311135	1.92366396222452	1.71742599388148	1.72073999857152	-0.00617082391561308	1.76443627030722	1.24990889720575	1.07049701049794	1.14381227551542	2.25413772884718	1.36489184260878	1.69221457453498	-0.135061836983633	2.58699910118818	-0.45682792621515	-0.597685358931746	0.0122628777732254	-1.00736099957625	-0.386376265264539	1.96337798327684	0.730214035698979	-2.15793302717507	1.05129642064132	0.550117173927135	0.721265430122965	0.707690561031896	2.02013975057774	0.689299238060473	0.310166504296545	0.247208654144063	0.195345180134489	-0.270863378142695	-0.802097873539893	0.0569131515109644	-0.283058651236513	-0.442334918912584	0.684648066884741	-0.802097873539893	1.6905109966102	-0.0155166863338501	1.71410097003671	1.4764902411428	1.73551859266764	0.871234022465154	0.431333637937168	-0.270863378142695	0.0213538494744778	1.29901436959157	1.16997655871725	1.43992702855169	-0.667278650730942	-1.3694756668108	-0.722848501885752	-0.888172482311135	2.74793416834229	2.38748715440724	1.00838554695445	1.54780354400528	0.811455271039314	0.725749742570294	-2.33228641431985	0.140644044421432	-0.0537988729048671	0.867358048620461	-0.649421033330935	1.83327077612751	0.773793916403004	-1.17211623265231	0.478263070159151	0.0030885014971842	-3.17958427470706	-2.43236987287683	1.08622060487739	-0.235145295540615	0.617152575263294	-0.0155166863338501	-0.548495114740974	-0.781689001908685	-1.52666125033322	-2.24131463611413	-1.57014636227296	-1.14270234744602	3.70194109954531	1.61068139495772	0.970580357612735	1.51988547957944	0.388382250741569	-0.564624496670858	-0.189423046202521	0.756589190953373	0.210439806356974	1.02178608249193	-2.24131463611413	-1.29927140813756	0.369394338496877	0.0996546998882355	0.091251289091856	-0.320563046694967	0.0030885014971842	0.275680328225375	0.786505951991366	-0.802097873539893	-1.05932073850696	-1.40651693849115	-1.52666125033322	-1.20242158214764	1.4110361302663	-0.145700235188689	0.506513536445003	-3.76737093960918	-2.24131463611413	0.612152564846588	0.140644044421432	1.59953921840447	0.916610426803206	-0.0636028730014884	0.679975161185349	-0.189423046202521	0.769520405625622	-0.34637093065084	-1.71324720591363	0.0996546998882355	-1.52666125033322	-0.471534073604846	-1.52666125033322	1.90457681152701	-0.0835040273187833	-0.124535423996646	-1.3694756668108	0.3303014127056	-1.26593498786996	0.425309523333787	-0.581018306446534	-2.54359550798706	-1.00736099957625	-0.320563046694967	-2.66875865094107	1.31899006501522	-5.37680885204328	-2.24131463611413	-0.74207986381364	0.517593982221575	-2.33228641431985	-1.05932073850696	-2.66875865094107	-0.722848501885752	0.923976942619968	0.539393210564159	-1.71324720591363	0.336923953466093	-0.532621765584684	0.945756387884009	-0.400075109622701	0.489659204890021	-0.223517257545496	-1.20242158214764	-1.44498321931895	-1.82146079055386	-3.17958427470706	-0.516996447681604	-1.57014636227296	-0.093605123305287	-0.934157595552959	-0.178311820777449	-1.17211623265231	-5.37680885204328	-0.270863378142695	-0.781689001908685	-0.84420935889002	-5.37680885204328	-0.982359697370837	-1.3694756668108	-0.564624496670858	-0.722848501885752	-0.548495114740974	0.225309968836426
S7B3040	4.46305696720309	1.67280512708974	1.58056587139029	1.59684109500928	1.0243626678155	0.218586080448805	-0.8658916972844	1.01477792990251	1.8874337258798	2.06403809878089	0.351672534245075	0.246658099227491	2.05840110527484	0.113620899842579	1.12701682187558	0.808742414706242	3.84078949925186	3.43489633948559	2.00499317293827	0.574192838421628	2.87752578138198	-0.188659972030354	2.07410529789862	0.197002508781631	-0.199412763806616	2.37546634011723	2.44925078761408	2.24551612958641	0.144751818437753	1.68437550410259	1.96855927069217	1.64925483769332	1.91651707113636	0.559117176016181	0.909952316637756	1.43984631476926	0.603679004076092	-0.338364223900478	-0.301774776468186	0.0482915522501903	0.56416769180225	-0.402488752070017	0.412113888398576	2.15735334199174	1.12701682187558	-3.47385843982963	1.22010724494159	0.800821581214798	1.31482307108801	1.42929769374852	1.93203128017284	-0.221271557619115	0.854993432356998	1.05874105332363	0.406231518495509	-0.607584233512523	0.687254298857313	0.641688330043076	0.895589412637394	-0.167495160838311	0.593946567157861	-0.136564860146953	2.32393466928881	-0.443034846464367	1.05257770561596	1.08900054808674	1.13273929814965	1.13558830292572	0.144751818437753	-0.804648072043681	0.211443192936424	1.04326086803573	0.709281621175604	0.7477479020034	-0.514493810446512	-1.41243540365247	-2.37524615116152	-0.804648072043681	2.90213937934548	2.6626336650413	2.21601827251064	0.975493009230508	0.650969139117549	1.35445529747267	0.382349786492122	0.788821437211688	0.0312698646807599	1.23309444046841	-0.21028243604352	1.05257770561596	1.44403480256801	-1.15708871184363	1.13558830292572	0.167480069515308	-1.30889472471163	-2.4753296097185	0.423775828146419	0.382349786492122	-2.28427437295579	-0.0216058873671878	-1.48794295616062	-5.41976858888494	-1.2453813189893	-1.70619652218063	-1.48794295616062	-1.00092798108834	4.3524136628732	1.37257583858587	1.29803610613875	1.57140829823627	0.357883734337715	-0.0679104554088745	-0.0967586097465327	1.00185367892158	0.394361942940125	0.673801181160194	-1.30889472471163	-0.456923958625034	0.835981452868426	-0.887169095731685	-0.931132219152801	-0.785039600655305	-0.785039600655305	0.598824625611294	0.962047428521157	-0.0584764231755157	-0.157078399980056	-0.746939754423035	-1.15708871184363	-1.86442052739553	2.69485529753516	0.55404102298432	0.273963549917759	-1.56962098717488	-0.8658916972844	1.98329250220515	0.0482915522501903	0.579167973061742	1.59863321018426	-0.977117332394625	-0.232382783044186	-0.376343471965694	-0.456923958625034	-0.6239780432882	-2.71171838778273	-0.931132219152801	-2.05247275889847	-0.146769030321194	-0.313823114984361	1.63898956363372	0.320024323294293	-0.243618856311112	-3.81033067645084	-0.199412763806616	-1.12930914773655	0.593946567157861	-5.41976858888494	-1.18566208428768	-2.20089276401674	-1.30889472471163	-2.20089276401674	2.13665938055531	-2.28427437295579	-2.37524615116152	-1.21507596949398	0.0732928544556071	-5.41976858888494	-0.640645095773412	-5.41976858888494	0.326434601655212	1.63726839281295	-1.12930914773655	-1.98578138439979	0.313572688012805	-1.37671732105039	0.975493009230508	-2.71171838778273	-0.710238387572607	0.0566949630465698	-2.4753296097185	-1.15708871184363	-3.02187331608657	-5.41976858888494	-1.21507596949398	-0.59145485158264	-0.301774776468186	-1.70619652218063	-0.908909082368091	-0.728420706655797	-1.44947667533282	-0.8658916972844	-0.931132219152801	-2.37524615116152	-3.02187331608657	-1.70619652218063	0.0226491216368521	-1.92326102741846	0.113620899842579	0.441017634580925	-0.126463764160449
S7B5060	4.44612364531214	1.87799281405485	1.71063741112199	1.40083857647454	0.862032788052912	0.258563144888833	1.530859140449	1.27585343280901	1.65422769429631	2.58144299117324	0.224517303479115	0.331175677852542	1.51906655095918	-0.526552524813534	0.698301655564757	0.590242082937766	3.88719055421441	3.35624006481531	1.67067205252269	1.81118715710698	2.61688770034552	0.406117099144661	1.78425554736094	0.189271364417441	-0.0646088125448987	2.28483780371217	2.46042594946421	2.36024506537679	0.124433844922133	1.9121981030829	1.983270476239	0.893566932460001	2.07715600941995	0.384218413837023	1.09383440211024	0.906782983851527	0.441581808716943	-1.32608010893205	-0.751992288388094	0.315489081684842	0.215821596511562	-0.174475290123431	0.27516103629787	2.16422395869483	1.22623084965776	-1.41123791727236	0.687461441011893	0.978543720751842	1.31443388517967	1.40881734220635	1.19062838401682	0.266896526447977	0.785986660063862	0.776061020263891	0.815185814756124	-0.358088002681006	1.10106770670376	0.161996946497782	0.398870690623894	-0.283426473911986	0.602182523309684	-0.161654601694369	2.27597347974088	-0.455726472244922	-0.227467820263942	0.795814749000124	0.911149803017867	0.915497635953971	-0.00841425420125663	0.0754044176818143	-0.124150206235916	0.659835374736961	0.659835374736961	0.266896526447977	-0.472968278679428	-0.751992288388094	-1.60698249439845	-0.602779890201418	3.19415446625025	2.5301281173897	2.67005892955727	0.369348251357572	0.805547185918355	1.19391786066722	-1.07476568065115	0.670977551290203	0.10510957209573	0.559751916179978	-0.79905979924608	1.368271247812	0.760985357858444	-1.99902458217448	0.670977551290203	0.698301655564757	0.815185814756124	-2.65295104958114	-0.136496042058215	-0.508370205730344	-0.643189428539295	0.0447897818622076	-0.900412293506367	-1.8506045770562	-0.823451252370239	-1.92206354103835	-1.28607477431835	-1.55433876091303	4.35172150873719	0.291487929585299	1.54019409738505	1.32888500371785	0.207049610438725	0.852837320959812	0.354253625135087	0.795814749000124	-0.0417506744688492	0.521892505136556	-1.78391320255753	0.114818386222691	1.04930014149868	-1.14036296313696	-1.24760849349056	-2.17337796931925	-0.927440965894287	0.0343730210039519	0.354253625135087	-0.508370205730344	-0.358088002681006	-0.848452554575656	-0.729264037310538	-1.60698249439845	2.28924067268493	0.315489081684842	0.0754044176818143	-2.27346142787624	-0.241166664622104	1.9009258420194	0.547290695742166	0.376810972559161	1.14685034980923	-0.187462485650243	-0.729264037310538	-0.643189428539295	-0.874094985188994	-0.526552524813534	-1.17484913920813	-1.45670029134912	-1.45670029134912	-0.508370205730344	1.74339563886749	0.871144468404168	-0.373713320584087	-0.583171418813042	-3.02067582970646	-0.79905979924608	-1.41123791727236	-0.136496042058215	-0.312625628604248	-3.27199025798736	-2.27346142787624	-1.66255234555326	-0.955220530001363	1.33175033519113	-2.27346142787624	-1.92206354103835	-0.823451252370239	-0.422109861445937	-2.65295104958114	-0.622780556908088	-5.21790040704268	0.949616083845664	0.420454262291068	-1.99902458217448	-2.65295104958114	0.215821596511562	-1.01320778765171	0.266896526447977	-1.78391320255753	-0.874094985188994	-0.255055776782771	-2.82000513424431	-1.41123791727236	-5.21790040704268	-1.66255234555326	-1.66255234555326	0.745678936575769	-0.455726472244922	-2.50985020594047	-1.66255234555326	-0.729264037310538	-1.55433876091303	-2.17337796931925	-0.848452554575656	-2.17337796931925	-3.02067582970646	-1.92206354103835	0.866599006032494	-2.38468706298646	0.124433844922133	0.299552489422029	-1.17484913920813
zr2502_24_R1	4.13703067013157	2.57729242624975	1.59309048875938	3.81405505339867	2.18686519550612	1.11766679204431	2.7095603948275	-2.01782742388484	3.79630310794022	3.7473636789	2.90215350194328	1.53752063760457	1.91399820883948	3.37124430593166	2.21627908071242	0.380067848913527	4.49391790575988	-2.01782742388484	3.50762551524694	0.380067848913527	2.94501720637506	3.42459028663695	3.12383613261782	1.6457342222448	-2.01782742388484	3.80817268349561	-2.01782742388484	-2.01782742388484	-2.01782742388484	-2.01782742388484	3.48343078665988	2.76129606922669	3.40712259359656	2.12530730250669	-2.01782742388484	-2.01782742388484	-2.01782742388484	0.926611555281597	2.91664650924585	-2.01782742388484	-2.01782742388484	0.690222777217367	3.11207129103823	-2.01782742388484	3.06357694109962	1.34946840610163	-2.01782742388484	-2.01782742388484	3.0255976930344	0.179397153451376	-2.01782742388484	-2.01782742388484	1.20104840098336	-2.01782742388484	-2.01782742388484	1.69574464281946	3.23444600416179	1.53752063760457	0.815385920171373	-2.01782742388484	-2.01782742388484	-2.01782742388484	-2.01782742388484	2.05971002002088	3.69590538162453	2.02522384394971	1.98950576134763	2.61690156434479	-2.01782742388484	-2.01782742388484	1.27800944211949	-2.01782742388484	-2.01782742388484	-2.01782742388484	-2.01782742388484	-2.01782742388484	2.98611888206062	-2.01782742388484	-2.01782742388484	-2.01782742388484	-2.01782742388484	-2.01782742388484	2.94501720637506	-2.01782742388484	2.51477206926841	-2.01782742388484	2.97260516289389	-2.01782742388484	2.63613292627268	3.6061900823025	2.15655984601079	-2.01782742388484	-2.01782742388484	2.79435693148757	1.11766679204431	2.18686519550612	-2.01782742388484	0.179397153451376	-2.01782742388484	1.47868013758164	-2.01782742388484	1.20104840098336	-2.01782742388484	-2.01782742388484	2.09304644028847	-2.01782742388484	1.20104840098336	4.27928189604909	1.20104840098336	2.84198498047683	-2.01782742388484	1.91399820883948	2.6735204583443	-2.01782742388484	-0.408389511450743	-2.01782742388484	1.69574464281946	1.34946840610163	1.87399287422578	1.11766679204431	-2.01782742388484	-2.01782742388484	-2.01782742388484	-2.01782742388484	-2.01782742388484	-2.01782742388484	-2.01782742388484	-2.01782742388484	-2.01782742388484	0.690222777217367	-2.01782742388484	-2.01782742388484	-0.07191727482953	-2.01782742388484	3.8199030232811	-2.01782742388484	-2.01782742388484	-2.01782742388484	-2.01782742388484	-2.01782742388484	-2.01782742388484	-2.01782742388484	-2.01782742388484	1.27800944211949	-2.01782742388484	-2.01782742388484	0.179397153451376	-2.01782742388484	-2.01782742388484	-2.01782742388484	-2.01782742388484	-2.01782742388484	-2.01782742388484	1.83232017782522	1.59309048875938	1.4161597806003	-2.01782742388484	-2.01782742388484	1.69574464281946	1.20104840098336	2.65500141057706	-2.01782742388484	2.76129606922669	-2.01782742388484	-2.01782742388484	-2.01782742388484	-2.01782742388484	-2.01782742388484	-2.01782742388484	1.95246448966728	2.37662173078759	-2.01782742388484	-2.01782742388484	-2.01782742388484	-2.01782742388484	1.83232017782522	2.7095603948275	1.6457342222448	-2.01782742388484	-2.01782742388484	-2.01782742388484	2.37662173078759	-2.01782742388484	-2.01782742388484	1.27800944211949	1.87399287422578	1.02669501383858	-2.01782742388484	-2.01782742388484	-2.01782742388484	1.78883506588548	2.09304644028847	1.4161597806003	-2.01782742388484	3.49962547257986	-0.408389511450743	-2.01782742388484	-2.01782742388484	0.179397153451376	-2.01782742388484
zr2502_25_R1	5.03952168887592	2.93029927430343	1.75000895462105	3.12021717798932	2.81984227873912	2.79021048113275	2.71204570828341	3.04152490941366	2.96876555513123	-2.100138647089	1.19569821891532	1.79168165102162	1.45520941440041	0.733074696967212	2.07424862280663	3.06464732683451	2.43246084606425	2.41072085942785	1.97739879681672	1.66106146860456	3.51663245057757	2.94328646983024	-2.100138647089	1.26715718289747	1.39636891437748	-2.100138647089	4.21882946665743	3.18306508164898	4.33440787169845	2.67898484602253	3.16255154181588	3.49457273251284	2.34251260940131	2.71204570828341	1.39636891437748	2.24366677476468	3.43325084163852	2.62724917162334	0.844300332077436	1.6134334196153	2.07424862280663	-2.100138647089	1.56342299904064	-0.490700734654904	-2.100138647089	2.21734946644731	2.01073521708431	2.84862124328916	2.10455397230196	1.87015326646312	2.66203528770875	-2.100138647089	-2.100138647089	2.29431050758343	2.16254122995231	1.90719453814347	-2.100138647089	-2.100138647089	2.24366677476468	1.70652384268132	1.26715718289747	0.733074696967212	-2.100138647089	0.844300332077436	2.83433528604169	3.09835838417682	-2.100138647089	2.59120923514014	3.12021717798932	0.944383790634419	1.1187371777792	-2.100138647089	-2.100138647089	-2.100138647089	-2.100138647089	1.39636891437748	-2.100138647089	1.26715718289747	-2.100138647089	-2.100138647089	3.20316626097007	1.79168165102162	-2.100138647089	-2.100138647089	-2.100138647089	2.71204570828341	-2.100138647089	-2.100138647089	-2.100138647089	1.83168698563532	-2.100138647089	-2.100138647089	-2.100138647089	-2.100138647089	-2.100138647089	-2.100138647089	-2.100138647089	1.70652384268132	1.33384855739614	-2.100138647089	1.19569821891532	0.607911554013206	2.19032079405939	-2.100138647089	-2.100138647089	1.26715718289747	-2.100138647089	-2.100138647089	3.3508998064767	-2.100138647089	-2.100138647089	-2.100138647089	-2.100138647089	1.97739879681672	-2.100138647089	-2.100138647089	1.39636891437748	1.1187371777792	-2.100138647089	-2.100138647089	0.607911554013206	-2.100138647089	-2.100138647089	-2.100138647089	-0.154228498033691	-2.100138647089	-2.100138647089	-2.100138647089	-2.100138647089	-2.100138647089	3.35944686705515	1.83168698563532	-2.100138647089	2.81984227873912	0.844300332077436	-2.100138647089	-2.100138647089	1.33384855739614	1.45520941440041	-0.154228498033691	-2.100138647089	-2.100138647089	-2.100138647089	-2.100138647089	-2.100138647089	-2.100138647089	-2.100138647089	0.297756625709366	2.34251260940131	1.33384855739614	1.51077926555522	-2.100138647089	1.33384855739614	-2.100138647089	-2.100138647089	-0.154228498033691	1.56342299904064	-2.100138647089	1.19569821891532	-2.100138647089	2.91714118972592	2.41072085942785	2.10455397230196	1.94291262074555	-2.100138647089	-2.100138647089	-2.100138647089	-2.100138647089	2.43246084606425	-2.100138647089	-2.100138647089	2.29431050758343	-2.100138647089	-2.100138647089	-2.100138647089	-2.100138647089	-2.100138647089	-2.100138647089	-2.100138647089	-2.100138647089	-2.100138647089	-2.100138647089	1.83168698563532	-2.100138647089	-2.100138647089	-2.100138647089	-2.100138647089	-2.100138647089	1.1187371777792	-2.100138647089	-2.100138647089	-2.100138647089	-2.100138647089	-2.100138647089	-2.100138647089	1.94291262074555	-2.100138647089	-2.100138647089	-2.100138647089	-2.100138647089
zr2502_26_R1	5.164584794473	3.08623080048056	2.40747235737272	2.74394459399393	2.94312995683989	2.54599129150828	2.85945748111577	2.76813932258099	1.32022382735492	-0.56008903921458	0.187125362615641	1.47679288804646	1.44737900284017	1.70859450210378	2.92285899246627	-0.0492634154485891	-2.7573136165508	1.50536626049052	1.77528587660246	1.41707365334484	2.92966173978902	0.853604296093425	1.6615269912458	-2.7573136165508	1.00388649914276	-2.7573136165508	4.64330696082034	3.89554941280255	3.96772002561604	2.62258373698966	-2.7573136165508	2.9695341310364	-2.7573136165508	2.8448052043289	1.77528587660246	2.32409074843366	3.77210522171143	1.38582110984073	-2.7573136165508	1.89664673360672	1.63713553812164	0.798034444938615	-2.7573136165508	1.35356024762251	-2.7573136165508	2.38434993995186	-2.7573136165508	2.71074652458433	-2.7573136165508	0.676673587934347	2.83739776305104	1.38582110984073	-2.7573136165508	3.34524497806277	-2.7573136165508	1.83780623358379	-2.7573136165508	-2.7573136165508	1.41707365334484	1.79656327504974	-2.7573136165508	1.87741537167884	0.287208821172624	1.09283398515926	-2.7573136165508	-2.7573136165508	-2.7573136165508	-2.7573136165508	2.46304220852753	3.70259083782674	1.04934887321952	1.53314582459759	0.075899727505417	2.70227189759336	0.187125362615641	-0.359418343752429	-2.7573136165508	1.09283398515926	-2.7573136165508	3.21649599531846	3.94341749299701	1.04934887321952	-2.7573136165508	-2.7573136165508	-2.7573136165508	2.51568594201295	1.70859450210378	2.14796116188763	-2.7573136165508	1.09283398515926	-2.7573136165508	1.09283398515926	0.739193944915681	1.98761851181245	-2.7573136165508	1.41707365334484	1.32022382735492	1.75354588996605	0.075899727505417	-2.7573136165508	0.37818059937835	0.287208821172624	0.853604296093425	-0.359418343752429	-2.7573136165508	1.97007420216154	-2.7573136165508	-2.7573136165508	1.97007420216154	-2.7573136165508	-2.7573136165508	-2.7573136165508	0.461562208317402	1.50536626049052	0.676673587934347	-2.7573136165508	1.35356024762251	-2.7573136165508	-2.7573136165508	1.58649180530288	1.00388649914276	0.37818059937835	0.187125362615641	1.81739736195258	-0.192364259089262	0.075899727505417	1.04934887321952	-2.7573136165508	-2.7573136165508	-2.7573136165508	3.77502067567155	-2.7573136165508	-2.7573136165508	2.96299816005661	-2.7573136165508	-2.7573136165508	1.70859450210378	-2.7573136165508	0.53852324945353	-2.7573136165508	0.187125362615641	1.09283398515926	-2.7573136165508	-2.7573136165508	-2.7573136165508	1.35356024762251	-2.7573136165508	-0.0492634154485891	3.63794798156465	2.33643658425596	1.25001956868167	-2.7573136165508	2.14796116188763	-2.7573136165508	0.739193944915681	0.956258450153509	1.21297829700132	-0.192364259089262	-2.7573136165508	-2.7573136165508	1.6615269912458	2.77607587217672	0.906248029578847	-2.7573136165508	-2.7573136165508	-1.1478757041167	1.47679288804646	-2.7573136165508	2.70227189759336	-2.7573136165508	-2.7573136165508	0.906248029578847	-2.7573136165508	1.85780690029046	1.00388649914276	-2.7573136165508	-2.7573136165508	-2.7573136165508	0.609982213435675	-1.1478757041167	0.853604296093425	1.32022382735492	2.48443339850884	-2.7573136165508	-2.7573136165508	-2.7573136165508	-2.7573136165508	1.32022382735492	0.37818059937835	1.41707365334484	-2.7573136165508	-2.7573136165508	-2.7573136165508	0.676673587934347	-2.7573136165508	2.44118341471503	-2.7573136165508	1.58649180530288	-2.7573136165508	0.37818059937835
zr2502_27_R1	5.0985060553588	3.82503095518442	1.71322412900255	3.62859755419778	2.52998526552967	1.90427936576526	2.73907706338823	0.71469529889142	2.61893275154617	2.81183641767066	2.84632259374183	1.98766097470431	2.06462201584044	-1.23121485016389	-1.23121485016389	0.966009727172326	4.71682013901675	5.17070234656329	3.25742151956825	-1.23121485016389	2.13608097982258	2.97347776922707	2.73907706338823	-1.23121485016389	-1.23121485016389	6.26599237303942	-1.23121485016389	-1.23121485016389	-1.23121485016389	-1.23121485016389	3.3639049999707	3.11259057168979	2.52998526552967	2.43234679596575	-1.23121485016389	-1.23121485016389	-1.23121485016389	-1.23121485016389	2.13608097982258	-1.23121485016389	-1.23121485016389	-1.23121485016389	2.43234679596575	-1.23121485016389	-1.23121485016389	2.26529271130259	-1.23121485016389	-1.23121485016389	2.81183641767066	-1.23121485016389	-1.23121485016389	2.32413321132552	1.47683535093832	-1.23121485016389	-1.23121485016389	-1.23121485016389	3.38390566667737	-1.23121485016389	1.60199849389232	-1.23121485016389	2.13608097982258	-1.23121485016389	0.966009727172326	1.60199849389232	2.97347776922707	-1.23121485016389	-1.23121485016389	-1.23121485016389	-1.23121485016389	-1.23121485016389	-1.23121485016389	-1.23121485016389	-1.23121485016389	-1.23121485016389	-1.23121485016389	-1.23121485016389	4.25358208332676	-1.23121485016389	2.77611833506858	-1.23121485016389	-1.23121485016389	-1.23121485016389	-1.23121485016389	3.23469326849069	1.90427936576526	-1.23121485016389	3.16323430450855	-1.23121485016389	2.20277235432125	3.40351413806574	2.52998526552967	-1.23121485016389	-1.23121485016389	1.33373450729764	1.60199849389232	2.70061078256043	-1.23121485016389	-1.23121485016389	-1.23121485016389	-1.23121485016389	-1.23121485016389	-1.23121485016389	-1.23121485016389	-1.23121485016389	-1.23121485016389	-1.23121485016389	-1.23121485016389	4.17595692129623	-1.23121485016389	1.33373450729764	-1.23121485016389	-1.23121485016389	-1.23121485016389	-1.23121485016389	-1.23121485016389	-1.23121485016389	-1.23121485016389	-1.23121485016389	-1.23121485016389	-1.23121485016389	-1.23121485016389	1.47683535093832	-1.23121485016389	-1.23121485016389	-1.23121485016389	-1.23121485016389	-1.23121485016389	-1.23121485016389	2.57544763960643	-1.23121485016389	-1.23121485016389	-1.23121485016389	-1.23121485016389	-1.23121485016389	2.77611833506858	-1.23121485016389	-1.23121485016389	-1.23121485016389	-1.23121485016389	-1.23121485016389	-1.23121485016389	-1.23121485016389	2.13608097982258	-1.23121485016389	-1.23121485016389	-1.23121485016389	-1.23121485016389	-1.23121485016389	-1.23121485016389	-1.23121485016389	-1.23121485016389	-1.23121485016389	-1.23121485016389	-1.23121485016389	-1.23121485016389	-1.23121485016389	-1.23121485016389	-1.23121485016389	-1.23121485016389	-1.23121485016389	-1.23121485016389	-1.23121485016389	-1.23121485016389	-1.23121485016389	-1.23121485016389	0.966009727172326	-1.23121485016389	1.47683535093832	-1.23121485016389	2.20277235432125	1.98766097470431	-1.23121485016389	-1.23121485016389	-1.23121485016389	-1.23121485016389	-1.23121485016389	3.25742151956825	-1.23121485016389	-1.23121485016389	-1.23121485016389	-1.23121485016389	2.61893275154617	-1.23121485016389	-1.23121485016389	-1.23121485016389	0.71469529889142	-1.23121485016389	-1.23121485016389	-1.23121485016389	-1.23121485016389	1.47683535093832	1.71322412900255	-1.23121485016389	-1.23121485016389	2.77611833506858	-1.23121485016389	-1.23121485016389	-1.23121485016389	3.1876257576327	-1.23121485016389
zr2502_28_R1	5.63132478033271	2.01828934439858	2.74042406183178	3.90059424349932	3.14270951702256	2.50530431947085	3.33873713972088	3.68117509127609	2.99173849011268	2.55237183032884	-1.91353628832575	0.919677055730469	2.34914358871557	1.13098614939768	2.01828934439858	1.84766382736781	3.56292726360576	2.84863764647201	-1.91353628832575	-1.91353628832575	3.41918250493962	2.43026913352794	2.1295149795088	2.32057021627151	0.484358984472623	2.97681283989601	4.34604517573918	3.16786807665872	3.54604922581841	2.75929254613616	2.37692315282264	3.39966969071604	2.81385153038659	2.29115633106522	1.38230057767858	1.64181177316367	2.61906320482751	1.97828400978488	-1.91353628832575	1.80003577837856	1.80003577837856	1.64181177316367	1.38230057767858	-1.91353628832575	-1.91353628832575	2.7778115939034	2.79599391298659	2.66117469017764	-1.91353628832575	-1.91353628832575	2.01828934439858	-1.91353628832575	-1.91353628832575	1.30533953654245	1.97828400978488	-1.91353628832575	1.38230057767858	1.7500253578039	2.26085098156989	1.7500253578039	1.13098614939768	-0.304098375891647	0.283688289010472	-1.91353628832575	2.68158356180884	-1.91353628832575	-1.91353628832575	-1.91353628832575	2.68158356180884	1.30533953654245	-1.91353628832575	-1.91353628832575	1.03090269084069	2.70158422851551	1.03090269084069	-1.91353628832575	-1.91353628832575	2.16400115557997	-1.91353628832575	-1.91353628832575	2.99173849011268	-1.91353628832575	-1.91353628832575	2.45591156414127	-1.91353628832575	2.1295149795088	-1.91353628832575	-1.91353628832575	1.13098614939768	2.32057021627151	-1.91353628832575	-1.91353628832575	-1.91353628832575	-1.91353628832575	-1.91353628832575	-1.91353628832575	1.93661131338431	-1.91353628832575	1.80003577837856	-1.91353628832575	1.38230057767858	-1.91353628832575	2.09379689690672	-1.91353628832575	-1.91353628832575	-1.91353628832575	-1.91353628832575	-1.91353628832575	3.63553979656947	-1.91353628832575	-1.91353628832575	-1.91353628832575	-1.91353628832575	1.93661131338431	-1.91353628832575	-1.91353628832575	-1.91353628832575	-1.91353628832575	-1.91353628832575	-1.91353628832575	2.75929254613616	-1.91353628832575	-1.91353628832575	1.7500253578039	-1.91353628832575	-1.91353628832575	-1.91353628832575	-1.91353628832575	-1.91353628832575	-1.91353628832575	2.8313958400375	-1.91353628832575	-1.91353628832575	3.14270951702256	-1.91353628832575	1.03090269084069	-1.91353628832575	1.45375954166073	1.30533953654245	-1.91353628832575	1.13098614939768	-1.91353628832575	-1.91353628832575	-1.91353628832575	-1.91353628832575	-1.91353628832575	-1.91353628832575	1.03090269084069	3.26261344424808	1.38230057767858	1.80003577837856	-1.91353628832575	2.66117469017764	-1.91353628832575	-1.91353628832575	1.03090269084069	-1.91353628832575	-1.91353628832575	-1.91353628832575	-1.91353628832575	3.22812726817691	2.43026913352794	1.64181177316367	-1.91353628832575	-1.91353628832575	1.84766382736781	-1.91353628832575	-1.91353628832575	2.86558720478578	-1.91353628832575	-1.91353628832575	2.55237183032884	-1.91353628832575	1.7500253578039	-1.91353628832575	-1.91353628832575	-1.91353628832575	-1.91353628832575	1.13098614939768	-1.91353628832575	-1.91353628832575	-1.91353628832575	-1.91353628832575	-1.91353628832575	-1.91353628832575	-1.91353628832575	-1.91353628832575	-1.91353628832575	-1.91353628832575	-1.91353628832575	-1.91353628832575	-1.91353628832575	-1.91353628832575	-1.91353628832575	-1.91353628832575	1.64181177316367	-1.91353628832575	-1.91353628832575	-1.91353628832575	-1.91353628832575
zr2502_29_R1	5.90292891697183	2.70741669131643	3.16314363420548	3.27436926931571	3.50334374094071	2.21024315671877	2.6653052059663	2.47651113466673	-1.86729428718695	1.07714469197949	1.07714469197949	-1.86729428718695	2.50215356528007	2.45019382634936	2.45019382634936	0.530600985611417	1.2681999287422	2.55154632060964	2.02452601092367	2.02452601092367	2.82405359504219	-1.86729428718695	-1.86729428718695	0.0786158618683599	1.17722815053647	-1.86729428718695	4.96681445162688	3.46542450607842	3.17613082973229	2.94489006818546	-1.86729428718695	3.37445272787269	-1.86729428718695	3.46542450607842	2.14003889804552	2.68658260441359	3.23865118671363	1.35158153768125	-1.86729428718695	2.30709298270868	1.62921327427953	0.530600985611417	-1.86729428718695	1.56669291729819	0.697655070274583	3.36381432966763	-1.86729428718695	2.06453134553737	-1.86729428718695	1.42854257881738	2.82405359504219	0.965919056869263	0.329930290149266	0.965919056869263	1.62921327427953	1.84627777951735	-1.86729428718695	-1.86729428718695	-1.86729428718695	-1.86729428718695	-1.86729428718695	-1.86729428718695	-1.86729428718695	-1.86729428718695	-1.86729428718695	-1.86729428718695	1.56669291729819	-1.86729428718695	2.97689279927164	2.02452601092367	2.14003889804552	2.50215356528007	-1.86729428718695	3.0079030360142	-1.86729428718695	0.530600985611417	-1.86729428718695	1.07714469197949	2.02452601092367	3.42601053753754	3.83981597756192	2.14003889804552	-1.86729428718695	-1.86729428718695	-1.86729428718695	0.697655070274583	-1.86729428718695	2.30709298270868	-1.86729428718695	-1.86729428718695	-1.86729428718695	1.68805377430246	0.965919056869263	-1.86729428718695	-1.86729428718695	-1.86729428718695	-1.86729428718695	-1.86729428718695	-1.86729428718695	-1.86729428718695	-1.86729428718695	0.0786158618683599	-1.86729428718695	-1.86729428718695	0.329930290149266	-1.86729428718695	-1.86729428718695	-1.86729428718695	3.0230548410348	-1.86729428718695	-1.86729428718695	-1.86729428718695	-1.86729428718695	1.84627777951735	-1.86729428718695	-1.86729428718695	2.06453134553737	-1.86729428718695	-1.86729428718695	-1.86729428718695	1.50000154279952	0.530600985611417	-1.86729428718695	1.42854257881738	0.530600985611417	-1.86729428718695	-1.86729428718695	-1.86729428718695	-1.86729428718695	-1.86729428718695	4.07024191789547	-1.86729428718695	-1.86729428718695	3.40570527137679	-1.86729428718695	-1.86729428718695	-1.86729428718695	-1.86729428718695	0.697655070274583	-1.86729428718695	2.14003889804552	-1.86729428718695	-1.86729428718695	-1.86729428718695	-0.257856374752853	-1.86729428718695	-1.86729428718695	-1.86729428718695	2.6435652193299	1.50000154279952	2.24357957698636	-1.86729428718695	1.79626735894269	-1.86729428718695	0.530600985611417	-1.86729428718695	0.530600985611417	-1.86729428718695	-1.86729428718695	-1.86729428718695	-1.86729428718695	2.70741669131643	2.06453134553737	-1.86729428718695	1.35158153768125	-1.86729428718695	1.50000154279952	-1.86729428718695	2.47651113466673	-1.86729428718695	-1.86729428718695	2.39538558985436	-1.86729428718695	1.2681999287422	-1.86729428718695	0.329930290149266	-1.86729428718695	1.2681999287422	-1.86729428718695	-1.86729428718695	-1.86729428718695	-1.86729428718695	2.50215356528007	-1.86729428718695	-1.86729428718695	1.62921327427953	-1.86729428718695	0.840755913915257	-1.86729428718695	1.89390582850661	-1.86729428718695	-1.86729428718695	-1.86729428718695	-1.86729428718695	-1.86729428718695	1.79626735894269	1.79626735894269	2.06453134553737	-1.86729428718695	-1.86729428718695
zr2502_30_R1	4.27433895592381	2.91533673709193	1.7532110427015	3.8140377759391	2.17493667168144	1.53415747663881	2.40451111332594	1.7198746224339	2.38726930689144	2.50214958288986	3.23704855813002	1.25325509117241	2.03678633320062	3.13539862186873	1.81672444842382	-2.35766282147181	3.85894327961305	-2.35766282147181	3.5144549680036	1.00963300851466	3.6944263474526	2.87344579538277	2.82972298436894	0.777831394457335	1.49248478023824	3.68497001221057	-2.35766282147181	-2.35766282147181	-2.35766282147181	0.938174044532514	3.04049988004594	2.92554090726617	2.94564208658726	1.9050170555695	-2.35766282147181	-2.35766282147181	-2.35766282147181	-2.35766282147181	2.74828265242877	-2.35766282147181	-2.35766282147181	0.938174044532514	2.13097354826033	-2.35766282147181	1.4489996682985	2.01178503099521	1.25325509117241	-2.35766282147181	2.84083420979401	0.586776157694626	-2.35766282147181	1.30589882465783	1.53415747663881	-2.35766282147181	-2.35766282147181	1.7198746224339	3.13539862186873	1.13884473999467	0.686859616251608	-2.35766282147181	-2.35766282147181	-2.35766282147181	0.686859616251608	2.25745769536944	3.42616236085792	2.06117778632478	1.84702979791915	2.67277509992062	-2.35766282147181	-2.35766282147181	1.25325509117241	2.95554315756997	-2.35766282147181	-2.35766282147181	-2.35766282147181	-2.35766282147181	0.861213003396386	-2.35766282147181	-2.35766282147181	-2.35766282147181	-2.35766282147181	-2.35766282147181	1.68538844636274	2.21704815703157	2.51753450172934	-2.35766282147181	2.88408419358783	-2.35766282147181	2.67277509992062	3.28069184786193	2.64628348447364	0.475550522584401	-2.35766282147181	-2.35766282147181	1.25325509117241	-2.35766282147181	-2.35766282147181	1.4489996682985	1.53415747663881	2.27706616675782	-2.35766282147181	1.00963300851466	-2.35766282147181	0.207286535989722	2.33368506075733	-2.35766282147181	-0.160438244135595	3.84284635257087	-2.35766282147181	2.23745702866278	1.1976852400176	0.586776157694626	1.57416281125251	-2.35766282147181	-2.35766282147181	2.15319668504504	-2.35766282147181	0.861213003396386	0.777831394457335	0.777831394457335	-2.35766282147181	-2.35766282147181	-2.35766282147181	-2.35766282147181	-2.35766282147181	1.13884473999467	-2.35766282147181	1.1976852400176	2.31516601299009	1.93279661967658	-2.35766282147181	-2.35766282147181	2.0849884350185	-2.35766282147181	3.05843758073261	-2.35766282147181	1.78547190491972	-2.35766282147181	-2.35766282147181	-2.35766282147181	-2.35766282147181	0.861213003396386	-2.35766282147181	2.10824529718277	0.938174044532514	0.350387379630395	0.207286535989722	-2.35766282147181	1.49248478023824	-2.35766282147181	-2.35766282147181	1.1976852400176	-2.35766282147181	2.51753450172934	-2.35766282147181	-2.35766282147181	-2.35766282147181	0.938174044532514	-2.35766282147181	1.07632438301333	1.25325509117241	1.7198746224339	-2.35766282147181	-2.35766282147181	1.30589882465783	-2.35766282147181	-2.35766282147181	1.13884473999467	-2.35766282147181	-2.35766282147181	2.47065091583049	1.53415747663881	1.7198746224339	-2.35766282147181	-2.35766282147181	-2.35766282147181	2.60518180878809	-2.35766282147181	-2.35766282147181	-2.35766282147181	-2.35766282147181	2.54761195696661	-2.35766282147181	1.57416281125251	1.07632438301333	1.4489996682985	1.87644368312544	-2.35766282147181	-2.35766282147181	-2.35766282147181	2.10824529718277	-2.35766282147181	1.25325509117241	-2.35766282147181	2.54761195696661	0.207286535989722	-2.35766282147181	-2.35766282147181	-2.35766282147181	-2.35766282147181
zr2502_31_R1	4.91063349288841	2.63798856981135	2.97651419524441	3.44971782722081	2.60878941511909	2.04732005853434	2.93462325353525	1.74656590451521	2.89090044252141	3.24477818183909	1.51017712645098	2.33824362491029	1.46471475237422	0.839008852609808	1.96619451372197	3.02652461581907	3.21290297330864	1.96619451372197	2.35747498683818	2.02100275021697	4.67986270712841	3.07415266480832	2.80946011058124	1.07081046666713	1.71084782191313	2.29863448681525	2.04732005853434	2.69394722345939	3.66193932971044	2.1921510064128	3.66709398029911	3.05537277015673	2.41304483799299	1.07081046666713	0.839008852609808	1.59533493479129	2.78491900166512	2.60878941511909	1.8779019065763	1.51017712645098	0.536727980736875	-2.29648536331934	2.14616589317098	0.268463994142195	1.3670762828103	1.8779019065763	2.14616589317098	2.57871195988181	2.430902455393	0.999351502684988	1.20002219814714	-2.29648536331934	0.536727980736875	-2.29648536331934	1.71084782191313	-2.29648536331934	1.71084782191313	0.101409909479029	3.07415266480832	1.1375018411658	1.3670762828103	0.647953615847099	-2.29648536331934	1.1375018411658	2.98671836541865	2.04732005853434	-2.29648536331934	2.62349556250878	2.430902455393	0.536727980736875	-2.29648536331934	-2.29648536331934	0.268463994142195	-2.29648536331934	0.268463994142195	0.999351502684988	1.63534026940498	-2.29648536331934	-2.29648536331934	-2.29648536331934	2.62349556250878	-2.29648536331934	1.1375018411658	-2.29648536331934	0.839008852609808	1.84664936307219	-2.29648536331934	-2.29648536331934	2.41304483799299	2.4993051822774	2.07296248914768	-2.29648536331934	1.25886269817007	-2.29648536331934	-2.29648536331934	-2.29648536331934	-2.29648536331934	-2.29648536331934	-2.29648536331934	-2.29648536331934	1.20002219814714	0.999351502684988	1.20002219814714	-2.29648536331934	-2.29648536331934	-2.29648536331934	-2.29648536331934	-2.29648536331934	-2.29648536331934	-2.29648536331934	-2.29648536331934	0.92239046154886	1.25886269817007	0.999351502684988	-2.29648536331934	1.31443254932488	0.411564837782869	-2.29648536331934	-2.29648536331934	-2.29648536331934	-2.29648536331934	-2.29648536331934	1.78105208058638	0.748037074404082	-2.29648536331934	-2.29648536331934	-2.29648536331934	1.31443254932488	-2.29648536331934	-2.29648536331934	1.74656590451521	2.04732005853434	-2.29648536331934	2.51569899205308	2.59386376490241	0.839008852609808	-2.29648536331934	-2.29648536331934	-2.29648536331934	0.101409909479029	-2.29648536331934	1.31443254932488	-2.29648536331934	-2.29648536331934	-2.29648536331934	-2.29648536331934	-2.29648536331934	-2.29648536331934	1.51017712645098	0.536727980736875	0.92239046154886	1.67380655023278	1.51017712645098	-2.29648536331934	-2.29648536331934	0.92239046154886	-2.29648536331934	0.92239046154886	-2.29648536331934	-0.687047450885241	2.1921510064128	2.79726483748742	-2.29648536331934	-2.29648536331934	-2.29648536331934	-2.29648536331934	-2.29648536331934	-2.29648536331934	3.15455309024636	-2.29648536331934	-2.29648536331934	2.21437414319751	1.1375018411658	-2.29648536331934	-2.29648536331934	-2.29648536331934	-2.29648536331934	-2.29648536331934	-2.29648536331934	-0.350575214264028	-0.687047450885241	2.02100275021697	-2.29648536331934	1.67380655023278	-2.29648536331934	-2.29648536331934	-2.29648536331934	-2.29648536331934	-2.29648536331934	-2.29648536331934	-2.29648536331934	-2.29648536331934	-2.29648536331934	-2.29648536331934	0.999351502684988	0.748037074404082	-2.29648536331934	-2.29648536331934	-2.29648536331934	-2.29648536331934
zr2502_32_R1	4.76065226419273	2.50766411233806	1.66893161480978	2.89796099897305	2.53314319763904	2.20917112378206	3.17797180092818	1.72691887246013	1.60737372181034	-0.338536427244968	0.960746556885292	1.50729026325336	1.39606462814314	3.45820042272538	1.8080444172725	0.683114820287013	-2.53576100458119	2.26002954101555	-2.53576100458119	2.97362733204679	2.55798919622557	-2.53576100458119	2.58223280783557	-0.926323092147087	1.88307960321541	1.50729026325336	3.71228186992724	3.39648418286682	2.82553116112824	2.48151883223374	-2.53576100458119	3.05895037502065	-2.53576100458119	2.29255273272111	1.27090148518913	2.29255273272111	2.95730043875936	1.22543911111237	0.760075861423141	2.57018446931939	1.35605929352944	0.898226199903958	-2.53576100458119	1.83368684788583	1.8080444172725	1.97509850193566	1.69834550001607	2.44097273783939	-2.53576100458119	1.17781106212312	2.90665670594061	0.297452339475028	-2.53576100458119	0.408677974585253	2.44097273783939	-2.53576100458119	-2.53576100458119	1.31438659712887	2.17376919673115	2.0389499739222	0.508761433142235	1.95287536515095	-2.53576100458119	-2.53576100458119	1.99683848857207	-2.53576100458119	1.12780064154846	-2.53576100458119	3.24189131864147	1.17781106212312	1.01958705690823	1.66893161480978	0.172289196521022	1.99683848857207	2.3987129285495	0.297452339475028	0.960746556885292	-2.53576100458119	0.599733211347962	3.21044218595897	3.95192301390342	1.69834550001607	-2.53576100458119	-2.53576100458119	-2.53576100458119	2.46818530136427	-2.53576100458119	2.66273602668464	-2.53576100458119	0.683114820287013	1.39606462814314	1.8080444172725	0.508761433142235	-2.53576100458119	-2.53576100458119	-2.53576100458119	1.01958705690823	-2.53576100458119	0.599733211347962	1.78172710895512	0.0291883528803489	0.599733211347962	0.297452339475028	-0.137865731782817	-2.53576100458119	1.01958705690823	-2.53576100458119	-2.53576100458119	2.09896798364845	-2.53576100458119	1.72691887246013	-2.53576100458119	-2.53576100458119	1.85868815009125	-2.53576100458119	-2.53576100458119	0.508761433142235	0.408677974585253	-2.53576100458119	-2.53576100458119	-2.53576100458119	-0.338536427244968	-2.53576100458119	1.43453090897093	-2.53576100458119	-2.53576100458119	1.50729026325336	-2.53576100458119	-2.53576100458119	-2.53576100458119	3.63593959282973	-2.53576100458119	-2.53576100458119	2.91527744898451	2.0389499739222	-2.53576100458119	-2.53576100458119	1.17781106212312	-2.53576100458119	-2.53576100458119	1.35605929352944	1.31438659712887	0.508761433142235	-2.53576100458119	-0.926323092147087	1.12780064154846	-2.53576100458119	-2.53576100458119	2.64038872799264	1.27090148518913	0.831534825405286	-2.53576100458119	1.8080444172725	-2.53576100458119	-2.53576100458119	-2.53576100458119	0.599733211347962	0.508761433142235	-2.53576100458119	-2.53576100458119	-2.53576100458119	2.71651242346544	1.7546984365672	1.43453090897093	-2.53576100458119	-2.53576100458119	0.831534825405286	-2.53576100458119	3.3641363490013	1.60737372181034	-2.53576100458119	2.15558687764796	-2.53576100458119	-2.53576100458119	1.17781106212312	-2.53576100458119	-2.53576100458119	-2.53576100458119	-2.53576100458119	-2.53576100458119	-2.53576100458119	1.63862626531445	1.69834550001607	-2.53576100458119	-2.53576100458119	-2.53576100458119	-2.53576100458119	1.47157218065128	0.0291883528803489	-2.53576100458119	-2.53576100458119	-2.53576100458119	-2.53576100458119	1.07515690806304	-2.53576100458119	1.90689025190913	2.76754390347789	2.11819934557634	-2.53576100458119	0.831534825405286
