sample_id	ASV_1	ASV_2	ASV_3	ASV_4	ASV_6	ASV_7	ASV_8	ASV_9	ASV_10	ASV_11	ASV_12	ASV_13	ASV_14	ASV_15	ASV_16	ASV_18	ASV_19	ASV_20	ASV_21	ASV_22	ASV_24	ASV_29	ASV_33	ASV_35	ASV_40	ASV_48	ASV_51	ASV_58	ASV_59	ASV_60	ASV_62	ASV_65	ASV_71	ASV_85	ASV_97	ASV_110	ASV_125	ASV_130	ASV_141	ASV_150	ASV_155	ASV_157	ASV_163	ASV_167	ASV_198	ASV_201	ASV_204	ASV_215	ASV_222	ASV_226	ASV_227	ASV_243	ASV_249	ASV_253	ASV_275	ASV_278	ASV_280	ASV_286	ASV_300	ASV_317	ASV_329	ASV_345	ASV_362	ASV_376	ASV_383	ASV_399	ASV_415	ASV_442	ASV_450	ASV_451	ASV_453	ASV_470	ASV_473	ASV_475	ASV_480	ASV_487	ASV_493	ASV_494	ASV_501	ASV_505	ASV_506	ASV_511	ASV_516	ASV_548	ASV_551	ASV_552	ASV_584	ASV_622	ASV_653	ASV_668	ASV_689	ASV_692	ASV_743	ASV_771	ASV_774	ASV_776	ASV_784	ASV_798	ASV_802	ASV_892	ASV_913	ASV_921	ASV_935	ASV_942	ASV_944	ASV_969	ASV_1020	ASV_1041	ASV_1042	ASV_1062	ASV_1075	ASV_1081	ASV_1093	ASV_1116	ASV_1163	ASV_1189	ASV_1208	ASV_1254	ASV_1256	ASV_1264	ASV_1291	ASV_1302	ASV_1322	ASV_1344	ASV_1370	ASV_1375	ASV_1408	ASV_1443	ASV_1489	ASV_1518	ASV_1573	ASV_1595	ASV_1727	ASV_1751	ASV_1987	ASV_2082	ASV_2297	ASV_2448	ASV_2949	ASV_41	ASV_109	ASV_114	ASV_434	ASV_568	ASV_977	ASV_1089	ASV_1246	ASV_1356	ASV_1523	ASV_1552	ASV_1873	ASV_1967	ASV_2317	ASV_2603	ASV_3225	ASV_36	ASV_103	ASV_116	ASV_148	ASV_162	ASV_197	ASV_321	ASV_557	ASV_1124	ASV_1487	ASV_1839	ASV_1911	ASV_2235	ASV_2301	ASV_2449	ASV_2616	ASV_2782	ASV_2866	ASV_3218	ASV_3411	ASV_3929	ASV_39	ASV_43	ASV_92	ASV_120	ASV_147	ASV_230	ASV_246	ASV_250	ASV_256	ASV_395	ASV_412	ASV_513	ASV_1514	ASV_1646	ASV_2604	ASV_2653	ASV_2787	ASV_3087	ASV_3227	ASV_23	ASV_68	ASV_79	ASV_86	ASV_101
S1A015	4.78566267889258	4.73570512006045	4.05615826654416	4.02054619475529	3.60993190065238	2.17351031426682	3.43878364445655	3.32840555680674	3.18962904422907	3.08749954915269	2.88625976649103	3.00202309188115	3.02408686611572	2.70856119537796	2.61943975396319	2.58787567184525	2.68280219540086	2.60792646889081	2.52519196955156	2.59292618763131	2.55003796813809	2.41713239692457	2.16838866414676	2.04851744204369	2.14237939567165	1.90897255281122	1.74282563482654	1.62626974375905	1.60845190044226	1.78513963951795	1.47908517826138	1.82211242742893	1.2108211916667	1.31852010825646	1.34226009555953	1.33046054862838	1.05945370317123	1.06720567997555	0.686527350849844	0.741486235130602	0.926478020480435	1.21748788302489	0.783377176839762	0.87166978398544	0.783377176839762	0.719863771117436	0.604127819082777	0.591781983260478	0.852711870240826	0.527657455090939	0.62837143069277	0.952795328797808	0.640276333199088	0.487111360696589	0.272551553073771	0.255309746639265	0.514323924221474	0.0850885967793977	0.579281820496246	0.354564704734606	0.473222248535922	-0.446571113889435	0.125498135117275	0.219907819588349	-0.315235111828348	0.0850885967793977	0.272551553073771	0.338691355578316	0.0212371247928651	0.272551553073771	0.125498135117275	0.415652396714445	-0.0707817739273873	0.289501111387545	-0.378748517550674	-0.199162940575594	0.0642545098765557	0.183206452737921	-0.0469711252336684	0.125498135117275	-0.315235111828348	-0.557796748999659	-0.315235111828348	-0.0469711252336684	-0.000986011991845004	0.0642545098765557	-0.0237142630694014	0.272551553073771	0.164337968433538	-0.255515877126725	-0.519330468171863	-0.0951732270515464	-0.878704469079761	-0.378748517550674	-0.120174529256964	-0.519330468171863	-0.557796748999659	-0.993114820257505	-0.315235111828348	-0.519330468171863	-0.728422266030423	-0.728422266030423	-0.284929762333019	-0.557796748999659	-0.22694250468267	-0.557796748999659	-0.878704469079761	-0.519330468171863	-1.27074655685578	-0.682959891953665	-0.597802083613358	-0.639474780013926	-0.826060735594339	-0.826060735594339	-0.446571113889435	-0.934274320234571	-0.412084937818265	-1.05563517723884	-0.682959891953665	-0.728422266030423	-0.557796748999659	-1.78157218062178	-0.934274320234571	-1.27074655685578	-0.934274320234571	-0.878704469079761	-1.65640903766777	-0.597802083613358	-0.878704469079761	-0.482289196491514	-0.639474780013926	-1.78157218062178	-1.12232655173751	-0.993114820257505	-0.993114820257505	-1.19378551571966	-0.878704469079761	-1.27074655685578	-1.78157218062178	2.43891543644068	-0.284929762333019	2.03687247784681	-2.54371223266867	-0.446571113889435	-0.934274320234571	-0.557796748999659	-0.934274320234571	-1.54518340255754	-1.19378551571966	-0.934274320234571	-0.728422266030423	-1.78157218062178	-1.12232655173751	-1.12232655173751	-1.92467302426245	-1.44509994400056	0.741486235130602	-0.934274320234571	-4.48962238172398	-0.682959891953665	-1.19378551571966	-1.65640903766777	-1.05563517723884	-0.639474780013926	-0.482289196491514	-1.05563517723884	-0.826060735594339	-0.993114820257505	-1.44509994400056	-1.54518340255754	-1.05563517723884	-1.65640903766777	-1.78157218062178	-1.19378551571966	-2.88018446928988	-1.44509994400056	3.81115457912747	-1.19378551571966	-4.48962238172398	-1.35412816579484	-0.878704469079761	0.640276333199088	-0.519330468171863	-1.65640903766777	-0.993114820257505	-2.54371223266867	-4.48962238172398	-0.172134268187675	-1.78157218062178	-1.54518340255754	-4.48962238172398	-1.35412816579484	-2.54371223266867	-2.09172710892561	-1.78157218062178	-4.48962238172398	1.75454451893975	-1.54518340255754	0.62837143069277	2.57428157974808
S1A1530	4.36024263444435	4.32382049173339	3.70736041723047	3.58245816652945	3.30482642993117	3.3787717872378	3.06982422400667	2.97043333121701	2.86208992702577	2.81332507899158	2.71508663940817	2.69014472888348	2.58498463411018	2.3762656054652	2.45383612399335	2.26125649669154	2.22935885808685	2.24073338830453	1.99398640482585	2.18650907018373	2.12070938927593	2.00597695615776	1.88176687498664	1.93689894568135	1.77655629560617	1.43286163818248	1.41149330377679	1.18456289373108	1.30204476992125	1.16264420802343	1.17912809774512	1.0389573524754	1.1681690839554	1.2218012388712	0.904978031511916	0.671928951208304	0.758563183181206	0.716183960212344	0.236610879950458	0.689866651894971	0.102079986992853	0.766827693031099	0.625624383166618	0.644404277818214	0.164115377912305	-0.111113233468189	0.577071157749627	0.461152055531306	0.208240182821243	0.0528897428020807	0.379711723591131	0.44991598226438	0.085950605062969	0.117953336149142	-0.151522771806066	-0.193634257156193	-0.172356858708908	-0.193634257156193	-0.551846480413812	-0.307393142512851	-0.111113233468189	0.0528897428020807	-0.172356858708908	0.236610879950458	-0.648696306403729	0.00115406840289189	-0.356785897842427	-0.521541130918483	-0.435774309161058	-0.356785897842427	-0.193634257156193	-0.382428328455765	-0.408745636773138	-0.463553873268133	-0.307393142512851	-0.648696306403729	-0.016703548997115	-0.492127245712189	-0.0915047620798131	-1.17088568882003	-0.307393142512851	-0.131113900174859	-0.755941836757327	-0.919571260539129	-0.0915047620798131	-1.01266168360514	-0.834413452198822	-0.683182482474899	-1.11531583766522	-0.215374243792599	-0.307393142512851	-0.615359886136138	-1.17088568882003	-0.755941836757327	-0.834413452198822	-0.307393142512851	-0.834413452198822	-0.492127245712189	-0.834413452198822	-0.755941836757327	-1.68171131258603	-0.834413452198822	-1.01266168360514	-1.68171131258603	-1.0626721041798	-1.5907395343803	-1.01266168360514	-1.68171131258603	-1.35893792032297	-0.794408117585123	-0.834413452198822	-0.794408117585123	-1.01266168360514	-0.965033634615887	-1.0626721041798	-0.87608614859939	-0.718900565076978	-2.52900917297323	-1.78179477114301	-1.68171131258603	-1.11531583766522	-1.50735792544125	-2.01818354920724	-0.718900565076978	-1.22972618884297	-1.11531583766522	-1.50735792544125	-1.2922465458243	-2.52900917297323	-1.17088568882003	-0.583099023917916	-0.755941836757327	-1.01266168360514	-0.794408117585123	-1.5907395343803	-2.52900917297323	-1.89302040625323	-1.35893792032297	-2.52900917297323	2.72674857915601	2.45991055421288	2.1805210283391	0.775024460235278	-1.22972618884297	-1.0626721041798	-0.834413452198822	-1.89302040625323	-0.307393142512851	-1.78179477114301	-1.43039688430512	-1.2922465458243	-2.16128439284791	-1.5907395343803	-2.01818354920724	-1.89302040625323	0.875885070570252	1.8061005419129	0.838286657013245	0.0528897428020807	1.01355916186979	0.391760062107307	0.264198836469287	-0.260325631654865	-1.2922465458243	-1.11531583766522	-0.87608614859939	-1.89302040625323	-1.5907395343803	-1.43039688430512	-2.78032360125414	-2.32833847751108	-2.32833847751108	-1.68171131258603	-2.32833847751108	-1.78179477114301	-1.89302040625323	3.49497634361562	2.03418094077398	1.54096679823191	1.62465196640529	1.63851700654246	0.33001205503886	1.71471279032347	1.63160851619865	1.77355329034641	-0.111113233468189	0.0528897428020807	0.716183960212344	-1.22972618884297	-0.965033634615887	-1.89302040625323	-2.78032360125414	-2.32833847751108	-1.22972618884297	-2.32833847751108	2.01546694434261	1.92404529827797	0.291046086505475	2.91437007608419	2.67926191289002
S1A3050	4.36692488545125	4.3747001499268	3.70400626665569	3.68524268628235	3.27995293985811	3.7251242176605	3.06870573120856	3.08033376920368	2.88208645340222	2.88521389926641	2.60401609282297	2.73741821132153	2.608144065661	2.36181937476531	2.50175315320928	2.24748887028195	2.26795742113735	2.22659258755554	2.09800478372017	2.28517448918034	2.16114867930316	2.12507919548513	1.86321564036633	1.9424236931212	1.61313998585796	1.53796008735012	1.2310758079144	1.18085605093538	1.3095474233559	1.34658869503625	1.31706625576993	1.39624428548211	1.07215184933449	0.773242714288924	0.706551339790252	0.883109191867457	0.733763903315137	0.383777947527201	0.525608142966419	0.60501492057083	0.30452857587306	0.894603571293192	0.508941090481207	0.439347798682011	0.195725716024261	0.148658205166275	-0.12704767623879	0.124266752042116	0.589630001731349	0.262417090522933	0.30452857587306	0.218453967101818	0.0736230192233616	0.0992654498366989	-0.227131134795772	0.124266752042116	0.324937447504268	-0.0957951327346853	0.0202770385180688	0.172468853859994	0.421165479598821	-0.463519912860003	-1.05130657776212	1.69852515735504	-0.299890489078201	0.364546585599313	-0.338356769905997	-0.50898228693676	-0.299890489078201	-0.463519912860003	-0.299890489078201	0.148658205166275	-0.192644958724603	-0.299890489078201	-0.420034800920264	-0.463519912860003	-0.659264489986098	-0.227131134795772	-0.836195198145176	-0.192644958724603	-0.50898228693676	-0.227131134795772	-0.338356769905997	-0.0654897832393564	-0.12704767623879	-0.463519912860003	-0.902886572643848	-0.659264489986098	-0.378362104519696	-0.659264489986098	-1.13468818670117	-0.773674841163842	-0.50898228693676	-0.420034800920264	-0.659264489986098	-0.606620756500676	-0.902886572643848	-1.13468818670117	-0.902886572643848	-0.974345536625993	-1.43696905857411	-0.556610335926015	-1.13468818670117	-1.05130657776212	-0.836195198145176	-0.606620756500676	-0.606620756500676	-1.2256599649069	-1.32574342346388	-0.773674841163842	-1.13468818670117	-0.50898228693676	-1.13468818670117	-0.836195198145176	-0.606620756500676	-0.773674841163842	-1.2256599649069	-1.2256599649069	-1.05130657776212	-2.32427225357501	-0.836195198145176	-0.974345536625993	-1.56213220152811	-0.714834341140909	-1.87228712983195	-1.56213220152811	-1.32574342346388	-0.836195198145176	-2.32427225357501	-1.70523304516879	-1.32574342346388	-0.606620756500676	-2.66074449019622	-1.2256599649069	-1.13468818670117	-1.87228712983195	-2.66074449019622	-1.87228712983195	-2.0729578252941	2.28517448918034	2.20832723957825	2.64256041786285	0.950173422448003	-4.27018240263032	-1.32574342346388	-4.27018240263032	-0.836195198145176	-1.13468818670117	-0.659264489986098	-1.32574342346388	-1.13468818670117	-1.2256599649069	-1.70523304516879	-1.87228712983195	-2.66074449019622	2.07369803149601	2.78167322032557	1.30197162954744	0.950173422448003	1.63517944542425	1.03312250542875	0.928314628635504	0.383777947527201	-1.2256599649069	-4.27018240263032	-0.773674841163842	-2.66074449019622	-1.32574342346388	-2.32427225357501	-2.0729578252941	-2.32427225357501	-0.338356769905997	-1.56213220152811	-4.27018240263032	-2.32427225357501	-1.87228712983195	3.92928179498184	2.87422477769082	2.55527763362498	1.36817226670342	2.06664332851612	0.542001952742095	1.2710811425281	1.90151819478059	1.01302132610767	0.960926214224264	0.283694488970218	0.82356779817644	-1.70523304516879	-1.87228712983195	-4.27018240263032	-4.27018240263032	-4.27018240263032	-1.87228712983195	-4.27018240263032	2.36707562865413	3.3411653147733	0.82356779817644	2.39550131515209	2.80393441356704
S1A5075	4.39220532373038	4.33176618868742	3.65127661179588	3.64076074122962	3.22479518873843	3.92875738790778	2.93774880380408	2.92650124146757	2.97663705389192	2.71040222777104	2.47068948857936	2.7078463158365	2.54867130559373	2.320451124029	2.49155701945937	2.27809638146358	2.27809638146358	2.29564069111449	2.10458545435178	2.15920653883201	2.18111321991787	2.13907163042295	1.81338843979256	1.99335981924156	1.72850880524312	1.48688202841167	1.4288300165037	1.1123857592923	1.33236975031614	1.33742026610221	1.09968717595517	1.19121443258096	0.846545428755569	1.11867508819986	0.846545428755569	0.686202778680389	0.838280918905675	0.197671071873612	0.396909102334267	0.540869791255775	0.0984161137782706	0.495147541917681	0.518269959338535	0.243833113636774	0.551981016680847	-0.203864758094663	0.0984161137782706	0.213296389776692	0.471477797831776	0.287957918545712	0.149274531011762	0.316328615674927	0.35743029136048	0.0263128198769267	0.396909102334267	0.0448318676441644	0.483382700338094	0.0448318676441644	-0.714690381860654	-0.135656508068129	-0.0718050360815967	-0.329027901048669	-0.0117870263553437	0.422388187635252	-0.180607895930396	-0.0313954977437199	-0.302710592731295	-0.277068162117958	-0.0926391229844388	-0.356056573436588	-0.227675406788382	-0.227675406788382	0.0630141867273544	-0.639182829352508	-0.754695716474353	-0.302710592731295	-0.885315898891417	0.165668340787438	-0.302710592731295	-0.113916521431724	-0.441823395194013	-0.329027901048669	-0.41240950998772	-0.472128744689342	0.0630141867273544	-0.603464746750429	-0.982954368455333	-0.932943947880672	-0.714690381860654	-0.676224101032858	-0.796368412874921	-0.885315898891417	-0.356056573436588	-1.03559810194076	-0.56897857067926	-1.03559810194076	-0.383836137543664	-0.503381288193447	-1.03559810194076	-0.982954368455333	-0.503381288193447	-1.42764018971678	-1.21252881009983	-1.27922018459851	-1.70207703541854	-1.42764018971678	-1.81330267052876	-1.09116795309557	-0.676224101032858	-0.932943947880672	-1.51102179865583	-1.27922018459851	-0.796368412874921	-1.35067914858065	-0.676224101032858	-1.93846581348277	-1.70207703541854	-1.42764018971678	-1.51102179865583	-1.70207703541854	-0.885315898891417	-1.51102179865583	-0.714690381860654	-1.35067914858065	-0.982954368455333	-1.35067914858065	-0.503381288193447	-0.754695716474353	-1.81330267052876	-1.51102179865583	-1.35067914858065	-1.60199357686156	-0.754695716474353	-1.60199357686156	-0.83985352481466	-1.21252881009983	-3.03707810215088	-1.27922018459851	-2.24862074178661	0.584592602269607	1.93412312269997	2.64309450686619	0.724122013542683	-0.383836137543664	-0.535642150411668	-1.21252881009983	-1.03559810194076	-1.09116795309557	-1.35067914858065	-1.35067914858065	-2.44929143724876	-2.44929143724876	-3.03707810215088	-1.42764018971678	-1.42764018971678	2.11157848984275	2.49631138657664	1.28572917286303	1.20855590761745	1.03365659443209	0.854742195959748	0.60575741346165	0.149274531011762	-1.03559810194076	-1.51102179865583	-1.51102179865583	-4.64651601458498	-1.60199357686156	-1.35067914858065	-1.03559810194076	-1.21252881009983	-2.44929143724876	-0.982954368455333	-1.60199357686156	-1.51102179865583	-4.64651601458498	2.59413367967049	2.32233436375697	1.89739583097981	1.34744541272159	1.92296540582932	-0.252066859912541	1.46937611089805	1.56207401151165	1.22560177489044	0.330217727835595	0.115657920212777	0.705342118891087	-4.64651601458498	-1.51102179865583	-1.35067914858065	-3.03707810215088	-1.81330267052876	-2.44929143724876	-1.60199357686156	2.71040222777104	1.85025897560088	1.83506111469145	2.90151295535003	1.46050687315728
S1B07	4.66265210092826	4.5506037929075	4.02784131971555	3.89920721021407	3.62944911488275	1.70162968131679	3.3609540212845	3.34142036189361	3.16931001566816	3.07009325850015	2.99715081481237	2.93987727980727	2.92128506403766	2.65824029597126	2.77232069309211	2.70939626020929	2.7082358307202	2.56289959998573	2.39834475466064	2.49699503489993	2.39913589394241	2.43257602377147	2.06408613266774	2.17292318522666	1.85589382344632	1.73444512578495	1.84356490015663	1.67425277025127	1.66440855621649	1.55657177020541	1.59970514102298	1.552891913247	1.30761583358379	1.39335038478487	1.16614453946178	0.903915951000197	0.97865360644404	0.823138111337368	0.760000775066965	0.65712641731758	0.784146817372184	0.871655088781975	0.900382378418886	0.826954909864068	0.638902678361129	0.412881427219304	0.675023986775123	0.648056060347616	0.257288786075144	0.33499777040246	0.601427567194582	0.506356022399146	0.463454000854936	0.395439124555962	0.283868423879857	0.143286473258667	0.283868423879857	-0.0203429505231352	0.216045827541095	0.383639577624806	-0.103724559462187	0.322458421149725	-0.194696337667913	0.0729449839004221	-0.153239623989567	0.0890095864042291	0.158268026874284	-0.17375316382267	-0.153239623989567	-0.123237373685768	-0.0751511870181298	-0.624258997355137	0.158268026874284	-0.163443794163808	-0.283151758229776	0.104820192430871	-0.226957199886134	-0.143138528003063	-0.271657378804041	-0.40600543133512	-0.0292715812674365	-1.77288170659791	-0.432497046782096	-0.380197547379247	0.0729449839004221	-0.13313844466848	-0.194696337667913	-0.367539150507324	-0.0565459991870956	-0.473598722467648	-0.763614518265649	-0.861732374224172	-1.04199419805512	-0.355038987743092	-0.861732374224172	-0.330497878826975	-0.355038987743092	-0.745095470498411	-0.546094224505802	-1.09263793087387	-0.487683462349387	-0.446010765948819	-0.726913151415221	-0.674269417929799	-0.419163515912631	-0.608129615425254	-0.947806982995415	-0.608129615425254	-0.393018235808309	-0.459709610306981	-0.821322835886296	-0.925583846210705	-1.04199419805512	-0.841323502592965	-1.04199419805512	-0.459709610306981	-1.2023368481303	-0.763614518265649	-1.26205608283192	-0.882566461127015	-1.54462305461693	-0.657319859616026	-0.925583846210705	-0.745095470498411	-0.726913151415221	-1.26205608283192	-0.576630948365883	-0.882566461127015	-1.62978086295724	-0.861732374224172	-0.903843859574299	-1.46615143917543	-1.23175073333659	-1.54462305461693	-1.26205608283192	-2.06914752274108	-1.50461772000323	-1.42911016749508	-2.60323000867134	1.57837099854799	0.0810095437371521	0.975374914982342	-1.50461772000323	-0.038280651209802	-0.2490575468868	-0.763614518265649	-0.861732374224172	-2.14060648672323	-0.841323502592965	-0.993792096237239	-1.11895523919124	-1.09263793087387	-1.82552544008333	-2.06914752274108	-1.72287128602325	-0.608129615425254	1.52674663314268	-0.657319859616026	-0.726913151415221	0.670579535014699	-0.640652807130814	-1.2023368481303	-1.32556948855424	-1.29330862633602	-0.993792096237239	-2.49200437356111	-1.23175073333659	-1.26205608283192	-1.72287128602325	-1.72287128602325	-1.62978086295724	-2.21756752785935	-1.50461772000323	-1.62978086295724	-2.14060648672323	-2.60323000867134	0.201911316606191	-1.62978086295724	0.521981340302227	-0.726913151415221	-0.624258997355137	0.418628569474872	-0.763614518265649	-0.821322835886296	-1.67524323703399	-0.459709610306981	0.128077054595138	-1.26205608283192	-0.657319859616026	-0.801714364497919	-1.29330862633602	-1.88109529123814	-1.5862957510175	-1.42911016749508	-1.67524323703399	1.34914429228037	1.40623992951087	-0.993792096237239	0.209003544915682	1.06634669318807
S1B2230	4.40001532890441	4.37251606890164	3.8435412490852	3.73884245297698	3.36947832822222	3.66797131677822	3.27970379649294	3.15497928501578	2.98952584095046	3.09780093755479	2.91138057230428	2.73912491544504	2.80856281715004	2.80760404430575	2.58266031248739	2.43120868962929	2.54346362306956	2.32047621196958	2.31578136766537	2.27250538418355	2.34056962369707	2.06581057411802	1.91383945756452	2.0718346887214	1.79708168746847	1.52983066692476	1.70610990926275	1.40535575524361	1.55027430907057	1.58670217787936	1.34922880101033	1.35744239954772	1.40144950027655	1.09200593604325	1.09200593604325	0.767198730952544	1.08128197268028	0.824562125832465	0.752328568473093	0.598801913627083	0.729600317395537	0.70634345523127	0.294978624995917	0.607497620594637	0.598801913627083	-0.0391295443304154	0.51693804354891	0.221325715421152	0.283073722489599	0.47828588911463	0.271025383973424	0.271025383973424	0.258830110879606	0.182359746887768	0.195517831465279	0.141813652493417	0.43807946863659	-0.0899879615639065	0.258830110879606	0.055429038294597	-0.0227357345547388	-0.491114668073473	-0.0557965968156271	0.0995538432035348	-0.0557965968156271	-0.0899879615639065	-0.324060583410307	-0.517431976390846	-0.219799573085897	-0.143572207698013	-0.281043198326616	-0.691785363535624	-0.260209111423774	-0.517431976390846	-0.16209125546525	-0.324060583410307	-0.281043198326616	-1.02825760015684	0.055429038294597	-0.491114668073473	-0.324060583410307	-0.219799573085897	-0.984772488217098	-0.0391295443304154	-0.324060583410307	-0.200191101697521	-0.0727461551294004	-0.691785363535624	-0.691785363535624	-0.219799573085897	-0.39226883343684	-0.630227470536191	-0.39226883343684	-0.691785363535624	-0.984772488217098	-0.324060583410307	-0.346283720195017	-0.691785363535624	-0.600813585329897	-0.544460648778765	-1.27957202843774	-0.864628176375035	-0.16209125546525	-0.440470935254718	-0.572240212885841	-0.465472237460135	-1.40093288544201	-1.27957202843774	-0.864628176375035	-0.691785363535624	-0.691785363535624	-1.40093288544201	-1.17135844379751	-0.630227470536191	-1.22400217728293	-1.27957202843774	-0.572240212885841	-1.02825760015684	-0.94309979181653	-0.903094457202831	-0.94309979181653	-1.07371997423359	-1.79039765220373	-1.22400217728293	-0.39226883343684	-0.600813585329897	-1.33841252846068	-0.903094457202831	-0.903094457202831	-1.46762425994068	-0.827586904694686	-1.40093288544201	-1.40093288544201	-0.94309979181653	-1.46762425994068	-1.53908322392283	-1.79039765220373	-2.43702481712879	-2.00170674587094	-0.465472237460135	1.49122938322794	0.781851007739415	-0.143572207698013	-0.346283720195017	-0.465472237460135	-0.346283720195017	-0.827586904694686	-1.02825760015684	-1.33841252846068	-1.40093288544201	-1.27957202843774	-2.26997073246562	-1.17135844379751	-0.984772488217098	-2.88900994087184	2.49088741266862	1.62184956564501	0.80343457940659	1.55027430907057	-0.827586904694686	0.47828588911463	0.721907971772382	-0.302320596773901	-1.07371997423359	-0.903094457202831	-1.89048111076072	-2.63769551259094	-1.40093288544201	-2.00170674587094	-1.40093288544201	-2.12686988882495	-2.00170674587094	-1.79039765220373	-1.33841252846068	-1.89048111076072	-1.89048111076072	-0.200191101697521	1.81535895866027	0.878812715582212	1.34922880101033	-0.827586904694686	0.12792454033275	0.43807946863659	-0.660532820031519	0.51693804354891	-0.630227470536191	-0.281043198326616	-1.53908322392283	-0.827586904694686	-1.02825760015684	-2.00170674587094	-2.88900994087184	-1.17135844379751	-2.43702481712879	-2.63769551259094	1.29847795306949	-1.02825760015684	1.52292217658094	-0.180959739769633	0.055429038294597
S1B3040	4.81564489793663	4.74530015015618	4.19819109494497	4.11999962993391	3.85260417284939	3.04970612833032	3.51114376220587	3.56372664299283	3.33727054680232	3.27162540110954	3.06465269336096	3.02009556004306	3.07937914449467	2.89970369536267	2.98256028952362	2.89970369536267	2.75777976749821	2.81413270404934	2.61584154570046	2.50376117315626	2.58486561780615	2.37382086461101	2.36452711741955	2.37382086461101	2.13928051590856	1.93782978920561	1.99887509168956	1.89694818394349	1.78344064508725	1.75292980382372	1.84494870254397	1.6591674788301	1.60876921707154	1.5345083046407	1.30975746661562	1.03362594461504	1.21417915435225	0.921568535699325	1.04766126273143	1.04066822724046	1.10849082357922	1.115026794559	0.997650842156764	1.10191185248117	0.889437257516532	0.65086923587669	0.804279449176224	0.529842603474465	0.529842603474465	0.856239188106936	0.37861163375054	0.494124520872385	0.701385026013591	0.768076400512264	0.856239188106936	-0.145912834373612	0.457083249192036	0.263376370172956	0.133111175335054	0.41861696836424	0.392125352917263	0.322652980102496	0.41861696836424	0.278528175193558	0.518077761894878	0.0977092482841382	0.0610078814337105	0.167302540083334	0.293453825410234	-0.100961446511346	-0.057944061427655	0.0795269292009482	-0.294332839491885	0.0795269292009482	0.0610078814337105	0.150352981769561	0.0977092482841382	-0.0371099745248129	0.278528175193558	0.0977092482841382	0.0977092482841382	-0.321361511879804	-0.377714448430936	-0.604487767795725	-0.321361511879804	-0.217371798355757	-0.40712833363723	-0.123184583296056	-0.123184583296056	-0.40712833363723	-0.100961446511346	-0.468686226636663	-0.0792214598749399	-0.604487767795725	-0.268015531174512	-0.805158463257876	0.0229080352014401	-0.057944061427655	-0.100961446511346	-0.169169696537879	-0.100961446511346	-0.242373100561174	-0.500947088854884	-0.720000654917569	-0.145912834373612	-0.468686226636663	-0.641529039476074	-0.568769685193645	-0.0167011028936055	-0.604487767795725	-0.720000654917569	-1.24452512304172	-0.169169696537879	-0.67999532030387	-0.217371798355757	-1.24452512304172	-0.720000654917569	-0.500947088854884	-0.500947088854884	-0.500947088854884	-0.67999532030387	-0.720000654917569	-0.169169696537879	-1.11531339156172	-1.11531339156172	-0.805158463257876	-0.242373100561174	-0.641529039476074	-1.00090304038397	-1.05647289153878	-0.641529039476074	-0.898248886323888	-1.77860760897198	-1.17783374854305	-0.242373100561174	-0.850620837334633	-1.47632673709905	-2.41459637569198	-1.90377075192599	-2.41459637569198	-1.39294512815999	-2.04687159556666	-1.31598408702387	-0.0167011028936055	-0.169169696537879	-0.720000654917569	-0.720000654917569	-0.850620837334633	-0.805158463257876	-1.11531339156172	-1.47632673709905	-1.90377075192599	-1.39294512815999	-1.66738197386176	-0.898248886323888	0.777250776788305	-0.898248886323888	-1.47632673709905	1.47267846004698	-1.77860760897198	-2.04687159556666	-2.04687159556666	-1.77860760897198	-0.948259306898549	-1.17783374854305	-1.17783374854305	-0.850620837334633	-1.39294512815999	-0.641529039476074	-1.56729851530477	-0.948259306898549	-1.17783374854305	-1.77860760897198	-1.47632673709905	-1.24452512304172	-2.04687159556666	-2.04687159556666	1.14075168579744	-0.67999532030387	0.795350818431923	-2.41459637569198	0.813129064453207	-1.39294512815999	-4.6118209530282	-1.31598408702387	-4.6118209530282	0.41861696836424	-3.0023830405941	-1.11531339156172	-1.05647289153878	-1.24452512304172	-1.24452512304172	-0.805158463257876	-1.31598408702387	-1.56729851530477	-4.6118209530282	-2.21392568022983	-1.47632673709905	-4.6118209530282	-1.17783374854305
S1B6575	4.47561418090381	4.39517451505878	3.90632459211785	3.7744062968177	3.59520743136065	3.21389847876858	3.43386543791361	3.15450447857129	2.99327457603678	3.11709751987645	2.92509452143272	2.86426943051792	2.69373902476743	2.6354862846615	2.65752107447286	2.43290955602914	2.48204943169016	2.46390377252211	2.34293662922744	2.40092388687779	2.20001240162397	2.26413692979351	2.23130569824569	1.89944412553004	1.74499524978586	1.89226276612138	1.74499524978586	1.54200221236031	1.51609402750164	1.53171934540472	1.51083085745737	1.375413027752	1.30663592927269	1.15302447836116	1.06635609571549	0.962366382191443	0.603732573767377	0.906013445640311	0.876599560434018	0.667044853181704	1.01571236289674	0.448491975576094	0.563727239153678	0.493275578203067	0.478569430813371	0.577240958320401	0.536139282634849	0.188415169216201	0.463643780596696	0.478569430813371	0.264642534604086	0.616719769294189	-0.136245906476667	0.401608389677243	-0.494879714900732	0.369085197971683	0.168414502509532	0.0159459088652585	0.188415169216201	-0.136245906476667	0.084154158891792	0.264642534604086	0.208023640604578	0.0619310221070819	-0.164025470583743	0.246123486836848	-0.136245906476667	-0.315831483451747	0.282824853687276	-0.222012728234092	-0.252318077729421	0.0159459088652585	-0.349167903719338	-0.349167903719338	0.300682471087283	-0.534885049514431	-0.315831483451747	-0.665505231931496	-0.494879714900732	-0.349167903719338	-0.315831483451747	0.825568080421572	-0.283570621233526	-0.0828999257713741	-0.456413434072936	-0.871357286135644	-0.815787434980834	-0.534885049514431	-0.192598843027799	-0.763143701495412	-0.315831483451747	-0.456413434072936	-0.349167903719338	-0.00786473982846037	-0.930197786158578	-0.71313328092075	-0.456413434072936	-0.283570621233526	-0.222012728234092	-0.283570621233526	-0.815787434980834	-1.48226636845862	-0.763143701495412	-0.71313328092075	-0.992718143139912	-0.534885049514431	-1.13086848162073	-0.419372162392587	-0.763143701495412	-0.930197786158578	-0.871357286135644	-0.456413434072936	-0.665505231931496	-1.29121113169591	-1.86175599016352	-0.665505231931496	-1.20782952275686	-0.930197786158578	-1.29121113169591	-0.763143701495412	0.0392027710295255	-1.86175599016352	-0.992718143139912	-0.992718143139912	-1.20782952275686	-1.20782952275686	-1.05940951763858	-1.59349200356884	-0.71313328092075	-0.992718143139912	-0.871357286135644	-1.13086848162073	-1.20782952275686	-1.20782952275686	-1.29121113169591	-2.02881007482669	-1.05940951763858	-2.02881007482669	-2.81726743519096	-0.0572574951580367	0.38547900774736	-0.0322561929526195	0.0619310221070819	-0.283570621233526	-0.992718143139912	-0.992718143139912	-1.38218290990164	0.318226780738192	-1.38218290990164	-1.59349200356884	-0.349167903719338	-0.930197786158578	-1.48226636845862	-1.59349200356884	-2.48079519856974	1.88502946152786	0.654699017359405	-0.315831483451747	1.11455819753337	-0.871357286135644	-0.871357286135644	-0.315831483451747	-1.13086848162073	-1.48226636845862	-0.930197786158578	-0.71313328092075	-1.38218290990164	-0.992718143139912	-1.71865514652285	-1.29121113169591	-0.930197786158578	-0.71313328092075	-4.42670534762506	-2.02881007482669	-1.38218290990164	-1.48226636845862	-0.534885049514431	2.09978951194573	-0.109217234088748	1.04975820430645	-1.05940951763858	0.401608389677243	-0.383654079790508	-1.29121113169591	0.793650477453267	-0.665505231931496	0.246123486836848	-1.59349200356884	-0.71313328092075	-0.71313328092075	-1.13086848162073	-4.42670534762506	-1.29121113169591	-2.02881007482669	-1.86175599016352	0.793650477453267	-0.534885049514431	0.714958208877602	-0.283570621233526	0.148005630878325
S2A1727	4.29017540293963	4.16102028249653	3.69082982466548	3.69202492489735	3.43463483185469	4.14823575040749	3.47550317524288	2.99798155308997	2.90141535469892	3.11090455454724	3.0110458719177	2.57776380650677	2.51969506033268	2.81625754635862	2.59400965117235	2.27387590621856	2.32201998067652	2.2689315203731	2.22069882160879	2.08139191223138	2.15901707426191	1.91948828622948	2.02607827424733	1.85412927626899	1.40749032938667	1.59420106659938	1.43639407556902	1.48096970015772	1.34704897523316	1.40749032938667	1.44207590903645	1.27605142549384	1.41333829926909	0.817354867162792	0.827881280149779	0.538452482363056	0.465956980324903	0.538452482363056	0.579554158048608	0.510081785233841	0.524367742481318	0.465956980324903	0.592887688918073	0.450805175304301	0.524367742481318	-0.31351828372354	0.619032969022396	0.465956980324903	0.229568202260673	-0.0299429932244122	0.566040438881885	0.387792207475567	0.30299567081549	0.37139839769989	0.320539980466399	-0.190285643299591	-0.41705896266438	-0.710820081192543	0.0415159707577328	-0.0549442954298294	-0.190285643299591	-0.0299429932244122	-0.281257421505318	0.170727702237739	0.12948474370369	-0.574244546186792	-0.190285643299591	-0.574244546186792	-0.532571849786224	-0.41705896266438	-0.190285643299591	-0.41705896266438	-0.219699528505885	-0.190285643299591	-0.532571849786224	0.0182591085934658	-0.532571849786224	-0.454100234344729	-0.161712270855535	-0.0299429932244122	-0.219699528505885	1.09306074856786	-0.617729658126531	0.108207345256405	-0.190285643299591	-0.381340880062301	-0.133932706748459	-0.190285643299591	-0.532571849786224	-1.20551632302865	0.0864673586199993	-0.813474235252627	-0.760830501767205	-0.41705896266438	-0.869044086407437	-1.05709631791038	-0.990404943411705	-1.12855528189252	-0.381340880062301	-1.20551632302865	-0.710820081192543	-1.12855528189252	-1.59117880384063	-0.10690403436054	-0.927884586430371	-0.990404943411705	-1.20551632302865	-0.346854703991131	-1.37986971017343	-0.869044086407437	-1.05709631791038	-0.31351828372354	-1.37986971017343	-1.47995316873041	-1.05709631791038	-0.617729658126531	-0.927884586430371	-2.02649687509848	-0.663192032203288	-0.574244546186792	-0.492566515172525	-1.2888979319677	-1.20551632302865	-1.12855528189252	-1.71634194679464	-1.20551632302865	-1.20551632302865	-0.663192032203288	-1.37986971017343	-0.813474235252627	-1.2888979319677	-1.59117880384063	-0.869044086407437	-0.760830501767205	-1.2888979319677	-1.47995316873041	-2.02649687509848	-1.71634194679464	-2.22716757056063	-0.813474235252627	2.01973910880359	-0.00555154010025305	0.190728368944409	0.150318830606532	-0.574244546186792	-1.85944279043531	-0.869044086407437	0.210336840332785	-1.20551632302865	-1.20551632302865	-1.85944279043531	-1.2888979319677	-1.85944279043531	-1.47995316873041	-1.37986971017343	2.12811573913774	0.936900017812575	2.92740772116093	1.60869407390195	-1.85944279043531	0.266955734332293	0.510081785233841	0.320539980466399	-0.813474235252627	-1.20551632302865	-1.47995316873041	-2.22716757056063	-1.59117880384063	-1.71634194679464	-1.37986971017343	-2.02649687509848	-1.20551632302865	-1.59117880384063	-2.47848199884154	-2.81495423546275	-1.59117880384063	-1.37986971017343	2.71526818806807	2.16453432963667	2.21809465347041	-1.05709631791038	0.740393826026664	0.728899446600928	0.320539980466399	0.41979493856174	-0.381340880062301	-0.161712270855535	-0.00555154010025305	-0.813474235252627	-1.20551632302865	-2.02649687509848	-1.71634194679464	-1.47995316873041	-2.02649687509848	-1.05709631791038	0.495588777931274	-1.37986971017343	2.77079517228186	-0.710820081192543	-1.12855528189252
S2A3545	4.49641319247124	4.48694342473421	3.95581003256953	3.90210928770193	3.52990846008243	3.58802992358328	3.25177345221032	3.15623671767318	3.0658713676243	2.9818042040843	2.95168144462919	2.84869663007176	2.84037585589203	2.61941374424404	2.60510052278936	2.52405619240342	2.34163040922967	2.40346828879158	2.41515749260726	2.28634641018408	2.36755778748581	2.21938150647306	2.04030556037411	2.12456590399185	1.86522736044089	1.66522780594353	1.7272262033276	1.53957253699534	1.48805900254523	1.61993704676337	1.44607382567215	1.35975829451117	1.06257097856196	1.07151958413797	1.02128070962435	0.983089910891955	0.95845812370229	0.912531685576366	0.766615071772783	0.664940269786407	0.735937819525736	0.729687799180565	0.644669305412788	0.51357278129094	0.602851365729467	0.65147205273554	0.529017103718414	0.678229501905089	0.277702675437507	0.566615517275421	0.306830948360531	0.0334008986159517	0.481949592860428	0.237496254959467	0.424082210539879	0.34439404993618	0.38059709860014	0.206243711455363	0.237496254959467	0.237496254959467	0.353568426212221	-0.273329368806523	0.195605313250307	-0.175690899242608	0.184852521474046	-0.00506538221184449	-0.145154175382526	0.1177882908935	0.1177882908935	-0.115522377776155	-0.0726586733443728	-0.460792325100897	-0.273329368806523	-0.44038345346969	0.129282670319235	-0.160305980403128	-0.308115484891939	-0.52464379708743	0.277702675437507	-0.745043862455888	-0.273329368806523	-1.02817011837181	-0.115522377776155	-0.344155421375136	-1.32193123689997	-0.223318948231862	-0.223318948231862	-0.666055451137258	-0.344155421375136	-0.616662695807682	-0.52464379708743	-0.145154175382526	-0.0867434132261113	-0.924629439430968	-0.115522377776155	-0.569595184949696	-0.641054148931841	-0.502903810451024	-0.0182234667893555	-0.666055451137258	-0.481626412003739	-0.481626412003739	-0.745043862455888	-0.99245203576973	-0.745043862455888	-0.616662695807682	-0.569595184949696	-1.42458539096006	-0.54686693387214	-0.861116033708643	-1.06521139005216	-0.892368577212747	-0.830810684213314	-0.616662695807682	-0.80139679900702	-1.02817011837181	-1.22884081383396	-0.830810684213314	-0.772823426562964	-0.861116033708643	-0.745043862455888	-0.80139679900702	-1.27430318791072	-0.691697881750596	-1.37194165747463	-1.37194165747463	-1.10367767087995	-0.745043862455888	-2.20228995954806	-1.02817011837181	-1.42458539096006	-1.22884081383396	-1.99098086588086	-1.22884081383396	-1.81662747873608	-1.06521139005216	-1.37194165747463	-1.5389957421378	-1.66820747361781	-0.239712758007538	0.609943594038958	-0.115522377776155	-0.924629439430968	-0.325973102291946	-1.27430318791072	-1.27430318791072	-0.861116033708643	-1.73966643759995	-1.22884081383396	-1.27430318791072	-0.95796585969856	-0.666055451137258	-1.32193123689997	-1.27430318791072	-2.20228995954806	1.2579159752422	0.566615517275421	0.754456867292974	-0.0726586733443728	-1.22884081383396	-0.223318948231862	0.129282670319235	-1.10367767087995	-0.42038278676302	-1.48015524211487	-1.42458539096006	-1.06521139005216	-1.48015524211487	-1.48015524211487	-1.90000908767513	-1.90000908767513	-1.73966643759995	-2.32745310250207	-2.32745310250207	-1.81662747873608	-2.20228995954806	-0.861116033708643	1.89303451456039	0.0207425017440288	-0.13022852516585	-1.5389957421378	0.389446713877123	-0.0450707168255438	-0.99245203576973	-0.745043862455888	-1.06521139005216	-0.745043862455888	0.325788862105146	-0.772823426562964	-1.27430318791072	-1.14368300549365	-1.66820747361781	-1.90000908767513	-1.02817011837181	-1.5389957421378	0.007921813314967	0.664940269786407	1.51414743862953	-0.592852047113963	0.544226522381942
S2A5060	4.52772339292412	4.49465808648791	3.96474703632395	3.96590712926148	3.56754715458771	3.7114075094159	3.32350816702589	3.28394355520469	3.10130091958312	3.0305960727083	2.85680523392235	2.92474306750592	2.79444360350084	2.66863179029805	2.63585610964631	2.5295696454343	2.59560022695739	2.44091692394843	2.30288497069327	2.40401637275722	2.37028636238052	2.22268934612977	2.12532271265037	2.17519059424929	1.90199652961252	1.82020190771553	1.6845445132981	1.69807346823842	1.58182900201625	1.70031060563678	1.51687110574148	1.41523221700665	1.38199652957049	1.24031261850836	1.06680169139656	1.0540896558082	0.960270900590546	0.950859066408199	0.803384240944412	0.797889721626771	0.548933785005159	0.819688949969356	0.997056657407057	0.699544638127293	0.527504393549259	0.534698669183286	0.797889721626771	0.483216713348143	0.541841556695667	0.555976067630572	0.555976067630572	0.555976067630572	0.674928010491937	0.420939783826628	0.23620568062729	0.460314949061459	0.101983918627747	0.245821139326732	0.274124915489583	0.0214806997786763	0.379950439293432	0.23620568062729	-0.133668482378172	-0.015108747653616	0.176486445925668	-0.236700708276407	0.0333856022849943	-0.334339177840323	-0.0660751912456439	-0.481392595796819	-0.542636221037538	-0.284328757265661	0.412875223989898	-0.0276089104178476	0.00943236126250113	-0.106080525859343	-0.09256680669262	-0.147753222259911	-0.0792332758231549	-0.521802134134696	-0.147753222259911	0.0567784818597001	-0.386982911325745	-0.351580984274829	-0.206163984416325	-0.351580984274829	-0.31738961952655	-0.300722567041338	-0.284328757265661	-0.501393262503489	-0.677672504841481	-0.461784124408443	-0.442552762480556	-0.833833235596764	-1.05346184480353	-0.806053671489688	-0.862406608040819	-0.521802134134696	-0.0276089104178476	-0.542636221037538	-0.653861856147762	-0.833833235596764	-0.677672504841481	-0.481392595796819	-0.806053671489688	-0.607876742905939	-1.16468747991375	-0.607876742905939	-0.779024999101769	-0.653861856147762	-1.01897566873236	-0.585653606121229	-1.20469281452745	-0.985639248464768	-0.677672504841481	-0.442552762480556	-0.630604993983495	-1.01897566873236	-1.33531299694452	-0.779024999101769	-0.985639248464768	-0.70206395796564	-1.12622119908596	-0.985639248464768	-1.12622119908596	-1.08917992740561	-1.38294104593377	-1.01897566873236	-1.20469281452745	-0.779024999101769	-0.727065260171058	-0.862406608040819	-1.12622119908596	-0.862406608040819	-2.15207413347164	-1.16468747991375	-1.28985062286776	-1.43295146650843	-1.24636551092802	-1.08917992740561	0.835732074809932	-0.891820493247113	-0.677672504841481	-0.542636221037538	-1.28985062286776	-0.653861856147762	-0.806053671489688	-1.72921728265161	-0.953378386246547	-1.05346184480353	-1.33531299694452	-0.862406608040819	-1.66252590815293	-1.96101889670893	-2.05199067491466	1.6522464348536	-0.106080525859343	1.25087609701793	1.1969061662084	-2.26329976858186	-0.677672504841481	-0.19123833419965	-1.05346184480353	-0.70206395796564	-0.891820493247113	-1.12622119908596	-1.54116505114867	-1.43295146650843	-1.87763728776988	-1.28985062286776	-2.15207413347164	-1.80067624663375	-1.28985062286776	-2.26329976858186	-2.69861783983971	-2.53156375517654	-1.72921728265161	1.62129158238561	0.264779053071346	0.436876376089441	-1.80067624663375	0.527504393549259	-0.461784124408443	-1.12622119908596	-0.727065260171058	-1.80067624663375	0.0908726932026758	-0.521802134134696	-1.24636551092802	-0.833833235596764	-1.80067624663375	-2.05199067491466	-1.80067624663375	-1.38294104593377	-1.20469281452745	-0.334339177840323	-0.423684278176173	1.01050977510418	-1.48559519999385	-0.300722567041338
S2A515	4.29338641880625	4.27685996244885	3.7065554179927	3.75158103037744	3.34596915482203	3.74864158087705	3.15967671259858	2.9490539179351	2.9292119971361	2.97363471569072	2.79195193247326	2.57739212485045	2.61284359854954	2.56593068133144	2.52474839136502	2.14448847228726	2.11174745256816	2.33337699905115	2.20966734472513	2.26048041408373	2.10262884835172	1.88139187530809	1.92972842186939	2.00991072610907	1.528790256757	1.5555298177989	1.47877983618234	1.29816622173354	1.21270499231831	1.33172641822584	1.21270499231831	1.33830538932388	1.12738194934445	1.14344655184825	0.849102229571057	0.686897814936702	0.508342740938224	0.794143345290299	0.5232683911549	0.493190935917622	0.309341494945614	0.566753503094639	0.397117105828	0.493190935917622	0.380167547514227	0.290822447178376	0.537974538544595	0.327523814028804	0.552467545847162	0.21311346285106	0.12885311923332	0.413784158313212	0.446307350018772	0.271953962873994	0.5232683911549	0.171870504317011	0.12885311923332	0.0368342205130681	0.0606448692067869	-0.0382009654298456	-0.271132523110218	0.10662998244861	0.12885311923332	-0.207619117387893	-0.57534389751321	-0.57534389751321	0.0606448692067869	-0.238871660891997	-0.0382009654298456	-0.14789988268627	-0.620806271589967	-0.177313767892564	-0.14789988268627	0.0124427673889089	-0.271132523110218	-0.0915469461351384	-0.0382009654298456	-0.450180754559204	-0.271132523110218	-0.948019182798383	-0.14789988268627	0.0839017313710539	-0.0645182737472192	0.171870504317011	-0.177313767892564	-0.668434320579222	-0.0645182737472192	-0.668434320579222	-0.450180754559204	-0.30446894337781	-0.177313767892564	-0.338955119448979	-0.771088474639305	-0.0915469461351384	-0.771088474639305	-0.826658325794116	-0.620806271589967	-0.826658325794116	-0.718444741153883	-0.771088474639305	-0.88549882581705	-1.24651217135438	-0.668434320579222	-0.88549882581705	-0.948019182798383	-1.0861695212792	-0.826658325794116	-0.826658325794116	-1.16313056241533	-1.33748394956011	-0.826658325794116	-0.620806271589967	-1.67395618618132	-0.771088474639305	-1.24651217135438	-0.88549882581705	-1.16313056241533	-1.98411111448516	-1.16313056241533	-1.01471055729706	-1.01471055729706	-0.826658325794116	-0.57534389751321	-0.826658325794116	-1.54879304322731	-0.826658325794116	-0.826658325794116	-1.0861695212792	-0.88549882581705	-1.33748394956011	-0.948019182798383	-1.33748394956011	-1.98411111448516	-1.43756740811709	-1.43756740811709	-1.81705702982199	-1.54879304322731	-2.77256847484943	-2.43609623822822	0.782779586639985	1.68410170282022	1.29816622173354	0.345381431428811	-0.0125585348165083	-0.620806271589967	-0.57534389751321	-1.33748394956011	-0.88549882581705	-1.54879304322731	-1.24651217135438	-4.38200638728353	-1.01471055729706	-1.81705702982199	-1.98411111448516	-2.18478180994731	2.54260600876503	1.65586453263861	1.59180322458573	1.66536579176275	0.890993171280217	0.537974538544595	0.859740627776113	-0.411714473731408	-1.67395618618132	-1.24651217135438	-1.24651217135438	-1.98411111448516	-1.98411111448516	-2.18478180994731	-1.16313056241533	-1.54879304322731	-1.01471055729706	-2.18478180994731	-1.98411111448516	-2.43609623822822	-2.77256847484943	1.21270499231831	2.04932469464995	1.27048279298512	1.35133488961422	1.18251402003916	0.921298520775546	1.10279054620713	0.0124427673889089	0.10662998244861	0.0606448692067869	-0.88549882581705	-0.207619117387893	-4.38200638728353	-1.24651217135438	-1.98411111448516	-1.01471055729706	-4.38200638728353	-2.18478180994731	-2.18478180994731	1.57641830574625	0.345381431428811	2.79806348701927	0.10662998244861	1.14344655184825
S2B07	4.43307634040778	4.3844081070931	3.67317562596884	3.87306284854443	3.36988073114013	2.97616699824851	3.27460125396549	2.86761523301662	2.79065419188049	2.97525625137317	2.82194045452105	2.78184841125919	2.72615219975609	2.63696002883815	2.38710505534517	2.32273058965871	2.20789595908662	2.17801325748661	2.41461488075996	2.35712778984228	1.96217360465411	1.97464259413385	1.99912362088759	1.84517445239602	1.70618794976928	1.43192169431018	1.39278626536658	1.31918984578603	1.43192169431018	1.40161634481485	1.31918984578603	1.53706896761726	1.17572176012875	0.890790721048856	0.961491534880964	0.688490697324015	0.642611091573322	0.642611091573322	0.479815957129722	0.798771822328604	0.697419328068317	0.533592353910526	0.774380369204445	0.490805078705318	0.311756847256332	0.156516249065048	0.350223128084128	0.271751512642632	0.298598762678821	0.311756847256332	0.201299851692021	-0.0091508728237697	0.215792858994588	0.422982482366557	0.141131330225568	0.311756847256332	0.285265231809356	0.156516249065048	-0.186081580982848	-0.0458522396741974	0.060442418975426	-0.0091508728237697	-0.143970095632721	-0.230044704403964	-0.164804182535563	-0.484574569538844	-0.575546347744571	-0.544293804240466	0.125506012322488	-0.230044704403964	-0.230044704403964	0.156516249065048	-0.484574569538844	-0.324231919463665	-0.401192960599793	-0.544293804240466	-0.0273331919069597	-0.456001197094788	-0.607807209962792	-0.374875652282419	-0.164804182535563	-0.786855441411778	-0.544293804240466	-0.513988454745137	-0.513988454745137	-0.428221632987712	-0.868533472426045	-0.299840466339506	-0.484574569538844	-0.912018584365784	-0.786855441411778	-0.675629806301553	-1.22217351266962	-0.207821567619253	-0.868533472426045	-1.05511942800646	-1.05511942800646	-0.349233221669082	-1.10776316149188	-0.401192960599793	-0.575546347744571	-0.711347888903632	-1.4998052492679	-0.607807209962792	-1.10776316149188	-0.641143630230384	-0.711347888903632	-0.786855441411778	-0.786855441411778	-1.10776316149188	-1.05511942800646	-0.912018584365784	-0.912018584365784	-1.58318685820695	-1.35138524414963	-1.16333301264669	-0.299840466339506	-1.88546773007989	-1.0051090074318	-0.513988454745137	-0.826860776025477	-1.88546773007989	-0.912018584365784	-1.67415863641268	-1.16333301264669	-1.35138524414963	-0.456001197094788	-1.28469386965096	-0.25277295548152	-1.58318685820695	-1.67415863641268	-1.42284420813177	-2.52145649679988	-1.77424209496966	-1.58318685820695	-1.28469386965096	-1.42284420813177	-1.88546773007989	-1.77424209496966	2.08704147928088	1.86749058071857	1.69641588503549	0.0935032812363144	-0.428221632987712	-0.957480958442541	-1.10776316149188	-0.748389160583982	-1.77424209496966	-2.32078580133773	-1.4998052492679	-1.10776316149188	-0.748389160583982	-0.868533472426045	-2.77277092508079	-2.01063087303389	-0.675629806301553	1.81365321808625	1.04022069974118	-0.0458522396741974	2.11542766467773	0.324744042783143	-1.35138524414963	-0.374875652282419	-1.0051090074318	-0.641143630230384	-1.4998052492679	-0.711347888903632	-1.05511942800646	-1.67415863641268	-1.77424209496966	-1.35138524414963	-1.35138524414963	-1.58318685820695	-2.01063087303389	-2.01063087303389	-2.01063087303389	2.92192275225753	2.03242039480066	0.060442418975426	0.490805078705318	3.30912177423421	-4.7186810741361	1.80488123201341	-0.957480958442541	2.08482418347223	1.01466020276164	-1.05511942800646	0.479815957129722	-0.912018584365784	-4.7186810741361	-1.77424209496966	-1.05511942800646	-1.22217351266962	-2.01063087303389	-2.52145649679988	2.57908720839528	0.790707262491874	-0.513988454745137	1.96217360465411	2.30507788060234
S2B1522	4.51134437622932	4.3267110245283	3.68265971309223	3.79445385305006	3.37786686615691	4.27868956587431	3.37012389289999	2.94918799742605	2.76651113773264	3.04509006833969	2.81235249708088	2.76080905528373	2.71098189901336	2.65695641658317	2.34058220297393	2.12259400156645	2.32080133822659	2.12529670591433	2.15192943847993	2.21556413473366	2.11988397280758	1.91921327734543	2.18552432903565	1.857655384346	1.61537036278449	1.55516700054039	1.86468529027426	1.40061846910653	1.36662086056511	1.37236800282068	1.14850786243961	1.12676787580321	1.33142661244331	0.98535622175338	0.704681886459003	1.05855962577667	1.1045447390185	0.658959637120908	0.658959637120908	0.769569508664878	0.34560981792055	0.693445813192077	0.682082054541763	0.494029823038822	0.521242386563707	0.658959637120908	0.329480435990666	0.171256430775772	0.534575917433172	0.635289893035003	0.244683899330589	-0.11325606691473	0.507728667396984	0.296419573729778	-0.339569192990219	0.329480435990666	-0.308316649486115	-0.11325606691473	0.262228208981498	0.466055970996416	-0.138898497528068	0.152025068847884	0.152025068847884	0.968334534183949	0.0711729722187888	-0.248597414784492	-0.220024042340436	0.00593245035038814	-0.405166475476032	-0.278011299990786	-0.676041429611432	-0.371830055208441	-0.550878286657426	-0.220024042340436	-0.590883621271125	-0.192244478233361	-0.192244478233361	-0.439652651547202	-0.51241200582963	-0.138898497528068	-0.308316649486115	0.37710848497992	-0.138898497528068	-0.0167958007271682	-1.26382809451355	-0.220024042340436	-0.819142273252106	-1.11540808939528	-0.550878286657426	-0.278011299990786	-0.632556317671693	-0.165215805845441	-0.371830055208441	-1.04871671489661	-0.550878286657426	-0.927355857892338	-0.769131852677444	-0.871786006737528	-1.11540808939528	-0.550878286657426	-1.04871671489661	-0.475370734149281	-0.475370734149281	-0.676041429611432	-1.3472097034526	-0.72150380368819	-0.986196357915272	-0.632556317671693	-0.550878286657426	-0.871786006737528	-1.11540808939528	-0.819142273252106	-0.339569192990219	-0.51241200582963	-1.04871671489661	-0.986196357915272	-1.18686705337742	-2.53679377032644	-0.769131852677444	-1.26382809451355	-0.769131852677444	-0.871786006737528	-1.77465371827954	-0.871786006737528	-1.64949057532554	-1.3472097034526	-1.11540808939528	-1.26382809451355	-1.3472097034526	-1.53826494021531	-0.590883621271125	-1.64949057532554	-0.676041429611432	-1.77465371827954	-0.871786006737528	-2.28547934204553	-1.04871671489661	-1.3472097034526	-2.28547934204553	-0.769131852677444	0.534575917433172	1.18372276873068	0.81060090534274	-0.475370734149281	-0.72150380368819	-0.51241200582963	-1.77465371827954	-0.676041429611432	-1.53826494021531	-1.26382809451355	-2.08480864658338	-4.48270391938175	-0.986196357915272	-1.43818148165833	-1.18686705337742	2.52308509987175	1.93891834842477	1.4116989148831	1.0103575239588	-0.632556317671693	-0.0167958007271682	0.715793111884074	-0.769131852677444	-0.819142273252106	-1.64949057532554	-1.04871671489661	-0.986196357915272	-4.48270391938175	-4.48270391938175	-1.18686705337742	-1.77465371827954	-1.43818148165833	-1.64949057532554	-2.87326600694765	-1.53826494021531	-1.77465371827954	-0.278011299990786	3.08515868608213	1.33737901097061	2.46715253561902	2.48990233192	-4.48270391938175	0.58620028283848	0.933396482822668	0.58620028283848	0.878588246327674	-0.220024042340436	-0.248597414784492	-0.769131852677444	-0.986196357915272	-0.819142273252106	-1.53826494021531	-2.08480864658338	-1.91775456192022	-1.3472097034526	2.25663270797542	-0.819142273252106	-0.405166475476032	1.49618184551937	-0.11325606691473
S2B3040	4.36509644219821	4.34392399246694	4.01996883402127	3.94711432682804	3.58247844517927	3.27312790794748	3.40643756616456	3.20562887780883	3.30455507532857	3.10005750289877	2.98580050831374	2.66397229570518	2.63350636329352	2.79235346235338	2.57250339149885	2.49834043350396	2.53610927304112	2.50906029113616	2.37563769468212	1.95305564463326	2.31092509398975	2.15227653918905	2.13692536053329	2.10092597267297	1.94772940035058	1.79201987375403	1.67287085095969	1.59619096537473	1.69029289440636	1.53354817940205	1.47959318527964	1.67637962648937	1.43601330457562	1.30787618173449	1.13713290681381	0.916239075233614	0.470653973336024	0.805453968764875	0.690282582542789	0.708887770373824	0.346270253648288	0.59168060573825	0.516376222674119	0.916239075233614	0.570737431893007	0.59168060573825	0.234265195271794	0.305724159253938	-0.160150076649786	0.661709210098733	0.204187740034516	0.0563782355457048	-0.0558890663253764	0.470653973336024	0.410394781817827	0.422740617640126	0.248971342661489	0.622295241557856	0.410394781817827	0.3194230036121	0.332936722778823	-0.13841009001338	-0.0962986046632532	1.22339325109821	-0.117132691566095	0.0385206181456978	-0.0362805949370002	-0.182373213434496	-0.228358326676319	0.305724159253938	-0.252168975370038	-0.0170492330091125	-0.117132691566095	-0.13841009001338	0.0739225451966141	-0.276560428494197	0.108113909944894	-0.301561730699615	-0.0558890663253764	-0.182373213434496	0.0563782355457048	-0.205101464512052	-0.182373213434496	-0.627958315332086	-0.0362805949370002	-0.205101464512052	-0.0962986046632532	-0.252168975370038	-0.228358326676319	-0.353521469630325	-0.700717669614514	-0.779189285056009	-1.00744793703699	-0.436903078569376	-0.864347093396316	-1.00744793703699	-0.627958315332086	-0.700717669614514	-0.496622313270999	-0.408329706125321	-0.408329706125321	-0.627958315332086	-0.380550142018245	-0.73918395044231	-0.627958315332086	-0.864347093396316	-0.909809467473074	-1.00744793703699	-0.663676397934165	-0.957437516462328	-0.864347093396316	-0.820861981456577	-0.957437516462328	-1.06009167052241	-1.62648714544321	-0.779189285056009	-1.06009167052241	-0.593472139260916	-1.23702237868149	-1.11566152167722	-0.864347093396316	-0.820861981456577	-1.17450202170016	-0.909809467473074	-0.408329706125321	-1.17450202170016	-0.864347093396316	-0.820861981456577	-1.00744793703699	-1.7265706040002	-1.00744793703699	-0.779189285056009	-0.909809467473074	-0.957437516462328	-0.663676397934165	-1.96295938206443	-0.700717669614514	-2.72509943411132	-2.1060602257051	-0.663676397934165	-0.0758897330320458	-0.73918395044231	-0.0558890663253764	-0.820861981456577	-0.779189285056009	-1.06009167052241	-0.496622313270999	-0.779189285056009	-0.820861981456577	-0.957437516462328	-1.83779623911042	-1.83779623911042	-0.527874856775103	-1.83779623911042	-1.11566152167722	1.65513988998846	1.02943399022405	0.642196395875151	0.923701796435203	-1.06009167052241	-0.527874856775103	0.0385206181456978	-0.820861981456577	-0.779189285056009	-1.00744793703699	-1.96295938206443	-1.30371375318016	-1.37517271716231	-1.96295938206443	-2.1060602257051	-1.23702237868149	-1.37517271716231	-1.83779623911042	-1.53551536723749	-2.47378500583042	-1.7265706040002	-1.37517271716231	2.50448013045759	0.434935890733944	0.671324668798175	0.671324668798175	0.434935890733944	-0.627958315332086	0.0563782355457048	-0.864347093396316	-0.436903078569376	-0.0758897330320458	-0.909809467473074	-1.45213375829844	-0.909809467473074	-4.67100958316664	-2.47378500583042	-0.957437516462328	-1.06009167052241	-3.06157167073254	0.124780962430105	-0.957437516462328	-2.1060602257051	-0.779189285056009	-0.182373213434496
S2B5565	4.56335284079917	4.494680426003	3.97125762744321	3.95067371029973	3.57676772447882	3.65273315245284	3.28131225769843	3.19495026467133	3.05901453134889	2.95828811317729	2.76394655276679	2.96346947191929	2.71480932522326	2.70548835228019	2.75380061918844	2.50139299593668	2.46463029303367	2.43701853025022	2.40682085380578	2.34929107732594	2.30834968694858	2.22540060396783	2.12543093694488	2.0914057835139	1.87411650866398	1.62805488300593	1.65518833052033	1.57147413656117	1.48010627953058	1.46171495655916	1.54620963490169	1.42869308825421	1.39454342840209	1.20374935643585	1.03396153578915	1.05508908221503	1.06203355456784	0.784678596271909	0.678810595193396	0.880403799946063	0.582992672296163	0.838024576977201	0.678810595193396	0.582992672296163	0.451852671803716	0.27080418965656	0.63735388151505	0.386039453234144	0.571756599029237	0.48935706726217	0.582992672296163	0.285955994677161	0.344366756833576	0.27080418965656	0.223920603757709	0.223920603757709	-0.209943978872154	0.27080418965656	-0.0717936403913364	0.464511068675639	0.451852671803716	0.207791221827826	-0.185552525747994	-0.399700514153626	0.300881644893837	-0.430005863648955	0.0107273832966674	-0.46125840715306	-0.234945281077571	0.157780801253164	0.105137067767742	-0.093533627027742	-0.209943978872154	-0.260587711690908	0.0107273832966674	0.157780801253164	-0.493519269371281	-0.093533627027742	-0.185552525747994	-0.209943978872154	-0.161741877054276	0.605093019296829	-0.009273283410002	-0.430005863648955	-0.712572835433965	-0.597059948312121	-0.370286628947333	-0.430005863648955	-0.260587711690908	-0.84319301785103	0.0303358546850436	-0.46125840715306	-0.399700514153626	-0.526855689638873	-0.493519269371281	-0.341713256503277	-0.341713256503277	-0.84319301785103	-0.597059948312121	-0.797730643774273	-0.493519269371281	-0.209943978872154	-0.430005863648955	-0.313933692396201	-0.940831487414946	-0.797730643774273	-0.46125840715306	-0.597059948312121	-0.890821066840284	-1.17040592905945	-0.370286628947333	-0.712572835433965	-1.23709730355812	-0.797730643774273	-0.754245531834533	-1.38551730867639	-1.17040592905945	-0.430005863648955	-0.754245531834533	-0.993475220900368	-0.313933692396201	-1.10788557207811	-1.23709730355812	-0.890821066840284	-1.65995415437815	-0.493519269371281	-0.46125840715306	-0.993475220900368	-1.17040592905945	-1.46889891761544	-0.890821066840284	-1.04904507205518	-0.940831487414946	-0.712572835433965	-1.55987069582117	-1.46889891761544	-2.20649786074622	-1.46889891761544	-1.89634293244238	-1.23709730355812	1.00507866164037	-0.161741877054276	0.191397412052149	-0.161741877054276	-0.430005863648955	-0.597059948312121	-0.63410121999247	-0.115756763812452	-1.04904507205518	-0.797730643774273	-1.30855626754026	-2.03944377608306	-1.30855626754026	-1.17040592905945	-1.55987069582117	1.67787361335141	0.344366756833576	1.30096871450998	1.30640351049593	-2.20649786074622	-0.313933692396201	0.344366756833576	-1.30855626754026	-0.526855689638873	-1.46889891761544	-1.65995415437815	-1.46889891761544	-1.23709730355812	-1.77117978948838	-1.77117978948838	-1.89634293244238	-2.40716855620837	-1.55987069582117	-1.23709730355812	-2.03944377608306	-2.03944377608306	-1.77117978948838	2.45779849874196	0.678810595193396	0.451852671803716	-1.23709730355812	0.48935706726217	-0.46125840715306	0.426044787847843	-0.754245531834533	-0.797730643774273	-0.46125840715306	-0.940831487414946	-1.89634293244238	-1.55987069582117	-1.89634293244238	-0.597059948312121	-1.46889891761544	-1.38551730867639	-1.65995415437815	-0.0717936403913364	-4.60439313354459	-1.55987069582117	-1.89634293244238	-1.55987069582117
S3A07	4.72626106047136	4.63718332095588	4.14403509174917	3.97360721820062	3.64741917043346	2.67922241349484	3.37683861243007	3.38385454392168	3.21463714982523	3.05647623161523	2.89924937353445	3.0609923683232	2.98962876390629	2.71896886518689	2.6319162960979	2.69697988944496	2.77791292642107	2.61697577914295	2.35846759276904	2.37394178935163	2.57181674649096	2.33745565755665	2.30234063853575	2.22224065545339	2.06448457605953	1.85153302449601	1.70294040469643	1.62216735111949	1.55191375115251	1.56060945812006	1.52236950484578	1.56060945812006	1.42149665565734	1.298100883096	1.22008863297285	1.17018222737644	1.13987687788111	0.978004151959938	0.765782649470309	0.8277219489106	0.772152097755789	0.851461936213673	0.778481232807437	0.444529476411559	0.706554815269977	0.752920735827902	0.599309284916378	0.487639600065288	0.161243015432817	0.746427206517353	0.778481232807437	0.14947817385323	0.576407520629695	0.261326473989799	0.292579017493903	0.576407520629695	0.239935284008482	0.292579017493903	0.426751230390275	0.229065611771578	0.14947817385323	-0.0604396152417186	0.390217487057819	-0.184629995473102	-0.365300024228584	0.0235257648756155	0.184365432853671	0.0758252642784649	-0.136233454611252	0.229065611771578	-0.235488412706593	-0.537769284579527	-0.0175759108099367	0.100983823914619	-0.105223217868692	-0.307591706607937	-0.32646019091232	-0.00368679864926946	0.0235257648756155	0.0235257648756155	0.229065611771578	-1.61312471108337	0.195729191503985	-0.168236185697426	0.172871053427936	0.137573271346912	0.206965264770911	-0.27089033975751	-0.662932427533533	-0.51451242241526	-1.13027293935978	-0.345691552840208	-0.447821047916588	-0.537769284579527	-0.0900714128480899	-0.105223217868692	-0.561579933273246	-0.63661511921616	-0.537769284579527	-0.365300024228584	-0.537769284579527	-0.537769284579527	-0.746314036472584	-1.01012862751772	-0.585971386397405	-0.184629995473102	-0.775727921678877	-0.610972688602822	-0.869546676896532	-0.2890726588407	-0.869546676896532	-0.717740664028528	-0.662932427533533	-0.561579933273246	-0.63661511921616	-0.902883097164124	-1.68458367506551	-0.689961099921452	-0.937369273235293	-0.610972688602822	-1.61312471108337	-0.63661511921616	-0.775727921678877	-1.01012862751772	-0.937369273235293	-1.3168588949402	-0.63661511921616	-0.806033271174206	-1.21922042537628	-1.17375805129952	-1.61312471108337	-0.902883097164124	-1.17375805129952	-1.17375805129952	-1.21922042537628	-1.93589810334642	-1.26684847436554	-1.21922042537628	-1.08860024295922	0.0500173803225916	-0.537769284579527	-0.0459466079391522	-0.537769284579527	-0.63661511921616	-0.385300690935253	-0.426543649469303	-0.869546676896532	-2.27237033996763	-0.806033271174206	-1.26684847436554	-1.84492632514069	-1.68458367506551	-1.84492632514069	-1.26684847436554	-1.93589810334642	0.195729191503985	0.739891235537568	-1.42507247958043	-0.235488412706593	-0.869546676896532	-1.93589810334642	-2.14720719701363	-1.5464333365847	-1.36950262842562	-0.902883097164124	-1.48391297960336	-0.869546676896532	-1.93589810334642	-1.93589810334642	-2.0359815619034	-1.61312471108337	-1.42507247958043	-1.42507247958043	-1.36950262842562	-1.93589810334642	-1.93589810334642	-0.32646019091232	2.13190690364107	0.80953962982741	0.606828117330406	1.08103637785817	-0.426543649469303	-0.345691552840208	-0.869546676896532	0.880365682396023	-1.36950262842562	0.0630045758494031	-0.837285814678311	-1.01012862751772	-1.48391297960336	-1.36950262842562	-1.68458367506551	-1.36950262842562	-2.41547118360831	-2.0359815619034	-1.3168588949402	-0.746314036472584	-4.98042054106984	-1.48391297960336	0.75937237110939
S3A1522	4.79795845423672	4.74660651318851	4.33276026557282	4.26792144003354	3.8821390263838	4.56072362825172	3.51274702346482	3.52261451025042	3.45600777840111	3.25468091493642	3.04280536936707	3.1797394936443	3.03584016707868	2.91273846919569	3.04082025705265	2.75660954935633	2.8279319386319	2.87475922113048	2.74465721583249	2.66110133014151	2.67408852566833	2.53264057496595	2.45362953972478	2.36783604134142	2.22578325888367	2.01961048626753	1.88390925355704	1.95111010432513	1.83535602814005	1.93922289154109	1.94815152228539	1.527008601458	1.62170295449545	1.5967536354475	1.64604492716438	1.44225201685546	1.02068748981311	1.29990688834616	1.16028657900006	1.09986551952529	1.24756936323793	1.04291062659782	1.05020992907943	0.934697041957587	0.766157624678228	0.918235764903514	0.942827168040837	0.726743656137352	0.840610602872979	0.675185846472502	0.926500274753408	0.934697041957587	0.463876752805295	0.57510238791552	0.631935862678686	0.609588563986688	0.813336184953319	0.353419757240985	0.620824637253615	0.586730425910639	0.785296964888926	0.653794656491185	0.396283461672767	-0.0779247988550003	0.382198721791028	0.212562324524389	0.514843196397323	0.323787959634613	0.489684636761168	0.142969032725194	0.514843196397323	0.620824637253615	-0.123909912096824	0.0681678196424955	0.195612766210616	0.353419757240985	0.423871418191596	0.0485593482541193	0.261752568715161	0.323787959634613	-0.455687304413829	0.586730425910639	0.323787959634613	0.410172573833434	-0.100653049932557	0.396283461672767	-0.455687304413829	-0.392173898691503	0.17837095977611	-0.0557016620702901	0.142969032725194	-0.24907305505083	-0.276101727438749	-0.24907305505083	0.17837095977611	-0.361868549196174	-0.0557016620702901	-0.197113316120119	-0.0779247988550003	-0.716413566877081	-0.52350990075259	-0.303881291545825	-0.172112013914702	-0.0557016620702901	-0.361868549196174	-0.332454663989881	-0.955643255942916	-0.332454663989881	-0.489023724681421	-0.559227983354669	-0.955643255942916	-0.902999522457494	-0.559227983354669	-0.147720560790543	-0.955643255942916	-0.423426442195608	-0.596269255035018	-0.759898678816821	-1.07005360712066	-0.303881291545825	-0.716413566877081	-0.147720560790543	-1.73334782453092	-0.852989101882832	-0.955643255942916	-1.07005360712066	-0.955643255942916	-1.13257396410199	-0.716413566877081	-0.852989101882832	-0.596269255035018	-0.716413566877081	-0.902999522457494	-1.85851096748493	-0.852989101882832	-0.955643255942916	-1.73334782453092	-0.805361052893578	-1.13257396410199	-1.6221221894207	-2.36933659125092	-2.0016118111256	-0.52350990075259	-0.0557016620702901	-0.759898678816821	-0.596269255035018	-1.19926533860067	-0.147720560790543	-1.73334782453092	-0.759898678816821	-0.955643255942916	-1.07005360712066	-1.01121310709773	-0.902999522457494	-1.52203873086372	-0.634735535862815	-1.6221221894207	-4.56656116858714	0.974702376571286	-2.36933659125092	-4.56656116858714	-4.56656116858714	-1.6221221894207	0.0873991815703832	-0.52350990075259	-1.01121310709773	-0.559227983354669	-1.34768534371894	-0.559227983354669	-1.27072430258281	-1.13257396410199	-1.73334782453092	-1.01121310709773	-2.36933659125092	-0.902999522457494	-1.43106695265799	-2.62065101953183	2.53758292440039	-0.955643255942916	-0.303881291545825	-1.01121310709773	1.03555765229256	-4.56656116858714	-4.56656116858714	-0.902999522457494	-4.56656116858714	0.653794656491185	-2.95712325615304	-1.07005360712066	-4.56656116858714	-1.13257396410199	-1.13257396410199	-1.19926533860067	-0.634735535862815	-1.73334782453092	-1.85851096748493	-4.56656116858714	-4.56656116858714	-4.56656116858714	-1.73334782453092
S3A3040	4.61270902323691	4.59711940499469	4.04368116468097	4.04037771665559	3.69621824468453	3.3269361783713	3.39679697989972	3.34320447973971	3.12680133116975	3.14548255161881	2.99200640807345	2.8913549492172	2.90174079924932	2.74549690927527	2.74722104763341	2.53925034856898	2.49590661935251	2.67767431293651	2.51564410219083	2.2845975256853	2.34562441630317	2.26804542365657	2.24269195297011	2.16253036043642	2.01990497145822	1.97989963684452	1.82358210893217	1.92655365613923	1.63821905511617	1.63298344106222	1.71846258616622	1.18324550927607	1.36350733310701	1.21563700506731	1.20763696240023	0.363012900397428	1.06082209406318	0.854970039859036	0.843475660433301	0.963183624499269	0.942457493982152	0.952874254840407	0.783934266742284	0.469307559047051	0.610164991763647	0.653028696195429	0.666917808356096	0.610164991763647	0.201043572452372	0.518497803237823	0.244060957536063	0.653028696195429	0.549996470297194	0.381531948164666	0.00767217947183241	0.244060957536063	0.0846332206079605	0.178820435667662	0.580533194157276	-0.198942069891167	0.324913054165158	0.344144416093045	0.0596319184025433	0.033989487789206	-0.198942069891167	-0.105123314673512	0.10902467373212	0.285303916070112	-0.698898021420254	-0.377990301340152	-0.0471360570231627	-0.198942069891167	-0.0757094294672185	-0.0757094294672185	0.344144416093045	-0.503153444294159	0.10902467373212	0.324913054165158	-0.198942069891167	0.00767217947183241	-0.59624386736017	0.877569871776277	0.264895044438905	0.0846332206079605	-1.74486657660294	-0.0757094294672185	-0.503153444294159	-0.339524020512356	-0.266764666229928	-0.548615818370916	-0.135428664168841	0.264895044438905	-0.266764666229928	-0.646254287934832	-0.503153444294159	-0.302482748832007	-0.166681207672946	-0.105123314673512	-0.754467872575064	-0.59624386736017	-0.0193564929160868	-0.59624386736017	-0.646254287934832	-0.377990301340152	-0.266764666229928	-0.646254287934832	-1.17432171813533	-0.459668332354419	-0.875828729579332	-0.875828729579332	-1.01397906806015	-0.754467872575064	0.0596319184025433	-0.59624386736017	-0.754467872575064	-2.11259135672826	-0.875828729579332	-2.11259135672826	-1.09094010919628	-0.754467872575064	-0.813308372597998	-0.875828729579332	-0.503153444294159	-1.09094010919628	-1.09094010919628	-0.646254287934832	-1.74486657660294	-1.01397906806015	-1.36537695489804	-1.60176573296227	-1.74486657660294	-1.36537695489804	-1.47660259000826	-0.942520104078004	-1.91192066126611	-1.74486657660294	-1.26529349634106	-1.01397906806015	-1.74486657660294	0.033989487789206	-1.09094010919628	-0.377990301340152	0.00767217947183241	-0.105123314673512	-1.36537695489804	-0.266764666229928	-1.09094010919628	0.549996470297194	-1.01397906806015	-1.26529349634106	-1.09094010919628	-1.91192066126611	-0.942520104078004	-1.91192066126611	-1.09094010919628	-0.198942069891167	-0.698898021420254	-0.875828729579332	0.381531948164666	-0.754467872575064	-1.74486657660294	-1.74486657660294	-2.36390578500916	-0.135428664168841	-1.09094010919628	-0.646254287934832	-1.09094010919628	-1.26529349634106	-1.60176573296227	-0.875828729579332	-1.47660259000826	-1.91192066126611	-1.74486657660294	-1.36537695489804	-1.09094010919628	-2.36390578500916	-0.698898021420254	2.72457199585103	0.0846332206079605	0.952874254840407	1.02290285920089	0.74642987128383	-0.503153444294159	-1.01397906806015	0.156092184590106	-2.11259135672826	-4.30981593406448	-0.646254287934832	-1.17432171813533	-1.74486657660294	-1.47660259000826	-1.60176573296227	-1.36537695489804	-1.74486657660294	-1.60176573296227	-1.36537695489804	-0.875828729579332	-2.70037802163038	-1.09094010919628	0.363012900397428
S3A6070	4.64016410449862	4.46514854789705	4.92597648925223	5.16211784973618	4.35080092095848	3.33925802569866	3.80997932970906	4.24360793392029	4.08250123027925	3.62390422460361	3.50474001472976	2.88909456199119	2.6706944972894	3.3147089892717	3.32770462375951	3.45256391924261	3.30021598196914	3.20709318911061	3.4411024757236	2.11138999340318	3.23581016602717	2.21478779989316	2.92256225246228	2.33322550005738	1.91458497079065	2.34709054019455	2.24192124740756	2.49705247421517	2.18284895738533	2.33322550005738	2.57948548522929	1.56206960932886	1.33419791681871	2.12866904101154	1.87674261760749	1.15848951591647	1.02576490026189	2.2683378778515	1.79647031516771	0.57745963347723	0.842152187704311	0.810653520644941	1.45880333527415	1.46713671683329	1.613551565164	0.059877227248359	0.986286089288098	0.810653520644941	0.945184413602546	1.13563137784042	0.351787635809661	0.842152187704311	0.401180391139237	1.15848951591647	0.424991039832956	-0.0103270314248896	0.727271911705889	0.376788938015078	1.68278335673333	0.842152187704311	0.744513718140396	1.10033359575939	-0.256460100963798	0.272799224491031	-0.721823350653032	0.916813716473331	-0.085834583933035	0.514939276495895	0.945184413602546	0.059877227248359	0.0932136475159506	0.351787635809661	-0.085834583933035	-0.256460100963798	0.401180391139237	-0.354098570527714	-0.650364386670887	-0.210997726887041	0.29982789687895	0.82652686980123	0.557050761846022	0.424991039832956	0.794524138715057	-0.354098570527714	0.326145205196323	0.744513718140396	-0.973137778933938	-0.79878439178916	0.655168617804545	-0.462312155167947	0.0932136475159506	0.959073525763213	0.0253910511771895	0.216446287939899	-1.61976494385899	-1.30961001555515	0.376788938015078	-0.304088149953053	0.0253910511771895	-1.61976494385899	-0.354098570527714	0.059877227248359	0.272799224491031	-0.256460100963798	0.059877227248359	0.059877227248359	-0.256460100963798	0.448247901997223	-0.462312155167947	-0.583673012172214	0.272799224491031	-1.07322123749092	-0.304088149953053	-0.973137778933938	-1.18444687260114	-0.0103270314248896	-0.721823350653032	0.617068771572275	-0.167512614947302	0.0932136475159506	-0.0103270314248896	-0.125839918546734	-0.52115265519088	0.156727053238277	-1.07322123749092	-0.354098570527714	-0.882166000728211	-0.973137778933938	0.059877227248359	-0.256460100963798	-1.45271085919582	-0.882166000728211	-1.07322123749092	-0.085834583933035	0.059877227248359	-0.583673012172214	-0.973137778933938	-0.973137778933938	-0.721823350653032	-4.01766021665736	-4.01766021665736	-4.01766021665736	-1.45271085919582	0.401180391139237	-0.0473683031052388	0.272799224491031	-0.210997726887041	0.448247901997223	-0.973137778933938	-0.721823350653032	-0.882166000728211	-1.82043563932114	-0.462312155167947	-1.61976494385899	-1.30961001555515	-4.01766021665736	-4.01766021665736	-4.01766021665736	-4.01766021665736	-4.01766021665736	-4.01766021665736	-4.01766021665736	-4.01766021665736	0.424991039832956	0.187032402733605	-0.973137778933938	-0.79878439178916	-0.256460100963798	-1.07322123749092	-1.45271085919582	-0.354098570527714	-1.07322123749092	-0.79878439178916	-0.52115265519088	-1.30961001555515	-0.973137778933938	-4.01766021665736	0.0932136475159506	-4.01766021665736	0.727271911705889	-4.01766021665736	1.60635728952998	-4.01766021665736	-4.01766021665736	-4.01766021665736	-4.01766021665736	0.125474509734172	-4.01766021665736	-1.61976494385899	-1.18444687260114	-1.30961001555515	-1.61976494385899	-0.0103270314248896	-0.304088149953053	-0.583673012172214	-4.01766021665736	-4.01766021665736	-4.01766021665736	-4.01766021665736	-4.01766021665736
S3B2030	4.54558456558556	4.51531198363725	3.91275837409075	4.00970786407073	3.60277170389525	3.99048465728629	3.3851334751764	3.23719440014434	3.09544503401387	3.12775024876824	2.7706404066613	2.83792406896681	2.74815656608351	2.70161301134427	2.80764652679454	2.59458242129672	2.50793775725355	2.48118456933263	2.54131539211523	2.48761959797354	2.26271053781457	2.19972369038783	2.25140185510021	2.02642884906293	1.91004361527337	1.72474620644928	1.76518298235321	1.75455871243298	1.4105817501577	1.60816602341666	1.55091668808736	1.53773692564295	1.50743157614762	1.09939907253421	1.19260374214438	1.12478114580562	1.05739814855958	1.14463291435835	0.774174398249506	0.875612641094993	0.560769746397162	0.628881172256308	0.692647790615298	1.04118157697033	0.52489145873226	0.388093156962389	0.578237439437553	0.311969461489588	0.569541732469999	0.55192013112018	0.192065534264068	0.603879870050891	0.487677862391826	0.27748328541842	0.645208065543737	0.253813541332515	0.253813541332515	0.603879870050891	0.497111894625185	0.515717082456219	0.311969461489588	0.265718443838833	0.398509917820645	-0.445339663287643	-0.289469292580858	-0.289469292580858	-0.398272152429657	-0.3103033794837	-0.0199931846256494	-0.210219920926717	0.0845796192939279	0.0845796192939279	-0.1367924523719	-0.0683897254874992	-0.035866533781939	-0.154650069771907	-0.35332076456739	-0.520374849230556	-0.0519959157118226	0.27748328541842	-0.11924814272099	0.774174398249506	0.112553471336334	-0.3755439013521	0.0110170521169115	0.0261688571375132	-0.520374849230556	-0.0683897254874992	-0.721045544692708	-0.445339663287643	-0.229451282854605	-0.154650069771907	-0.3103033794837	-0.494732418617219	-0.494732418617219	-0.601500394042925	-0.659487651693274	-0.210219920926717	-0.786642827178521	-0.932354638359915	-0.932354638359915	-0.753306406910929	-0.573720829935849	-0.3103033794837	-1.01403266937418	-0.82112900324969	-0.421529014593924	-0.601500394042925	-0.753306406910929	-0.630073766486981	-0.35332076456739	-0.721045544692708	-0.82112900324969	-0.893888357532119	-1.01403266937418	-0.721045544692708	-1.10298015539068	-1.20061862495459	-0.229451282854605	-0.154650069771907	-0.721045544692708	-0.54669215754793	-0.972359972973614	-0.630073766486981	-0.469731116411802	-0.753306406910929	-0.659487651693274	-0.753306406910929	-0.54669215754793	-0.721045544692708	-1.43019306659909	-1.01403266937418	-0.856847085851769	-0.893888357532119	-1.30883220959483	-1.72868605515509	-1.9197412919178	-1.81965783336082	-1.25326235844002	-1.72868605515509	0.919644911245497	-1.25326235844002	-0.54669215754793	-0.3755439013521	-1.05751778131392	-0.721045544692708	-0.972359972973614	-0.573720829935849	-1.15060820437993	-1.10298015539068	-0.689793001188603	-1.72868605515509	-1.9197412919178	-1.56834340507991	-1.20061862495459	2.18246700676452	-0.3103033794837	2.27071058048164	1.44026853133774	-4.86418027108424	-0.54669215754793	-0.494732418617219	-1.36767270961776	-0.932354638359915	-0.786642827178521	-1.15060820437993	-1.05751778131392	-2.03096692702802	-1.05751778131392	-0.856847085851769	-1.20061862495459	-1.15060820437993	-2.2992309136227	-1.25326235844002	-1.43019306659909	-2.46628499828587	-2.2992309136227	1.94816482309324	-0.331580777930985	1.01914211740404	-1.81965783336082	0.55192013112018	-1.10298015539068	-0.191351436622334	-0.630073766486981	-1.25326235844002	-0.421529014593924	-1.49688444109777	-0.54669215754793	-1.20061862495459	-1.56834340507991	-1.25326235844002	-1.81965783336082	-1.9197412919178	-2.46628499828587	-0.932354638359915	-4.86418027108424	0.366928345770346	-3.25474235865014	-3.25474235865014
S3B3545	4.507879727713	4.4322863939134	3.97365937540262	3.98716236055029	3.50015769855732	3.65415551292117	3.61715577681085	3.20682447905152	3.15741719480395	3.20854466296193	3.14406343035807	2.82839378219572	2.84748149864041	3.07513602746259	2.59651930706621	2.58589785830098	2.50009916123974	2.55883993053556	2.41261170711663	2.30971728395399	2.34157593399987	2.56540091634556	2.07613947049541	2.10072367612595	2.29411413052237	1.65860178115298	1.74144343327546	1.70346418521024	1.95334389301548	1.61445668238902	1.45912994691639	1.1752845467511	1.53217828513332	1.17089857480784	1.1752845467511	0.55998949248487	0.882483633140409	1.00902584888667	1.60879895866916	0.69604805350013	0.717027843969325	0.688955825190638	0.783942432754638	0.333804884594881	0.518661296992024	1.98499836578545	0.180499870779966	0.466701558061312	0.770912932464304	0.402459289332959	0.392935407821703	0.373611134995301	0.119505358077124	0.645312535458731	0.484323159411132	0.292348170916535	0.448763857374646	2.02694922630464	0.363807134898679	-0.000638953764939387	0.144351356663655	0.353906063915968	0.132005520841355	-0.276570009681202	1.46569811502849	0.132005520841355	-0.204466715779858	-0.506747587652791	0.0545474618023514	-0.105211757684517	0.168594968273648	0.466701558061312	0.0273348982774664	-0.153608298546366	-0.658939402994716	0.156546629757472	-0.438539337626258	-0.187224909345352	-0.438539337626258	-0.222011025430767	0.0545474618023514	0.373611134995301	-0.204466715779858	-0.258050961913964	-0.460762474410968	0.144351356663655	-0.686718967101792	-0.775011574247471	-0.686718967101792	-0.121085106840806	-0.258050961913964	-0.554949689470669	-0.605593422289424	-0.438539337626258	-0.416799350989852	-0.438539337626258	-0.416799350989852	-0.460762474410968	-0.686718967101792	-0.871861400237388	-0.806264117751575	-0.554949689470669	-0.871861400237388	0.615121563179586	-0.686718967101792	-0.658939402994716	-0.715292339545848	-0.460762474410968	-0.979106930590986	-0.506747587652791	-0.942065658910637	-1.33848093149888	0.0810390772493275	-0.53055823634651	-1.2358267774388	-1.58210301415663	-1.39405078265369	-0.942065658910637	-0.276570009681202	-0.871861400237388	-1.33848093149888	-1.39405078265369	-0.579950991676086	-1.65356197813878	-1.58210301415663	-0.806264117751575	-1.09925124243305	-1.01757321141878	-0.775011574247471	-0.942065658910637	-0.204466715779858	-0.658939402994716	-1.39405078265369	-0.374687865639725	-1.28583719801346	-0.871861400237388	-1.2358267774388	-1.14273635437279	-1.51541163965796	-2.2413486430409	0.144351356663655	-1.65356197813878	-0.906347576308558	0.226750888430721	-0.744706224752142	-1.28583719801346	-0.579950991676086	-0.715292339545848	-0.686718967101792	-0.979106930590986	-1.01757321141878	0.0410337426356282	-1.90487640641968	-1.01757321141878	-2.11618550008689	1.45912994691639	-0.906347576308558	2.1580266299676	1.38388078399658	-2.38444948668157	-0.871861400237388	-0.871861400237388	-2.2413486430409	-0.806264117751575	-0.871861400237388	0.402459289332959	-1.28583719801346	-1.81390462821396	-1.73052301927491	-1.39405078265369	-1.39405078265369	-1.81390462821396	-2.00495986497667	-1.73052301927491	-1.58210301415663	-2.55150357134474	-2.38444948668157	1.45582961388773	-0.354278994008518	0.710083371616514	-2.00495986497667	0.55185936640162	-1.51541163965796	-0.506747587652791	-0.871861400237388	-3.00348869508779	0.260087308698314	-0.416799350989852	-1.18819872844955	0.5680540523216	-1.45289128267663	-2.00495986497667	-1.58210301415663	-2.55150357134474	-1.58210301415663	-1.33848093149888	-3.33996093170901	-0.942065658910637	-3.33996093170901	-1.90487640641968
S3B515	4.49734733750533	4.51908149057628	3.93102936243926	3.89848642271837	3.54508572607611	3.58909420251378	3.35776045892336	3.19914880515547	3.04242817572722	3.14610220324143	2.93584023008875	2.87864379126638	2.780935117936	2.67431594887098	2.56624629054073	2.46389548085467	2.59755639876918	2.43871051910106	2.42802665679275	2.19976800481177	2.29003543363109	2.0327139201486	2.1385527902762	2.14141812174949	1.63913955856196	1.72081758957623	1.73380478510304	1.57570366020287	1.5706531444168	1.45255360298155	1.39388575489274	1.47508976800396	1.59070394146236	1.15628778683837	1.38782513028105	0.685517580322443	0.697712853416261	0.874971108253669	0.673171744500144	0.943625512991747	0.709761191932436	0.37089087262721	0.568501121936255	0.673171744500144	0.145644271116221	0.511748305343806	0.319155198228021	0.353941314313437	0.186887229650271	0.420081116817982	0.635192496434927	0.124366872668936	0.124366872668936	0.124366872668936	0.20688789635694	0.166478358019063	-0.297358756311008	0.124366872668936	-0.203540001093353	-0.203540001093353	0.145644271116221	0.145644271116221	0.264596213977587	-0.437940706932197	0.0576754981702643	0.0344186360059973	0.264596213977587	-0.17412611588706	0.0106079873122784	0.0804037492478207	0.124366872668936	-0.0137834658118807	-0.437940706932197	-0.17412611588706	-0.17412611588706	-0.17412611588706	-0.558085018774261	0.102626886032531	-0.400899435251848	-0.203540001093353	-0.0387847680172979	-0.0137834658118807	-0.3306951765786	-0.852884558994905	-0.797314707840095	-0.694660553780011	-0.437940706932197	-0.647032504790757	-0.17412611588706	-0.400899435251848	-0.117773179335928	-0.365181352649769	-0.694660553780011	-0.145552743443004	-0.365181352649769	-0.558085018774261	-0.694660553780011	-0.17412611588706	-0.400899435251848	-0.203540001093353	-0.297358756311008	-0.694660553780011	-0.797314707840095	-0.516412322373693	-0.797314707840095	-0.437940706932197	-0.558085018774261	-0.476406987759994	-1.04093679049785	-0.694660553780011	-0.265097894092787	-0.911725059017839	-0.297358756311008	-0.974245415999173	-0.694660553780011	-1.3637101827609	-0.601570130714	-1.04093679049785	-0.797314707840095	-1.27273840455517	-1.04093679049785	-0.558085018774261	-1.04093679049785	-1.70018241938211	-1.46379364131788	-0.974245415999173	-1.3637101827609	-1.18935679561612	-0.974245415999173	-0.601570130714	-1.18935679561612	-0.694660553780011	-0.694660553780011	-1.70018241938211	-1.27273840455517	-0.852884558994905	-1.46379364131788	-1.27273840455517	-1.84328326302278	-0.3306951765786	0.59571368546114	-0.117773179335928	-0.265097894092787	-0.0137834658118807	-0.297358756311008	-0.365181352649769	-0.400899435251848	-0.797314707840095	-1.11239575447999	-1.5750192764281	-1.70018241938211	-1.27273840455517	-0.744670974354673	-1.84328326302278	-1.70018241938211	1.75508218355032	-0.117773179335928	2.0133896473222	1.45823543644898	-0.974245415999173	0.466964702716833	0.721666094438754	-0.694660553780011	-0.601570130714	-1.18935679561612	-1.11239575447999	-0.974245415999173	-1.3637101827609	-0.974245415999173	-1.18935679561612	-0.911725059017839	-1.04093679049785	-1.70018241938211	-4.40823262048432	-1.46379364131788	-2.46232247142901	-1.04093679049785	1.82027838310686	-0.233845350588682	0.943625512991747	-0.203540001093353	-4.40823262048432	0.0106079873122784	-0.694660553780011	-1.46379364131788	-0.694660553780011	-0.516412322373693	-1.46379364131788	-0.476406987759994	-1.11239575447999	-1.70018241938211	-1.18935679561612	-1.5750192764281	-1.5750192764281	-1.84328326302278	-0.233845350588682	-1.3637101827609	0.102626886032531	-4.40823262048432	-0.852884558994905
S3B6070	4.82226871750106	4.74793144322013	4.04842969226122	4.22630716466496	3.7778522493817	3.34268677998589	3.61459242111742	3.31785561281437	3.25859745693379	3.26422478985511	3.09932488002665	3.1457560198381	3.08172466846494	2.90322253423483	2.9191967348658	2.59190249261676	2.63540886498076	2.60628766131049	2.60776403953142	2.72721221813331	2.32751269575468	2.45447357481097	2.33980263052183	2.10786125015355	2.21609562178944	1.92025620210109	1.75008546308965	1.84723847611262	1.81408035822851	1.69159624084323	1.95107231410297	1.83026194107975	1.58944030979807	1.38801295570417	1.19581766795418	1.36271649722191	1.29925908802781	1.16299420850763	1.03169479359714	1.12473236812704	1.00274222848419	1.06214211040473	0.72843421555767	0.838133132814094	0.579369880520197	0.53737897879496	0.654945400132291	0.85530093643646	0.658405611197186	0.50569315972082	0.549007016790079	0.525614137215374	0.521661562899551	0.404126021366445	0.734854783360593	0.54514600813262	0.477119787276764	0.51769330372393	0.682297532621917	0.245138122804836	0.213305196231626	0.325381653854889	0.325381653854889	-0.24331135223165	0.0622942364090351	0.250346467911975	0.349192302548608	0.260682477242637	-0.0788793601884707	0.224029159594601	0.270912745493452	0.451961227640608	-0.0504076861071585	0.229348321072202	0.202464981678761	0.305916319066786	0.0174149102316026	0.29106456093076	-0.177443927244025	-0.0934250711908495	-0.0434146506161879	0.533472723827895	-0.0227242573587416	-0.0295735992043165	0.14642791357105	-0.130742834198045	-0.00245329298512242	0.0368960458034246	-0.100778045496108	-0.29572509491569	-0.251858412810108	-0.0861257687092376	-0.419693137637821	-0.138376459053116	-0.0934250711908495	-0.226433314444298	-0.389690887334022	-0.29572509491569	-0.685617029560885	-0.153820781480589	-0.69895056043035	-0.504399835109983	-0.52674713380198	-0.726163123955235	-0.389690887334022	-0.843084462014137	-0.52674713380198	-0.940722931578053	-0.360562614410998	-0.827699543174657	-0.429897307812062	-0.69895056043035	-0.907106320779068	-0.440206677470924	-0.493410713534388	-0.304734164858056	-1.04893651621829	-0.450623438329179	-0.843084462014137	-0.92377337326428	-0.940722931578053	-0.659471749456563	-0.975509047663468	-0.69895056043035	-0.782915940547684	-0.827699543174657	-1.33344901390879	-1.10777701624122	-0.596951392475229	-1.01154898414667	-1.06816787814617	-1.0300680319139	-0.843084462014137	-1.41243742522742	-1.33344901390879	-1.44021698933449	-0.890712511003391	-1.23698874772123	-1.89623437660549	-1.9893247996715	-0.504399835109983	-2.56740265044666	-0.726163123955235	-0.138376459053116	-0.646651061027501	-0.633992664155578	-0.596951392475229	-0.419693137637821	-0.827699543174657	-0.538110892452295	-1.01154898414667	-0.975509047663468	-1.33344901390879	-1.17029737322255	-1.49820424698484	1.13764966291288	-0.10818548677397	-0.69895056043035	1.00274222848419	-2.75845788720937	-1.26024560988549	-2.40706000037148	-1.89623437660549	-0.726163123955235	-1.55976213998428	-0.92377337326428	-0.907106320779068	-0.92377337326428	-1.06816787814617	-1.30844771170337	-1.0300680319139	-1.65984559854126	-1.49820424698484	-1.41243742522742	-1.30844771170337	-1.52850959648017	-5.70289686637581	1.82166435990955	-0.0227242573587416	0.731649652411644	-2.20638930490933	0.699020330351376	-2.56740265044666	-1.17029737322255	-2.56740265044666	-4.09345895394171	0.245138122804836	-2.09197895373158	-0.54960527187803	-1.0300680319139	-1.14901997477527	-1.81107656826518	-1.44021698933449	-1.5920230022025	-1.26024560988549	-5.70289686637581	-4.09345895394171	-3.13794750891427	-2.75845788720937	-1.41243742522742
S4B07	4.43344949793166	4.36816060565143	3.7563166354469	3.85872652846587	3.36945272183863	2.46877521943075	3.35976603640941	2.88142543203917	2.87586728896694	2.98322302603696	2.96809032868809	2.73867982818909	2.67828826392228	2.7322661236805	2.4743423876021	2.23563772151808	2.12389368307847	2.40985012956278	2.25656263494233	2.3597637889319	2.1100045709178	2.04606527081084	1.90933387545565	1.86947804001998	1.53452941974227	1.47977121576842	1.50934823311211	1.30380838621615	1.31271713110526	1.29029466704943	1.38951391468517	1.36456459563722	1.21006297704518	0.832461573423945	1.1228282112464	0.860732007362201	0.643667502124373	0.150009681980748	0.758077853302118	0.553107925078646	0.686046725093234	0.533968584867949	0.765770198925273	0.846696689245817	0.218529628417504	0.399746822868406	0.474249350166327	0.135723724733271	0.319243604019335	0.150009681980748	0.331148506525653	0.177983534023154	0.218529628417504	0.218529628417504	-0.036576273599664	0.150009681980748	0.282654156587043	-0.0538180800341701	-0.31011383866528	0.0610621959642517	-0.224039229894037	0.421605616680905	-0.107402326168276	-0.429302355930399	0.0915989198243334	-0.125921373935514	-0.0892200070850864	0.0764471148037318	0.205196097548039	0.150009681980748	-0.429302355930399	-0.125921373935514	-0.429302355930399	-0.266150715244164	-0.266150715244164	-0.144789858239897	-0.28789070188057	-0.266150715244164	-0.536070331356105	-0.429302355930399	-0.721212764491701	-0.948602606687361	-0.31011383866528	-0.564643703800161	-0.20363035826283	-0.655615482005888	-0.404301053724982	-0.429302355930399	-1.36476300391227	0.121230717430705	-0.828458294845298	-0.508290767249029	-1.43145437841095	-1.13518856226777	-0.624362938501783	-1.1878322957532	-0.948602606687361	-0.564643703800161	-1.08517814169311	-0.31011383866528	-0.992087718627101	-1.03755009270386	-0.791417023164949	-1.08517814169311	-1.03755009270386	-1.85431122923098	-0.721212764491701	-0.564643703800161	-1.1878322957532	-0.594057589006454	-0.536070331356105	-0.75569894056287	-1.03755009270386	-1.08517814169311	-0.332842089742837	-1.08517814169311	-0.48126209486111	-0.687876344224109	-1.1878322957532	-1.08517814169311	-1.24340214690801	-1.66325599246827	-1.30224264693094	-0.992087718627101	-1.36476300391227	-1.43145437841095	-1.30224264693094	-0.992087718627101	-0.948602606687361	-1.24340214690801	-1.36476300391227	-1.36476300391227	-1.1878322957532	-1.43145437841095	-0.992087718627101	-1.24340214690801	-1.30224264693094	-1.85431122923098	-1.13518856226777	2.69956566236956	1.21984300609881	2.26856964025606	-0.224039229894037	-0.721212764491701	-0.536070331356105	-1.754227770674	-0.866924575673095	-1.9655368643412	-1.08517814169311	-1.24340214690801	-1.1878322957532	-1.30224264693094	-1.24340214690801	-1.85431122923098	-3.18931229596332	-4.79875020839742	2.05665859021251	0.860732007362201	-0.655615482005888	2.01798567219755	1.29481956164772	0.0454368780611709	-0.144789858239897	-1.85431122923098	-1.50291334239309	-1.03755009270386	-1.03755009270386	-1.754227770674	-2.6015256310612	-1.43145437841095	-1.754227770674	-1.9655368643412	-1.66325599246827	-2.40085493559905	-1.43145437841095	-1.66325599246827	3.33366246610349	-1.03755009270386	-0.564643703800161	-0.536070331356105	2.27874784517181	0.135723724733271	1.356107885619	-0.992087718627101	0.581147145143039	0.726702730734364	0.205196097548039	0.825267297789918	-1.1878322957532	-2.40085493559905	-1.1878322957532	-1.13518856226777	-1.43145437841095	-4.79875020839742	-1.85431122923098	2.90425747408182	2.3767395052268	-0.00295966280067894	2.29879864221737	2.17946353423328
S4B1522	4.29039466468717	4.21643525987187	3.599877910896	3.71114041508413	3.26228420503269	3.68767706857322	3.18154578821935	2.82006955471579	2.79218238736329	2.86780419457386	2.66680974354433	2.61565704010764	2.5948229532048	2.46633691116157	2.42637598940985	2.22368992609084	2.21533333149989	2.25643500718545	2.05814774797748	2.11848350550998	2.01807560863398	1.78077784289212	1.86364095890563	1.92157221297173	1.62698706949308	1.28140545813963	1.25982188647246	1.38925397934604	1.44516916418295	1.54294814238838	1.29553996907454	1.12784772229654	0.994908922281954	0.852536941647308	0.88479780386553	0.830436594646642	0.761044601222642	0.736800989612649	0.455235144178305	0.108958907460471	0.258171305647147	0.370438607518228	0.548325567244317	0.761044601222642	0.277779777035523	0.405224723603643	0.153910295322737	0.108958907460471	0.277779777035523	0.387982917169137	0.153910295322737	0.533399917027641	0.131687158538027	0.315879623267793	0.131687158538027	0.21776176730927	-0.0394610976578025	0.0618913966024848	0.153910295322737	-0.0664897700457217	0.175650281959143	-0.182561941298476	-0.465128913083486	0.438841334402628	-0.313897943359563	-0.801601149704699	-0.0942693341527976	-0.21381448480258	-0.152256591803147	-0.550286721423793	-0.595749095500551	-0.465128913083486	-0.122842706596853	-0.386657297641991	-1.13807338632591	-0.313897943359563	-0.693387565064467	-1.13807338632591	-0.643377144489805	-0.506801609484054	-0.246075347020802	-0.21381448480258	-0.550286721423793	-0.279411767288393	-0.465128913083486	-0.550286721423793	-0.386657297641991	-0.506801609484054	-1.13807338632591	-0.279411767288393	-0.550286721423793	-1.13807338632591	-0.922962006708967	-0.550286721423793	-0.801601149704699	-0.506801609484054	-1.06111234518978	-0.922962006708967	-0.922962006708967	-0.643377144489805	-0.693387565064467	-0.595749095500551	-1.79199985373258	-1.22145499526496	-0.349616025961642	-0.349616025961642	-0.989653381207639	-0.386657297641991	-0.693387565064467	-0.989653381207639	-1.31242677347069	-1.22145499526496	-1.31242677347069	-0.989653381207639	-1.06111234518978	-1.5237358671379	-1.31242677347069	-1.31242677347069	-1.22145499526496	-1.5237358671379	-1.22145499526496	-0.860441649727633	-1.41251023202767	-2.74751129876001	-1.41251023202767	-1.13807338632591	-1.22145499526496	-0.989653381207639	-1.5237358671379	-1.22145499526496	-2.74751129876001	-1.5237358671379	-0.693387565064467	-1.41251023202767	-1.31242677347069	-1.6488990100919	-1.41251023202767	-0.860441649727633	-2.15972463385789	2.01123797515638	1.81891805891165	2.0903566513471	0.471364526108188	-0.386657297641991	-0.693387565064467	-0.550286721423793	-1.31242677347069	-2.15972463385789	-1.41251023202767	-1.22145499526496	-1.41251023202767	-1.31242677347069	-1.6488990100919	-1.95905393839574	-2.15972463385789	0.0374999434783256	1.58585016393259	1.59629412309367	1.38925397934604	1.50951884573918	1.44516916418295	1.38925397934604	-4.35694921119411	-0.922962006708967	-0.801601149704699	-4.35694921119411	-1.31242677347069	-4.35694921119411	-1.95905393839574	-4.35694921119411	-1.95905393839574	-0.922962006708967	-2.15972463385789	-1.6488990100919	-2.4110390621388	-1.6488990100919	3.87336158794091	0.863406613884212	1.33678292760859	1.6951399577303	1.80636559284053	0.438841334402628	1.71839681989457	0.0124986412729085	1.40824189159073	0.405224723603643	0.175650281959143	0.548325567244317	-1.41251023202767	-1.41251023202767	-1.79199985373258	-1.5237358671379	-1.5237358671379	-2.15972463385789	-1.5237358671379	3.20365195157444	1.85164081490252	2.92029851543737	2.17538508102824	2.75211292449306
S4B3040	4.37579477284723	4.32361412024715	3.79789904806236	3.63217077372506	3.33651252037631	3.62453100998854	3.15198125614303	3.04694441745842	2.97463274541048	2.84874778550884	2.76939897702864	2.67593805923215	2.72970354276509	2.38669144930348	2.50717708496013	2.48471824953583	2.40871573939833	2.34694171663374	2.12578749593309	2.07956854909469	2.25603889918937	2.06815072762336	1.82690167267688	2.10386881022544	1.75363659450891	1.55413021296085	1.50829567661705	1.35665440839522	1.5116401613399	1.41348788315839	1.26698133167073	1.41348788315839	1.14465708345515	1.2054234386713	0.95992298025581	0.816822136615137	0.49627591676491	0.601175496715105	0.816822136615137	0.419683471283526	0.541328580705853	0.389378121788197	0.487016591352113	0.641831502356235	0.487016591352113	0.477670728933876	0.106811150003186	0.36865199127108	0.197782928208913	0.133658400039375	0.409683387948943	-0.00842411357439765	0.379068752129336	-0.0238090324138778	-0.0238090324138778	0.146816484616886	0.358125578284093	-0.174091235463216	0.146816484616886	-0.0553076994732482	-0.156233618063209	-0.174091235463216	-0.0238090324138778	0.292528295798279	-0.539816014921866	-0.0553076994732482	-0.192273554546406	-0.0238090324138778	-0.229661086618026	0.0508524963551418	-0.3727619302587	-0.121447501977793	-0.308910458272167	-0.288501586640959	-0.229661086618026	-0.308910458272167	-0.566133323239239	-0.288501586640959	-0.514173584308528	-0.248892448545914	-0.26850091993429	-0.514173584308528	-0.464780828978952	-0.39498506704341	-0.678928817384584	-0.566133323239239	-0.229661086618026	-0.678928817384584	-0.514173584308528	-0.620941559734234	-0.620941559734234	-0.876288251543079	-0.489172282103111	-0.740486710384017	-0.620941559734234	-1.27270352413133	-0.876288251543079	-0.329744545175009	-0.566133323239239	-1.58778457077122	-0.840570168940999	-0.876288251543079	-1.4496342322904	-0.991801138664923	-0.514173584308528	-0.709234166879912	-0.566133323239239	-1.38711387530907	-0.991801138664923	-1.93918245760911	-0.80608399286983	-1.17004937007124	-1.07695894700523	-1.03347383506549	-0.80608399286983	-1.38711387530907	-1.17004937007124	-1.12242132108199	-1.4496342322904	-1.7481272208464	-0.991801138664923	-1.4496342322904	-0.876288251543079	-0.876288251543079	-0.709234166879912	-0.913329523223428	-0.840570168940999	-1.12242132108199	-0.991801138664923	-1.2200597906459	-1.32827337528614	-0.593161995627158	-1.17004937007124	-1.58778457077122	-2.31867207931401	-1.58778457077122	-1.58778457077122	-2.17557123567334	-1.66474561190735	0.449097356489819	2.10939368615741	1.52490735428395	0.641831502356235	-0.39498506704341	-1.12242132108199	-0.840570168940999	-0.991801138664923	-0.740486710384017	-1.07695894700523	-1.83909899905213	-1.12242132108199	-1.7481272208464	-2.93771128772024	-1.7481272208464	-2.05040809271933	2.98156651741192	1.32496858932108	1.60710209772696	1.93311444381942	0.971450485426877	1.00525652155733	1.8604377495358	0.185282765444682	-1.2200597906459	-1.32827337528614	-4.88362143677555	-1.7481272208464	-1.66474561190735	-1.38711387530907	-1.66474561190735	-2.93771128772024	-4.88362143677555	-2.93771128772024	-2.17557123567334	-2.17557123567334	-2.93771128772024	1.04862375067246	2.60130884651411	2.16128368035382	1.48799041045631	0.197782928208913	-0.229661086618026	1.20087797629962	0.541328580705853	1.42811337237737	0.439388542362859	-0.210792602313643	0.133658400039375	-1.51632560678908	-2.05040809271933	-1.32827337528614	-2.68639685943933	-2.05040809271933	-2.48572616397718	-1.66474561190735	2.75119924096999	0.0792231934843572	2.78727339458657	1.31282269101897	0.159803680143697
S4B5565	4.40999034887292	4.29351473599741	3.76744905025244	3.61721030680469	3.2599679112093	4.36479346739711	3.03557148856812	3.02886286801994	2.86760523782749	2.69893208377534	2.68834374955833	2.72206787567835	2.72549253655971	2.32599250792002	2.4829308993884	2.40753725669229	2.41222476527538	2.19549086977938	2.04311338296933	2.29317436410693	2.16999929337831	1.90295677422308	1.81062529247041	1.93361051531408	1.64718551405235	1.3755658196107	1.45982616322844	1.18219442663016	1.44353252374234	1.13859078914802	0.982116148246943	1.18751358810776	1.07535133101211	1.10459318060661	0.893623069993493	0.864740195844706	0.723328541794878	0.442654206500501	0.475624225738072	0.780721339791531	0.558573308718822	0.625906428787409	0.431418133233575	0.453765431925572	0.285706322052182	0.349018601466509	0.464754553501168	0.232002143080321	-0.170020620836871	0.0343918937712759	0.285706322052182	0.0674527560321643	0.0674527560321643	0.285706322052182	-0.212132106186998	0.160543179098176	0.204028291037915	-0.0533837171111098	-0.27882348068567	-0.212132106186998	-0.0173437806279129	-0.27882348068567	-0.540038979949288	0.272548237474671	-0.212132106186998	-0.110002611110618	-0.0719027648783475	-0.852911301229627	-0.170020620836871	-0.510625094742994	-0.190854707739713	-0.454272158191862	-0.190854707739713	-1.18938353785084	-0.40092617748657	-0.40092617748657	-0.0533837171111098	-0.233872092823403	-0.510625094742994	-0.375283746873232	-0.190854707739713	-0.427243485803943	-0.40092617748657	-0.570344329444616	-0.894583997630195	-0.812905966615928	-0.302080342849937	-0.170020620836871	-0.633857735166942	-0.601596872948721	-0.737398414107783	-0.570344329444616	-0.540038979949288	-0.894583997630195	-0.110002611110618	-1.37743576935378	-1.08116995321061	-0.774439685788132	-0.774439685788132	-1.13381368669603	-0.938069109569934	-0.938069109569934	-0.375283746873232	-1.31074439485511	-0.983531483646691	-0.570344329444616	-0.350282444667815	-1.70020916161683	-1.24822403787377	-0.852911301229627	-1.37743576935378	-1.80029262017381	-1.08116995321061	-1.08116995321061	-0.482051722298938	-1.13381368669603	-0.540038979949288	-0.894583997630195	-1.08116995321061	-1.6092373834111	-1.37743576935378	-0.983531483646691	-0.983531483646691	-1.08116995321061	-1.44889473333592	-1.6092373834111	-1.13381368669603	-0.894583997630195	-1.31074439485511	-1.03115953263595	-1.13381368669603	-1.91151825528404	-1.24822403787377	-1.6092373834111	-1.44889473333592	-1.6092373834111	-1.52585577447205	-1.80029262017381	-2.17978224187872	1.27386161515598	1.6505299987752	1.58854802879944	0.635165754200206	-0.375283746873232	-1.03115953263595	-1.37743576935378	-0.983531483646691	-0.667194155434534	-1.13381368669603	-1.70020916161683	-1.31074439485511	-1.70020916161683	-1.31074439485511	-1.91151825528404	-2.79882145028494	2.42922672041654	1.6898149194472	0.914750616419368	1.44353252374234	0.420054374583261	0.688990404213986	0.949000539462446	-0.110002611110618	-1.18938353785084	-0.667194155434534	-1.80029262017381	-2.03668139823804	-2.34683632654188	-0.983531483646691	-3.13529368690615	-1.91151825528404	-2.34683632654188	-1.80029262017381	-2.54750702200403	-2.03668139823804	-2.79882145028494	1.76403753763143	2.61854798762278	1.19806777578645	1.73070111736384	0.568474379701533	-0.0352013980279198	0.949000539462446	0.420054374583261	0.764656737287724	-0.0533837171111098	0.000200529022996498	0.115080805021418	-1.18938353785084	-1.37743576935378	-1.44889473333592	-1.6092373834111	-2.34683632654188	-1.6092373834111	-1.70020916161683	1.86326902595583	1.30735756958416	2.64853149542358	0.928591667831239	1.16606504470027
S5A07	4.89238286614705	4.82599360686177	4.30229335221521	4.15127841000539	3.75987307259223	0.360252691317555	3.48653464387566	3.53237990299586	3.40130591480697	3.11611133387587	3.0511875602005	3.23494663649449	3.1617380372072	2.84424983672271	2.86168864305677	2.87882854255769	2.94459323809374	2.82030762494979	2.67906897924018	2.70100899588176	2.76210705869673	2.47233741750353	2.29990956309124	2.47497362289667	2.2744979257289	2.0398948624249	2.0732312826925	1.67592948522349	1.81250502022924	1.85090706776169	1.67201941181565	1.8277080157489	1.61145600262128	1.55802449091094	1.41424791449686	1.15201038471048	1.27290043191321	1.23116561213559	0.979851183854688	1.09785163444833	1.17481267558446	0.827981006726155	1.1651038614575	1.00687985624261	0.823414788746573	0.776567815449785	1.18761285035142	0.762074808147219	0.790853772697262	0.423654202668051	0.910998084539325	0.814219321653473	0.330730252051233	0.732443010540847	0.533441764548237	0.686280968777685	0.44392516704167	0.496054232476617	0.533441764548237	0.68101779873341	0.252869930278961	0.276871082378504	0.211541734786115	0.177203597205223	0.0566875726927707	0.437213732453683	0.132553323467484	-0.138524593932261	0.150653365111102	0.38183626298473	0.315635625828748	0.0467865017100593	-0.0361625812706912	-0.114854849846356	-0.307758515970848	0.159581995855404	0.0953397271270502	0.0953397271270502	0.0367864183754758	0.141644295168737	0.0164811522147303	-1.32469277362469	-0.162768205542254	0.026685322388972	-0.412331319890425	0.00617178255586914	-0.546988205036683	-0.150572932448436	-0.412331319890425	-0.0147713912893739	-0.939030292812706	-0.175114041364553	-0.126619691425943	-0.138524593932261	-0.200272601000708	0.0953397271270502	-0.412331319890425	-0.511586277985766	-0.412331319890425	-0.307758515970848	-0.366169278127263	-0.226080484956581	-0.162768205542254	-0.621789418119381	-0.307758515970848	-0.565170524119873	-0.307758515970848	-0.49434447155126	-0.767882036616876	-1.11338367995748	-0.412331319890425	-0.396706001987345	-0.529130587636676	-0.723918913195761	-0.767882036616876	-0.912712984495332	-0.351243627910587	-0.0254097894944296	-0.912712984495332	-0.745658899832166	-0.49434447155126	-0.837677798552419	-0.621789418119381	-0.661398556214426	-0.681807427845634	-0.444334050976599	-0.49434447155126	-0.912712984495332	-1.76001084488254	-1.24918522111655	-0.993838529307701	-0.939030292812706	-0.887070553881995	-0.723918913195761	-0.993838529307701	-1.1789809624433	-1.1789809624433	-1.1789809624433	-1.88922257636254	1.34335209286382	-0.993838529307701	0.827981006726155	-3.64708049391492	-0.529130587636676	-0.200272601000708	-0.767882036616876	-0.565170524119873	-2.21199596862559	-0.702641514748476	-0.862069251676578	-1.64560049370479	-1.14564454217571	-1.88922257636254	-1.02241190175176	-1.24918522111655	-2.69156904888748	0.315635625828748	-1.28622649279689	-2.69156904888748	-0.322044473218325	-2.4233050622928	-1.82253120186387	-1.82253120186387	-0.529130587636676	-1.1789809624433	-1.28622649279689	-1.36469810823839	-1.32469277362469	-1.59295676021937	-0.8138671498587	-1.88922257636254	-1.36469810823839	-1.49531829065545	-1.4498559165787	-1.82253120186387	-2.12102419041987	2.02761639984619	-2.03764258148082	-5.25651840634902	-5.25651840634902	-0.641397889507757	0.757196749693786	-2.21199596862559	-1.96068154034469	-5.25651840634902	-3.64708049391492	0.323211419637206	-2.85862313355065	-1.21346713851447	-1.14564454217571	-1.7011703448596	-1.1789809624433	-1.88922257636254	-1.02241190175176	-1.54294633964471	-1.08213113645338	0.691516582831629	-1.28622649279689	-0.226080484956581	0.757196749693786
S5A1522	4.67778318822715	4.64337856550262	4.18743334739618	3.9602251846458	3.51373709719106	2.4630904058757	3.27005083462417	3.36122909002006	3.32232915784115	3.05583195615836	2.81779427600685	2.92862691431494	2.91517228820616	2.60661691728911	2.52799474620291	2.62489060988236	2.65345123031478	2.67003101673662	2.42291127722922	2.3902507165963	2.4630904058757	2.26478224178235	2.09548388497474	2.17381046357663	2.01383856148975	1.9747179267313	1.6277835197031	1.49967124706186	1.59027912424465	1.38762486338291	1.41834924631393	1.52174110834889	1.31985700457769	1.36234705619864	0.990703496565987	1.07092466413114	1.100462676568	0.96722824014462	0.923531968408922	0.664388318641473	1.100462676568	0.883020099492021	0.670798597002392	0.726713781839302	0.756477883745756	0.457984895189759	0.555807188283604	0.888174750080686	0.247605385600647	0.548612912649578	0.657936683359985	0.85152143243265	0.818998240727089	0.37563386002794	0.481423468161777	0.304492760002699	0.384180920606398	0.331767177922358	0.247605385600647	0.257314199727608	0.217900231186731	0.0425892188789945	-0.0581247567228367	-0.170129815099331	0.237801385504026	0.433983743090216	0.176868834508869	0.0305408803628193	-0.00650039131752944	-0.0581247567228367	0.0893813803857535	-0.126644703159593	-0.0449666721453257	0.111981212302994	-0.34801677482542	-0.170129815099331	0.197594965025986	-0.0319794766185142	0.285887572171664	-0.564545087020911	-0.185055465316007	-1.93991037760861	-0.200207270336609	-0.0986708511171868	0.0183456072690014	-0.0581247567228367	0.0662589629648993	-0.200207270336609	-0.140930660407069	-0.0191587881894524	-0.78494515238937	-0.500693615034378	-0.365874392225427	-0.680955438865322	0.0183456072690014	-0.0319794766185142	-0.632753337047444	-0.705956741070739	-0.440675605308125	-0.215592189176089	-0.421444243380237	-0.52152770193722	-1.06807140830529	-1.06807140830529	-0.365874392225427	-0.52152770193722	-0.932269867146228	-0.812724716496446	-0.870711974146795	-0.901017323642124	-0.586768223805621	-0.75791648000145	-0.997867149632041	-0.870711974146795	-0.564545087020911	-0.731599171684077	-1.36183252683345	-1.70810876355129	-0.96453072936445	-0.997867149632041	-0.841298088940501	-0.997867149632041	-1.03235332570321	-0.870711974146795	-1.03235332570321	-1.10511267998564	-0.997867149632041	-1.36183252683345	-1.26874210376744	-0.564545087020911	-1.70810876355129	-0.705956741070739	-0.901017323642124	-1.10511267998564	-1.36183252683345	-0.841298088940501	-1.93991037760861	-1.41184294740811	-2.13096561437132	1.31985700457769	0.227900314521315	1.27548112317698	-1.77956772753343	-0.247090856235459	-1.26874210376744	-0.841298088940501	-0.460284076696501	-2.24219124948154	-0.731599171684077	-1.14357896081344	-1.10511267998564	-1.26874210376744	-1.93991037760861	-1.85652876866956	-1.57889703207128	-2.51045523607622	1.00909481953741	-0.932269867146228	-0.901017323642124	-0.296281100426231	-0.313230658740005	-0.460284076696501	-2.13096561437132	-1.3142044778442	-1.03235332570321	-1.46448668089354	-1.10511267998564	-1.26874210376744	-1.46448668089354	-2.36735439243555	-1.46448668089354	-1.57889703207128	-1.70810876355129	-2.24219124948154	-1.14357896081344	-2.24219124948154	2.50987648510136	-0.731599171684077	-0.705956741070739	-5.07540459353776	-1.77956772753343	0.450048345594023	-0.215592189176089	0.247605385600647	-2.13096561437132	-1.41184294740811	0.237801385504026	-0.460284076696501	-0.997867149632041	-1.2252569918277	-1.64141738905261	-1.3142044778442	-1.93991037760861	-2.51045523607622	-1.57889703207128	0.651443154049436	0.938310562505041	0.708420588791976	-0.185055465316007	-0.200207270336609
S5A3040	4.50073335086914	4.44942136706367	3.91050877526695	3.78236331012644	3.34899186784738	3.311714378555	3.08284900821799	3.15397572708686	2.98571517704307	2.78668428824625	2.64470925389983	2.78216833363383	2.75055650599949	2.40363571224122	2.43534568613811	2.50265647144208	2.51603459738825	2.40032582092819	2.22007422968394	2.39783619308623	2.24264633619362	2.17438100202504	1.9189020700679	2.05770125362728	1.88340346219053	1.56155621030393	1.63723806994168	1.5748897411734	1.39502495590712	1.39048465298834	1.30749867236165	1.20611321505294	1.20611321505294	1.06217017744734	0.969542021811259	1.00696135341861	0.937849228458258	0.709774037469399	0.4494302024691	0.682437483305649	0.659071934349438	0.659071934349438	0.51706160335773	0.709774037469399	0.51706160335773	0.332011531910571	0.389352078525816	0.250054424636906	0.53862578127357	0.401659926200413	0.332011531910571	0.345041032200905	0.478167812236456	0.228470852969731	0.191429581289381	0.0797598964382908	0.160775840198379	0.152963300461586	-0.0555814514314719	0.198948413703409	-0.0555814514314719	-0.626126309899084	-0.0459659927320297	-0.178814091855419	-0.0849953366377649	-0.167944419618515	0.0366497727845623	-0.0176622165691782	-0.468319318868716	-0.332054439348532	0.121088091931137	-0.559986507394539	0.271181971062781	-0.125610055791955	-0.223514270773326	-0.24663668819418	-0.178814091855419	-0.189803213431015	-0.0849953366377649	-0.855700751543585	-0.235008650199061	-1.09784080354845	-0.468319318868716	-0.411566502276266	0.0278001575075795	-0.397867657918105	-0.87744073817999	-0.371020407881916	-0.855700751543585	-0.371020407881916	-0.8344233530963	-0.592509699100099	-0.696952362467697	-0.922392126042257	-0.528487840335169	-0.453826311566149	-0.609176751585311	-0.483025466258411	-0.319396042476609	-0.899663874964701	-0.969459636900243	-0.439540354318672	-0.79318039456225	-1.58163775492652	-0.371020407881916	-0.969459636900243	-0.411566502276266	-1.2139129748012	-0.79318039456225	-0.544113158238249	-1.2139129748012	-0.384353938751381	-0.969459636900243	-0.87744073817999	-1.15419374009958	-1.67472817799253	-0.969459636900243	-0.969459636900243	-1.2139129748012	-0.969459636900243	-1.45647461197251	-0.993851090024402	-0.945648988206524	-1.2139129748012	-0.6609124259845	-1.04449482284316	-0.969459636900243	-1.12562036765553	-1.2139129748012	-1.01885239222982	-1.53815264298678	-1.41800833114472	-1.12562036765553	-1.58163775492652	-1.45647461197251	-1.53815264298678	-1.95431304021169	-1.72473859856719	-1.95431304021169	1.46921381784855	0.948525486449601	1.53827678852588	-0.258401529773767	-0.592509699100099	-0.969459636900243	-1.04449482284316	-1.18360762530587	-1.77738233205262	-1.53815264298678	-1.01885239222982	-1.18360762530587	-1.72473859856719	-5.38830024469684	-1.62710012900328	-1.77738233205262	0.65433258898554	1.60654974113623	-0.0750942656550535	0.472485978769026	0.351492667482393	0.345041032200905	0.54394494275117	-1.18360762530587	-1.07081213116053	-1.09784080354845	-2.16942441982864	-1.45647461197251	-1.41800833114472	-1.49647994658621	-2.25280602876769	-1.58163775492652	-1.89179268323036	-2.34377780697342	-1.89179268323036	-1.77738233205262	-2.16942441982864	2.59411610213089	1.49618640734594	0.95558018942949	0.419842245283603	0.549235960385586	0.312143328693846	1.11148679595901	0.407757506068531	-0.8344233530963	-0.0270080789874152	-0.00840289115638093	-0.105096515958852	-1.2139129748012	-1.27742638052353	-2.55508690064062	-1.45647461197251	-2.34377780697342	-1.89179268323036	-1.89179268323036	1.19510897746192	1.43062382057868	1.18398229799717	0.511597108885651	1.47131465895736
S5A5565	4.3172723849207	4.30058262422605	3.94951007289326	3.94019628007522	3.59273056837029	3.84737008477508	3.10237484057602	3.23839317802872	3.22034757555954	2.7611102625145	2.7185854579469	2.52365339356102	2.66716024613946	2.48219667988267	2.59420173825916	2.64762143628315	2.48219667988267	2.44993581766445	2.44115420250406	2.1002620691847	2.32681066944742	1.83556951495762	2.15457405853844	1.96073265791162	1.58943644541871	1.68310092131334	1.40866407561158	1.76440979538558	1.43313012776599	1.54180839642945	1.67364458607131	1.41483693471866	1.17227529754735	1.26936642172267	0.934316660448003	1.02917445390668	0.687257557737236	1.08205020595463	1.07342946291072	0.593856382648834	0.674436869308174	0.607745494809501	0.699915954609159	0.550992678217052	0.687257557737236	-0.0785288064626815	0.393185687186683	0.358399571101268	0.0736630088792438	0.0254609070613658	0.410135245500457	0.607745494809501	0.246132269230187	0.490824156750599	0.410135245500457	0.163611245542183	0.0969198710435109	-0.258114383437761	0.265740740618563	-0.22585352121954	0.393185687186683	-0.106308370569757	-0.0515001340747623	-0.258114383437761	-0.0785288064626815	-0.106308370569757	-0.325936979776523	-0.258114383437761	-0.258114383437761	-0.325936979776523	-0.0515001340747623	-0.398696334058951	-0.813640186121659	-0.437162614886747	-1.32446580988765	-0.60778813191751	-0.106308370569757	-0.134881743013813	-0.0251828257573887	0.000459604855948648	-0.325936979776523	0.184888643989468	-0.106308370569757	-0.194600977715436	-0.655416180906765	-0.437162614886747	-0.758070334966849	-0.291450803705353	-0.291450803705353	-0.872480686144593	-0.106308370569757	-0.562325757840753	-0.655416180906765	-0.291450803705353	-1.15011242274287	-1.42454926844463	-0.194600977715436	-0.813640186121659	-0.758070334966849	-0.935001043125927	-1.15011242274287	-1.42454926844463	-1.42454926844463	-0.872480686144593	-0.562325757840753	-0.60778813191751	-1.23349403168192	-0.562325757840753	-1.0016924176246	-1.0016924176246	-0.22585352121954	-1.42454926844463	-0.291450803705353	-0.655416180906765	-1.15011242274287	-0.655416180906765	-1.07315138160674	-1.0016924176246	-0.705426601481427	-0.872480686144593	-1.42454926844463	-0.758070334966849	-1.53577490355486	-1.15011242274287	-1.23349403168192	-0.758070334966849	-1.23349403168192	-1.42454926844463	-0.705426601481427	-0.935001043125927	-1.53577490355486	-0.60778813191751	-1.07315138160674	-0.872480686144593	-1.42454926844463	-1.07315138160674	-1.66093804650886	-1.66093804650886	-1.53577490355486	-0.758070334966849	1.39620285517377	1.22572313199077	0.226131602523517	-1.32446580988765	-0.361655062378602	-1.80403889014954	-1.07315138160674	-0.194600977715436	-1.80403889014954	-0.872480686144593	-1.66093804650886	-1.15011242274287	-0.813640186121659	-2.75955033517697	-1.66093804650886	1.93179754705217	1.20316578456669	1.17227529754735	0.904011310952674	-1.23349403168192	-0.0251828257573887	0.284972102546451	-1.07315138160674	-0.758070334966849	-0.705426601481427	-1.32446580988765	-4.36898824761107	-1.53577490355486	-2.42307809855576	-4.36898824761107	-1.42454926844463	-1.80403889014954	-2.17176367027485	-1.9710929748127	-1.66093804650886	-1.80403889014954	0.982869885864994	2.96729741241022	1.26936642172267	1.63982493783152	1.2477828500555	0.954021731527336	-0.291450803705353	1.50874753416857	0.141871258905777	-0.398696334058951	-0.398696334058951	-1.53577490355486	-1.42454926844463	-1.23349403168192	-2.75955033517697	-2.42307809855576	-1.66093804650886	-1.80403889014954	-1.66093804650886	2.11258888166536	-0.935001043125927	-1.53577490355486	2.6983316010424	-0.705426601481427
S5B07	4.51288485845988	4.44314209414551	3.90157218483047	3.9126283840605	3.47651867083346	1.99494955886533	3.22894265909168	3.16232952695659	2.97509658388899	3.02083190501572	2.82653617698739	2.76999634661108	2.77928876515622	2.62579007243086	2.59376036435269	2.42124071855305	2.40067444097158	2.34732846026628	2.38073673961824	2.37755202355072	2.4089517774187	2.19873309730797	2.11108579024921	1.93554204486449	1.88984881720559	1.73670772857968	1.55337658058437	1.57969388890175	1.69760809790389	1.62583817655927	1.48308416375534	1.29161819314238	1.30102265117036	1.20960504148155	1.03035568372457	1.12770876515869	0.652123726074759	0.764919220220103	0.681537611281053	0.806700754235059	0.627953365146946	0.584196384789846	0.87586411417183	0.775529399332119	0.759571613893509	0.322790127740348	0.584196384789846	0.524968550589513	0.577786106428927	0.511316461421186	0.469204976071058	0.476347863583439	0.297578708393852	0.208631222377355	-0.0806024407658441	0.417723020235915	0.227064924066194	-0.213246915372139	0.306053335384824	0.121196922987681	0.524968550589513	0.15119917329148	0.189851327725759	-0.382883312638778	0.0797402093093353	-0.317819719291716	0.0141429268235216	-0.0440129933335518	-0.213246915372139	-0.185273063329733	-0.227532872619616	-0.527277817520671	-0.131568884357872	-0.844518692213997	0.0583490193280181	-0.213246915372139	-0.302194401388635	-0.1991621754904	-0.286809482549155	-0.213246915372139	-0.105761000401999	-1.15467362051784	-0.0560613318497269	0.0797402093093353	-0.566886955615717	-0.302194401388635	-0.271657677528554	-0.434618987037966	-0.743166197953709	-0.587295827246924	-0.144726968935383	-0.417074677387057	-0.366216260153566	-0.673370436018167	-1.27018650763968	-0.566886955615717	-0.818201383896623	-0.587295827246924	-0.382883312638778	-0.844518692213997	-0.957314186359341	-0.844518692213997	-1.11895553791576	-0.871547364601916	-0.696098687095724	-0.98761953585467	-0.927900301153048	-1.051132941577	-0.651147299233457	-0.696098687095724	-0.587295827246924	-1.01887207935877	-0.651147299233457	-1.23018117302598	-0.719355549259991	-0.871547364601916	-0.489177971288401	-1.31185920404025	-1.19171489219819	-1.11895553791576	-1.051132941577	-1.23018117302598	-0.818201383896623	-1.31185920404025	-0.957314186359341	-1.01887207935877	-1.11895553791576	-1.448434739046	-0.844518692213997	-1.27018650763968	-0.792558953283286	-1.31185920404025	-1.49844515962066	-0.844518692213997	-2.11748436802688	-1.40080669005674	-1.72801960126516	-1.27018650763968	-2.02651258982116	1.84920718160006	0.732396028514543	1.6076351711022	-1.11895553791576	-0.144726968935383	-1.15467362051784	-1.01887207935877	-0.98761953585467	-1.49844515962066	-0.98761953585467	-0.98761953585467	-1.15467362051784	-2.11748436802688	-0.957314186359341	-1.94313098088211	-2.21756782658387	-2.59705744828877	1.54851630370212	-0.1991621754904	-1.86616993974598	1.02214208518718	0.675723641415633	-0.105761000401999	-1.31185920404025	-0.719355549259991	-1.23018117302598	-1.15467362051784	-1.23018117302598	-1.72801960126516	-1.66549924428383	-2.11748436802688	-1.55108889310608	-2.02651258982116	-1.79471097576383	-1.79471097576383	-2.4539566046481	-1.448434739046	2.34403537276781	-0.899326928708992	0.0364902255155188	-2.96478222841409	0.737890547832184	0.454764291916264	0.609434317379709	-0.629407312597051	-1.23018117302598	0.0141429268235216	-0.0440129933335518	-0.302194401388635	-1.11895553791576	-1.60665874426089	-1.27018650763968	-2.11748436802688	-1.31185920404025	-1.23018117302598	-1.55108889310608	1.69129228743577	1.36448805382048	0.710110983725109	0.831954621556262	1.05459929533456
S5B1522	4.54131649044658	4.38486057485905	3.8785784465768	3.99365950814945	3.39775920847316	3.74358117396907	3.36943037398008	3.17002264066401	3.12595277613104	3.05474832983925	2.92816282826584	2.74705040522846	2.59559176694344	2.65846602271342	2.4684365914582	2.48596808503262	2.56260724638807	2.25573939189856	2.42475494829393	2.07432899689885	2.29856484761167	1.9261712524692	1.97078831795801	2.12545834342145	1.65732212835051	1.71217458719549	1.32614265962582	1.45996269419202	1.48785294817385	1.4956807767941	1.34444980707017	1.4354215852759	1.17698335126714	0.995197843802561	1.11047685382575	0.764793268251305	0.812232993322866	0.397068488125988	0.780857870755112	0.886616713444693	0.361350405523908	0.324309133843559	0.538608660361316	0.671505333827747	0.475760756701653	-0.16988408987329	0.298830048542574	0.272684768438252	0.361350405523908	0.285842853015763	0.298830048542574	0.189878864754019	0.259351237568787	0.175385857451452	0.189878864754019	0.34915513243009	-0.0350648670643388	0.0995920180819185	0.0675892869957453	-0.0350648670643388	-0.510488563779413	0.285842853015763	-0.211995575223417	-0.325754460580075	-0.129474551535413	-0.16988408987329	-0.278686949722089	-0.0350648670643388	-0.211995575223417	-0.233735561859822	-0.255958698644533	-0.539902448985706	-0.701543800542122	-0.0717662339147664	-0.427106954840362	0.000337059986577515	-0.211995575223417	-0.701543800542122	-0.325754460580075	-0.701543800542122	-0.852774770266046	-1.13367715573245	-0.16988408987329	-0.278686949722089	-0.60146034198514	-0.852774770266046	-0.937932578606353	-0.60146034198514	-0.400789646522989	-0.278686949722089	-0.667057624470953	-1.18924700688726	-0.98339495268311	-0.667057624470953	-1.3772992383902	-0.60146034198514	-0.510488563779413	-1.03102300167236	-0.301943811886356	-1.44875820237234	-0.701543800542122	-1.13367715573245	-0.737261883144201	-0.60146034198514	-0.701543800542122	-0.667057624470953	-0.774303154824551	-0.894447466666614	-1.13367715573245	-0.852774770266046	-1.08103342224703	-0.570207798481035	-1.18924700688726	-1.70007263065325	-1.03102300167236	-0.539902448985706	-1.13367715573245	-1.13367715573245	-1.31060786389153	-1.70007263065325	-1.80015608921023	-1.24808750691019	-0.937932578606353	-1.3772992383902	-0.98339495268311	-1.03102300167236	-1.91138172432046	-1.18924700688726	-0.894447466666614	-1.70007263065325	-1.52571924350847	-1.60910085244752	-0.894447466666614	-2.3466997955783	-1.91138172432046	-1.70007263065325	-0.894447466666614	-1.60910085244752	-2.03654486727446	1.76417406859501	1.0514626823887	1.79931677718812	-0.129474551535413	-0.454135627228281	-1.24808750691019	-0.510488563779413	-1.24808750691019	-1.60910085244752	-0.894447466666614	-0.774303154824551	-2.03654486727446	-1.60910085244752	-1.80015608921023	-1.91138172432046	-2.54737049104045	1.33533812671892	1.95367298573874	0.772857828088035	0.115217335984999	1.07548786197569	0.588123724888696	0.827558963801092	-1.31060786389153	-1.03102300167236	-1.03102300167236	-0.937932578606353	-1.52571924350847	-1.80015608921023	-1.08103342224703	-1.70007263065325	-1.18924700688726	-2.3466997955783	-1.70007263065325	-2.54737049104045	-1.91138172432046	-2.17964571091514	3.12059288581079	1.95367298573874	1.41450032011526	0.886616713444693	0.662576703083446	0.189878864754019	0.796668476781754	0.475760756701653	0.204164822001496	0.588123724888696	-0.570207798481035	-1.60910085244752	-1.44875820237234	-2.17964571091514	-2.03654486727446	-1.52571924350847	-1.31060786389153	-1.18924700688726	-4.74459506837667	1.56713974077624	1.97803472647878	2.22988384264837	0.842653590023577	1.31218894485195
S5B3040	4.14064837137365	4.1119693587017	3.61424090758739	3.73722424916305	3.22297623300824	3.69052315611707	3.27836673475255	2.91452894681595	2.71159751188301	3.06193614898064	2.87772908725566	2.46972268171883	2.4411322888673	2.74425347485707	2.32055077919912	2.15967451118172	2.16605920964639	2.12048582313612	2.24260766089101	1.84631188165111	2.03173195545976	1.8441188983161	1.92627033267885	1.65893925449359	1.55607086062693	1.34854411480257	1.59624843085938	1.31184274795214	1.41139201846224	1.42483759917159	1.315574095565	1.39776318740663	1.30809742522198	0.837718491036582	0.667930670389884	0.292266189961023	0.436747772516257	0.342781980097925	0.74988777766355	0.480614454621839	0.555028940187922	0.332880909115214	0.371910253020949	0.64634709872271	0.0600139224485732	0.147569813472893	0.454526018537541	0.159474715979211	0.0984802032763694	0.171239557558798	0.194361974979652	-0.316463648786339	-0.050443073115737	0.418647730872639	0.352585980194546	0.205725733629967	-0.191300505832332	0.110980366040601	-0.316463648786339	0.1233262018629	-0.208250064146106	0.135521474956718	-0.504515880289278	-0.243036180231521	-0.191300505832332	-0.297595164481956	-0.796036729048225	-0.504515880289278	0.0200085878348739	-0.600976146476841	-0.626618577090178	-0.459564492427012	-0.459564492427012	-0.551583391147264	-0.395713020440479	-0.243036180231521	-0.437824505790606	-0.504515880289278	-0.504515880289278	-0.375304148809272	-0.142110261641561	-0.0359500658131706	-0.504515880289278	-0.736317494346602	-0.395713020440479	-0.82728927255233	-0.707744121902547	-0.652935885407552	-0.504515880289278	-0.355303482102602	-0.09522667574271	-0.892886555038142	-0.297595164481956	-0.707744121902547	-1.30686235281422	-0.963090813711391	-1.03859836621954	-0.575974844271423	-1.07860370083324	-0.859550134770551	-0.927372731109312	-0.679964557795471	-1.47391643747738	-0.626618577090178	-0.796036729048225	-1.30686235281422	-0.892886555038142	-1.1202763972338	-1.25685193223955	-1.1202763972338	-0.963090813711391	-1.03859836621954	-0.600976146476841	-1.25685193223955	-1.30686235281422	-1.35950608629964	-1.25685193223955	-0.82728927255233	-0.963090813711391	-0.395713020440479	-0.765731379552896	-0.927372731109312	-1.00013208539174	-1.2092238832503	-1.07860370083324	-1.35950608629964	-1.03859836621954	-1.07860370083324	-0.504515880289278	-1.41507593745445	-0.892886555038142	-1.75154817407566	-1.53643679445872	-1.07860370083324	-1.83492978301471	-1.47391643747738	-1.83492978301471	-2.40547464148233	-1.67458713293953	1.78999069213957	1.53236604697176	1.35572547421124	0.736686265805013	0.0335223070015971	-0.679964557795471	-1.03859836621954	-1.07860370083324	-0.707744121902547	-0.927372731109312	-1.67458713293953	-2.57252872614549	-1.67458713293953	-2.40547464148233	-1.60312816895739	-1.47391643747738	1.89546707593958	1.54724727396841	1.65364122885603	1.11862087650298	0.631694821935839	0.769368913235372	0.912898389544416	-0.0216641085656937	-1.41507593745445	-1.2092238832503	-1.41507593745445	-1.67458713293953	-2.13721065488765	-1.92590156122044	-1.41507593745445	-2.77319942160764	-1.60312816895739	-2.40547464148233	-1.83492978301471	-4.97042399894386	-2.57252872614549	2.63795047543692	2.7406772528963	1.71043067984635	2.35669929331543	0.907311782835777	0.239062153897559	0.831694376433201	0.342781980097925	0.302575559619885	0.639047796241098	-0.243036180231521	0.0200085878348739	-1.53643679445872	-0.927372731109312	-1.16376150917354	-1.75154817407566	-1.92590156122044	-1.67458713293953	-3.02451384988855	2.31645241280684	1.67985504964356	1.99276598692638	1.84192109523362	1.03838918649873
S5B5060	4.4972710668445	4.39007641851117	3.80919347450499	3.91523487286066	3.44586219358668	3.61779055903736	3.51799645994576	3.04616846664813	2.95152207711046	3.24248343834537	2.99903695271797	2.79712805867633	2.69309167070653	2.83392150655813	2.52017752101447	2.38224910269879	2.33830530145567	2.31650607311308	2.33289988288876	2.34902926481864	2.15328468769255	2.02913004504013	1.96597775154738	1.89577349287413	1.78026060575229	1.50763984111761	1.70191713383171	1.45254116024067	1.72208588471533	1.58307241424505	1.48680575421476	1.38959904028387	1.6279397526021	1.00366355919719	0.989917638292555	0.783076464324282	0.82474916072485	0.739591352384543	0.808287883670777	0.646500929318531	0.656209743445491	0.63669692922191	0.565237965239765	0.586181139085008	0.28633558044003	0.257964883310814	0.596490508743869	0.300224692600697	0.151804687482424	0.586181139085008	0.0508787688924635	0.429436424080703	0.228765728618552	0.243471876008248	0.183303354541795	0.119281495776864	0.135675305552541	0.0330211514924565	0.453389665103196	0.243471876008248	0.228765728618552	-0.0417800615902415	0.366916067099369	-0.386049608671486	-0.25766844202328	-0.143909556666622	-0.533374323428345	0.0148388324092665	0.119281495776864	-0.282059895147439	0.0148388324092665	-0.0613885329786177	-0.0813891996852871	-0.00368021535797114	-0.282059895147439	0.0148388324092665	-0.50212177992424	-0.533374323428345	-0.282059895147439	-0.210600931165294	-0.359020936283567	0.730662721640241	0.0330211514924565	-0.332703627966193	-0.25766844202328	-0.25766844202328	-0.0225486996623538	-0.233857793329561	-0.25766844202328	-0.744683417095552	-0.25766844202328	-0.533374323428345	-0.386049608671486	-0.533374323428345	-0.533374323428345	-0.50212177992424	-0.442402545222618	-0.386049608671486	-0.869846560049558	-0.869846560049558	-0.78468875170925	-0.565635185646566	-0.915308934126315	-0.669175864587406	-0.633457781985327	-1.12116098833046	-0.669175864587406	-1.01294740369023	-0.598971605914158	-0.633457781985327	-1.06559113717565	-0.565635185646566	-1.1800014883534	-1.06559113717565	-0.598971605914158	-1.3092132198334	-0.962936983115569	-1.1800014883534	-1.38067218381555	-0.869846560049558	-1.73207007065344	-1.84329570576366	-0.565635185646566	-1.38067218381555	-1.3092132198334	-0.915308934126315	-1.12116098833046	-1.12116098833046	-1.54101483389073	-1.06559113717565	-1.63198661209645	-1.01294740369023	-0.915308934126315	-1.01294740369023	-1.1800014883534	-1.38067218381555	-1.12116098833046	-2.27861377702151	-1.96845884871767	0.404895315164586	0.257964883310814	-0.307061197352856	0.721653651697876	-0.0613885329786177	-0.915308934126315	-0.915308934126315	-0.962936983115569	0.0684230785433728	-1.24252184533473	-0.962936983115569	-2.11155969235834	-1.12116098833046	-0.869846560049558	-1.54101483389073	-1.24252184533473	1.53609704593164	0.167678036638714	-1.1800014883534	0.864754495338549	-1.24252184533473	-1.01294740369023	-0.869846560049558	-1.06559113717565	-0.25766844202328	-1.01294740369023	-1.54101483389073	-0.706217136267755	-2.11155969235834	-1.45763322495168	-1.24252184533473	-1.12116098833046	-1.84329570576366	-1.24252184533473	-1.63198661209645	-2.11155969235834	-2.27861377702151	1.27673428446791	2.33109156413198	0.151804687482424	2.28098832105707	-0.962936983115569	0.925609771059824	-1.84329570576366	-0.307061197352856	-2.27861377702151	-1.3092132198334	0.243471876008248	-1.84329570576366	-0.386049608671486	-1.06559113717565	-1.73207007065344	-1.1800014883534	-1.84329570576366	-2.11155969235834	-1.84329570576366	-0.0225486996623538	0.300224692600697	-0.143909556666622	-0.00368021535797114	-0.565635185646566
S6A07	4.5663246282941	4.5000559503199	3.99229428911944	3.76579904685331	3.45956057264171	1.92120138619075	3.22196836465738	3.23019625917617	3.08457095853058	2.89925549683866	2.74795288553752	2.79189405325426	2.78797823816743	2.62767823383408	2.63570579987883	2.4212338502775	2.58173375778342	2.54113777750302	1.9756984112929	2.52340457056723	2.33248384636483	2.15155343285111	2.06243350702646	2.07851425555491	1.82320381796062	1.69132577374249	1.70879346678288	1.26583774975922	1.43875189945127	1.42351350934634	1.31836623603925	1.40803931276374	1.4311617301846	1.23850119559546	0.957723638490228	1.0785601116335	0.907556379772209	0.592713485074378	0.519621601069042	0.791780973780313	0.784534565259547	0.592713485074378	0.881496273102344	0.144497210013549	0.592713485074378	0.701152956320495	0.332549441516489	0.211188584512222	0.669021678137702	0.461068292317467	0.297662182516048	-0.0873044040437749	0.635823608728106	0.332549441516489	0.490773446731383	0.510097719557786	-0.140888650177881	0.273708941493555	0.332549441516489	-0.159407697945119	0.321055062090754	-0.197507544177389	-0.257525553903642	0.0581125958147286	-0.278359640806484	0.171709773538434	0.130608097852882	-0.0531130392954955	-0.343600162674885	0.116523357971143	-0.462788679940004	-0.389585275916708	0.158196054371711	0.0730382460314045	-0.0873044040437749	-0.462788679940004	-0.389585275916708	-0.278359640806484	-0.627543913016059	-0.0873044040437749	0.185043304407899	-0.462788679940004	-0.0700625976092688	-0.514748418870715	-0.104848713694684	-0.488431110553341	-0.0039227951047236	-0.159407697945119	-0.982088930696966	-0.689101806015493	-0.657849262511388	-0.627543913016059	-0.627543913016059	-1.02557404263671	-1.27688847091761	-0.0039227951047236	-1.16867488627738	-0.657849262511388	-0.940416234296398	-0.627543913016059	-0.343600162674885	-0.56955665536571	-1.02557404263671	-1.5363996664027	-0.598130027809765	-0.343600162674885	-0.541777091258634	-0.824903347174554	-1.07103641671346	-0.900410899682699	-0.721362668233714	-0.541777091258634	-0.389585275916708	-0.982088930696966	-1.11866446570272	-1.61336070753882	-0.721362668233714	-1.61336070753882	-1.27688847091761	-1.16867488627738	-1.69674231647788	-0.982088930696966	-0.689101806015493	-0.861944618854903	-1.46494070242055	-0.940416234296398	-1.07103641671346	-0.627543913016059	-1.33572897094054	-1.27688847091761	-0.982088930696966	-0.982088930696966	-1.5363996664027	-1.88779755324058	-1.11866446570272	-1.61336070753882	-1.69674231647788	-1.7877140946836	-1.16867488627738	2.7899380624106	1.18635668208921	0.343913200166804	-0.514748418870715	-0.462788679940004	-1.33572897094054	-0.343600162674885	-1.27688847091761	-1.69674231647788	-0.824903347174554	-0.689101806015493	-1.88779755324058	-1.33572897094054	-2.26728717494549	-1.69674231647788	-1.88779755324058	2.18616526666218	0.420036895639605	0.5290556333024	-0.940416234296398	1.06216630185783	1.01130788462434	-0.627543913016059	-0.0039227951047236	-1.02557404263671	-1.33572897094054	-1.5363996664027	-1.46494070242055	-0.754699088501305	-1.5363996664027	-1.69674231647788	-1.7877140946836	-1.7877140946836	-1.88779755324058	-2.12418633130482	-1.69674231647788	-4.83223653240703	0.261513668399737	-0.598130027809765	0.273708941493555	-1.88779755324058	-1.61336070753882	0.211188584512222	-0.861944618854903	0.87487373234185	-0.197507544177389	0.321055062090754	-0.940416234296398	-1.07103641671346	-1.39824932792188	-0.824903347174554	-1.07103641671346	-1.2213186197628	-1.88779755324058	-1.99902318835081	-2.12418633130482	3.47793248957489	2.87796866202551	0.102237400723666	0.87487373234185	-0.789185264572475
S6A1522	4.41304319857425	4.34116199419629	3.80526909482863	3.78955961556714	3.39007073317272	3.14346694617327	3.08937574725017	3.08480952927059	2.97153576236401	3.00876340128153	2.73692227410406	2.69591123600869	2.69185169051482	2.5223292306397	2.54142288945528	2.47798699109619	2.25295248428628	2.24238156132627	2.11082180807558	2.29010846117438	2.19226214001575	2.00343904703698	2.01950364954079	1.93357824550856	1.76705026897275	1.46154651184464	1.4091535777837	0.982687080141144	1.36414598172626	1.43330934166303	1.27876081022917	1.28431638007378	1.20956895356596	1.16062952452574	0.990149801342734	1.08917056054359	0.871901973672406	0.678642150478883	0.747296555216961	0.688743246465387	0.637185436800537	0.438863538660141	0.270635744942047	0.571588154314723	0.51343223415765	0.104968623053229	0.42587634313333	0.604924574582316	0.285787549962648	0.31541934756902	0.593935453006721	-0.0298505997557226	0.0301674099705305	0.501383895641475	-0.138653459604522	-0.314102137110714	0.0493987718984181	-0.0506846866585646	0.0682672562028008	-0.210112423586667	-0.493687714085794	0.0682672562028008	-0.0719620851058496	0.0301674099705305	-0.314102137110714	-0.0298505997557226	-0.597228393026634	-0.561510310424555	-0.235113725792084	-0.67273594553478	-0.314102137110714	-0.210112423586667	-0.597228393026634	0.122826240453235	-0.235113725792084	-0.461426851867573	-0.399868958868139	-0.634269664706983	-0.185720970462508	-0.0937020717422552	-0.493687714085794	-0.430174308363468	-0.0937020717422552	-0.138653459604522	-0.235113725792084	-0.399868958868139	-0.940999932129459	-0.210112423586667	-0.430174308363468	-0.493687714085794	-0.260756156405421	-0.843361462565543	-0.461426851867573	-1.30872471225478	-0.314102137110714	-0.0298505997557226	-0.461426851867573	-1.3856857533909	-0.797899088488786	-1.3856857533909	-0.597228393026634	-1.10805401679263	-1.30872471225478	-1.3856857533909	-0.940999932129459	-0.430174308363468	-0.712741280148478	-0.940999932129459	-1.30872471225478	-1.30872471225478	-0.527024134353386	-1.10805401679263	-1.66012259909266	-0.712741280148478	-0.712741280148478	-1.3856857533909	-1.17057437377396	-1.23726574827263	-1.56003914053568	-1.10805401679263	-0.940999932129459	-0.561510310424555	-1.30872471225478	-1.46906736232996	-0.712741280148478	-0.940999932129459	-1.77134823420289	-0.993643665614881	-1.17057437377396	-0.890989511554797	-1.66012259909266	-0.993643665614881	-2.03961222079757	-1.23726574827263	-1.17057437377396	-2.65865142920379	-1.30872471225478	-1.77134823420289	-2.65865142920379	2.94872502734131	1.30623506578142	-0.260756156405421	1.00491021692585	-0.0506846866585646	-0.561510310424555	-1.10805401679263	-1.66012259909266	-1.23726574827263	-0.993643665614881	-0.993643665614881	-1.56003914053568	-1.17057437377396	-1.56003914053568	-2.40733700092289	-2.40733700092289	3.39410978275667	-0.634269664706983	-0.260756156405421	1.27876081022917	0.904826758368872	0.975168247727117	0.0105589385821543	-0.0719620851058496	-0.493687714085794	-0.940999932129459	-2.65865142920379	-1.56003914053568	-2.40733700092289	-0.940999932129459	-2.03961222079757	-1.46906736232996	-1.77134823420289	-2.20666630546073	-1.30872471225478	-1.66012259909266	-2.65865142920379	1.14164161228105	1.36414598172626	2.33372290575785	1.41403163623713	-4.6045615782591	0.122826240453235	0.140370550104145	1.8331900714773	0.626547038595481	1.09588199513158	0.412718258555819	0.896696632285622	-1.66012259909266	-1.17057437377396	-2.20666630546073	-1.66012259909266	-1.66012259909266	-2.40733700092289	-2.03961222079757	3.77037656557626	2.1010775166009	0.593935453006721	1.04088531938413	-0.597228393026634
S6A3040	4.66242266998064	4.59432356104375	4.0554922443702	4.13738971649627	3.67302062916801	3.2225481435586	3.33168270312269	3.39232146851052	3.2289635625148	3.12043018254085	2.87225055306532	2.8881119127843	2.94137030395357	2.6852740983244	2.78727882900481	2.66768105196946	2.74495342561122	2.61098960054752	2.52644675110122	2.42341452520299	2.52537032473249	2.34788358799311	2.16491873751342	2.25212314606431	1.97313167440482	1.85826766703398	1.69692081749519	1.57929190066473	1.65409311374743	1.57651412110083	1.87491737527055	1.58206198553854	1.44595862592099	1.45227776227247	1.22716376697096	1.26585331192114	0.957077456409561	1.08769763882662	0.812783295204845	0.957077456409561	0.93089795082779	0.6581349791394	0.563173170702473	0.622670269567117	0.6581349791394	0.378550116920239	0.524105702511563	0.499910973924506	0.396815464897532	0.593364142981618	0.539916308538205	0.2081389162212	0.44969121694548	0.578382589366001	0.0800571283642419	-0.110998108398467	0.432374766934019	-0.17303349931792	0.331371556645148	0.0548985687280874	-0.141534832258549	0.311858742421566	0.44969121694548	-0.0813663107920961	-0.406227386485631	0.197149794645605	0.432374766934019	0.174802495953608	-0.126149913419069	-0.490487730103371	-0.309999354391077	-0.44747034501968	0.0924029641865411	-0.239173301822465	-0.256415108256971	-0.657541814766537	0.116646575796534	0.104598237280359	0.0924029641865411	-0.126149913419069	-0.17303349931792	-0.347386886462698	0.0548985687280874	-0.468747743466965	-0.858212510228689	-0.0385026063603142	-0.291817035307887	-0.512710866888081	-0.256415108256971	-1.24014712092666	-0.738667359578906	-0.0385026063603142	-0.738667359578906	-0.110998108398467	-0.44747034501968	-0.71088779547183	-0.222223743508692	-0.767240732022962	-0.110998108398467	-0.958295968785671	-0.309999354391077	-0.683859123083911	-0.490487730103371	-0.256415108256971	-1.24014712092666	-0.796654617229255	-1.0310553230681	-0.71088779547183	-1.15119963491016	-0.796654617229255	-0.558695980129905	-0.858212510228689	-1.0695216038959	-0.606898081947782	-1.0310553230681	-0.512710866888081	-0.858212510228689	-1.10952693850959	-0.239173301822465	-1.50483967515374	-1.10952693850959	-1.28777516991591	-1.1946847468499	-0.958295968785671	-0.6318993841532	-1.0310553230681	-1.44599917513081	-0.89047337244691	-1.390429323976	-1.24014712092666	-1.15119963491016	-2.29329703551801	-1.28777516991591	-1.1946847468499	-1.9568247988968	-1.0310553230681	-1.0695216038959	-1.63405140663375	-1.10952693850959	-3.39190932418612	-0.0813663107920961	-1.70551037061589	0.432374766934019	-0.0525873462420527	-0.796654617229255	-0.683859123083911	-1.0695216038959	-1.15119963491016	-0.6318993841532	-1.70551037061589	-1.28777516991591	-2.05690825745378	-2.16813389256401	-2.16813389256401	-1.78247141175202	3.18260848068473	-2.05690825745378	-0.0813663107920961	0.174802495953608	-1.15119963491016	-1.28777516991591	0.229761380234366	-0.958295968785671	-0.796654617229255	-1.0310553230681	-2.05690825745378	-1.24014712092666	-2.60345196382185	-1.44599917513081	-1.24014712092666	-2.804122659284	-1.78247141175202	-0.958295968785671	-3.05543708756491	-1.50483967515374	-1.390429323976	1.23502235358348	1.55968342927635	1.48937629788229	0.555480825079317	-2.16813389256401	0.563173170702473	0.104598237280359	1.40056996010696	0.405824534839898	-0.0813663107920961	0.250926191426409	0.38772449319628	-1.50483967515374	-1.44599917513081	-3.39190932418612	-2.804122659284	-2.43639787915868	-5.00134723662022	-1.9568247988968	2.37328177859872	-2.29329703551801	-1.1946847468499	0.81873569373214	2.23066309504454
S6B07	4.80790989472401	4.74387546072962	4.27262098986733	4.15360467856097	3.83960721102478	-0.652571075043002	3.570799130107	3.41708526054402	3.43278585068172	3.25290422508284	3.18222980253727	3.04599812360341	2.95378452572415	2.91710986841811	2.92184220496351	2.73555884184631	2.71907101314338	2.87224026258633	2.71327179428103	2.65335121391857	2.57968847113953	2.37272000075253	2.37578122763292	2.27172172751624	2.01538785864491	2.17318418596601	1.9379592136776	1.76428211149998	1.75674201922669	1.65106609590185	1.60809493061642	1.87273642796613	1.73570873905593	1.42291528679391	1.37419117064141	1.08326760426545	1.05313349742138	1.13391133708421	1.02992162356016	0.998109795925147	0.969419303462218	0.840924212402736	0.900574921098712	0.792488595303141	0.709754095963892	0.850336046585082	0.746795367644242	0.787513460663027	0.59567040873352	0.792488595303141	0.589609784121829	0.693449386938949	0.253137547500616	0.507284838865826	0.53975522389661	0.682429991689339	0.558743136141302	0.473724642373525	0.607682565181523	0.500662298105333	0.227274036910697	0.358072440679151	0.23596974387825	0.278348966847112	0.286613476697005	0.0352990484160998	-0.0765492517204693	0.00303818619787855	-0.229714224222969	-0.030298234069714	0.126270826621826	0.0352990484160998	-0.137543764423311	0.0458254614030871	0.294810243901185	0.024660650211044	-0.00795093537771674	0.154844199065883	-0.533619132181637	0.182623763172958	-0.301173188205113	-0.673848473490287	-0.176010045251108	-0.216015379864807	-0.410657421046801	-0.286467040815418	0.278348966847112	-0.444274031845787	-0.0416619927200284	-0.100502492742963	-0.0647844101408825	0.0767557620944457	-1.06331324025201	-0.496917765331209	-0.271974033512851	-0.229714224222969	-0.695588460126693	0.00303818619787855	-0.652571075043002	-0.030298234069714	-0.717811596911403	-0.695588460126693	-0.176010045251108	-0.673848473490287	-0.479060147931202	-0.571718978413907	-1.00175534725258	-0.257688076265374	-0.301173188205113	-0.394263611271125	-0.717811596911403	-0.444274031845787	-0.837000114176521	-0.533619132181637	-0.652571075043002	-0.496917765331209	-0.176010045251108	-0.915988525495151	-0.444274031845787	-0.837000114176521	-0.811998811971104	-0.461515838280293	-0.652571075043002	-0.316098838421789	-0.972341462046283	-0.271974033512851	-1.09557410247023	-1.09557410247023	-0.763796710153226	-1.16339669880899	-0.763796710153226	-0.763796710153226	-1.44524785094998	-1.19911478141107	-1.59553005399932	-0.740539847988959	-0.811998811971104	-1.06331324025201	-1.31462766853292	2.17940311148167	1.54465350229322	-0.717811596911403	-3.00922338930732	0.0139078584347825	-0.479060147931202	-0.427324473532013	-0.811998811971104	-1.65109990515413	-1.03206069674791	-0.515100084414399	-1.09557410247023	-0.787607358846945	-0.915988525495151	-1.09557410247023	-1.83915213665707	-0.888959853107232	-0.362260880184952	-0.202501660698084	-1.49287589993923	0.45997872146889	0.751976726386239	-2.2620089874771	1.11970150651156	-0.496917765331209	-1.09557410247023	-0.837000114176521	-0.862642544789859	-1.27462233391922	-0.837000114176521	-1.31462766853292	-2.49839776554133	-1.16339669880899	-1.31462766853292	-1.39978547687322	-2.16192552892012	-1.12891052273782	-5.20644796664354	-5.20644796664354	-1.59553005399932	-5.20644796664354	-0.100502492742963	0.45997872146889	-5.20644796664354	-1.7724607621584	-3.59701005420944	-1.44524785094998	0.191714734874211	-5.20644796664354	-0.862642544789859	-0.837000114176521	-1.31462766853292	-1.49287589993923	-1.31462766853292	-2.37323462258733	-2.49839776554133	3.09730444891987	1.97514397796832	-5.20644796664354	1.82263959750612	-5.20644796664354
S6B1522	4.50588590970129	4.45891970624203	3.88315175177644	3.90813607916569	3.57551854657063	1.95441759749214	3.33858102374624	3.15943054185795	3.02683030454048	3.08285502322297	2.95294642760326	2.74098101789634	2.80036300974244	2.71744026212943	2.65557424372052	2.48510149840546	2.36585662684084	2.48954348238888	2.37831784727866	2.41000849437269	2.29304995375983	2.1697730953856	2.15594799039376	2.05854746027538	1.81668764787721	1.62059086505935	1.66452557938955	1.80137006173704	1.47891163010651	1.50297294126663	1.39645606965274	1.28464689046838	1.4030458793318	1.21181778172164	1.21578604089726	0.97516389230909	0.731020523801133	0.868963393401538	0.907429674229334	0.762668734751915	0.756418714406744	0.775052793951637	0.718075359209096	0.805358143446965	0.5933464325016	0.548055673321437	0.52461710034942	-0.0887914625499757	0.578476270022149	0.459287752757031	0.563381643799664	0.398399383082018	0.109221424038655	0.407328013826319	0.361865639749562	0.314237590760308	0.508680508086607	0.314237590760308	0.189724642887725	-0.0600124979999324	0.200713764463321	0.144519206119679	0.109221424038655	-0.413652538243511	-0.0320386459575266	0.109221424038655	-0.133575065176949	0.132891168124559	-0.0742984552474093	0.034652728541146	-0.118423260156347	-0.246598453580344	-0.212981842781359	0.109221424038655	-0.133575065176949	0.144519206119679	-0.0048260824326416	0.0601318138421307	-0.718312947229709	-0.0742984552474093	0.034652728541146	-0.804079768987135	-0.133575065176949	-0.299242187065767	-0.196588033005683	0.0726319766063623	-0.0459277581181938	0.0216655330143345	-0.196588033005683	-0.374043400148465	-0.28138456966576	-0.263840260014851	-0.0320386459575266	-0.774665883780841	-1.29520032167379	-0.746092511336785	-0.393651871536841	-0.520136018645961	-0.834385118482464	-0.897898524204789	-1.15862478666804	-0.834385118482464	-0.520136018645961	-0.664966966524417	-1.03848047482598	-0.664966966524417	-0.931234944472381	-0.69128427484179	-0.774665883780841	-0.28138456966576	-1.29520032167379	-0.566121131887784	-0.931234944472381	-0.639324535911079	-0.718312947229709	-0.774665883780841	-1.00143920314563	-0.664966966524417	-0.965721120543551	-1.07694675565378	-0.804079768987135	-1.24757227268454	-1.24757227268454	-1.20210989860778	-0.834385118482464	-1.29520032167379	-1.29520032167379	-1.11695209026747	-0.746092511336785	-1.24757227268454	-0.69128427484179	-1.20210989860778	-0.718312947229709	-1.15862478666804	-1.34521074224845	-1.24757227268454	-1.11695209026747	-1.39785447573388	-1.45342432688869	2.34558994204338	0.704960417131268	-0.965721120543551	-0.413652538243511	-0.317424506148957	-0.718312947229709	-0.897898524204789	-0.931234944472381	-2.44382303091656	-1.34521074224845	-1.00143920314563	-1.11695209026747	-1.96424995065468	-1.71293552237377	-1.20210989860778	-2.44382303091656	2.4682660839416	-0.0887914625499757	-0.542864269723517	0.450813125766058	0.607998709288471	1.12027782168244	-1.71293552237377	-0.393651871536841	-0.589931780581503	-1.03848047482598	-1.87327817244895	-1.07694675565378	-0.497912881861251	-1.24757227268454	-1.64147655839163	-1.64147655839163	-1.34521074224845	-2.30072218727589	-1.57478518389295	-1.7898965635099	-3.399334475944	-1.64147655839163	-5.0087723883781	1.35597836847381	-0.0742984552474093	-1.64147655839163	-0.0887914625499757	0.211583436700225	0.371124965162359	-1.87327817244895	0.0849778124286615	0.144519206119679	-5.0087723883781	-0.834385118482464	-0.542864269723517	-1.24757227268454	-1.71293552237377	-1.71293552237377	-2.06433340921166	-1.96424995065468	3.67715040631262	1.96757568206965	1.68206988904046	1.1159110025161	-5.0087723883781
S6B3040	4.50810612288344	4.39434528053749	3.79203930431092	3.87401057899322	3.38947840104035	2.74271564289475	3.2924516107462	3.12659200177563	2.99697883851691	3.02456679503574	2.81678971387041	2.76152202696934	2.70499356891638	2.6950875939055	2.59463729748673	2.40757142771706	2.39421117555072	2.43763905223925	2.42598088911186	2.31299090865288	2.26976510339336	2.11523354372908	1.96802169738189	1.88875109114936	1.67586688394524	1.51131749689708	1.70039127380832	1.54016565123474	1.42297485723025	1.52102631102404	1.44406526988791	1.34927669315549	1.34159911225645	1.13706740813684	1.09850841453316	0.848597002967844	0.86734755231322	0.523417232644803	0.81654297667776	0.742184409359214	0.557755370225695	0.393000137149639	0.574492162581218	0.540733682656264	0.557755370225695	0.383000053815056	0.120133150482999	0.207689041507319	0.242986823588343	0.341968657137193	0.383000053815056	0.0384551194687317	0.460333257218226	0.195640702991144	-0.200774569597103	0.171099594075026	0.331442244150206	0.0664289715111375	-0.114514225312695	0.120133150482999	0.145941034438872	0.432029481055374	0.207689041507319	-0.315184920774846	-0.0661176844508455	-0.315184920774846	-0.0661176844508455	-0.114514225312695	-0.0981204155370188	-0.275575782679801	-0.218956888680293	-0.295184254068177	-0.200774569597103	-0.0351074477082847	-0.377705277756181	-0.218956888680293	-0.218956888680293	-0.165372642546187	-0.46765351441912	-0.200774569597103	-0.515855616236998	-0.619845329761045	-0.218956888680293	-0.444396652254853	-0.275575782679801	-0.399445264392587	-0.0819910336071352	-0.902971585676966	-0.335593792406054	-0.491464163112839	-0.356427879308896	-0.46765351441912	-0.356427879308896	-0.676198266312177	-1.19673270420513	-0.735917501013799	-0.619845329761045	-0.799430906736125	-1.14910465521587	-0.515855616236998	-0.356427879308896	-0.46765351441912	-0.978479138185111	-0.421668401177297	-1.19673270420513	-1.35495670942002	-0.566499349055753	-0.940012857357315	-0.867253503074886	-0.978479138185111	-0.735917501013799	-1.10364228113912	-0.515855616236998	-0.444396652254853	-0.940012857357315	-0.799430906736125	-1.10364228113912	-1.06015716919938	-1.19673270420513	-0.832767327003717	-0.592816657373126	-1.01848447279881	-1.06015716919938	-1.24674312477979	-1.24674312477979	-1.69142894604124	-0.832767327003717	-1.06015716919938	-0.940012857357315	-0.867253503074886	-1.965865791743	-1.47631756642429	-0.867253503074886	-1.69142894604124	-1.965865791743	-1.965865791743	-1.69142894604124	-2.3453554134479	-1.77481055498029	1.2530100331252	-0.256344420751913	-1.47631756642429	-0.735917501013799	-0.444396652254853	-0.540856918442415	-0.735917501013799	-1.10364228113912	-1.86578233318601	-1.61446790490511	-0.978479138185111	-1.35495670942002	-1.35495670942002	-1.06015716919938	-1.47631756642429	-2.96439462185412	3.03737380039213	-1.19673270420513	0.299181381931985	0.638771313985783	-0.165372642546187	0.120133150482999	-1.10364228113912	-0.0504923665477648	-0.940012857357315	-0.978479138185111	-0.705612151518471	-1.35495670942002	-1.35495670942002	-1.54300894092296	-1.24674312477979	-1.14910465521587	-1.86578233318601	-1.86578233318601	-1.24674312477979	-1.77481055498029	-1.19673270420513	0.44155336256663	0.277081034931318	1.31425365836592	1.27384412002805	-4.91030477090944	0.288192260356389	0.422414022355932	1.4405809458053	0.231358785593224	0.742184409359214	-0.315184920774846	-0.647624893868121	-0.767170044517904	-1.47631756642429	-1.77481055498029	-1.35495670942002	-1.47631756642429	-2.07709142685322	-2.20225456980723	3.22328264675153	0.861136352220579	-0.0981204155370188	0.81654297667776	1.46130707632242
S7A07	4.50740703335914	4.4642803809642	3.94202943838961	3.84828646309627	3.48810843416096	-0.00476653379358183	3.34168279976326	3.1578554453651	3.04381764793802	3.01336261931703	2.930634878211	2.66967679664289	2.82340647701123	2.76407586348658	2.58100335455735	2.37430465375915	2.44903453406013	2.32396935348865	2.32230268643618	2.42071669552362	2.20566578271042	1.97476022606072	2.03211539346746	1.99578903834054	1.83835745235686	1.70230984820443	1.75368065896736	1.2709304513308	1.50026007995002	1.46157053499985	1.50026007995002	1.53750833383064	1.29451645033668	1.21699581209585	1.15998555737907	0.906382798580155	0.812789357394884	0.782135616303882	0.871414200742408	0.812789357394884	0.51626326014665	0.835178352288363	0.526364356133154	0.842531326593622	0.584917664884729	0.734317741953389	0.546265510450449	0.474806546468304	0.51626326014665	0.326809732215424	0.301963733628893	0.314463896393125	0.649159933613082	0.138334309847091	0.351053343825417	-0.00476653379358183	0.108256854609814	0.0288500770054032	-0.0395526498789973	0.250339368223586	0.431556562674488	-0.449452355055028	0.250339368223586	0.195904161668569	-0.0574102672790042	-0.132211480361702	0.0928719357703338	-0.213063576990797	-0.192229490087955	-0.132211480361702	-0.192229490087955	-0.0574102672790042	-0.278304098859198	-0.0574102672790042	-0.213063576990797	-0.301032349936754	-0.449452355055028	0.0772466178672531	-0.022008340228088	-0.562247849200372	-0.372491313918899	-1.39964463860486	-0.278304098859198	-0.112980118433815	-0.256080962074488	-0.796648555039216	-0.022008340228088	-0.00476653379358183	-0.592553198695701	-0.278304098859198	-0.151819951750078	-0.476481027442947	-0.723889200756788	-0.112980118433815	-0.234340975438082	-0.449452355055028	-0.623805742199806	-0.504260591550023	-0.256080962074488	-1.10337882246169	-0.835114835867012	-0.835114835867012	-0.532833963994078	-1.27043290712486	-0.960277978821019	-0.623805742199806	-0.960277978821019	-0.835114835867012	-0.689403024685618	-0.723889200756788	-1.05336840188703	-0.960277978821019	-0.796648555039216	-0.796648555039216	-0.449452355055028	-0.916792866881279	-0.449452355055028	-1.33295326410619	-1.27043290712486	-1.10337882246169	-0.723889200756788	-0.759607283358867	-1.27043290712486	-1.00574035289778	-0.875120170480711	-1.15602255594711	-1.39964463860486	-2.05889026748913	-0.875120170480711	-1.33295326410619	-1.27043290712486	-1.00574035289778	-1.21159240710192	-1.47110360258701	-0.960277978821019	-1.72241803086792	-2.2019911111298	-1.39964463860486	-1.27043290712486	4.17774021496756	0.933503104799349	0.431556562674488	-2.56971589125512	-0.397492616124317	-1.15602255594711	-0.796648555039216	-1.33295326410619	-2.2019911111298	-1.8225014894249	-0.960277978821019	-0.759607283358867	-1.27043290712486	-1.8225014894249	-1.63144625266219	-1.63144625266219	-1.21159240710192	0.920034887748482	1.72378306591117	-0.835114835867012	2.48085211317651	1.88849988177631	-1.8225014894249	1.2565071243697	-0.796648555039216	-1.27043290712486	-1.72241803086792	-1.15602255594711	-2.36904519579297	-0.875120170480711	-1.63144625266219	-2.36904519579297	-2.56971589125512	-1.63144625266219	-2.82103031953602	-1.10337882246169	-2.36904519579297	0.612956884949122	-1.8225014894249	-0.532833963994078	-2.2019911111298	2.17907352250789	0.464168148263249	-0.0755925863621942	-1.05336840188703	-1.93372712453512	-2.05889026748913	-0.132211480361702	-0.835114835867012	-1.00574035289778	-1.93372712453512	-1.8225014894249	-1.63144625266219	-1.63144625266219	-3.15750255615724	-1.39964463860486	2.7123591691915	3.34828150397099	0.108256854609814	2.80710453678086	-0.623805742199806
S7A1522	4.41116847676139	4.39071487841044	3.75534912381014	3.70154501766973	3.33909884217652	3.84126860741805	3.06914352325476	3.16309442578383	2.92152010172031	2.90078053788117	2.6284783851812	2.72823422999185	2.73134223560172	2.37986268277767	2.40167379822839	2.21220703402979	2.32781473709026	2.30193093912974	2.16139396467119	2.14200277535654	2.18578541779535	1.89586970581763	1.88145504181545	1.87050602732578	1.74973688631511	1.48592229526997	1.44183802213795	1.16443161226437	1.48592229526997	1.51251960778924	1.16443161226437	1.14945005864876	1.23614692077497	1.12654829436207	1.1418742648403	1.06278167600308	0.723011827160314	0.429532637024206	0.723011827160314	0.429532637024206	0.83241042156742	0.546453975083109	0.573666538607994	0.532564862922441	0.0583566023946744	0.012371489152851	0.242549067124441	0.429532637024206	0.60015815405497	0.0805797391793845	0.381904588034952	0.242549067124441	0.144431211165917	0.381904588034952	0.012371489152851	0.164840082797125	-0.0608319148704441	-0.0864743454837815	-0.16759989029615	0.223680582820058	-0.580132165627407	-0.0864743454837815	-0.112791653801155	-0.538459469226839	-0.352742323431746	-0.0114391595408678	-0.623617277567146	-0.319405903164154	-0.287145040945933	-0.287145040945933	-0.225587147946499	-0.112791653801155	-0.387228499502915	-0.139820326189074	-0.459987853785344	-1.29478555140832	0.184840749503794	-0.319405903164154	-0.352742323431746	-0.459987853785344	-0.716707700633158	-0.996292562852319	-0.16759989029615	-0.255892497441828	-0.352742323431746	-1.38575732961404	-0.459987853785344	-0.766718121207819	-0.874931705848052	-0.0114391595408678	-0.422946582104994	-0.623617277567146	-0.669079651643903	-0.933772205870985	-0.538459469226839	-0.933772205870985	-0.387228499502915	-0.716707700633158	-0.996292562852319	-0.874931705848052	-0.996292562852319	-0.819361854693241	-1.21140394246926	-1.13444290133314	-1.86533040987593	-0.669079651643903	-0.287145040945933	-1.06298393735099	-0.669079651643903	-0.716707700633158	-1.38575732961404	-0.933772205870985	-1.13444290133314	-0.669079651643903	-0.766718121207819	-0.669079651643903	-0.996292562852319	-1.72222956623526	-1.13444290133314	-1.59706642328125	-2.03238449453909	-1.29478555140832	-1.86533040987593	-1.13444290133314	-0.996292562852319	-1.59706642328125	-1.38575732961404	-1.59706642328125	-0.623617277567146	-1.59706642328125	-1.72222956623526	-0.49845413461314	-1.86533040987593	-1.38575732961404	-1.59706642328125	-1.48584078817102	-2.48436961828215	-1.29478555140832	-1.86533040987593	2.13075089855911	0.863025057387027	-1.13444290133314	1.17183905354224	-0.669079651643903	-1.21140394246926	-1.13444290133314	-1.48584078817102	-1.59706642328125	-1.21140394246926	-4.43027976733747	-1.21140394246926	-1.29478555140832	-2.23305519000125	-2.03238449453909	-1.72222956623526	3.95429589946393	0.413907319121126	1.69001765161348	2.04206652716344	1.17919202784749	1.48051687670306	1.07910856929051	1.06278167600308	-4.43027976733747	-0.49845413461314	-2.03238449453909	-2.03238449453909	-1.72222956623526	-2.48436961828215	-2.48436961828215	-2.82084185490337	-2.82084185490337	-1.72222956623526	-1.72222956623526	-2.03238449453909	-2.03238449453909	2.63019659866234	1.89228547258982	2.93426724691818	1.60280645446134	-0.035830612665027	0.711383789165195	1.17183905354224	1.51251960778924	1.91360066678887	1.48051687670306	-1.29478555140832	0.711383789165195	-0.933772205870985	-1.86533040987593	-2.23305519000125	-1.72222956623526	-2.03238449453909	-1.06298393735099	-4.43027976733747	4.09785336411711	0.429532637024206	1.77022940670522	1.37786272264298	2.61113189645734
S7A3040	4.40652217222635	4.3487899455484	3.80108269902329	3.77452941481974	3.45771247029143	4.06852560174118	3.25821376441553	3.10264675752188	2.93222807888743	2.84318624434742	2.73065546679142	2.69117665581763	2.67975389402538	2.61057450757007	2.52899172258828	2.50813207053585	2.37575137509516	2.27454984844318	2.15666892232614	2.1442574154828	2.17586671960431	2.04492488388652	1.88731996919118	1.91686757328714	1.77772134277828	1.52419818913782	1.56322753304356	1.389481540952	1.23817311789367	1.49730581223873	1.08070568544042	1.28137638090257	1.389481540952	1.03848305501807	1.25567903540729	0.655670481138158	0.671357077305857	0.384971181315523	0.573319445976338	0.607077925901292	0.709529650810887	0.405484721148626	0.520443693928391	0.56469870293243	0.320778023676463	0.607077925901292	0.112713579189373	0.320778023676463	-0.0179066032276909	0.139560829225561	0.0990147348312114	0.0126301206323909	0.520443693928391	0.126227298356096	-0.0494052702870613	0.112713579189373	-0.0335319211307716	0.0851256226705441	-0.366859501072513	0.0126301206323909	-0.150331188877022	-0.223758657431839	-0.0494052702870613	-0.870385822356892	-0.0819284619926215	-0.0655346522169449	-0.262598490748103	-0.150331188877022	-0.345119514436107	-0.150331188877022	-0.223758657431839	-0.834667739754813	-0.223758657431839	-0.242990019359727	-0.345119514436107	-0.282599157454773	-0.262598490748103	-0.73458428119783	-0.0494052702870613	-0.282599157454773	-0.615039130548047	-0.703331737693726	-0.186371125360219	-0.389082637857223	-0.0179066032276909	-1.26680109494514	-0.800181563683643	-0.643612502992103	-0.643612502992103	-0.587259566440971	-0.800181563683643	-0.673026388198397	-0.703331737693726	-0.870385822356892	-0.870385822356892	-0.643612502992103	-0.150331188877022	-0.508271155122341	-0.73458428119783	-0.673026388198397	-0.411810888934779	-0.834667739754813	-0.435067751099046	-0.800181563683643	-0.985898709478736	-0.73458428119783	-0.615039130548047	-1.1165188918958	-0.673026388198397	-1.0275714058793	-1.16414694088505	-1.16414694088505	-0.985898709478736	-1.16414694088505	-1.16414694088505	-0.985898709478736	-1.1165188918958	-0.673026388198397	-0.533913585735679	-1.32237094609995	-2.31276965012783	-1.32237094609995	-0.870385822356892	-1.0275714058793	-1.32237094609995	-1.26680109494514	-0.800181563683643	-1.1165188918958	-1.0275714058793	-1.83319656986594	-1.1165188918958	-0.907427094037241	-1.21415736145972	-1.65884318272116	-0.985898709478736	-1.44373180310422	-2.04450566353315	-1.21415736145972	-1.65884318272116	-0.643612502992103	0.36402800747028	-2.04450566353315	0.899933315633294	-0.508271155122341	-0.533913585735679	-0.800181563683643	-0.587259566440971	-1.21415736145972	-1.16414694088505	-1.21415736145972	-1.38121144612288	-1.32237094609995	-1.74222479166021	-2.47982373479099	-4.87771900758936	3.45049048415937	-0.834667739754813	1.92800354582762	1.35472900896116	-0.00252168438821077	0.906106174740374	0.899933315633294	1.14572858537167	-1.21415736145972	-1.07105651781904	-1.58188214158503	-1.44373180310422	-1.83319656986594	-1.83319656986594	-0.945893374865037	-1.74222479166021	-1.32237094609995	-1.21415736145972	-2.47982373479099	-2.47982373479099	-3.26828109515526	0.36402800747028	1.9433884646671	2.50937122806739	1.31054511549323	-1.83319656986594	0.165706109329884	0.342636817488962	1.15055951264134	1.43401580156355	1.10116675731176	-0.204890173127457	0.774770172679288	-1.07105651781904	-0.766845143416051	-1.16414694088505	-0.766845143416051	-2.68049443025314	-1.93328002842292	-1.21415736145972	3.10059196227836	-1.32237094609995	1.79304731325651	0.464615244375448	-0.150331188877022
S7A5060	4.51941831051259	4.3820951410341	4.00496872200449	3.94784171372018	3.59173190118954	4.29731156592682	3.23701514482579	3.36434205899388	3.21373120587175	2.93581674379802	2.76309129840688	2.96342585941208	2.64137261697131	2.46363344686697	2.84128386679225	2.54501805064908	2.52645603278902	2.67018119360309	2.17678228430927	2.45360830024759	2.37503386761497	1.96273346290095	2.07914381474536	2.14984462857747	1.77297692761947	1.95446895305105	1.66816905082622	1.77297692761947	1.28185637493282	1.32948442392207	1.1425008540223	1.24879551267193	1.16101990178954	1.19705983827274	0.935580138214982	0.674364638951364	0.61280674595193	0.864121174232837	0.703778524157658	0.644059289456035	1.04438299806378	0.580545883733709	0.580545883733709	0.512723287394948	0.276334509330717	0.361492317671025	0.644059289456035	0.133233665690044	0.477005204792869	0.644059289456035	0.401497652284724	0.547209463466118	0.133233665690044	0.839119872027419	0.133233665690044	0.183244086264706	0.43996393311252	0.0805899322046222	0.43996393311252	0.361492317671025	0.0805899322046222	-0.311452155571401	-0.965378622978065	-0.822277779337392	-0.0963407759544559	-0.0338204189731219	-0.311452155571401	-0.234491114435273	-0.0338204189731219	-0.485805542716179	-0.485805542716179	0.361492317671025	0.0250200810498118	-0.234491114435273	-0.394833764510452	0.0250200810498118	-0.485805542716179	-0.585889001273161	0.512723287394948	0.183244086264706	-0.697114636383386	-0.0338204189731219	0.0250200810498118	-0.485805542716179	0.133233665690044	-0.697114636383386	0.0805899322046222	-0.697114636383386	-0.585889001273161	-0.485805542716179	-0.585889001273161	0.183244086264706	-0.822277779337392	-0.697114636383386	-0.697114636383386	-1.13243270764123	-0.965378622978065	-0.311452155571401	-0.0963407759544559	-1.13243270764123	-0.311452155571401	-0.311452155571401	-0.394833764510452	-1.13243270764123	-0.697114636383386	-0.311452155571401	-1.58441783138429	-0.585889001273161	-1.58441783138429	-0.822277779337392	-0.394833764510452	-0.822277779337392	-1.33310340310338	-1.13243270764123	-1.13243270764123	-1.13243270764123	-0.585889001273161	-0.822277779337392	-0.585889001273161	-0.585889001273161	-0.163032150453128	-1.13243270764123	-1.13243270764123	-0.697114636383386	-1.58441783138429	-0.697114636383386	-0.965378622978065	-0.965378622978065	-1.58441783138429	-0.311452155571401	-1.58441783138429	-1.33310340310338	-1.9208900680055	-0.697114636383386	-1.33310340310338	-1.9208900680055	-1.58441783138429	-0.822277779337392	-1.58441783138429	1.00227151271365	1.37494679799883	-1.13243270764123	0.0250200810498118	-0.394833764510452	-3.5303279804396	-0.485805542716179	-3.5303279804396	-1.33310340310338	-3.5303279804396	-1.58441783138429	-1.9208900680055	-0.485805542716179	-0.965378622978065	-3.5303279804396	-1.13243270764123	3.29730125406325	-3.5303279804396	1.40414595269109	1.23184595435815	-0.394833764510452	-0.0338204189731219	1.02354891116094	1.00227151271365	-3.5303279804396	-3.5303279804396	-1.33310340310338	-0.697114636383386	-1.33310340310338	-3.5303279804396	-1.13243270764123	-3.5303279804396	-3.5303279804396	-1.9208900680055	-0.965378622978065	-0.394833764510452	-1.33310340310338	-0.311452155571401	2.30155449684391	1.8946220370418	1.96273346290095	-0.585889001273161	1.06479186969499	0.23087213525396	0.43996393311252	1.44640576198097	0.580545883733709	0.512723287394948	-0.311452155571401	-0.311452155571401	-3.5303279804396	-0.822277779337392	-3.5303279804396	-3.5303279804396	-3.5303279804396	-1.9208900680055	2.57223061417397	0.580545883733709	1.2979857568627	0.935580138214982	-1.13243270764123
S7B07	4.70425165669861	4.67112027882095	3.83498862164204	3.91501342757822	3.49122901685276	0.329128642228721	3.36995285088505	3.07071857245078	2.95087193977657	3.05662674388966	2.89764943205786	2.9981854945093	2.93497154800111	2.6168755090565	2.66149829658029	2.32893114152125	2.42108840226596	2.3517537088649	2.54512510184544	2.37406700782889	2.32261533105313	2.25490388287498	2.07731686316314	2.08538142299987	1.98106156751178	1.63683272875539	1.79903714338975	1.44820200276817	1.63263104190169	1.54924943296264	1.51194907154943	1.61135364345441	1.39624226383746	1.00270572659457	0.962377681207597	0.954113171357704	0.894266255348452	1.1218054181357	0.752519966605038	0.986769134331757	0.928901752011208	0.970574448411777	0.587310050283805	0.867478939384803	0.678802390708471	0.403790170997741	0.563066438673812	0.849213591407509	0.839954265994712	0.499754159259485	0.622607832364829	0.418076128245218	0.403790170997741	0.389297163695174	0.550720602851512	0.700424854721636	0.374591016305479	0.160664120096193	0.123276588024573	0.123276588024573	0.214248366230299	0.0844367547083089	0.178846439179383	-0.296577257535691	0.19670405657939	0.123276588024573	-0.0880325056426341	0.31350332432564	0.265106783463791	0.142145072328955	-0.0198242556161006	0.0844367547083089	-0.240224320984559	0.160664120096193	0.123276588024573	0.00191573102030507	0.0844367547083089	0.02319312946759	-0.136234607460512	0.344513561068201	-0.0420473924008107	-1.16338793214648	0.104045226096685	-0.4876324942984	-1.16338793214648	0.02319312946759	-0.296577257535691	-0.356296492237314	-0.111843154336353	-0.186878340279267	-0.0880325056426341	-0.356296492237314	-0.4876324942984	-0.638863464022324	-0.387549035741418	-0.919765849488726	-0.680536160422892	-1.23484689612862	-0.387549035741418	-0.387549035741418	-1.16338793214648	-0.919765849488726	-0.638863464022324	-0.21319564859664	-0.325991142741985	-0.867122116003304	-0.356296492237314	-0.975335700643537	-0.680536160422892	-0.52335057690048	-0.560391848580829	-0.4876324942984	-0.4876324942984	-0.769483646439388	-0.387549035741418	-1.48616132440953	-0.867122116003304	-0.769483646439388	-0.975335700643537	-1.23484689612862	-0.638863464022324	-0.724021272362631	-0.560391848580829	-0.52335057690048	-1.3951895462038	-0.817111695428643	-0.817111695428643	-0.817111695428643	-0.769483646439388	-0.919765849488726	-0.52335057690048	-1.16338793214648	-0.867122116003304	-1.48616132440953	-2.13278848933458	-1.0966965576478	-1.03417620066647	-1.96573440467141	-0.975335700643537	3.6110884425235	1.03383664518974	1.59399962876125	-4.53068376213295	-0.0647756434783671	-0.419809897959639	-0.638863464022324	-1.0966965576478	-4.53068376213295	-0.919765849488726	-0.598858129408625	-0.769483646439388	-1.3951895462038	-1.58624478296651	-1.48616132440953	-1.3951895462038	-1.82263356103074	1.01057978302548	0.550720602851512	-1.48616132440953	2.48233202750668	2.27059927233867	-0.680536160422892	-0.0647756434783671	-0.419809897959639	-0.817111695428643	-1.31180793726475	-1.3951895462038	-0.919765849488726	-1.16338793214648	-0.919765849488726	-4.53068376213295	-1.3951895462038	-4.53068376213295	-2.58477361307764	-1.69747041807673	-1.69747041807673	0.02319312946759	-4.53068376213295	-1.82263356103074	-2.58477361307764	1.2592764087643	0.142145072328955	-0.136234607460512	-1.82263356103074	-4.53068376213295	-1.58624478296651	0.231490172664806	0.142145072328955	-4.53068376213295	-1.48616132440953	-1.96573440467141	-0.4876324942984	-1.16338793214648	-1.69747041807673	-1.82263356103074	2.74379579664092	2.85144060360456	0.178846439179383	2.48771803693625	-4.53068376213295
S7B1522	4.27875266760774	4.2570821115538	3.60560056816395	3.76589406369724	3.19847515749939	3.23694143832719	3.16673717965394	2.9002133327095	2.63277576398494	2.8912164209204	2.73819479168163	2.65247512638937	2.61863292365581	2.58483368947139	2.3366713520588	2.2833469267941	2.23923460113841	2.13896853587012	2.17475389850855	2.20572176476357	2.00145717504683	2.0529154723223	1.81582983011837	1.77528373572402	1.46763350503519	1.30057942037203	1.44101596403523	1.36497935097511	1.28718636303559	1.44869354493427	1.29167067548292	1.21739060110005	1.23648425991562	0.738188165764567	0.805883178535918	0.813129587056685	0.648697595013505	0.605212483073767	0.430859095928989	0.342403675367126	0.232537197788593	0.420220697723933	0.420220697723933	0.559750108997009	0.0643094040704986	0.282862281676109	-0.0317644260191239	0.31901079579242	0.451802269774232	0.151956711129253	0.295057554769927	0.614062098350749	0.0489244852310184	0.179544667648083	0.137871971247515	-0.176158930901018	0.179544667648083	0.123586014000038	-0.0659557907674033	0.219550002261782	-0.278288425977398	-0.322251549398513	-0.10135771781832	-0.215768068996063	-0.11954003690151	-0.416438764458215	-0.176158930901018	-0.416438764458215	-0.441440066663632	0.193058386814806	-0.34497980047607	0.0332991673279377	-0.919067621020027	-0.520428477982262	-0.493399805594343	-0.257011027530113	-0.236176940627271	-0.700014054957342	-0.803554733898182	-0.215768068996063	-0.700014054957342	-0.34497980047607	-0.322251549398513	-0.520428477982262	-0.919067621020027	-0.636500649235016	-0.11954003690151	-0.34497980047607	-0.520428477982262	-0.548208042089338	-0.636500649235016	-0.960740317420595	-0.493399805594343	-1.09731585242635	-0.919067621020027	-0.733350475224934	-0.322251549398513	-0.840596005578532	-1.09731585242635	-0.176158930901018	-0.767836651296103	-1.86644893996421	-0.879062286406328	-0.767836651296103	-1.86644893996421	-0.879062286406328	-0.919067621020027	-1.14732627300101	-0.368236662640337	-0.803554733898182	-1.19997000648643	-0.493399805594343	-1.25553985764124	-1.19997000648643	-1.37690071464551	-0.919067621020027	-1.44359208914418	-1.25553985764124	-0.960740317420595	-1.04968780343709	-1.86644893996421	-1.37690071464551	-1.14732627300101	-1.04968780343709	-0.879062286406328	-0.416438764458215	-1.14732627300101	-2.61366334179443	-2.41299264633228	-0.960740317420595	-1.6753937032015	-1.25553985764124	-1.04968780343709	-1.31438035766417	-1.37690071464551	-1.00422542936033	-2.10283771802844	-2.10283771802844	-1.76636548140723	3.15708526053228	-0.215768068996063	0.889555654260033	0.151956711129253	-0.493399805594343	-0.667753192739121	-1.14732627300101	-1.19997000648643	-1.6753937032015	-2.10283771802844	-1.97767457507444	-1.19997000648643	-1.6753937032015	-1.6753937032015	-2.10283771802844	-2.41299264633228	2.46635980750083	1.23174491455173	0.99725457084979	0.165845823289921	2.23052374466416	1.8315988822366	0.137871971247515	0.258016283089578	-0.879062286406328	-1.00422542936033	-1.86644893996421	-1.44359208914418	-1.44359208914418	-1.97767457507444	-1.76636548140723	-1.59201209426245	-1.04968780343709	-1.76636548140723	-2.10283771802844	-2.61366334179443	-1.76636548140723	1.63641794341056	0.193058386814806	1.76697343859039	0.295057554769927	1.14235541515713	0.960553203999362	0.798583876054306	0.935315271409499	-0.236176940627271	0.841601261137997	0.232537197788593	0.75363248819204	-0.919067621020027	-3.20145000669655	-2.10283771802844	-1.6753937032015	-1.6753937032015	-1.59201209426245	-1.51505105312632	3.60781002553648	2.64556663604556	2.43832713798374	2.0529154723223	0.441385508915976
S7B3040	4.49830540424328	4.41340663123331	3.91272075380296	3.72227645178939	3.40582129788949	2.94772313210676	3.06097151726962	3.11142796818174	3.09215542306071	2.82226016904257	2.6794207120596	2.83352472070863	2.73285154387246	2.48056331948061	2.5543011269068	2.52194314961321	2.4749677812998	2.45472417502316	2.18715209938827	2.18928771151869	2.32288576858776	1.97477348690254	2.04125163269129	2.0200008329952	1.82688209287098	1.72873263709257	1.60469593751309	1.50199005574764	1.38751543308713	1.25006947500083	1.4271476594718	1.59314624223382	1.0745460409207	1.17941863268497	0.979073246269282	1.13143341532275	0.877482202389543	0.881434776705366	0.676371366075216	0.777607164008388	0.7143806920422	0.700295952160461	0.448981523879555	0.366656578623552	0.448981523879555	0.255042593993884	0.120983914249314	0.339899129454003	0.16231210974216	0.319350461226615	0.0866457766684228	0.232653599100405	0.442883944011436	0.209751834813721	0.298370670757421	0.137720706604838	0.4848062503977	-0.0948027988391873	0.201999858009403	-0.03387024784403	-0.329796390070893	-0.126720401807492	0.16231210974216	-0.241130752985237	-0.159690421045062	-0.241130752985237	-0.11596761003123	0.103962226679884	-0.182290252962303	0.00478190659024946	-0.343129920940358	-0.427095301057692	-0.105329211826175	-0.217177511962744	-0.0240662477474087	-0.731955710044558	-0.229082414469062	-0.290830421537509	-0.471878903684665	-0.343129920940358	-0.584902292088061	-0.712347238656181	-0.731955710044558	-0.205412670383157	-0.441801448447388	-0.316638305493382	-0.471878903684665	-0.502889140427226	-0.674247392423911	-0.502889140427226	-0.858439857153677	-0.793199335285276	-0.0843860379809316	-0.471878903684665	-0.193784632388038	-0.518762489583516	-0.731955710044558	-0.674247392423911	-0.977628374418796	-1.3767843133337	-0.928235619089219	-0.534891871513399	-1.0843963498445	-0.836216720368967	-0.655728344656673	-0.619688408173476	-0.772365248382434	-1.20394150049428	-0.977628374418796	-1.45525592877519	-1.00327080503213	-1.11296972228856	-0.793199335285276	-0.567952733774288	-1.68351458075617	-0.836216720368967	-1.2695387829801	-0.772365248382434	-1.0843963498445	-0.712347238656181	-1.00327080503213	-0.952627072213379	-0.814476733732561	-1.41525059416149	-0.904424970395501	-1.3767843133337	-1.49692862517576	-1.23620236271251	-1.14238360749485	-1.2695387829801	-2.05123936088149	-1.68351458075617	-2.5138628828296	-1.49692862517576	-1.63350416018151	-1.41525059416149	-2.63902602578361	-1.97978039689934	-1.68351458075617	1.72194719969244	0.0419955029306838	-0.655728344656673	-0.38423159662591	-0.441801448447388	-0.329796390070893	-0.977628374418796	-0.712347238656181	-2.05123936088149	-0.712347238656181	-1.05661678573743	-1.45525592877519	-1.63350416018151	-1.0843963498445	-1.0843963498445	-1.85056866541934	2.9502181433811	-0.398316336507649	0.217444180436877	0.217444180436877	0.986203401253873	1.28492555050981	0.881434776705366	-0.229082414469062	-1.30402495905127	-1.2695387829801	-1.2695387829801	-1.5404137371155	-1.33974304165335	-1.2695387829801	-1.85056866541934	-1.85056866541934	-2.5138628828296	-1.20394150049428	-1.49692862517576	-3.73763831445172	-1.58587611119225	1.72194719969244	0.845286262589055	1.81299298071031	-0.731955710044558	-0.398316336507649	0.186313261841703	-0.0143574336204484	0.585168960562194	0.912505237179106	0.671516987610418	0.194187318272609	0.430576096336839	-1.17268895699018	-2.12820040201762	-2.21158201095667	-2.94918095408745	-1.85056866541934	-2.5138628828296	-1.91308902240067	3.24429636270467	0.145985216454731	2.11053306282979	0.750998055280423	0.812019161606116
S7B5060	4.58813066635648	4.51303750480252	3.99349330606249	3.86547063536467	3.46465999280801	3.33184940405514	3.19624068812157	3.30804986730593	3.22948186864468	2.89249864580897	2.69278158017234	2.84111119389581	2.85976845150036	2.51438416183452	2.65357834174624	2.63523761672666	2.62873805809856	2.55731359472018	2.2533245289937	2.4452047753792	2.39823164993739	2.2103816429043	2.15808214350145	2.19325060297412	1.93884593737616	1.78454049472263	1.84548371978514	1.486330098482	1.48047356636929	1.4686565898645	1.36872952792967	1.3978578008527	1.03684445531536	1.45669830087563	1.11176935423619	0.950872687526344	0.899710635346476	0.765053750200218	0.616393475979396	0.899710635346476	0.66402152496865	0.823379317153071	0.696704172399008	0.670644065729143	0.0628567341203548	0.788793737503291	0.490300748947295	0.602358157863012	0.69025253711752	0.3182034259292	0.390633263774014	0.505987345114995	0.449972703560323	0.474364156684482	0.240114988957763	0.390633263774014	0.449972703560323	-0.167891416579073	-0.167891416579073	0.240114988957763	0.0985748167224347	0.110202854717554	-0.0943288494020571	-0.51048924662697	-0.0943288494020571	-0.230904384407808	0.0868099751428479	0.289630053485143	-0.389128389622702	-0.108614806649534	0.364083031679893	-0.0258089029653013	-0.247298194183484	-0.137813961341796	0.133060992793603	-0.489211848179685	-0.427968222938966	-0.0526561530014895	0.133060992793603	0.155408291485601	0.364083031679893	-0.51048924662697	-0.427968222938966	-0.78040886273891	-0.214775002477924	0.0383156252042376	-0.752629298631834	0.000336377139021238	-0.532229233263375	-0.752629298631834	-0.333558538467892	-1.1112631070559	-0.183276335418554	-0.351740857551082	-0.554452370048085	-1.0727968262281	-0.648639585107787	-0.673640887313204	-0.554452370048085	-0.699283317926541	-0.315700921067885	-1.1112631070559	-0.263965246668696	-1.67579290979375	-1.1512684416696	-0.965551295874506	-1.00003747194568	-0.489211848179685	-1.19294113807017	-1.03575555454775	-1.37952709365058	-0.932214875606914	-1.32951667307592	-1.60910153529508	-1.23642625000991	-0.752629298631834	-0.899954013388693	-0.932214875606914	-0.554452370048085	-1.03575555454775	-0.932214875606914	-1.48774067829081	-0.838396120389259	-1.1512684416696	-0.965551295874506	-1.432170827136	-0.899954013388693	-0.532229233263375	-3.09717859072491	-0.51048924662697	-1.37952709365058	-1.32951667307592	-1.82421291491202	-1.432170827136	-1.67579290979375	-1.1112631070559	-2.84586416244401	-1.03575555454775	-1.54658117831375	1.08159465111398	0.490300748947295	-1.28188862408666	-0.214775002477924	-0.333558538467892	-1.00003747194568	-1.19294113807017	-0.965551295874506	-1.32951667307592	-1.0727968262281	-1.54658117831375	-1.32951667307592	-1.7472518737759	-2.09864976061378	-2.47813938231869	-1.32951667307592	2.79169936760797	-1.28188862408666	0.166397413061196	0.21960144912466	-0.1231078139521	0.58812304204114	0.229910818783521	-0.247298194183484	-0.389128389622702	-1.0727968262281	-1.19294113807017	-1.7472518737759	-1.54658117831375	-1.9985663020568	-1.1512684416696	-0.932214875606914	-2.09864976061378	-1.54658117831375	-1.7472518737759	-5.04308873978023	-2.20987539572401	1.06837859972245	1.462695320348	1.3454726657654	0.250216084944267	-1.7472518737759	0.498174805378201	0.121697234143289	0.209184688266404	1.14927374969465	0.209184688266404	-5.04308873978023	-0.0943288494020571	-1.432170827136	-0.899954013388693	-1.19294113807017	-1.67579290979375	-2.33503853867802	-2.09864976061378	-1.67579290979375	2.41912619998796	0.289630053485143	1.62259497800218	-0.0802441095203186	0.845789218552656
