sample_id	ASV_1	ASV_2	ASV_3	ASV_4	ASV_6	ASV_7	ASV_8	ASV_9	ASV_10	ASV_11	ASV_12	ASV_13	ASV_14	ASV_15	ASV_16	ASV_18	ASV_19	ASV_20	ASV_21	ASV_22	ASV_24	ASV_29	ASV_33	ASV_35	ASV_40	ASV_48	ASV_51	ASV_58	ASV_59	ASV_60	ASV_62	ASV_65	ASV_71	ASV_85	ASV_97	ASV_110	ASV_125	ASV_130	ASV_141	ASV_150	ASV_155	ASV_157	ASV_163	ASV_167	ASV_198	ASV_201	ASV_204	ASV_215	ASV_222	ASV_226	ASV_227	ASV_243	ASV_249	ASV_253	ASV_275	ASV_278	ASV_280	ASV_286	ASV_300	ASV_317	ASV_329	ASV_345	ASV_362	ASV_376	ASV_383	ASV_399	ASV_415	ASV_442	ASV_450	ASV_451	ASV_453	ASV_470	ASV_473	ASV_475	ASV_480	ASV_487	ASV_493	ASV_494	ASV_501	ASV_505	ASV_506	ASV_511	ASV_516	ASV_548	ASV_551	ASV_552	ASV_584	ASV_622	ASV_653	ASV_668	ASV_689	ASV_692	ASV_743	ASV_771	ASV_774	ASV_776	ASV_784	ASV_798	ASV_802	ASV_892	ASV_913	ASV_921	ASV_935	ASV_942	ASV_944	ASV_969	ASV_1020	ASV_1041	ASV_1042	ASV_1062	ASV_1075	ASV_1081	ASV_1093	ASV_1116	ASV_1163	ASV_1189	ASV_1208	ASV_1254	ASV_1256	ASV_1264	ASV_1291	ASV_1302	ASV_1322	ASV_1344	ASV_1370	ASV_1375	ASV_1408	ASV_1443	ASV_1489	ASV_1518	ASV_1573	ASV_1595	ASV_1727	ASV_1751	ASV_1987	ASV_2082	ASV_2297	ASV_2448	ASV_2949	ASV_41	ASV_109	ASV_114	ASV_434	ASV_568	ASV_977	ASV_1089	ASV_1246	ASV_1356	ASV_1523	ASV_1552	ASV_1873	ASV_1967	ASV_2317	ASV_2603	ASV_3225	ASV_36	ASV_103	ASV_116	ASV_148	ASV_162	ASV_197	ASV_321	ASV_557	ASV_1124	ASV_1487	ASV_1839	ASV_1911	ASV_2235	ASV_2301	ASV_2449	ASV_2616	ASV_2782	ASV_2866	ASV_3218	ASV_3411	ASV_3929	ASV_39	ASV_43	ASV_92	ASV_120	ASV_147	ASV_230	ASV_246	ASV_250	ASV_256	ASV_395	ASV_412	ASV_513	ASV_1514	ASV_1646	ASV_2604	ASV_2653	ASV_2787	ASV_3087	ASV_3227	ASV_23	ASV_68	ASV_79	ASV_86	ASV_101
S1A015	0.124463419186264	0.118397723030982	0.0600037327360956	0.0579040686823442	0.0384005225830534	0.00912187383351997	0.0323581560283688	0.0289753639417693	0.025219298245614	0.0227696901829041	0.0186170212765957	0.020903322135125	0.0213699141470698	0.0155841731989548	0.0142543859649123	0.0138111235535648	0.0151875699888018	0.0140910787607316	0.0129712579320642	0.0138811123553565	0.0132978723404255	0.0116414706980217	0.00907521463232549	0.00804871220604703	0.00884191862635312	0.00699888017917133	0.0059257185516984	0.00527248973497574	0.00517917133258679	0.00618234415826801	0.00454927211646137	0.00641564016424039	0.00347611048898843	0.00387271369914147	0.00396603210153042	0.00391937290033595	0.00298618887644644	0.00300951847704367	0.00205300485255692	0.00216965285554311	0.00261291526689063	0.00349944008958567	0.00226297125793206	0.0024729376633072	0.00226297125793206	0.00212299365434864	0.00188969764837626	0.00186636804777902	0.00242627846211273	0.00174972004479283	0.00193635684957074	0.00268290406868234	0.00195968645016797	0.00167973124300112	0.00135311683463979	0.00132978723404255	0.0017263904441956	0.00111982082866741	0.00184303844718178	0.00146976483762598	0.00165640164240388	0.000653228816722658	0.00116648002986189	0.00128312803284808	0.000746547219111609	0.00111982082866741	0.00135311683463979	0.00144643523702874	0.0010498320268757	0.00135311683463979	0.00116648002986189	0.00156308324001493	0.000956513624486749	0.00137644643523703	0.000699888017917133	0.00083986562150056	0.00109649122807018	0.0012364688316536	0.000979843225083987	0.00116648002986189	0.000746547219111609	0.000583240014930944	0.000746547219111609	0.000979843225083987	0.00102650242627846	0.00109649122807018	0.00100317282568122	0.00135311683463979	0.00121313923105636	0.000793206420306084	0.000606569615528182	0.000933184023889511	0.00041993281075028	0.000699888017917133	0.000909854423292273	0.000606569615528182	0.000583240014930944	0.000373273609555804	0.000746547219111609	0.000606569615528182	0.000489921612541993	0.000489921612541993	0.000769876819708847	0.000583240014930944	0.000816536020903322	0.000583240014930944	0.00041993281075028	0.000606569615528182	0.000279955207166853	0.000513251213139231	0.000559910414333707	0.000536580813736469	0.000443262411347518	0.000443262411347518	0.000653228816722658	0.000396603210153042	0.000676558417319896	0.000349944008958567	0.000513251213139231	0.000489921612541993	0.000583240014930944	0.000163307204180664	0.000396603210153042	0.000279955207166853	0.000396603210153042	0.00041993281075028	0.000186636804777902	0.000559910414333707	0.00041993281075028	0.00062989921612542	0.000536580813736469	0.000163307204180664	0.000326614408361329	0.000373273609555804	0.000373273609555804	0.000303284807764091	0.00041993281075028	0.000279955207166853	0.000163307204180664	0.0118980963045913	0.000769876819708847	0.00795539380365808	6.99888017917133e-05	0.000653228816722658	0.000396603210153042	0.000583240014930944	0.000396603210153042	0.00020996640537514	0.000303284807764091	0.000396603210153042	0.000489921612541993	0.000163307204180664	0.000326614408361329	0.000326614408361329	0.000139977603583427	0.000233296005972378	0.00216965285554311	0.000396603210153042	0	0.000513251213139231	0.000303284807764091	0.000186636804777902	0.000349944008958567	0.000536580813736469	0.00062989921612542	0.000349944008958567	0.000443262411347518	0.000373273609555804	0.000233296005972378	0.00020996640537514	0.000349944008958567	0.000186636804777902	0.000163307204180664	0.000303284807764091	4.66592011944756e-05	0.000233296005972378	0.0469624860022396	0.000303284807764091	0	0.000256625606569616	0.00041993281075028	0.00195968645016797	0.000606569615528182	0.000186636804777902	0.000373273609555804	6.99888017917133e-05	0	0.000863195222097798	0.000163307204180664	0.00020996640537514	0	0.000256625606569616	6.99888017917133e-05	0.000116648002986189	0.000163307204180664	0	0.00599570735349011	0.00020996640537514	0.00193635684957074	0.0136244867487869
S1A1530	0.0977818117417869	0.0942840697777384	0.0508943593376428	0.0449172053484459	0.0340255025236872	0.0366377401930399	0.0268971929513858	0.0243513681041353	0.0218498184716196	0.020809350925352	0.0188612414770212	0.0183963517223059	0.016558930310812	0.0134375276720092	0.0145222704330116	0.0119764455857611	0.0116001062605154	0.0117329319047197	0.00916496945010183	0.0111130788984327	0.010404675462676	0.00927565748693881	0.00819091472593642	0.00865580448065173	0.00737182325334278	0.00522447533870539	0.00511378730186841	0.00407331975560081	0.00458248472505092	0.00398476932613123	0.00405118214823342	0.00351987957141592	0.00400690693349863	0.00422828300717258	0.00307712742406801	0.00243513681041353	0.00265651288408749	0.00254582484725051	0.0015717701230851	0.00247941202514832	0.00137253165677854	0.00267865049145488	0.00232444877357655	0.00236872398831134	0.00146108208624812	0.00110688036836979	0.00221376073673957	0.00197024705569822	0.00152749490835031	0.00130611883467635	0.00181528380412645	0.00194810944833082	0.00135039404941114	0.00139466926414593	0.001062605153635	0.0010183299389002	0.0010404675462676	0.0010183299389002	0.000708403435756663	0.000907641902063225	0.00110688036836979	0.00130611883467635	0.0010404675462676	0.0015717701230851	0.000641990613654476	0.00123970601257416	0.000863366687328433	0.000730541043124059	0.000796953865226246	0.000863366687328433	0.0010183299389002	0.000841229079961038	0.000819091472593642	0.000774816257858851	0.000907641902063225	0.000641990613654476	0.00121756840520677	0.000752678650491455	0.00112901797573718	0.000376339325245727	0.000907641902063225	0.00108474276100239	0.000575577791552289	0.000487027362082706	0.00112901797573718	0.000442752147347915	0.000531302576817498	0.000619853006287081	0.000398476932613123	0.000996192331532808	0.000907641902063225	0.000664128221021872	0.000376339325245727	0.000575577791552289	0.000531302576817498	0.000907641902063225	0.000531302576817498	0.000752678650491455	0.000531302576817498	0.000575577791552289	0.000221376073673957	0.000531302576817498	0.000442752147347915	0.000221376073673957	0.000420614539980519	0.000243513681041353	0.000442752147347915	0.000221376073673957	0.00030992650314354	0.000553440184184893	0.000531302576817498	0.000553440184184893	0.000442752147347915	0.00046488975471531	0.000420614539980519	0.000509164969450102	0.000597715398919685	8.85504294695829e-05	0.000199238466306562	0.000221376073673957	0.000398476932613123	0.000265651288408749	0.00015496325157177	0.000597715398919685	0.000354201717878332	0.000398476932613123	0.000265651288408749	0.000332064110510936	8.85504294695829e-05	0.000376339325245727	0.000686265828389268	0.000575577791552289	0.000442752147347915	0.000553440184184893	0.000243513681041353	8.85504294695829e-05	0.000177100858939166	0.00030992650314354	8.85504294695829e-05	0.0190826175506951	0.0146108208624812	0.0110466660763305	0.00270078809882228	0.000354201717878332	0.000420614539980519	0.000531302576817498	0.000177100858939166	0.000907641902063225	0.000199238466306562	0.000287788895776145	0.000332064110510936	0.000132825644204374	0.000243513681041353	0.00015496325157177	0.000177100858939166	0.00298857699459842	0.00759319932701674	0.00287788895776145	0.00130611883467635	0.00343132914194634	0.00183742141149385	0.00161604533781989	0.000951917116798017	0.000332064110510936	0.000398476932613123	0.000509164969450102	0.000177100858939166	0.000243513681041353	0.000287788895776145	6.64128221021872e-05	0.000110688036836979	0.000110688036836979	0.000221376073673957	0.000110688036836979	0.000199238466306562	0.000177100858939166	0.0411538120959887	0.00954130877534756	0.00582219073762508	0.00633135570707518	0.00641990613654476	0.00172673337465687	0.00692907110599486	0.00637563092180997	0.00734968564597538	0.00110688036836979	0.00130611883467635	0.00254582484725051	0.000354201717878332	0.00046488975471531	0.000177100858939166	6.64128221021872e-05	0.000110688036836979	0.000354201717878332	0.000110688036836979	0.00936420791640839	0.00854511644381475	0.00166032055255468	0.0230231116620916	0.0181971132559993
S1A3050	0.086577160588651	0.0872530646102799	0.0446096654275093	0.0437801468555102	0.0291867645703401	0.0455620756398046	0.0236259178469385	0.0239024240376048	0.0196012166272389	0.019662662447387	0.0148391655657624	0.0169590463608713	0.0149006113859105	0.011643982918062	0.0133951887922824	0.0103843436050263	0.0105994039755446	0.010169283234508	0.00894036683154628	0.0107837414359888	0.00952410212295309	0.00918615011213862	0.00706626931702971	0.00765000460843651	0.00549940090325356	0.00510000307229101	0.00374819502903315	0.0035638575685889	0.00405542412977357	0.00420903868014378	0.00408614703984761	0.00442409905066208	0.00319518264770039	0.00236566407570125	0.00221204952533104	0.00264217026636763	0.00227349534547912	0.0015975913238502	0.00184337460444253	0.00199698915481274	0.00147469968355403	0.00267289317644167	0.00181265169436849	0.00168976005407232	0.00132108513318382	0.00125963931303573	0.000952410212295309	0.00122891640296169	0.0019662662447387	0.00141325386340594	0.00147469968355403	0.00135180804325786	0.0011674705828136	0.00119819349288765	0.000860241482073182	0.00122891640296169	0.00150542259362807	0.000983133122369351	0.00110602476266552	0.00129036222310977	0.00165903714399828	0.000675904021628929	0.000368674920888507	0.00599096746443823	0.000798795661925098	0.00156686841377615	0.000768072751851055	0.000645181111554887	0.000798795661925098	0.000675904021628929	0.000798795661925098	0.00125963931303573	0.000890964392147224	0.000798795661925098	0.000706626931702971	0.000675904021628929	0.00055301238133276	0.000860241482073182	0.000460843651110633	0.000890964392147224	0.000645181111554887	0.000860241482073182	0.000768072751851055	0.00101385603244339	0.000952410212295309	0.000675904021628929	0.000430120741036591	0.00055301238133276	0.000737349841777013	0.00055301238133276	0.000337952010814464	0.000491566561184675	0.000645181111554887	0.000706626931702971	0.00055301238133276	0.000583735291406802	0.000430120741036591	0.000337952010814464	0.000430120741036591	0.000399397830962549	0.000245783280592338	0.000614458201480844	0.000337952010814464	0.000368674920888507	0.000460843651110633	0.000583735291406802	0.000583735291406802	0.000307229100740422	0.00027650619066638	0.000491566561184675	0.000337952010814464	0.000645181111554887	0.000337952010814464	0.000460843651110633	0.000583735291406802	0.000491566561184675	0.000307229100740422	0.000307229100740422	0.000368674920888507	9.21687302221266e-05	0.000460843651110633	0.000399397830962549	0.000215060370518296	0.000522289471258718	0.000153614550370211	0.000215060370518296	0.00027650619066638	0.000460843651110633	9.21687302221266e-05	0.000184337460444253	0.00027650619066638	0.000583735291406802	6.14458201480844e-05	0.000307229100740422	0.000337952010814464	0.000153614550370211	6.14458201480844e-05	0.000153614550370211	0.000122891640296169	0.0107837414359888	0.00998494577406372	0.0154229008571692	0.00282650772681188	0	0.00027650619066638	0	0.000460843651110633	0.000337952010814464	0.00055301238133276	0.00027650619066638	0.000337952010814464	0.000307229100740422	0.000184337460444253	0.000153614550370211	6.14458201480844e-05	0.00872530646102799	0.0177271191127224	0.00402470121969953	0.00282650772681188	0.00562229254354973	0.00307229100740422	0.0027650619066638	0.0015975913238502	0.000307229100740422	0	0.000491566561184675	6.14458201480844e-05	0.00027650619066638	9.21687302221266e-05	0.000122891640296169	9.21687302221266e-05	0.000768072751851055	0.000215060370518296	0	9.21687302221266e-05	0.000153614550370211	0.0558849734246828	0.0194476020768687	0.0141325386340594	0.00430120741036591	0.0086638606408799	0.00187409751451658	0.00390180957940336	0.00734277550769609	0.00301084518725614	0.00285723063688593	0.00144397677347998	0.00248855571599742	0.000184337460444253	0.000153614550370211	0	0	0	0.000153614550370211	0	0.0117054287382101	0.0310301391747826	0.00248855571599742	0.0120433807490245	0.0181265169436849
S1A5075	0.10009032135387	0.0942194333523484	0.0477039361095265	0.0472047917855106	0.0311370983076631	0.0629634911580148	0.0233647081194143	0.0231032515687393	0.024291690435444	0.0186109526525956	0.0146415668378019	0.0185634150979274	0.0158300057045066	0.0125974519870698	0.0149505609431451	0.0120745388857197	0.0120745388857197	0.0122884578817266	0.0101492679216581	0.0107197185776764	0.0109574063510173	0.0105057995816695	0.00758223996957596	0.00907967294162388	0.00696425175888952	0.0054668187868416	0.00515782468149838	0.00375546681878684	0.00468244913481651	0.0047062179121506	0.00370792926411865	0.00406446092413006	0.00287602205742537	0.00377923559612094	0.00287602205742537	0.00244818406541168	0.00285225328009127	0.00149743297204792	0.00183019585472523	0.00211542118273436	0.00135482030804335	0.00202034607339798	0.00206788362806617	0.0015687393040502	0.00213918996006845	0.000998288648031945	0.00135482030804335	0.00152120174938201	0.0019728085187298	0.00164004563605248	0.00142612664004564	0.00168758319072067	0.00175888952272295	0.00125974519870698	0.00183019585472523	0.00128351397604107	0.00199657729606389	0.00128351397604107	0.000594219433352348	0.00106959498003423	0.00114090131203651	0.000879444761361476	0.00121220764403879	0.00187773340939342	0.00102205742536604	0.0011884388667047	0.00090321353869557	0.000926982316029663	0.00111713253470242	0.000855675984027382	0.000974519870697851	0.000974519870697851	0.00130728275337517	0.000641756988020536	0.000570450656018254	0.00090321353869557	0.000499144324015973	0.00144989541737973	0.00090321353869557	0.00109336375736832	0.0007843696520251	0.000879444761361476	0.000808138429359194	0.000760600874691006	0.00130728275337517	0.00066552576535463	0.000451606769347785	0.000475375546681879	0.000594219433352348	0.000617988210686442	0.000546681878684161	0.000499144324015973	0.000855675984027382	0.000427837992013691	0.000689294542688724	0.000427837992013691	0.000831907206693288	0.000736832097356912	0.000427837992013691	0.000451606769347785	0.000736832097356912	0.000285225328009127	0.000356531660011409	0.000332762882677315	0.000213918996006845	0.000285225328009127	0.000190150218672751	0.000404069214679597	0.000617988210686442	0.000475375546681879	0.000261456550675033	0.000332762882677315	0.000546681878684161	0.000308994105343221	0.000617988210686442	0.000166381441338658	0.000213918996006845	0.000285225328009127	0.000261456550675033	0.000213918996006845	0.000499144324015973	0.000261456550675033	0.000594219433352348	0.000308994105343221	0.000451606769347785	0.000308994105343221	0.000736832097356912	0.000570450656018254	0.000190150218672751	0.000261456550675033	0.000308994105343221	0.000237687773340939	0.000570450656018254	0.000237687773340939	0.000522913101350067	0.000356531660011409	4.75375546681879e-05	0.000332762882677315	0.00011884388667047	0.00221049629207074	0.00855675984027382	0.0173987450085568	0.00254325917474805	0.000831907206693288	0.000713063320022818	0.000356531660011409	0.000427837992013691	0.000404069214679597	0.000308994105343221	0.000308994105343221	9.50751093363757e-05	9.50751093363757e-05	4.75375546681879e-05	0.000285225328009127	0.000285225328009127	0.0102205742536604	0.0150218672751474	0.00446853013880966	0.00413576725613234	0.00347024149077771	0.00289979083475946	0.00225803384673892	0.00142612664004564	0.000427837992013691	0.000261456550675033	0.000261456550675033	0	0.000237687773340939	0.000308994105343221	0.000427837992013691	0.000356531660011409	9.50751093363757e-05	0.000451606769347785	0.000237687773340939	0.000261456550675033	0	0.0165668378018635	0.0126212207644039	0.00824776573493059	0.00475375546681879	0.00846168473093744	0.000950751093363757	0.00537174367750523	0.0058946567788553	0.00420707358813463	0.00171135196805476	0.00137858908537745	0.00249572162007986	0	0.000261456550675033	0.000308994105343221	4.75375546681879e-05	0.000190150218672751	9.50751093363757e-05	0.000237687773340939	0.0186109526525956	0.00786746529758509	0.00774862141091462	0.0225328009127211	0.00532420612283704
S1B07	0.126338974950389	0.112946628016914	0.0669617346673732	0.0588785338029486	0.0449563112344024	0.00653513283254891	0.0343691882513065	0.0337042462778834	0.0283743207721639	0.025693773441802	0.0238859624515579	0.0225560785047117	0.0221404897713223	0.0170183586322975	0.0190755228625752	0.0179118744090848	0.0178910949724153	0.0154702906004218	0.0131222142567715	0.0144832673586219	0.0131326039751062	0.0135793618634999	0.00939230537460129	0.0104728360814138	0.00762605325769618	0.00675331691757836	0.00753254579268356	0.0063585076208584	0.00629616931084998	0.00565200677409635	0.00590136001413002	0.00563122733742688	0.00440524057392804	0.00480004987064801	0.00382341634718283	0.00294029028873027	0.00316886409209446	0.00271171648536608	0.00254548099201031	0.00229612775197664	0.00260781930201872	0.00284678282371765	0.00292990057039554	0.00272210620370082	0.0022545688786377	0.00179742127190932	0.00233768662531559	0.00227534831530717	0.00153767831354092	0.00166235493355775	0.00217145113195981	0.00197404648359983	0.00189092873692194	0.00176625211690511	0.00157923718687986	0.00137144282018514	0.00157923718687986	0.00116364845349043	0.0014753400035325	0.00174547268023564	0.0010701409884778	0.00164157549688828	0.000976633523465179	0.00127793535517252	0.00101819239680412	0.00129871479184199	0.00139222225685462	0.000997412960134651	0.00101819239680412	0.00104936155180833	0.00110131014348201	0.000633772818418893	0.00139222225685462	0.00100780267846939	0.000893515776787291	0.00131949422851147	0.000945464368460971	0.00102858211513886	0.000903905495122027	0.000789618593439932	0.00115325873515569	0.000197404648359983	0.00076883915677046	0.000810398030109404	0.00127793535517252	0.00103897183347359	0.000976633523465179	0.00082078774844414	0.00112208958015148	0.000737670001766252	0.000550655071741005	0.000498706480067325	0.000415588733389438	0.000831177466778876	0.000498706480067325	0.000851956903448348	0.000831177466778876	0.000561044790075741	0.000685721410092572	0.000394809296719966	0.000727280283431516	0.000758449438435724	0.000571434508410477	0.000602603663414685	0.000779228875105196	0.000644162536753629	0.000457147606728382	0.000644162536753629	0.000800008311774668	0.000748059720100988	0.000519485916736797	0.000467537325063118	0.000415588733389438	0.000509096198402061	0.000415588733389438	0.000748059720100988	0.000353250423381022	0.000550655071741005	0.00033247098671155	0.000488316761732589	0.000249353240033663	0.000612993381749421	0.000467537325063118	0.000561044790075741	0.000571434508410477	0.00033247098671155	0.000664941973423101	0.000488316761732589	0.000228573803364191	0.000498706480067325	0.000477927043397853	0.000270132676703135	0.000342860705046286	0.000249353240033663	0.00033247098671155	0.000145456056686303	0.000259742958368399	0.000280522395037871	8.31177466778876e-05	0.00577668339411319	0.00128832507350726	0.00315847437375973	0.000259742958368399	0.00114286901682095	0.000924684931791499	0.000550655071741005	0.000498706480067325	0.000135066338351567	0.000509096198402061	0.00043636817005891	0.00038441957838523	0.000394809296719966	0.000187014930025247	0.000145456056686303	0.000207794366694719	0.000644162536753629	0.00548577128074058	0.000612993381749421	0.000571434508410477	0.00232729690698085	0.000623383100084157	0.000353250423381022	0.000311691550042078	0.000322081268376814	0.00043636817005891	9.35074650126235e-05	0.000342860705046286	0.00033247098671155	0.000207794366694719	0.000207794366694719	0.000228573803364191	0.000124676620016831	0.000259742958368399	0.000228573803364191	0.000135066338351567	8.31177466778876e-05	0.00145456056686303	0.000228573803364191	0.00200521563860404	0.000571434508410477	0.000633772818418893	0.00180781099024405	0.000550655071741005	0.000519485916736797	0.000218184085029455	0.000748059720100988	0.00135066338351567	0.00033247098671155	0.000612993381749421	0.000529875635071533	0.000322081268376814	0.000176625211690511	0.000238963521698927	0.000280522395037871	0.000218184085029455	0.00459225550395329	0.00486238818065642	0.00043636817005891	0.00146495028519777	0.00345977620546707
S1B2230	0.104184457728437	0.10135822048717	0.0597169696230328	0.0537798381521695	0.0371680696189663	0.0500996299459152	0.0339758448212761	0.0299906469846692	0.0254158025293807	0.0283233703387418	0.0235045341791712	0.0197836606888699	0.0212069456305152	0.0211866129884917	0.0169167581635558	0.0145378390468057	0.0162661136188036	0.0130128908950429	0.0129518929689724	0.0124029116343378	0.0132772152413485	0.0100849904436582	0.00866170550201293	0.0101459883697288	0.00770607132690822	0.00589646618681631	0.00703509414013257	0.00520515635801716	0.00601846203895734	0.00624212110121589	0.0049204993696881	0.00496116465373511	0.00518482371599366	0.00380220405839535	0.00380220405839535	0.00274490667317311	0.00376153877434834	0.00290756780936115	0.0027042413891261	0.00231792119067952	0.00264324346305559	0.00258224553698508	0.00170794192997438	0.00233825383270302	0.00231792119067952	0.00121995852141027	0.00213492741246798	0.00158594607783335	0.00168760928795088	0.00205359684437396	0.00166727664592737	0.00166727664592737	0.00164694400390387	0.00152494815176284	0.00154528079378634	0.00146395022569233	0.00197226627627994	0.00115896059533976	0.00164694400390387	0.0013419543735513	0.00124029116343378	0.000772640396893172	0.00119962587938677	0.00140295229962181	0.00119962587938677	0.00115896059533976	0.000914968891057704	0.000752307754869668	0.00101663210117523	0.00109796266926924	0.000955634175104713	0.000630311902728641	0.000975966817128218	0.000752307754869668	0.00107763002724574	0.000914968891057704	0.000955634175104713	0.0004473181245171	0.0013419543735513	0.000772640396893172	0.000914968891057704	0.00101663210117523	0.000467650766540604	0.00121995852141027	0.000914968891057704	0.00103696474319873	0.00117929323736326	0.000630311902728641	0.000630311902728641	0.00101663210117523	0.00085397096498719	0.00067097718677565	0.00085397096498719	0.000630311902728641	0.000467650766540604	0.000914968891057704	0.000894636249034199	0.000630311902728641	0.000691309828799154	0.000731975112846163	0.000345654914399577	0.000528648692611118	0.00107763002724574	0.000813305680940181	0.000711642470822659	0.000792973038916677	0.000304989630352568	0.000345654914399577	0.000528648692611118	0.000630311902728641	0.000630311902728641	0.000304989630352568	0.000386320198446586	0.00067097718677565	0.000365987556423082	0.000345654914399577	0.000711642470822659	0.0004473181245171	0.000487983408564109	0.000508316050587613	0.000487983408564109	0.000426985482493595	0.000203326420235045	0.000365987556423082	0.00085397096498719	0.000691309828799154	0.000325322272376073	0.000508316050587613	0.000508316050587613	0.000284656988329063	0.000548981334634622	0.000304989630352568	0.000304989630352568	0.000487983408564109	0.000284656988329063	0.000264324346305559	0.000203326420235045	0.000101663210117523	0.000162661136188036	0.000792973038916677	0.00567280712455777	0.00278557195722012	0.00109796266926924	0.000894636249034199	0.000792973038916677	0.000894636249034199	0.000548981334634622	0.0004473181245171	0.000325322272376073	0.000304989630352568	0.000345654914399577	0.000121995852141027	0.000386320198446586	0.000467650766540604	6.09979260705136e-05	0.0154324752958399	0.00646578016347444	0.00284656988329063	0.00601846203895734	0.000548981334634622	0.00205359684437396	0.00262291082103208	0.000935301533081209	0.000426985482493595	0.000508316050587613	0.000182993778211541	8.13305680940181e-05	0.000304989630352568	0.000162661136188036	0.000304989630352568	0.000142328494164532	0.000162661136188036	0.000203326420235045	0.000325322272376073	0.000182993778211541	0.000182993778211541	0.00103696474319873	0.00784839982107275	0.00307022894554918	0.0049204993696881	0.000548981334634622	0.00144361758366882	0.00197226627627994	0.000650644544752145	0.00213492741246798	0.00067097718677565	0.000955634175104713	0.000264324346305559	0.000548981334634622	0.0004473181245171	0.000162661136188036	6.09979260705136e-05	0.000386320198446586	0.000101663210117523	8.13305680940181e-05	0.00467650766540604	0.0004473181245171	0.00585580090276931	0.00105729738522224	0.0013419543735513
S1B3040	0.124561368330292	0.116099536804957	0.0671733071324016	0.0621202702973672	0.0475426600629624	0.0212949409476449	0.0337871709009244	0.035611878646909	0.0283932545968599	0.0265885985843476	0.0216157686832027	0.0206733372100018	0.0219365964187604	0.0183272843937358	0.0199113713380522	0.0183272843937358	0.0159010246435804	0.0168234043833089	0.0137955926289828	0.0123318160855006	0.0133745062260632	0.0108279360750737	0.0107276774077119	0.0108279360750737	0.00856209019269716	0.00699805498185318	0.00743919311824507	0.00671733071324016	0.00599546830823525	0.00581500270698402	0.00637645124421006	0.00529365763670269	0.00503298510156203	0.00467205389905957	0.00372962242585872	0.00282729441960257	0.00338874295682862	0.00252651841751719	0.00286739788654729	0.00284734615307493	0.00304786348779852	0.00306791522127088	0.00272703575224078	0.00302781175432616	0.00244631148362776	0.00192496641334643	0.00224579414890417	0.00170439734515049	0.00170439734515049	0.00236610454973832	0.00146377654348218	0.00164424214473341	0.00202522508070823	0.00216558721501474	0.00236610454973832	0.000862224539311424	0.00158408694431634	0.00130336267570331	0.00114294880792444	0.00152393174389926	0.00148382827695454	0.00138356960959275	0.00152393174389926	0.00132341440917567	0.00168434561167813	0.00110284534097973	0.00106274187403501	0.00118305227486916	0.00134346614264803	0.000902328006256141	0.000942431473200858	0.00108279360750737	0.000741914138477271	0.00108279360750737	0.00106274187403501	0.0011630005413968	0.00110284534097973	0.000962483206673217	0.00132341440917567	0.00110284534097973	0.00110284534097973	0.000721862405004913	0.000681758938060195	0.000541396803753684	0.000721862405004913	0.000802069338894347	0.000661707204587837	0.000882276272783782	0.000882276272783782	0.000661707204587837	0.000902328006256141	0.000621603737643119	0.0009223797397285	0.000541396803753684	0.00076196587194963	0.000441138136391891	0.00102263840709029	0.000942431473200858	0.000902328006256141	0.000842172805839065	0.000902328006256141	0.000782017605421989	0.000601552004170761	0.000481241603336608	0.000862224539311424	0.000621603737643119	0.000521345070281326	0.000561448537226043	0.000982534940145576	0.000541396803753684	0.000481241603336608	0.000280724268613022	0.000842172805839065	0.000501293336808967	0.000802069338894347	0.000280724268613022	0.000481241603336608	0.000601552004170761	0.000601552004170761	0.000601552004170761	0.000501293336808967	0.000481241603336608	0.000842172805839065	0.000320827735557739	0.000320827735557739	0.000441138136391891	0.000782017605421989	0.000521345070281326	0.000360931202502456	0.000340879469030098	0.000521345070281326	0.000401034669447174	0.000160413867778869	0.00030077600208538	0.000782017605421989	0.000421086402919532	0.000220569068195946	8.02069338894347e-05	0.000140362134306511	8.02069338894347e-05	0.000240620801668304	0.000120310400834152	0.000260672535140663	0.000982534940145576	0.000842172805839065	0.000481241603336608	0.000481241603336608	0.000421086402919532	0.000441138136391891	0.000320827735557739	0.000220569068195946	0.000140362134306511	0.000240620801668304	0.000180465601251228	0.000401034669447174	0.0021856389484871	0.000401034669447174	0.000220569068195946	0.00439132963044655	0.000160413867778869	0.000120310400834152	0.000120310400834152	0.000160413867778869	0.000380982935974815	0.00030077600208538	0.00030077600208538	0.000421086402919532	0.000240620801668304	0.000521345070281326	0.000200517334723587	0.000380982935974815	0.00030077600208538	0.000160413867778869	0.000220569068195946	0.000280724268613022	0.000120310400834152	0.000120310400834152	0.00314812215516031	0.000501293336808967	0.00222574241543181	8.02069338894347e-05	0.00226584588237653	0.000240620801668304	0	0.000260672535140663	0	0.00152393174389926	4.01034669447174e-05	0.000320827735557739	0.000340879469030098	0.000280724268613022	0.000280724268613022	0.000441138136391891	0.000260672535140663	0.000200517334723587	0	0.000100258667361793	0.000220569068195946	0	0.00030077600208538
S1B6575	0.112262046628166	0.103584196534971	0.0635255293794115	0.0556726861612736	0.0465364989152687	0.0317780425947994	0.03960033000275	0.029944693983561	0.0254835456962141	0.0288446848168179	0.0238029761359122	0.0223974088672961	0.0188834906957558	0.0178140373392	0.018211262871635	0.0145445656491582	0.0152779050936536	0.0150029028019678	0.0132917774314786	0.0140862284963486	0.0115195404406148	0.0122834356952975	0.0118862101628625	0.00852507104225868	0.0073028386347664	0.00846395942188407	0.0073028386347664	0.00595838298652489	0.00580560393558835	0.00589727136615027	0.00577504812540105	0.00504170868090567	0.0047055947688453	0.00403336694472454	0.00369725303266416	0.00333058331041648	0.00232224157423534	0.00314724844929263	0.00305558101873071	0.00247502062517188	0.00351391817154032	0.00198612766217496	0.00223057414367342	0.00207779509273688	0.00204723928254958	0.00226112995386073	0.00216946252329881	0.00152779050936536	0.00201668347236227	0.00204723928254958	0.00165001375011458	0.00235279738442265	0.00110000916674306	0.00189446023161304	0.000763895254682678	0.00183334861123843	0.00149723469917805	0.0012833440278669	0.00152779050936536	0.00110000916674306	0.00137501145842882	0.00165001375011458	0.00155834631955266	0.00134445564824151	0.00106945335655575	0.00161945793992728	0.00110000916674306	0.000916674305619213	0.00168056956030189	0.00100834173618113	0.000977785925993828	0.0012833440278669	0.000886118495431906	0.000886118495431906	0.0017111253704892	0.000733339444495371	0.000916674305619213	0.000641672013933449	0.000763895254682678	0.000886118495431906	0.000916674305619213	0.00290280196779418	0.000947230115806521	0.00116112078711767	0.000794451064869985	0.000519448773184221	0.000550004583371528	0.000733339444495371	0.00103889754636844	0.000580560393558835	0.000916674305619213	0.000794451064869985	0.000886118495431906	0.00125278821767959	0.000488892962996914	0.000611116203746142	0.000794451064869985	0.000947230115806521	0.00100834173618113	0.000947230115806521	0.000550004583371528	0.000275002291685764	0.000580560393558835	0.000611116203746142	0.000458337152809607	0.000733339444495371	0.000397225532434992	0.000825006875057292	0.000580560393558835	0.000488892962996914	0.000519448773184221	0.000794451064869985	0.000641672013933449	0.000336113912060378	0.000183334861123843	0.000641672013933449	0.000366669722247685	0.000488892962996914	0.000336113912060378	0.000580560393558835	0.00131389983805421	0.000183334861123843	0.000458337152809607	0.000458337152809607	0.000366669722247685	0.000366669722247685	0.0004277813426223	0.000244446481498457	0.000611116203746142	0.000458337152809607	0.000519448773184221	0.000397225532434992	0.000366669722247685	0.000366669722247685	0.000336113912060378	0.000152779050936536	0.0004277813426223	0.000152779050936536	6.11116203746142e-05	0.00119167659730498	0.00186390442142573	0.00122223240749228	0.00134445564824151	0.000947230115806521	0.000458337152809607	0.000458337152809607	0.000305558101873071	0.00174168118067651	0.000305558101873071	0.000244446481498457	0.000886118495431906	0.000488892962996914	0.000275002291685764	0.000244446481498457	9.16674305619214e-05	0.00840284780150946	0.00244446481498457	0.000916674305619213	0.003880587893788	0.000519448773184221	0.000519448773184221	0.000916674305619213	0.000397225532434992	0.000275002291685764	0.000488892962996914	0.000611116203746142	0.000305558101873071	0.000458337152809607	0.00021389067131115	0.000336113912060378	0.000488892962996914	0.000611116203746142	0	0.000152779050936536	0.000305558101873071	0.000275002291685764	0.000733339444495371	0.0104195312738717	0.00113056497693036	0.00363614141228955	0.0004277813426223	0.00189446023161304	0.000855562685244599	0.000336113912060378	0.00281113453723225	0.000641672013933449	0.00161945793992728	0.000244446481498457	0.000611116203746142	0.000611116203746142	0.000397225532434992	0	0.000336113912060378	0.000152779050936536	0.000183334861123843	0.00281113453723225	0.000733339444495371	0.0025972438659211	0.000947230115806521	0.00146667888899074
S2A1727	0.0915872108761693	0.0804884651246729	0.0502902517520378	0.0503504075555689	0.0389208048846512	0.0794658164646434	0.0405450115799922	0.0251451258760189	0.0228291274400698	0.0281529160525762	0.0254759827954402	0.0165127680692995	0.0155803531145667	0.0209642975306043	0.0167834691851896	0.012181550215057	0.0127831082503685	0.0121213944115259	0.01154991427798	0.0100460191897013	0.0108581225373718	0.00854212410142268	0.00950461695792102	0.00800072186964237	0.00511324330014738	0.00616596986194243	0.00526363280897525	0.00550425602309983	0.00481246428249165	0.00511324330014738	0.00529371071074082	0.00448160736307035	0.00514332120191295	0.00282732276596385	0.00285740066772942	0.00213553102535567	0.00198514151652781	0.00213553102535567	0.00222576473065239	0.00207537522182453	0.0021054531235901	0.00198514151652781	0.00225584263241796	0.00195506361476223	0.0021054531235901	0.000902337052967185	0.00231599843594911	0.00198514151652781	0.00156405089180979	0.00120311607062291	0.00219568682888682	0.00183475200769994	0.00168436249887208	0.00180467410593437	0.00171444040063765	0.00102264866002948	0.000812103347670467	0.000601558035311457	0.00129334977591963	0.00117303816885734	0.00102264866002948	0.00120311607062291	0.000932414954732758	0.00147381718651307	0.00141366138298192	0.000691791740608175	0.00102264866002948	0.000691791740608175	0.000721869642373748	0.000812103347670467	0.00102264866002948	0.000812103347670467	0.000992570758263904	0.00102264866002948	0.000721869642373748	0.00126327187415406	0.000721869642373748	0.000782025445904894	0.00105272656179505	0.00120311607062291	0.000992570758263904	0.00372965981893103	0.000661713838842602	0.00138358348121635	0.00102264866002948	0.000842181249436039	0.00108280446356062	0.00102264866002948	0.000721869642373748	0.000360934821186874	0.00135350557945078	0.000541402231780311	0.000571480133545884	0.000812103347670467	0.000511324330014738	0.00042109062471802	0.000451168526483593	0.000391012722952447	0.000842181249436039	0.000360934821186874	0.000601558035311457	0.000391012722952447	0.000240623214124583	0.00111288236532619	0.000481246428249165	0.000451168526483593	0.000360934821186874	0.000872259151201612	0.000300779017655728	0.000511324330014738	0.00042109062471802	0.000902337052967185	0.000300779017655728	0.000270701115890156	0.00042109062471802	0.000661713838842602	0.000481246428249165	0.000150389508827864	0.00063163593707703	0.000691791740608175	0.000751947544139321	0.000330856919421301	0.000360934821186874	0.000391012722952447	0.00021054531235901	0.000360934821186874	0.000360934821186874	0.00063163593707703	0.000300779017655728	0.000541402231780311	0.000330856919421301	0.000240623214124583	0.000511324330014738	0.000571480133545884	0.000330856919421301	0.000270701115890156	0.000150389508827864	0.00021054531235901	0.000120311607062291	0.000541402231780311	0.00944446115438987	0.00123319397238849	0.00150389508827864	0.0014437392847475	0.000691791740608175	0.000180467410593437	0.000511324330014738	0.00153397299004421	0.000360934821186874	0.000360934821186874	0.000180467410593437	0.000330856919421301	0.000180467410593437	0.000270701115890156	0.000300779017655728	0.0105272656179505	0.00318825758715072	0.0234306854753812	0.00625620356723915	0.000180467410593437	0.00162420669534093	0.00207537522182453	0.00171444040063765	0.000541402231780311	0.000360934821186874	0.000270701115890156	0.000120311607062291	0.000240623214124583	0.00021054531235901	0.000300779017655728	0.000150389508827864	0.000360934821186874	0.000240623214124583	9.02337052967185e-05	6.01558035311457e-05	0.000240623214124583	0.000300779017655728	0.0189490781123109	0.0109182783409029	0.0115198363762144	0.00042109062471802	0.00261677745360484	0.00258669955183926	0.00171444040063765	0.00189490781123109	0.000842181249436039	0.00105272656179505	0.00123319397238849	0.000541402231780311	0.000360934821186874	0.000150389508827864	0.00021054531235901	0.000270701115890156	0.000150389508827864	0.00042109062471802	0.00204529732005895	0.000300779017655728	0.0200318825758715	0.000601558035311457	0.000391012722952447
S2A3545	0.112429894352419	0.111370157819225	0.0654754141124299	0.062051649928264	0.0427644450241294	0.0453241163427677	0.0323790269988261	0.0294280683448546	0.0268847006651885	0.0247163166818834	0.0239826529281336	0.0216349289161341	0.0214555888874397	0.0172003391156906	0.0169557845311073	0.0156351897743576	0.0130266075388027	0.0138580931263858	0.014021129516108	0.0123255510629973	0.0133689839572193	0.0115266727533585	0.00963545063258119	0.0104832398591366	0.00808660493022043	0.00661927742272075	0.00704317203599843	0.00583670275205426	0.00554323725055432	0.00632581192122082	0.00531498630494326	0.00487478805269336	0.00361940785183253	0.00365201512977697	0.00347267510108256	0.00334224598930481	0.00326072779444372	0.00311399504369375	0.00269010043041607	0.00242924220686057	0.00260858223555498	0.00259227859658276	0.00238033128994392	0.00208686578844398	0.0022825094561106	0.00239663492891613	0.00211947306638842	0.00246184948480501	0.00164666753619408	0.00220099126124951	0.00169557845311073	0.00128798747880527	0.00202165123255511	0.0015814529803052	0.00190752575974958	0.00176079300899961	0.00182600756488848	0.00153254206338855	0.0015814529803052	0.0015814529803052	0.00177709664797183	0.000945611060388679	0.00151623842441633	0.00104343289422199	0.00149993478544411	0.00123907656188861	0.00107604017216643	0.0014021129516108	0.0014021129516108	0.00110864745011086	0.00115755836702752	0.000782574670666493	0.000945611060388679	0.000798878309638711	0.00141841659058302	0.00105973653319421	0.000913003782444242	0.000733663753749837	0.00164666753619408	0.00058693100299987	0.000945611060388679	0.000440198252249902	0.00110864745011086	0.000880396504499804	0.000326072779444372	0.000994521977305334	0.000994521977305334	0.000635841919916525	0.000880396504499804	0.000668449197860963	0.000733663753749837	0.00107604017216643	0.0011412547280553	0.000489109169166558	0.00110864745011086	0.0007010564758054	0.000652145558888744	0.000749967392722056	0.0012227729229164	0.000635841919916525	0.000766271031694274	0.000766271031694274	0.00058693100299987	0.000456501891222121	0.00058693100299987	0.000668449197860963	0.0007010564758054	0.000293465501499935	0.000717360114777618	0.000521716447110995	0.000423894613277684	0.000505412808138777	0.000538020086083214	0.000668449197860963	0.000554323725055432	0.000440198252249902	0.000358680057388809	0.000538020086083214	0.000570627364027651	0.000521716447110995	0.00058693100299987	0.000554323725055432	0.000342376418416591	0.000619538280944307	0.000309769140472153	0.000309769140472153	0.000407590974305465	0.00058693100299987	0.000130429111777749	0.000440198252249902	0.000293465501499935	0.000358680057388809	0.000163036389722186	0.000358680057388809	0.000195643667666623	0.000423894613277684	0.000309769140472153	0.000260858223555498	0.00022825094561106	0.000978218338333116	0.00229881309508282	0.00110864745011086	0.000489109169166558	0.000896700143472023	0.000342376418416591	0.000342376418416591	0.000521716447110995	0.000211947306638842	0.000358680057388809	0.000342376418416591	0.000472805530194339	0.000635841919916525	0.000326072779444372	0.000342376418416591	0.000130429111777749	0.00440198252249902	0.00220099126124951	0.00265749315247163	0.00115755836702752	0.000358680057388809	0.000994521977305334	0.00141841659058302	0.000407590974305465	0.00081518194861093	0.000277161862527716	0.000293465501499935	0.000423894613277684	0.000277161862527716	0.000277161862527716	0.000179340028694405	0.000179340028694405	0.000211947306638842	0.00011412547280553	0.00011412547280553	0.000195643667666623	0.000130429111777749	0.000521716447110995	0.00831485587583148	0.00127168383983305	0.00109234381113865	0.000260858223555498	0.0018423112038607	0.00119016564497196	0.000456501891222121	0.00058693100299987	0.000423894613277684	0.00058693100299987	0.00172818573105517	0.000570627364027651	0.000342376418416591	0.000391287335333246	0.00022825094561106	0.000179340028694405	0.000440198252249902	0.000260858223555498	0.00125538020086083	0.00242924220686057	0.00568997000130429	0.000684752836833181	0.00215208034433285
S2A5060	0.1116293486443	0.107998405927588	0.0635710174019572	0.0636448170506708	0.0427299966052162	0.0493424451299612	0.0334755206565217	0.032176646839161	0.0268040324128057	0.0249738011247066	0.0209886200941684	0.0224646130684418	0.0197192661362932	0.0173871972369412	0.0168263199067172	0.0151289279863028	0.0161621230682942	0.0138448140986849	0.012058862599814	0.0133429764874319	0.0129001785951499	0.0111289870260218	0.0100957919440303	0.0106123894850261	0.00807368156927573	0.00743900459033815	0.00649436908680315	0.00658292866525955	0.00585969210786557	0.00659768859500229	0.00549069386429721	0.00495933639355877	0.00479697716638869	0.00416230018745111	0.00349810334902806	0.00345382355979986	0.00314386503520243	0.00311434517571696	0.00268630721317767	0.00267154728343493	0.00208115009372555	0.00273058700240587	0.00326194447314431	0.00242062847780845	0.00203687030449735	0.00205163023424008	0.00267154728343493	0.00194831072604094	0.00206639016398282	0.00209591002346829	0.00209591002346829	0.00209591002346829	0.00236158875883751	0.00183023128809907	0.00152027276350165	0.00190403093681274	0.0013283936768461	0.00153503269324438	0.00157931248247258	0.00122507416864696	0.0017564316393854	0.00152027276350165	0.00104795501173414	0.00118079437941875	0.00143171318504524	0.000944635503535003	0.00123983409838969	0.000856075925078597	0.00112175466044782	0.000737996487136721	0.000693716697908518	0.0009003557143068	0.00181547135835633	0.00116603444967602	0.00121031423890422	0.00107747487121961	0.00109223480096235	0.00103319508199141	0.00110699473070508	0.000708476627651252	0.00103319508199141	0.00126935395787516	0.000811796135850393	0.000841315995335862	0.000974155363020472	0.000841315995335862	0.000870835854821331	0.000885595784564065	0.0009003557143068	0.000723236557393987	0.000605157119452111	0.000752756416879456	0.00076751634662219	0.000516597540995705	0.000413278032796564	0.000531357470738439	0.00050183761125297	0.000708476627651252	0.00116603444967602	0.000693716697908518	0.000619917049194846	0.000516597540995705	0.000605157119452111	0.000737996487136721	0.000531357470738439	0.000649436908680315	0.000368998243568361	0.000649436908680315	0.000546117400481174	0.000619917049194846	0.000428037962539298	0.000664196838423049	0.000354238313825626	0.000442797892282033	0.000605157119452111	0.00076751634662219	0.00063467697893758	0.000428037962539298	0.000309958524597423	0.000546117400481174	0.000442797892282033	0.000590397189709377	0.000383758173311095	0.000442797892282033	0.000383758173311095	0.000398518103053829	0.000295198594854688	0.000428037962539298	0.000354238313825626	0.000546117400481174	0.000575637259966643	0.00050183761125297	0.000383758173311095	0.00050183761125297	0.00013283936768461	0.000368998243568361	0.000324718454340157	0.000280438665111954	0.000339478384082892	0.000398518103053829	0.00277486679163407	0.000487077681510236	0.000605157119452111	0.000693716697908518	0.000324718454340157	0.000619917049194846	0.000531357470738439	0.000206639016398282	0.000457557822024767	0.000413278032796564	0.000309958524597423	0.00050183761125297	0.000221398946141016	0.000162359227170079	0.000147599297427344	0.00628773007040487	0.00107747487121961	0.00420657997667931	0.00398518103053829	0.000118079437941875	0.000605157119452111	0.000988915292763206	0.000413278032796564	0.000590397189709377	0.000487077681510236	0.000383758173311095	0.000250918805626485	0.000280438665111954	0.000177119156912813	0.000324718454340157	0.00013283936768461	0.000191879086655548	0.000324718454340157	0.000118079437941875	7.37996487136721e-05	8.85595784564065e-05	0.000206639016398282	0.00609585098374932	0.00156455255272985	0.00185975114758454	0.000191879086655548	0.00203687030449735	0.000752756416879456	0.000383758173311095	0.000575637259966643	0.000191879086655548	0.00131363374710336	0.000708476627651252	0.000339478384082892	0.000516597540995705	0.000191879086655548	0.000147599297427344	0.000191879086655548	0.000295198594854688	0.000354238313825626	0.000856075925078597	0.000782276276364924	0.00330622426237251	0.00026567873536922	0.000885595784564065
S2A515	0.0968350034725667	0.095247544399246	0.053841320236796	0.0563217250388597	0.0375367926712306	0.0561563647187221	0.03115388431392	0.0252339848529947	0.0247379038925819	0.0258623540695175	0.0215629857459404	0.0173959056784734	0.0180242748949962	0.0171974732943083	0.0165029599497305	0.0112775738333829	0.0109137811290803	0.0136256903793366	0.0120382313060158	0.0126666005225386	0.0108145649369977	0.00866488077520918	0.00909481760756689	0.00985547508019976	0.00608525978106294	0.00625062010120052	0.00578761120481529	0.00482852134801733	0.00443165657968714	0.00499388166815491	0.00443165657968714	0.00502695373218243	0.00406786387538446	0.00413400800343949	0.00307570195455898	0.00261269305817376	0.00218275622581605	0.0029103416344214	0.00221582828984357	0.00214968416178854	0.00178589145748586	0.00231504448192612	0.00195125177762344	0.00214968416178854	0.00191817971359593	0.00175281939345835	0.00224890035387109	0.00181896352151338	0.0022819724178986	0.00162053113734828	0.00148824288123822	0.00198432384165096	0.00205046796970599	0.00171974732943083	0.00221582828984357	0.00155438700929325	0.00148824288123822	0.00135595462512815	0.00138902668915567	0.00125673843304561	0.000992161920825479	0.0014551708172107	0.00148824288123822	0.00105830604888051	0.000727585408605351	0.000727585408605351	0.00138902668915567	0.00102523398485299	0.00125673843304561	0.00112445017693554	0.000694513344577835	0.00109137811290803	0.00112445017693554	0.00132288256110064	0.000992161920825479	0.00119059430499057	0.00125673843304561	0.000826801600687899	0.000992161920825479	0.000496080960412739	0.00112445017693554	0.00142209875318319	0.00122366636901809	0.00155438700929325	0.00109137811290803	0.000661441280550319	0.00122366636901809	0.000661441280550319	0.000826801600687899	0.000959089856797963	0.00109137811290803	0.000926017792770447	0.000595297152495287	0.00119059430499057	0.000595297152495287	0.000562225088467771	0.000694513344577835	0.000562225088467771	0.000628369216522803	0.000595297152495287	0.000529153024440255	0.000363792704302676	0.000661441280550319	0.000529153024440255	0.000496080960412739	0.000429936832357707	0.000562225088467771	0.000562225088467771	0.000396864768330191	0.00033072064027516	0.000562225088467771	0.000694513344577835	0.000231504448192612	0.000595297152495287	0.000363792704302676	0.000529153024440255	0.000396864768330191	0.00016536032013758	0.000396864768330191	0.000463008896385223	0.000463008896385223	0.000562225088467771	0.000727585408605351	0.000562225088467771	0.000264576512220128	0.000562225088467771	0.000562225088467771	0.000429936832357707	0.000529153024440255	0.00033072064027516	0.000496080960412739	0.00033072064027516	0.00016536032013758	0.000297648576247644	0.000297648576247644	0.000198432384165096	0.000264576512220128	6.61441280550319e-05	9.92161920825479e-05	0.00287726957039389	0.00711049376591593	0.00482852134801733	0.00185203558554089	0.00128981049707312	0.000694513344577835	0.000727585408605351	0.00033072064027516	0.000529153024440255	0.000264576512220128	0.000363792704302676	0	0.000463008896385223	0.000198432384165096	0.00016536032013758	0.000132288256110064	0.0168006085259781	0.00691206138175083	0.00648212454939313	0.00697820550980587	0.00320799021066905	0.00224890035387109	0.0031087740185865	0.000859873664715415	0.000231504448192612	0.000363792704302676	0.000363792704302676	0.00016536032013758	0.00016536032013758	0.000132288256110064	0.000396864768330191	0.000264576512220128	0.000463008896385223	0.000132288256110064	0.00016536032013758	9.92161920825479e-05	6.61441280550319e-05	0.00443165657968714	0.0102523398485299	0.00469623309190727	0.00509309786023746	0.00429936832357707	0.0033072064027516	0.00396864768330191	0.00132288256110064	0.0014551708172107	0.00138902668915567	0.000529153024440255	0.00105830604888051	0	0.000363792704302676	0.00016536032013758	0.000463008896385223	0	0.000132288256110064	0.000132288256110064	0.00638290835731058	0.00185203558554089	0.0216952740020505	0.0014551708172107	0.00413400800343949
S2B07	0.104139058220691	0.0991916247018288	0.0487012987012987	0.0594796360102483	0.0359572400388727	0.0242512589451365	0.0326884000353388	0.0217554554289248	0.0201431221839385	0.0242291721883559	0.0207836381305769	0.0199664281296934	0.0188841770474424	0.017271843802456	0.0134508348794063	0.0126115381217422	0.0112421592013429	0.0109108578496334	0.0138263097446771	0.0130532732573549	0.00879052919869246	0.00890096298259564	0.00912183055040198	0.00781871190034455	0.00680272108843537	0.00516830108666843	0.00496952027564272	0.00461613216715257	0.00516830108666843	0.00501369378920399	0.00461613216715257	0.00574255676296493	0.00399770297729481	0.00300379892216627	0.00322466648997261	0.00245163000265041	0.00234119621874724	0.00234119621874724	0.00198780811025709	0.00273875784079866	0.00247371675943105	0.00209824189416026	0.00267249757045675	0.00200989486703772	0.00167859351532821	0.00143563919074123	0.00174485378567011	0.00161233324498631	0.00165650675854757	0.00167859351532821	0.00150189946108313	0.00121477162293489	0.00152398621786377	0.00187737432635392	0.0014135524339606	0.00167859351532821	0.00163442000176694	0.00143563919074123	0.00101599081190918	0.00117059810937362	0.00130311865005743	0.00121477162293489	0.00106016432547045	0.000971817298347911	0.00103807756868981	0.000750949730541567	0.000684689460199664	0.000706776216980299	0.00139146567717996	0.000971817298347911	0.000971817298347911	0.00143563919074123	0.000750949730541567	0.000883470271225373	0.00081721000088347	0.000706776216980299	0.00119268486615425	0.000773036487322202	0.00066260270341903	0.000839296757664105	0.00103807756868981	0.000552168919515858	0.000706776216980299	0.000728862973760933	0.000728862973760933	0.000795123244102836	0.00050799540595459	0.000905557028006008	0.000750949730541567	0.000485908649173955	0.000552168919515858	0.000618429189857761	0.000353388108490149	0.000993904055128545	0.00050799540595459	0.000419648378832052	0.000419648378832052	0.000861383514444739	0.000397561622051418	0.00081721000088347	0.000684689460199664	0.000596342433077127	0.000265041081367612	0.00066260270341903	0.000397561622051418	0.000640515946638396	0.000596342433077127	0.000552168919515858	0.000552168919515858	0.000397561622051418	0.000419648378832052	0.000485908649173955	0.000485908649173955	0.000242954324586978	0.000309214594928881	0.000375474865270784	0.000905557028006008	0.000176694054245075	0.000441735135612687	0.000728862973760933	0.000530082162735224	0.000176694054245075	0.000485908649173955	0.000220867567806343	0.000375474865270784	0.000309214594928881	0.000773036487322202	0.000331301351709515	0.000949730541567276	0.000242954324586978	0.000220867567806343	0.000287127838148246	8.83470271225373e-05	0.000198780811025709	0.000242954324586978	0.000331301351709515	0.000287127838148246	0.000176694054245075	0.000198780811025709	0.00996112730806608	0.00799540595458963	0.00673646081809347	0.00134729216361869	0.000795123244102836	0.000463821892393321	0.000397561622051418	0.000574255676296493	0.000198780811025709	0.000110433783903172	0.000265041081367612	0.000397561622051418	0.000574255676296493	0.00050799540595459	6.6260270341903e-05	0.00015460729746444	0.000618429189857761	0.00757575757575758	0.00348970757134022	0.00117059810937362	0.0102482551462143	0.00170068027210884	0.000309214594928881	0.000839296757664105	0.000441735135612687	0.000640515946638396	0.000265041081367612	0.000596342433077127	0.000419648378832052	0.000220867567806343	0.000198780811025709	0.000309214594928881	0.000309214594928881	0.000242954324586978	0.00015460729746444	0.00015460729746444	0.00015460729746444	0.0229702270518597	0.00943104514533086	0.00130311865005743	0.00200989486703772	0.0338369113879318	0	0.00750949730541567	0.000463821892393321	0.00993904055128545	0.00340136054421769	0.000419648378832052	0.00198780811025709	0.000485908649173955	0	0.000198780811025709	0.000419648378832052	0.000353388108490149	0.00015460729746444	8.83470271225373e-05	0.0163000265041081	0.00271667108401802	0.000728862973760933	0.00879052919869246	0.0123906705539359
S2B1522	0.109206779661017	0.0907932203389831	0.0476745762711864	0.0533152542372881	0.0351457627118644	0.086535593220339	0.0348745762711864	0.0228881355932203	0.019064406779661	0.0251932203389831	0.0199593220338983	0.0189559322033898	0.0180338983050847	0.0170847457627119	0.0124474576271186	0.0100067796610169	0.0122033898305085	0.0100338983050847	0.0103050847457627	0.0109830508474576	0.00997966101694915	0.00816271186440678	0.0106576271186441	0.00767457627118644	0.00602033898305085	0.00566779661016949	0.00772881355932203	0.00485423728813559	0.00469152542372881	0.00471864406779661	0.00376949152542373	0.00368813559322034	0.00452881355932203	0.0032	0.0024135593220339	0.00344406779661017	0.00360677966101695	0.00230508474576271	0.00230508474576271	0.00257627118644068	0.00168135593220339	0.0023864406779661	0.00235932203389831	0.00195254237288136	0.00200677966101695	0.00230508474576271	0.00165423728813559	0.00141016949152542	0.00203389830508475	0.00225084745762712	0.00151864406779661	0.00105762711864407	0.00197966101694915	0.0016	0.000840677966101695	0.00165423728813559	0.000867796610169492	0.00105762711864407	0.00154576271186441	0.00189830508474576	0.00103050847457627	0.00138305084745763	0.00138305084745763	0.00314576271186441	0.00127457627118644	0.000922033898305085	0.000949152542372881	0.00119322033898305	0.000786440677966102	0.000894915254237288	0.000596610169491525	0.000813559322033898	0.000677966101694915	0.000949152542372881	0.000650847457627119	0.000976271186440678	0.000976271186440678	0.000759322033898305	0.000705084745762712	0.00103050847457627	0.000867796610169492	0.00173559322033898	0.00103050847457627	0.00116610169491525	0.000325423728813559	0.000949152542372881	0.000515254237288136	0.000379661016949153	0.000677966101694915	0.000894915254237288	0.000623728813559322	0.00100338983050847	0.000813559322033898	0.000406779661016949	0.000677966101694915	0.000461016949152542	0.000542372881355932	0.000488135593220339	0.000379661016949153	0.000677966101694915	0.000406779661016949	0.000732203389830508	0.000732203389830508	0.000596610169491525	0.000298305084745763	0.000569491525423729	0.000433898305084746	0.000623728813559322	0.000677966101694915	0.000488135593220339	0.000379661016949153	0.000515254237288136	0.000840677966101695	0.000705084745762712	0.000406779661016949	0.000433898305084746	0.000352542372881356	8.13559322033898e-05	0.000542372881355932	0.000325423728813559	0.000542372881355932	0.000488135593220339	0.000189830508474576	0.000488135593220339	0.000216949152542373	0.000298305084745763	0.000379661016949153	0.000325423728813559	0.000298305084745763	0.00024406779661017	0.000650847457627119	0.000216949152542373	0.000596610169491525	0.000189830508474576	0.000488135593220339	0.000108474576271186	0.000406779661016949	0.000298305084745763	0.000108474576271186	0.000542372881355932	0.00203389830508475	0.00390508474576271	0.00268474576271186	0.000732203389830508	0.000569491525423729	0.000705084745762712	0.000189830508474576	0.000596610169491525	0.00024406779661017	0.000325423728813559	0.000135593220338983	0	0.000433898305084746	0.000271186440677966	0.000352542372881356	0.0149423728813559	0.00832542372881356	0.00490847457627119	0.00328135593220339	0.000623728813559322	0.00116610169491525	0.00244067796610169	0.000542372881355932	0.000515254237288136	0.000216949152542373	0.000406779661016949	0.000433898305084746	0	0	0.000352542372881356	0.000189830508474576	0.000271186440677966	0.000216949152542373	5.42372881355932e-05	0.00024406779661017	0.000189830508474576	0.000894915254237288	0.0262237288135593	0.00455593220338983	0.014128813559322	0.0144542372881356	0	0.00214237288135593	0.00303728813559322	0.00214237288135593	0.00287457627118644	0.000949152542372881	0.000922033898305085	0.000542372881355932	0.000433898305084746	0.000515254237288136	0.00024406779661017	0.000135593220338983	0.00016271186440678	0.000298305084745763	0.0114440677966102	0.000515254237288136	0.000786440677966102	0.00534237288135593	0.00105762711864407
S2B3040	0.0990752972258917	0.0969994338554444	0.0701547461785243	0.065224570673712	0.0452915644461219	0.0332374032836384	0.0379788639365918	0.0310671824872617	0.0342989243253444	0.0279533874315909	0.0249339498018494	0.0180694470654841	0.0175268918663899	0.0205463294961313	0.0164889601811663	0.0153094923570485	0.0158992262691074	0.015474617852425	0.0135402906208719	0.00886959803736554	0.0126910737875071	0.010827514625401	0.0106623891300245	0.0102849594263069	0.00882241932440083	0.00754859407435365	0.00669937724098887	0.00620400075485941	0.00681732402340064	0.00582657105114172	0.00551990941687111	0.00672296659747122	0.00528401585204756	0.00464710322702397	0.00391583317607096	0.00313738441215324	0.00200509530100019	0.00280713342140026	0.00250047178712965	0.00254765050009436	0.00176920173617664	0.0022645782223061	0.00209945272692961	0.00313738441215324	0.00221739950934139	0.0022645782223061	0.0015804868843178	0.00169843366672957	0.00106152104170598	0.00242970371768258	0.00153330817135309	0.00132100396301189	0.00117946782411776	0.00200509530100019	0.00188714851858841	0.00191073787507077	0.00160407624080015	0.00233534629175316	0.00188714851858841	0.00172202302321193	0.00174561237969428	0.00108511039818834	0.00113228911115305	0.00426967352330628	0.00110869975467069	0.00129741460652953	0.00120305718060011	0.00103793168522363	0.000990752972258917	0.00169843366672957	0.000967163615776562	0.00122664653708247	0.00110869975467069	0.00108511039818834	0.00134459331949424	0.000943574259294206	0.00139177203245895	0.000919984902811851	0.00117946782411776	0.00103793168522363	0.00132100396301189	0.00101434232874127	0.00103793168522363	0.000660501981505945	0.00120305718060011	0.00101434232874127	0.00113228911115305	0.000967163615776562	0.000990752972258917	0.000872806189847141	0.000613323268541234	0.000566144555576524	0.000448197773164748	0.000802038120400075	0.000518965842611814	0.000448197773164748	0.000660501981505945	0.000613323268541234	0.000754859407435365	0.000825627476882431	0.000825627476882431	0.000660501981505945	0.000849216833364786	0.000589733912058879	0.000660501981505945	0.000518965842611814	0.000495376486129458	0.000448197773164748	0.000636912625023589	0.000471787129647103	0.000518965842611814	0.000542555199094169	0.000471787129647103	0.000424608416682393	0.000235893564823552	0.000566144555576524	0.000424608416682393	0.0006840913379883	0.000353840347235327	0.000401019060200038	0.000518965842611814	0.000542555199094169	0.000377429703717683	0.000495376486129458	0.000825627476882431	0.000377429703717683	0.000518965842611814	0.000542555199094169	0.000448197773164748	0.000212304208341196	0.000448197773164748	0.000566144555576524	0.000495376486129458	0.000471787129647103	0.000636912625023589	0.000165125495376486	0.000613323268541234	7.07680694470655e-05	0.000141536138894131	0.000636912625023589	0.0011558784676354	0.000589733912058879	0.00117946782411776	0.000542555199094169	0.000566144555576524	0.000424608416682393	0.000754859407435365	0.000566144555576524	0.000542555199094169	0.000471787129647103	0.000188714851858841	0.000188714851858841	0.00073127005095301	0.000188714851858841	0.000401019060200038	0.00658143045857709	0.00351481411587092	0.00238252500471787	0.00316097376863559	0.000424608416682393	0.00073127005095301	0.00129741460652953	0.000542555199094169	0.000566144555576524	0.000448197773164748	0.000165125495376486	0.000330250990752972	0.000306661634270617	0.000165125495376486	0.000141536138894131	0.000353840347235327	0.000306661634270617	0.000188714851858841	0.000259482921305907	9.43574259294206e-05	0.000212304208341196	0.000306661634270617	0.0154038497829779	0.00193432723155312	0.00245329307416494	0.00245329307416494	0.00193432723155312	0.000660501981505945	0.00132100396301189	0.000518965842611814	0.000802038120400075	0.0011558784676354	0.000495376486129458	0.000283072277788262	0.000495376486129458	0	9.43574259294206e-05	0.000471787129647103	0.000424608416682393	4.71787129647103e-05	0.00141536138894131	0.000471787129647103	0.000141536138894131	0.000566144555576524	0.00103793168522363
S2B5565	0.116244085891059	0.108528448380444	0.0642969792551256	0.0629867766589834	0.0433337377168507	0.0467548222734441	0.0322455416717215	0.0295766104573578	0.0258158437462089	0.0233410166201626	0.0192163047434187	0.0234623316753609	0.0182943103239112	0.0181244692466335	0.0190222006551013	0.014776173723159	0.0142423874802863	0.0138541793036516	0.0134417081159772	0.0126895547737474	0.0121800315419144	0.0112095111003276	0.0101419386145821	0.00980225646002669	0.00788547858789276	0.00616280480407619	0.00633264588135388	0.00582312264952081	0.00531359941768773	0.00521654737352906	0.00567754458328279	0.00504670629625137	0.00487686521897367	0.00402765983258522	0.0033968215455538	0.00346961057867281	0.00349387358971248	0.00264466820332403	0.00237777508188766	0.0029115613247604	0.00215940798253063	0.00279024626956205	0.00237777508188766	0.00215940798253063	0.00189251486109426	0.00157709571757855	0.00228072303772898	0.00177119980589591	0.00213514497149096	0.00196530389421327	0.00215940798253063	0.00160135872861822	0.0016984107727769	0.00157709571757855	0.00150430668445954	0.00150430668445954	0.000970520441586801	0.00157709571757855	0.00111609850782482	0.00191677787213393	0.00189251486109426	0.00148004367341987	0.000994783452626471	0.000800679364309111	0.00162562173965789	0.000776416353269441	0.0012131505519835	0.000752153342229771	0.000946257430547131	0.00140725464030086	0.00133446560718185	0.00109183549678515	0.000970520441586801	0.000921994419507461	0.0012131505519835	0.00140725464030086	0.000727890331190101	0.00109183549678515	0.000994783452626471	0.000970520441586801	0.00101904646366614	0.00220793400460997	0.00118888754094383	0.000776416353269441	0.000582312264952081	0.000655101298071091	0.000824942375348781	0.000776416353269441	0.000921994419507461	0.00050952323183307	0.00123741356302317	0.000752153342229771	0.000800679364309111	0.000703627320150431	0.000727890331190101	0.000849205386388451	0.000849205386388451	0.00050952323183307	0.000655101298071091	0.000533786242872741	0.000727890331190101	0.000970520441586801	0.000776416353269441	0.000873468397428121	0.00046099720975373	0.000533786242872741	0.000752153342229771	0.000655101298071091	0.0004852602207934	0.00036394516559505	0.000824942375348781	0.000582312264952081	0.00033968215455538	0.000533786242872741	0.000558049253912411	0.00029115613247604	0.00036394516559505	0.000776416353269441	0.000558049253912411	0.00043673419871406	0.000873468397428121	0.00038820817663472	0.00033968215455538	0.0004852602207934	0.00021836709935703	0.000727890331190101	0.000752153342229771	0.00043673419871406	0.00036394516559505	0.00026689312143637	0.0004852602207934	0.00041247118767439	0.00046099720975373	0.000582312264952081	0.0002426301103967	0.00026689312143637	0.00012131505519835	0.00026689312143637	0.00016984107727769	0.00033968215455538	0.00329976950139512	0.00101904646366614	0.0014557806623802	0.00101904646366614	0.000776416353269441	0.000655101298071091	0.000630838287031421	0.00106757248574548	0.00041247118767439	0.000533786242872741	0.00031541914351571	0.00014557806623802	0.00031541914351571	0.00036394516559505	0.0002426301103967	0.0064782239475919	0.0016984107727769	0.00444013102025961	0.00446439403129928	0.00012131505519835	0.000873468397428121	0.0016984107727769	0.00031541914351571	0.000703627320150431	0.00026689312143637	0.00021836709935703	0.00026689312143637	0.00033968215455538	0.00019410408831736	0.00019410408831736	0.00016984107727769	9.70520441586801e-05	0.0002426301103967	0.00033968215455538	0.00014557806623802	0.00014557806623802	0.00019410408831736	0.0141453354361276	0.00237777508188766	0.00189251486109426	0.00033968215455538	0.00196530389421327	0.000752153342229771	0.00184398883901492	0.000558049253912411	0.000533786242872741	0.000752153342229771	0.00046099720975373	0.00016984107727769	0.0002426301103967	0.00016984107727769	0.000655101298071091	0.00026689312143637	0.00029115613247604	0.00021836709935703	0.00111609850782482	0	0.0002426301103967	0.00016984107727769	0.0002426301103967
S3A07	0.128014090434403	0.117103355830229	0.0715120719485013	0.0603051888336425	0.0435182443069346	0.0165219695434637	0.0331998067241299	0.0334336081799336	0.0282276290973705	0.0240971367115046	0.0205901148744486	0.0242062440575463	0.0225384603394797	0.0171922003834344	0.0157582181211715	0.0168181180541484	0.0182365135526911	0.0155244166653678	0.0119862213008713	0.0121732624655143	0.0148385990616768	0.0117368330813473	0.0113315772246209	0.0104587184562869	0.00893121561170254	0.00721667160247518	0.00621911872437926	0.00573592904905155	0.00534625995604533	0.00539302024720607	0.00519039231884284	0.00539302024720607	0.00469161587979488	0.00414607914958617	0.0038343438751812	0.00364730271053821	0.00353819536449647	0.00300824539800801	0.00243153514035881	0.00258740277756129	0.00244712190407906	0.00264974983244229	0.0024627086677993	0.00176130430038811	0.00229125426687657	0.00240036161291831	0.00205745281107284	0.00183923811898935	0.00132487491622114	0.00238477484919806	0.0024627086677993	0.0013092881525009	0.00201069251991209	0.00146515578970338	0.00151191608086413	0.00201069251991209	0.00143398226226289	0.00151191608086413	0.00173013077294761	0.00141839549854264	0.0013092881525009	0.00105989993297692	0.00166778371806662	0.000935205823214926	0.000779338186012438	0.00115342051529841	0.00135604844366164	0.0012157675701794	0.000981966114375672	0.00141839549854264	0.00088844553205418	0.000654644076250448	0.00110666022413766	0.0012469410976199	0.00101313964181617	0.000826098477173185	0.000810511713452936	0.00112224698785791	0.00115342051529841	0.00115342051529841	0.00141839549854264	0.000218214692083483	0.00137163520738189	0.000950792586935175	0.00134046167994139	0.00129370138878065	0.00138722197110214	0.000857272004613682	0.000576710257649204	0.000670230839970697	0.000358495565565722	0.000794924949732687	0.000716991131131443	0.000654644076250448	0.00102872640553642	0.00101313964181617	0.000639057312530199	0.000592297021369453	0.000654644076250448	0.000779338186012438	0.000654644076250448	0.000654644076250448	0.000529949966488458	0.000405255856726468	0.000623470548809951	0.000935205823214926	0.000514363202768209	0.000607883785089702	0.000467602911607463	0.000841685240893433	0.000467602911607463	0.000545536730208707	0.000576710257649204	0.000639057312530199	0.000592297021369453	0.000452016147887214	0.000202627928363234	0.000561123493928956	0.000436429384166965	0.000607883785089702	0.000218214692083483	0.000592297021369453	0.000514363202768209	0.000405255856726468	0.000436429384166965	0.000296148510684727	0.000592297021369453	0.00049877643904796	0.000327322038125224	0.000342908801845473	0.000218214692083483	0.000452016147887214	0.000342908801845473	0.000342908801845473	0.000327322038125224	0.000155867637202488	0.000311735274404975	0.000327322038125224	0.00037408232928597	0.00118459404273891	0.000654644076250448	0.00107548669669716	0.000654644076250448	0.000592297021369453	0.00076375142229219	0.000732577894851692	0.000467602911607463	0.000109107346041741	0.00049877643904796	0.000311735274404975	0.000171454400922736	0.000202627928363234	0.000171454400922736	0.000311735274404975	0.000155867637202488	0.00137163520738189	0.00236918808547781	0.000264974983244229	0.00088844553205418	0.000467602911607463	0.000155867637202488	0.00012469410976199	0.000233801455803731	0.000280561746964478	0.000452016147887214	0.00024938821952398	0.000467602911607463	0.000155867637202488	0.000155867637202488	0.000140280873482239	0.000218214692083483	0.000264974983244229	0.000264974983244229	0.000280561746964478	0.000155867637202488	0.000155867637202488	0.000810511713452936	0.00955468616051249	0.00254064248640055	0.00207303957479309	0.00333556743613324	0.000732577894851692	0.000794924949732687	0.000467602911607463	0.00272768365104353	0.000280561746964478	0.00120018080645915	0.000483189675327712	0.000405255856726468	0.00024938821952398	0.000280561746964478	0.000202627928363234	0.000280561746964478	9.35205823214926e-05	0.000140280873482239	0.000296148510684727	0.000529949966488458	0	0.00024938821952398	0.00241594837663856
S3A1522	0.107938564026647	0.102535159141377	0.0677831236121392	0.0635270170244264	0.0431902294596595	0.085140636565507	0.0298482605477424	0.0301443375277572	0.0282013323464101	0.0230569948186529	0.0186528497409326	0.0213915618060696	0.0185233160621762	0.0163767579570688	0.0186158401184308	0.0140081421169504	0.0150444115470022	0.0157660991857883	0.0138415988156921	0.0127313101406366	0.0128978534418949	0.0111954108068098	0.0103441894892672	0.00949296817172465	0.00823464100666173	0.00669874167283494	0.00584752035529238	0.00625462620281273	0.0055699481865285	0.00618060695780903	0.00623612139156181	0.00408956328645448	0.00449666913397483	0.00438564026646928	0.00460769800148038	0.00375647668393782	0.00246113989637306	0.00325684678016284	0.00283123612139156	0.00266469282013323	0.00309030347890451	0.00251665433012583	0.00253515914137676	0.00225758697261288	0.0019059955588453	0.00222057735011103	0.0022760917838638	0.0018319763138416	0.0020540340488527	0.00173945225758697	0.00223908216136195	0.00225758697261288	0.00140636565507032	0.00157290895632865	0.00166543301258327	0.00162842339008142	0.00199851961509993	0.00125832716506292	0.00164692820133235	0.00159141376757957	0.00194300518134715	0.00170244263508512	0.00131384159881569	0.000814211695040711	0.00129533678756477	0.00109178386380459	0.00148038490007402	0.00122131754256107	0.00144337527757217	0.00101776461880089	0.00148038490007402	0.00164692820133235	0.00077720207253886	0.000943745373797187	0.00107327905255366	0.00125832716506292	0.00135085122131754	0.000925240562546262	0.00114729829755736	0.00122131754256107	0.000555144337527757	0.00159141376757957	0.00122131754256107	0.00133234641006662	0.000795706883789785	0.00131384159881569	0.000555144337527757	0.000592153960029608	0.00105477424130274	0.000832716506291636	0.00101776461880089	0.000684678016284234	0.000666173205033309	0.000684678016284234	0.00105477424130274	0.000610658771280533	0.000832716506291636	0.000721687638786084	0.000814211695040711	0.000425610658771281	0.000518134715025907	0.000647668393782383	0.00074019245003701	0.000832716506291636	0.000610658771280533	0.000629163582531458	0.000333086602516654	0.000629163582531458	0.000536639526276832	0.000499629903774982	0.000333086602516654	0.00035159141376758	0.000499629903774982	0.000758697261287935	0.000333086602516654	0.000573649148778682	0.000481125092524056	0.000407105847520355	0.000296076980014804	0.000647668393782383	0.000425610658771281	0.000758697261287935	0.000148038490007402	0.000370096225018505	0.000333086602516654	0.000296076980014804	0.000333086602516654	0.000277572168763879	0.000425610658771281	0.000370096225018505	0.000481125092524056	0.000425610658771281	0.00035159141376758	0.000129533678756477	0.000370096225018505	0.000333086602516654	0.000148038490007402	0.00038860103626943	0.000277572168763879	0.000166543301258327	7.4019245003701e-05	0.000111028867505551	0.000518134715025907	0.000832716506291636	0.000407105847520355	0.000481125092524056	0.000259067357512953	0.000758697261287935	0.000148038490007402	0.000407105847520355	0.000333086602516654	0.000296076980014804	0.000314581791265729	0.00035159141376758	0.000185048112509252	0.000462620281273131	0.000166543301258327	0	0.00235011102886751	7.4019245003701e-05	0	0	0.000166543301258327	0.000962250185048112	0.000518134715025907	0.000314581791265729	0.000499629903774982	0.000222057735011103	0.000499629903774982	0.000240562546262028	0.000277572168763879	0.000148038490007402	0.000314581791265729	7.4019245003701e-05	0.00035159141376758	0.000203552923760178	5.55144337527757e-05	0.0112509252405625	0.000333086602516654	0.000647668393782383	0.000314581791265729	0.00249814951887491	0	0	0.00035159141376758	0	0.00170244263508512	3.70096225018505e-05	0.000296076980014804	0	0.000277572168763879	0.000277572168763879	0.000259067357512953	0.000462620281273131	0.000148038490007402	0.000129533678756477	0	0	0	0.000148038490007402
S3A3040	0.115236836442996	0.113454031291304	0.0652260781360465	0.0650109119970492	0.0460762917652845	0.0318445885716042	0.0341499400608613	0.0323671349091691	0.0260658408385332	0.0265576491562414	0.0227768727138598	0.0205944733040298	0.0208096394430271	0.0177973134970645	0.0178280515169213	0.0144776073525343	0.0138628469553991	0.0166292687425076	0.01413948913411	0.0112193772477177	0.0119263517044232	0.0110349491285771	0.0107583069498663	0.00992838041373375	0.00860664555989303	0.00826852734146866	0.00706974456705499	0.00783819506347401	0.00587096179264132	0.00584022377278456	0.00636277011034949	0.00371930040266806	0.00445701287923032	0.0038422524820951	0.00381151446223834	0.00162911505240832	0.00328896812467341	0.00267420772753819	0.00264346970768143	0.0029815879261058	0.00292011188639228	0.00295084990624904	0.00248977960839763	0.00181354317154889	0.00209018535025974	0.00218239940983002	0.00221313742968678	0.00209018535025974	0.00138321089355424	0.00190575723111917	0.00144468693326776	0.00218239940983002	0.00196723327083269	0.00165985307226508	0.00113730673470015	0.00144468693326776	0.00122952079427043	0.00135247287369748	0.00202870931054621	0.000922140595702825	0.0015676390126948	0.00159837703255156	0.00119878277441367	0.00116804475455691	0.000922140595702825	0.00101435465527311	0.00126025881412719	0.00150616297298128	0.000553284357421695	0.000768450496419021	0.00107583069498663	0.000922140595702825	0.00104509267512987	0.00104509267512987	0.00159837703255156	0.000676236436848738	0.00126025881412719	0.0015676390126948	0.000922140595702825	0.00113730673470015	0.000614760397135217	0.00273568376725171	0.00147542495312452	0.00122952079427043	0.000184428119140565	0.00104509267512987	0.000676236436848738	0.000799188516275782	0.000860664555989303	0.000645498416991977	0.000983616635416347	0.00147542495312452	0.000860664555989303	0.000584022377278456	0.000676236436848738	0.000829926536132542	0.000952878615559586	0.00101435465527311	0.000522546337564934	0.000614760397135217	0.00110656871484339	0.000614760397135217	0.000584022377278456	0.000768450496419021	0.000860664555989303	0.000584022377278456	0.000338118218424369	0.000706974456705499	0.000461070297851412	0.000461070297851412	0.000399594258137891	0.000522546337564934	0.00119878277441367	0.000614760397135217	0.000522546337564934	0.000122952079427043	0.000461070297851412	0.000122952079427043	0.00036885623828113	0.000522546337564934	0.000491808317708173	0.000461070297851412	0.000676236436848738	0.00036885623828113	0.00036885623828113	0.000584022377278456	0.000184428119140565	0.000399594258137891	0.000276642178710847	0.000215166138997326	0.000184428119140565	0.000276642178710847	0.000245904158854087	0.000430332277994652	0.000153690099283804	0.000184428119140565	0.000307380198567608	0.000399594258137891	0.000184428119140565	0.00116804475455691	0.00036885623828113	0.000768450496419021	0.00113730673470015	0.00101435465527311	0.000276642178710847	0.000860664555989303	0.00036885623828113	0.00196723327083269	0.000399594258137891	0.000307380198567608	0.00036885623828113	0.000153690099283804	0.000430332277994652	0.000153690099283804	0.00036885623828113	0.000922140595702825	0.000553284357421695	0.000461070297851412	0.00165985307226508	0.000522546337564934	0.000184428119140565	0.000184428119140565	9.22140595702825e-05	0.000983616635416347	0.00036885623828113	0.000584022377278456	0.00036885623828113	0.000307380198567608	0.000215166138997326	0.000461070297851412	0.000245904158854087	0.000153690099283804	0.000184428119140565	0.000276642178710847	0.00036885623828113	9.22140595702825e-05	0.000553284357421695	0.0174284572587834	0.00122952079427043	0.00295084990624904	0.00316601604524637	0.00239756554882734	0.000676236436848738	0.000399594258137891	0.00132173485384072	0.000122952079427043	0	0.000584022377278456	0.000338118218424369	0.000184428119140565	0.000245904158854087	0.000215166138997326	0.000276642178710847	0.000184428119140565	0.000215166138997326	0.000276642178710847	0.000461070297851412	6.14760397135217e-05	0.00036885623828113	0.00162911505240832
S3A6070	0.0737276408180001	0.0618881656501461	0.0981241351032751	0.124263236123213	0.0551996309773974	0.0200656040182461	0.0321357183127467	0.049587412228999	0.0422069601763108	0.0266772589821127	0.0236789503357081	0.0127876582440674	0.0102762544205833	0.0195786991953257	0.0198349648915996	0.0224745015632207	0.0192968069294244	0.0175798267643893	0.0222182358669469	0.00586848444467224	0.0180923581569371	0.00650914868535698	0.0132233099277331	0.00732919891343345	0.00481779508994926	0.00743170519194301	0.00668853467274871	0.00863615396443032	0.00630413612833786	0.00732919891343345	0.00937932448362462	0.00338270719081544	0.00269078981087592	0.00597099072318179	0.00463840910255753	0.00225513812721029	0.00197324586130901	0.00686792066014043	0.00427963712777408	0.00125570191174209	0.00164010045615294	0.00158884731689816	0.00304956178565937	0.00307518835528676	0.00356209317820717	0.000743170519194301	0.00189636615242684	0.00158884731689816	0.00181948644354467	0.00220388498795551	0.000999436215468197	0.00164010045615294	0.00105068935472298	0.00225513812721029	0.00107631592435037	0.000691917379939521	0.00146071446876121	0.00102506278509559	0.00381835887448106	0.00164010045615294	0.0014863410383886	0.00212700527907334	0.000538157962175183	0.000922556506586028	0.000333145405156066	0.00176823330428989	0.000640664240684742	0.00117882220285993	0.00181948644354467	0.000743170519194301	0.00076879708882169	0.000999436215468197	0.000640664240684742	0.000538157962175183	0.00105068935472298	0.000486904822920404	0.000358771974783455	0.000563784531802573	0.000948183076213418	0.00161447388652555	0.0012300753421147	0.00107631592435037	0.00156322074727077	0.000486904822920404	0.000973809645840808	0.0014863410383886	0.000256265696273897	0.000307518835528676	0.00135820819025165	0.000435651683665624	0.00076879708882169	0.00184511301317206	0.000717543949566911	0.000871303367331249	0.000128132848136948	0.000179385987391728	0.00102506278509559	0.000512531392547794	0.000717543949566911	0.000128132848136948	0.000486904822920404	0.000743170519194301	0.000922556506586028	0.000538157962175183	0.000743170519194301	0.000743170519194301	0.000538157962175183	0.00110194249397776	0.000435651683665624	0.000384398544410845	0.000922556506586028	0.000230639126646507	0.000512531392547794	0.000256265696273897	0.000205012557019117	0.000691917379939521	0.000333145405156066	0.00130695505099687	0.000589411101429963	0.00076879708882169	0.000691917379939521	0.000615037671057352	0.000410025114038235	0.00082005022807647	0.000230639126646507	0.000486904822920404	0.000281892265901286	0.000256265696273897	0.000743170519194301	0.000538157962175183	0.000153759417764338	0.000281892265901286	0.000230639126646507	0.000640664240684742	0.000743170519194301	0.000384398544410845	0.000256265696273897	0.000256265696273897	0.000333145405156066	0	0	0	0.000153759417764338	0.00105068935472298	0.000666290810312132	0.000922556506586028	0.000563784531802573	0.00110194249397776	0.000256265696273897	0.000333145405156066	0.000281892265901286	0.000102506278509559	0.000435651683665624	0.000128132848136948	0.000179385987391728	0	0	0	0	0	0	0	0	0.00107631592435037	0.000845676797703859	0.000256265696273897	0.000307518835528676	0.000538157962175183	0.000230639126646507	0.000153759417764338	0.000486904822920404	0.000230639126646507	0.000307518835528676	0.000410025114038235	0.000179385987391728	0.000256265696273897	0	0.00076879708882169	0	0.00146071446876121	0	0.00353646660857978	0	0	0	0	0.00079442365844908	0	0.000128132848136948	0.000205012557019117	0.000179385987391728	0.000128132848136948	0.000691917379939521	0.000512531392547794	0.000384398544410845	0	0	0	0	0
S3B2030	0.108607833715943	0.105368996138309	0.0576762230171018	0.0635488406029221	0.0423006424287723	0.0623387254640258	0.0340255903760255	0.0293452921182354	0.0254658053494207	0.0263022084601285	0.0184008684355703	0.0196821668179311	0.0179915647856495	0.0171729574858078	0.019094905059349	0.0154289680209279	0.0141476696385671	0.0137739576103785	0.0146281565319524	0.0138629366647091	0.011068994358728	0.0103927535458153	0.0109444236826651	0.00873774313526596	0.00777676934849536	0.00645987934440233	0.00672681650739416	0.00665563326392967	0.00471588987952236	0.00574804690975744	0.00542772231416725	0.00535653907070276	0.00519637677290766	0.00345238730802769	0.00379050771448401	0.0035413663623583	0.00331002082109871	0.00361254960582279	0.0024914135212571	0.00275835068424893	0.0020109266278718	0.00215329311480078	0.00229565960172975	0.00325663338850035	0.00193974338440731	0.0016906020322816	0.00204651824960404	0.00156603135621875	0.00202872243873792	0.00199313081700568	0.00138807324755752	0.00209990568220241	0.00186856014094282	0.00151264392362038	0.00218888473653302	0.00147705230188814	0.00147705230188814	0.00209990568220241	0.00188635595180894	0.00192194757354119	0.00156603135621875	0.00149484811275426	0.00170839784314772	0.000729628245511007	0.000854198921573862	0.000854198921573862	0.000765219867243251	0.000836403110707739	0.00112113608456569	0.00092538216503835	0.00124570676062855	0.00124570676062855	0.000996565408502838	0.00106774865196733	0.00110334027369957	0.000978769597636716	0.000800811488975495	0.00067624081291264	0.00108554446283345	0.00151264392362038	0.00101436121936896	0.0024914135212571	0.00128129838236079	0.000783015678109373	0.00115672770629794	0.00117452351716406	0.00067624081291264	0.00106774865196733	0.000551670136849786	0.000729628245511007	0.000907586354172228	0.000978769597636716	0.000836403110707739	0.000694036623778762	0.000694036623778762	0.000622853380314274	0.00058726175858203	0.00092538216503835	0.000516078515117541	0.000444895271653053	0.000444895271653053	0.000533874325983663	0.000640649191180396	0.000836403110707739	0.000409303649920809	0.000498282704251419	0.000747424056377129	0.000622853380314274	0.000533874325983663	0.000605057569448152	0.000800811488975495	0.000551670136849786	0.000498282704251419	0.000462691082519175	0.000409303649920809	0.000551670136849786	0.000373712028188564	0.00033812040645632	0.000907586354172228	0.000978769597636716	0.000551670136849786	0.000658445002046518	0.000427099460786931	0.000605057569448152	0.000711832434644885	0.000533874325983663	0.00058726175858203	0.000533874325983663	0.000658445002046518	0.000551670136849786	0.000266937162991832	0.000409303649920809	0.000480486893385297	0.000462691082519175	0.000302528784724076	0.000195753919527343	0.000160162297795099	0.000177958108661221	0.000320324595590198	0.000195753919527343	0.00288292136031178	0.000320324595590198	0.000658445002046518	0.000783015678109373	0.000391507839054687	0.000551670136849786	0.000427099460786931	0.000640649191180396	0.000355916217322442	0.000373712028188564	0.000569465947715908	0.000195753919527343	0.000160162297795099	0.000231345541259587	0.00033812040645632	0.0102147954371541	0.000836403110707739	0.0111579734130586	0.00485825636645134	0	0.000658445002046518	0.000694036623778762	0.000284732973857954	0.000444895271653053	0.000516078515117541	0.000355916217322442	0.000391507839054687	0.000142366486928977	0.000391507839054687	0.000480486893385297	0.00033812040645632	0.000355916217322442	0.000106774865196733	0.000320324595590198	0.000266937162991832	8.89790543306106e-05	0.000106774865196733	0.00807929813321944	0.000818607299841617	0.00318545014503586	0.000177958108661221	0.00199313081700568	0.000373712028188564	0.000943177975904472	0.000605057569448152	0.000320324595590198	0.000747424056377129	0.00024914135212571	0.000658445002046518	0.00033812040645632	0.000231345541259587	0.000320324595590198	0.000177958108661221	0.000160162297795099	8.89790543306106e-05	0.000444895271653053	0	0.00165501041054936	3.55916217322442e-05	3.55916217322442e-05
S3B3545	0.104248110502997	0.0966575449569977	0.061099166015116	0.0619298931456867	0.038050560333594	0.0443868908001042	0.042774302840761	0.0283750325775345	0.0270067761271827	0.0284238988793328	0.0266484232473286	0.0194324993484493	0.0198071409955695	0.0248729476153245	0.0154091738337243	0.0152462861610633	0.0139920510815741	0.014839066979411	0.0128192598384154	0.0115650247589262	0.0119396664060464	0.0149367995830076	0.00915428720354444	0.00938232994526974	0.0113858483189992	0.00602684388845452	0.00654808444096951	0.00630375293197811	0.00809551733124837	0.00576622361219703	0.00493549648162627	0.00371383893666927	0.00531013812874642	0.00369755016940318	0.00371383893666927	0.00200351837372948	0.00276909043523586	0.00314373208235601	0.00573364607766484	0.00229671618451916	0.00234558248631744	0.00228042741725306	0.00250847015897837	0.00159629919207714	0.00192207453739901	0.00835613760750586	0.00136825645035184	0.00182434193380245	0.00247589262444618	0.0017103205629398	0.0016940317956737	0.00166145426114152	0.00128681261402137	0.0021826948136565	0.00185691946833464	0.00153114412301277	0.00179176439927026	0.00871449048735992	0.00164516549387542	0.00114021370862653	0.00131939014855356	0.00162887672660933	0.00130310138128746	0.000863304665102945	0.00496807401615846	0.00130310138128746	0.000928459734167318	0.000684128225175919	0.0012053687776909	0.00102619233776388	0.00135196768308574	0.00182434193380245	0.00117279124315872	0.000977326035965598	0.000586395621579359	0.00133567891581965	0.000732994526974199	0.000944748501433412	0.000732994526974199	0.000912170966901225	0.0012053687776909	0.00166145426114152	0.000928459734167318	0.000879593432369038	0.000716705759708105	0.00131939014855356	0.000570106854313266	0.000521240552514986	0.000570106854313266	0.00100990357049778	0.000879593432369038	0.000651550690643732	0.000618973156111545	0.000732994526974199	0.000749283294240292	0.000732994526974199	0.000749283294240292	0.000716705759708105	0.000570106854313266	0.000472374250716706	0.000504951785248892	0.000651550690643732	0.000472374250716706	0.00211753974459213	0.000570106854313266	0.000586395621579359	0.000553818087047172	0.000716705759708105	0.000423507948918426	0.000684128225175919	0.000439796716184519	0.000293197810789679	0.00123794631222309	0.000667839457909825	0.000325775345321866	0.000228042741725306	0.000276909043523586	0.000439796716184519	0.000863304665102945	0.000472374250716706	0.000293197810789679	0.000276909043523586	0.000635261923377639	0.000211753974459213	0.000228042741725306	0.000504951785248892	0.000374641647120146	0.000407219181652333	0.000521240552514986	0.000439796716184519	0.000928459734167318	0.000586395621579359	0.000276909043523586	0.000781860828772478	0.000309486578055773	0.000472374250716706	0.000325775345321866	0.000358352879854053	0.0002443315089914	0.000114021370862653	0.00131939014855356	0.000211753974459213	0.000456085483450612	0.00143341151941621	0.000537529319781079	0.000309486578055773	0.000635261923377639	0.000553818087047172	0.000570106854313266	0.000423507948918426	0.000407219181652333	0.00118908001042481	0.000162887672660933	0.000407219181652333	0.000130310138128746	0.00493549648162627	0.000456085483450612	0.00993614803231691	0.00457714360177222	9.77326035965598e-05	0.000472374250716706	0.000472374250716706	0.000114021370862653	0.000504951785248892	0.000472374250716706	0.0017103205629398	0.000309486578055773	0.000179176439927026	0.00019546520719312	0.000276909043523586	0.000276909043523586	0.000179176439927026	0.00014659890539484	0.00019546520719312	0.000228042741725306	8.14438363304665e-05	9.77326035965598e-05	0.00491920771436018	0.000798149596038572	0.00232929371905134	0.00014659890539484	0.00198722960646338	0.0002443315089914	0.000684128225175919	0.000472374250716706	4.88663017982799e-05	0.00148227782121449	0.000749283294240292	0.000342064112587959	0.00201980714099557	0.000260620276257493	0.00014659890539484	0.000228042741725306	8.14438363304665e-05	0.000228042741725306	0.000293197810789679	3.25775345321866e-05	0.000439796716184519	3.25775345321866e-05	0.000162887672660933
S3B515	0.110554572448337	0.112984013676854	0.0627455685192406	0.060736030712936	0.0426501904561951	0.0445697489577397	0.0353618667706427	0.0301730601961549	0.0257940673645062	0.0286134189136499	0.0231846675264689	0.0218949641582436	0.0198554332503524	0.0178458954440479	0.0160163162472631	0.0144566749647581	0.0165261989742359	0.0140967577457185	0.0139467922377853	0.011097447587055	0.0121472061425872	0.00938784079661678	0.010437599352149	0.0104675924537356	0.00632854443478	0.00686842026333943	0.00695839956809934	0.00593863411415374	0.00590864101256711	0.00524879277766114	0.00494886176179479	0.00536876518400768	0.00602861341891365	0.00389910320626256	0.00491886866020815	0.00242944122851744	0.00245943433010408	0.00293932395549024	0.00239944812693081	0.00314927566659668	0.00248942743169071	0.00176959299361147	0.00215950331423773	0.00239944812693081	0.00140967577457185	0.00203953090789118	0.00167961368885156	0.00173959989202483	0.00146966197774512	0.00185957229837137	0.0023094688221709	0.00137968267298521	0.00137968267298521	0.00137968267298521	0.00149965507933175	0.00143966887615848	0.000899793047599052	0.00137968267298521	0.000989772352358957	0.000989772352358957	0.00140967577457185	0.00140967577457185	0.00158963438409166	0.000779820641252512	0.00128970336822531	0.00125971026663867	0.00158963438409166	0.00101976545394559	0.00122971716505204	0.00131969646981194	0.00137968267298521	0.0011997240634654	0.000779820641252512	0.00101976545394559	0.00101976545394559	0.00101976545394559	0.000689841336492607	0.00134968957139858	0.000809813742839147	0.000989772352358957	0.00116973096187877	0.0011997240634654	0.000869799946012417	0.000509882726972796	0.000539875828559431	0.000599862031732701	0.000779820641252512	0.000629855133319337	0.00101976545394559	0.000809813742839147	0.00107975165711886	0.000839806844425782	0.000599862031732701	0.00104975855553223	0.000839806844425782	0.000689841336492607	0.000599862031732701	0.00101976545394559	0.000809813742839147	0.000989772352358957	0.000899793047599052	0.000599862031732701	0.000539875828559431	0.000719834438079242	0.000539875828559431	0.000779820641252512	0.000689841336492607	0.000749827539665877	0.000419903422212891	0.000599862031732701	0.000929786149185687	0.000479889625386161	0.000899793047599052	0.000449896523799526	0.000599862031732701	0.000299931015866351	0.000659848234905972	0.000419903422212891	0.000539875828559431	0.000329924117452986	0.000419903422212891	0.000689841336492607	0.000419903422212891	0.000209951711106446	0.000269937914279716	0.000449896523799526	0.000299931015866351	0.000359917219039621	0.000449896523799526	0.000659848234905972	0.000359917219039621	0.000599862031732701	0.000599862031732701	0.000209951711106446	0.000329924117452986	0.000509882726972796	0.000269937914279716	0.000329924117452986	0.00017995860951981	0.000869799946012417	0.002219489517411	0.00107975165711886	0.000929786149185687	0.0011997240634654	0.000899793047599052	0.000839806844425782	0.000809813742839147	0.000539875828559431	0.000389910320626256	0.000239944812693081	0.000209951711106446	0.000329924117452986	0.000569868930146066	0.00017995860951981	0.000209951711106446	0.00710836507603251	0.00107975165711886	0.00920788218709697	0.00527878587924777	0.000449896523799526	0.00194955160313128	0.00251942053327735	0.000599862031732701	0.000659848234905972	0.000359917219039621	0.000389910320626256	0.000449896523799526	0.000299931015866351	0.000449896523799526	0.000359917219039621	0.000479889625386161	0.000419903422212891	0.000209951711106446	0	0.000269937914279716	8.99793047599052e-05	0.000419903422212891	0.00758825470141867	0.000959779250772322	0.00314927566659668	0.000989772352358957	0	0.00122971716505204	0.000599862031732701	0.000269937914279716	0.000599862031732701	0.000719834438079242	0.000269937914279716	0.000749827539665877	0.000389910320626256	0.000209951711106446	0.000359917219039621	0.000239944812693081	0.000239944812693081	0.00017995860951981	0.000959779250772322	0.000299931015866351	0.00134968957139858	0	0.000509882726972796
S3B6070	0.126516052318668	0.117452012909801	0.0583523016816715	0.0697129267878376	0.0445184304399524	0.0288092406998471	0.0378121284185493	0.028102598946832	0.0264854764735859	0.0266349583828775	0.0225853575675217	0.0236589094615254	0.0221912688975709	0.0185629352811279	0.0188618990997112	0.0135960591133005	0.0142007813827077	0.0137931034482759	0.0138134873449975	0.0155665024630542	0.0104365551214541	0.0118498386274843	0.0105656531340241	0.00837778155257347	0.00933582469848819	0.00694411414982164	0.00585697299133684	0.00645490062850348	0.00624426702904705	0.00552403601155088	0.0071615423815186	0.006346186512655	0.00498726006454901	0.00407677934431799	0.00336334295906234	0.00397485986071004	0.00373025310005096	0.00325462884321386	0.00285374554102259	0.00313232546288432	0.00277220995413623	0.00294207576014948	0.00210633599456429	0.00235094275522337	0.0018141668082215	0.00173942585357568	0.00195685408527263	0.00239171054866655	0.00196364871751316	0.00168506879565144	0.00175980975029727	0.00171904195685409	0.00171224732461356	0.00152199762187872	0.00211992525904535	0.00175301511805674	0.00163750636996773	0.00170545269237303	0.00201121114319687	0.00129777475794123	0.00125700696449805	0.00140648887378971	0.00140648887378971	0.000794971972142008	0.00108034652624427	0.00130456939018176	0.00144046203499236	0.00131815865466282	0.000937659249193137	0.00127059622897911	0.00133174791914388	0.00159673857652455	0.000964837778155257	0.00127739086121964	0.00124341770001699	0.00137931034482759	0.00103278410056056	0.001358926448106	0.000849329030066248	0.000924069984712077	0.000971632410395787	0.00173263122133515	0.000992016307117377	0.000985221674876847	0.00117547137761169	0.000890096823509428	0.00101240020383897	0.00105316799728215	0.000917275352471547	0.000754204178698828	0.000788177339901478	0.000930864616952607	0.000665873959571938	0.000883302191268898	0.000924069984712077	0.000808561236623068	0.000686257856293528	0.000754204178698828	0.000509597418039749	0.000869712926787838	0.000502802785799219	0.000611516901647698	0.000597927637166638	0.000489213521318159	0.000686257856293528	0.000434856463393919	0.000597927637166638	0.000394088669950739	0.000706641753015118	0.000441651095634449	0.000659079327331408	0.000502802785799219	0.000407677934431799	0.000652284695090878	0.000618311533888228	0.000747409546458298	0.000353320876507559	0.000645490062850348	0.000434856463393919	0.000400883302191269	0.000394088669950739	0.000523186682520809	0.000380499405469679	0.000502802785799219	0.000462034992356039	0.000441651095634449	0.000264990657380669	0.000332936979785969	0.000557159843723458	0.000366910140988619	0.000346526244267029	0.000360115508748089	0.000434856463393919	0.000244606760659079	0.000264990657380669	0.000237812128418549	0.000414472566672329	0.000292169186342789	0.00014948190929166	0.0001358926448106	0.000611516901647698	7.47409546458298e-05	0.000489213521318159	0.000883302191268898	0.000529981314761339	0.000536775947001868	0.000557159843723458	0.000665873959571938	0.000441651095634449	0.000591133004926108	0.000366910140988619	0.000380499405469679	0.000264990657380669	0.000312553083064379	0.000224222863937489	0.0031730932563275	0.000910480720231017	0.000502802785799219	0.00277220995413623	6.11516901647698e-05	0.000285374554102259	8.83302191268898e-05	0.00014948190929166	0.000489213521318159	0.000210633599456429	0.000400883302191269	0.000407677934431799	0.000400883302191269	0.000346526244267029	0.000271785289621199	0.000360115508748089	0.000190249702734839	0.000224222863937489	0.000244606760659079	0.000271785289621199	0.000217428231696959	0	0.00629182945473076	0.000992016307117377	0.00211313062680482	0.00010871411584848	0.00204518430439952	7.47409546458298e-05	0.000312553083064379	7.47409546458298e-05	1.358926448106e-05	0.00129777475794123	0.00012230338032954	0.000584338372685578	0.000360115508748089	0.000319347715304909	0.00016307117377272	0.000237812128418549	0.000203838967215899	0.000285374554102259	0	1.358926448106e-05	4.07677934431799e-05	6.11516901647698e-05	0.000244606760659079
S4B07	0.103623790886784	0.0970737939285787	0.0526433192058889	0.0583213351448908	0.0357512217873583	0.014519497901162	0.0354064851053475	0.0219414758785716	0.0218198041084501	0.0242937967675866	0.0239287814572222	0.0190213533956563	0.0179060288362095	0.0188996816255348	0.0146006124145763	0.0114979822764788	0.0102812645752641	0.0136880741386653	0.0117413258167218	0.0130188794029972	0.0101393141767891	0.00951067669782816	0.00829395899661347	0.00796950094295622	0.00569829456735546	0.00539411514205179	0.00555634416888042	0.00452213412284793	0.00456269137955509	0.0044612982377872	0.00492770668991949	0.00480603491979802	0.00411656155577637	0.00281872934114736	0.00377182487376554	0.00289984385456168	0.00233204226066149	0.00141950398475047	0.00261594305761158	0.00212925597712571	0.00243343540242938	0.00208869872041855	0.00263622168596516	0.00285928659785452	0.00152089712651836	0.00182507655182203	0.00196702695029708	0.00139922535639689	0.00168312615334699	0.00141950398475047	0.00170340478170057	0.00146006124145763	0.00152089712651836	0.00152089712651836	0.00117616044450753	0.00141950398475047	0.00162229026828625	0.00115588181615396	0.000892259647557439	0.001297832214629	0.000973374160971752	0.00186563380852919	0.00109504593109322	0.000790866505789548	0.00133838947133616	0.00107476730273964	0.0011153245594468	0.00131811084298258	0.00150061849816478	0.00141950398475047	0.000790866505789548	0.00107476730273964	0.000790866505789548	0.000932816904264596	0.000932816904264596	0.00105448867438606	0.000912538275911017	0.000932816904264596	0.000709751992375236	0.000790866505789548	0.000588080222253767	0.000466408452132298	0.000892259647557439	0.000689473364021658	0.00099365278932533	0.000628637478960923	0.000811145134143127	0.000790866505789548	0.000304179425303672	0.00137894672804332	0.000527244337193032	0.000730030620728814	0.000283900796950094	0.000385293938717985	0.000648916107314501	0.000365015310364407	0.000466408452132298	0.000689473364021658	0.000405572567071563	0.000892259647557439	0.00044612982377872	0.000425851195425141	0.00054752296554661	0.000405572567071563	0.000425851195425141	0.000182507655182203	0.000588080222253767	0.000689473364021658	0.000365015310364407	0.000669194735668079	0.000709751992375236	0.000567801593900189	0.000425851195425141	0.000405572567071563	0.000871981019203861	0.000405572567071563	0.000750309249082392	0.000608358850607345	0.000365015310364407	0.000405572567071563	0.000344736682010829	0.00022306491188936	0.000324458053657251	0.00044612982377872	0.000304179425303672	0.000283900796950094	0.000324458053657251	0.00044612982377872	0.000466408452132298	0.000344736682010829	0.000304179425303672	0.000304179425303672	0.000365015310364407	0.000283900796950094	0.00044612982377872	0.000344736682010829	0.000324458053657251	0.000182507655182203	0.000385293938717985	0.0182913227749275	0.00415711881248352	0.0118832762151968	0.000973374160971752	0.000588080222253767	0.000709751992375236	0.000202786283535782	0.000506965708839454	0.000162229026828625	0.000405572567071563	0.000344736682010829	0.000365015310364407	0.000324458053657251	0.000344736682010829	0.000182507655182203	4.05572567071563e-05	0	0.00961206983959605	0.00289984385456168	0.000628637478960923	0.00924705452923164	0.00448157686614077	0.00127755358627542	0.00105448867438606	0.000182507655182203	0.000263622168596516	0.000425851195425141	0.000425851195425141	0.000202786283535782	8.11145134143127e-05	0.000283900796950094	0.000202786283535782	0.000162229026828625	0.00022306491188936	0.000101393141767891	0.000283900796950094	0.00022306491188936	0.0344939468294365	0.000425851195425141	0.000689473364021658	0.000709751992375236	0.0120049479853183	0.00139922535639689	0.00476547766309087	0.00044612982377872	0.00219009186218644	0.00253482854419727	0.00150061849816478	0.00279845071279379	0.000365015310364407	0.000101393141767891	0.000365015310364407	0.000385293938717985	0.000283900796950094	0	0.000182507655182203	0.022448441587411	0.0132419443148865	0.00121671770121469	0.0122482915255612	0.0108693447975179
S4B1522	0.0890076908647533	0.0826611642593635	0.0446132683048834	0.049865566185206	0.0318264240605265	0.0487088101044207	0.0293565935096605	0.0204464453198274	0.0198836991183643	0.0214468830113175	0.0175389232789345	0.0166635402988808	0.0163196398424311	0.0143500281373101	0.0137872819358469	0.0112549240292628	0.0111611329956856	0.0116300881635716	0.00953542174701432	0.0101294316263365	0.00916025761270556	0.00722190958544363	0.0078471831426249	0.00831613831051085	0.00619020821609454	0.00437691490026887	0.00428312386669168	0.00487713374601388	0.00515850684674545	0.00568998937034953	0.00443944225598699	0.0037516413430876	0.00328268617520165	0.00284499468517476	0.00293878571875195	0.00278246732945664	0.00259488526230226	0.00253235790658413	0.00190708434940286	0.00134433814793972	0.00156318389295317	0.00175076596010755	0.00209466641655724	0.00259488526230226	0.00159444757081223	0.00181329331582567	0.00140686550365785	0.00134433814793972	0.00159444757081223	0.00178202963796661	0.00140686550365785	0.00206340273869818	0.00137560182579879	0.00165697492653036	0.00137560182579879	0.00150065653723504	0.00115675608078534	0.0012818107922216	0.00140686550365785	0.00112549240292628	0.00143812918151691	0.00100043769149003	0.00075032826861752	0.0018758206715438	0.000875382980053774	0.000531482523604077	0.00109422872506722	0.000969174013630963	0.00103170136934909	0.000687800912899393	0.00065653723504033	0.00075032826861752	0.00106296504720815	0.000812855624335647	0.00037516413430876	0.000875382980053774	0.000594009879322203	0.00037516413430876	0.000625273557181267	0.000719064590758457	0.0009379103357719	0.000969174013630963	0.000687800912899393	0.000906646657912837	0.00075032826861752	0.000687800912899393	0.000812855624335647	0.000719064590758457	0.00037516413430876	0.000906646657912837	0.000687800912899393	0.00037516413430876	0.00046895516788595	0.000687800912899393	0.000531482523604077	0.000719064590758457	0.000406427812167823	0.00046895516788595	0.00046895516788595	0.000625273557181267	0.000594009879322203	0.00065653723504033	0.00018758206715438	0.000343900456449697	0.00084411930219471	0.00084411930219471	0.000437691490026887	0.000812855624335647	0.000594009879322203	0.000437691490026887	0.000312636778590633	0.000343900456449697	0.000312636778590633	0.000437691490026887	0.000406427812167823	0.000250109422872507	0.000312636778590633	0.000312636778590633	0.000343900456449697	0.000250109422872507	0.000343900456449697	0.000500218845745013	0.00028137310073157	6.25273557181267e-05	0.00028137310073157	0.00037516413430876	0.000343900456449697	0.000437691490026887	0.000250109422872507	0.000343900456449697	6.25273557181267e-05	0.000250109422872507	0.000594009879322203	0.00028137310073157	0.000312636778590633	0.000218845745013443	0.00028137310073157	0.000500218845745013	0.000125054711436253	0.00909773025698743	0.0075032826861752	0.00984805852560495	0.00193834802726193	0.000812855624335647	0.000594009879322203	0.000687800912899393	0.000312636778590633	0.000125054711436253	0.00028137310073157	0.000343900456449697	0.00028137310073157	0.000312636778590633	0.000218845745013443	0.000156318389295317	0.000125054711436253	0.00125054711436253	0.00594009879322203	0.00600262614894016	0.00487713374601388	0.00550240730319515	0.00515850684674545	0.00487713374601388	0	0.00046895516788595	0.000531482523604077	0	0.000312636778590633	0	0.000156318389295317	0	0.000156318389295317	0.00046895516788595	0.000125054711436253	0.000218845745013443	9.379103357719e-05	0.000218845745013443	0.0586506596636028	0.00287625836303383	0.00462702432314137	0.00662789970612143	0.00740949165259801	0.0018758206715438	0.00678421809541674	0.00121928343650347	0.00497092477959107	0.00181329331582567	0.00143812918151691	0.00209466641655724	0.00028137310073157	0.00028137310073157	0.00018758206715438	0.000250109422872507	0.000250109422872507	0.000125054711436253	0.000250109422872507	0.0300131307447008	0.00775339210904771	0.0226036390921028	0.0107234415056587	0.0191021071718877
S4B3040	0.0984734828595004	0.0934663566124072	0.0552471682544445	0.0468081914335009	0.0348248443477609	0.0464518790788388	0.0289550671367489	0.0260670617358038	0.0242479933988448	0.021378741279724	0.0197472057610082	0.0179843972695222	0.0189783212062111	0.0134648563498612	0.0151901582776986	0.0148525992048608	0.0137649088590503	0.0129397644587803	0.0103705648488485	0.00990173280324057	0.0118145675493211	0.00978921311229465	0.00768884554797089	0.0101455254669567	0.00714500037506564	0.00585102392918761	0.00558847798364714	0.00480084014702573	0.00560723126547146	0.00508213937439052	0.00438826794689071	0.00508213937439052	0.00388192933763409	0.00412572200135024	0.00322556447378291	0.00279423899182357	0.00202535443702648	0.00225039381891831	0.00279423899182357	0.00187532818243193	0.00211912084614808	0.00181906833695897	0.00200660115520216	0.00234416022803991	0.00200660115520216	0.00198784787337784	0.00136898957317531	0.00178156177331033	0.00150026254594554	0.00140649613682394	0.00185657490060761	0.00121896331858075	0.00180031505513465	0.00120021003675643	0.00120021003675643	0.00142524941864826	0.00176280849148601	0.00103143050033756	0.00142524941864826	0.00116270347310779	0.00105018378216188	0.00103143050033756	0.00120021003675643	0.00165028880054009	0.000712624709324132	0.00116270347310779	0.00101267721851324	0.00120021003675643	0.000975170654864601	0.00129397644587803	0.000843897682094366	0.00108769034581052	0.000900157527567324	0.000918910809391644	0.000975170654864601	0.000900157527567324	0.000693871427499812	0.000918910809391644	0.000731377991148451	0.000956417373040282	0.000937664091215963	0.000731377991148451	0.00076888455479709	0.000825144400270047	0.000618858300202535	0.000693871427499812	0.000975170654864601	0.000618858300202535	0.000731377991148451	0.000656364863851174	0.000656364863851174	0.00050633860925662	0.00075013127297277	0.000581351736553897	0.000656364863851174	0.000337559072837747	0.00050633860925662	0.000881404245743005	0.000693871427499812	0.00024379266371615	0.000525091891080939	0.00050633860925662	0.000281299227364789	0.000450078763783662	0.000731377991148451	0.000600105018378216	0.000693871427499812	0.000300052509189108	0.000450078763783662	0.000168779536418873	0.000543845172905258	0.000375065636486385	0.000412572200135024	0.000431325481959343	0.000543845172905258	0.000300052509189108	0.000375065636486385	0.000393818918310704	0.000281299227364789	0.000206286100067512	0.000450078763783662	0.000281299227364789	0.00050633860925662	0.00050633860925662	0.000600105018378216	0.000487585327432301	0.000525091891080939	0.000393818918310704	0.000450078763783662	0.000356312354662066	0.000318805791013427	0.000675118145675493	0.000375065636486385	0.00024379266371615	0.000112519690945916	0.00024379266371615	0.00024379266371615	0.000131272972770235	0.000225039381891831	0.00193158802790488	0.0102017853124297	0.00568224439276873	0.00234416022803991	0.000825144400270047	0.000393818918310704	0.000525091891080939	0.000450078763783662	0.000581351736553897	0.000412572200135024	0.000187532818243193	0.000393818918310704	0.000206286100067512	5.62598454729578e-05	0.000206286100067512	0.000150026254594554	0.0244167729352637	0.00465081389243118	0.00616982972020104	0.00855149651188958	0.00326307103743155	0.00337559072837747	0.00795139149351136	0.00148150926412122	0.000356312354662066	0.000318805791013427	0	0.000206286100067512	0.000225039381891831	0.000300052509189108	0.000225039381891831	5.62598454729578e-05	0	5.62598454729578e-05	0.000131272972770235	0.000131272972770235	5.62598454729578e-05	0.00352561698297202	0.0166904208236441	0.0107456304853349	0.00547595829270122	0.00150026254594554	0.000975170654864601	0.00410696871952592	0.00211912084614808	0.0051571525016878	0.00191283474608056	0.000993923936688921	0.00140649613682394	0.00026254594554047	0.000150026254594554	0.000318805791013427	7.5013127297277e-05	0.000150026254594554	9.37664091215963e-05	0.000225039381891831	0.0193908934063461	0.00133148300952667	0.0201035181156702	0.00459455404695822	0.00144400270047258
S4B5565	0.103658402928476	0.0922601433550339	0.0545143683829815	0.0469082220907038	0.0328138357335438	0.0990771793691502	0.0262159970189167	0.0260406391793253	0.0221608469783652	0.0187194493763837	0.0185221718068433	0.0191578439753622	0.019223603165209	0.0128888012099691	0.0150807742048618	0.0139847877074154	0.0140505468972622	0.0113105806536463	0.00971044036737467	0.0124723263409395	0.0110256241643103	0.00843909603033691	0.00769382521207339	0.00870213278972403	0.00653207952478025	0.00497577869840644	0.00541417329738498	0.00409898950044935	0.00532649437758927	0.00392363166085794	0.00335371868218584	0.00412090923039828	0.00368251463141974	0.00379211328116438	0.00306876219284978	0.00298108327305408	0.00258652813397339	0.00195085596545451	0.00201661515530129	0.00273996624361588	0.0021919729948927	0.00234541110453519	0.00192893623550558	0.00197277569540343	0.00166589947611845	0.00177549812586309	0.00199469542535236	0.00157822055632275	0.0010521470375485	0.00129326406698669	0.00166589947611845	0.00133710352688455	0.00133710352688455	0.00166589947611845	0.00100830757765064	0.00146862190657811	0.00153438109642489	0.00118366541724206	0.000942548387803862	0.00100830757765064	0.00122750487713991	0.000942548387803862	0.000723351088314592	0.00164397974616953	0.00100830757765064	0.00111790622739528	0.00116174568729313	0.000526073518774249	0.0010521470375485	0.000745270818263519	0.00103022730759957	0.000789110278161373	0.00103022730759957	0.00037263540913176	0.000832949738059227	0.000832949738059227	0.00118366541724206	0.000986387847701716	0.000745270818263519	0.000854869468008154	0.00103022730759957	0.0008110300081103	0.000832949738059227	0.000701431358365665	0.000504153788825322	0.000547993248723176	0.000920628657854935	0.0010521470375485	0.000657591898467811	0.000679511628416738	0.00059183270862103	0.000701431358365665	0.000723351088314592	0.000504153788825322	0.00111790622739528	0.000306876219284978	0.000416474869029614	0.000569912978672103	0.000569912978672103	0.000394555139080687	0.000482234058876395	0.000482234058876395	0.000854869468008154	0.000328795949233905	0.000460314328927468	0.000701431358365665	0.000876789197957081	0.00021919729948927	0.000350715679182832	0.000526073518774249	0.000306876219284978	0.000197277569540343	0.000416474869029614	0.000416474869029614	0.000767190548212446	0.000394555139080687	0.000723351088314592	0.000504153788825322	0.000416474869029614	0.000241117029438197	0.000306876219284978	0.000460314328927468	0.000460314328927468	0.000416474869029614	0.000284956489336051	0.000241117029438197	0.000394555139080687	0.000504153788825322	0.000328795949233905	0.000438394598978541	0.000394555139080687	0.000175357839591416	0.000350715679182832	0.000241117029438197	0.000284956489336051	0.000241117029438197	0.000263036759387124	0.000197277569540343	0.000131518379693562	0.00449354463953004	0.00655399925472918	0.0061594441156485	0.00236733083448412	0.000854869468008154	0.000438394598978541	0.000306876219284978	0.000460314328927468	0.000635672168518884	0.000394555139080687	0.00021919729948927	0.000328795949233905	0.00021919729948927	0.000328795949233905	0.000175357839591416	6.57591898467811e-05	0.0142916639267004	0.00681703601411631	0.00313452138269657	0.00532649437758927	0.00190701650555665	0.00249884921417768	0.0032441200324412	0.00111790622739528	0.00037263540913176	0.000635672168518884	0.000197277569540343	0.000153438109642489	0.000109598649744635	0.000460314328927468	4.38394598978541e-05	0.000175357839591416	0.000109598649744635	0.000197277569540343	8.76789197957081e-05	0.000153438109642489	6.57591898467811e-05	0.00734310953289056	0.0172727471997545	0.00416474869029614	0.00710199250345236	0.00221389272484163	0.00120558514719099	0.0032441200324412	0.00190701650555665	0.00269612678371802	0.00118366541724206	0.00124942460708884	0.00140286271673133	0.00037263540913176	0.000306876219284978	0.000284956489336051	0.000241117029438197	0.000109598649744635	0.000241117029438197	0.00021919729948927	0.008110300081103	0.00464698274917253	0.0177988207185287	0.00317836084259442	0.00403323031060257
S5A07	0.13073720604331	0.122339174108284	0.072462433894907	0.06230500915498	0.0421231370382873	0.00140137682716011	0.0320475445218441	0.033551211628359	0.0294289133703624	0.0221253874244331	0.0207342396252084	0.0249179120508178	0.0231585192459161	0.0168574380376633	0.0171540798477921	0.0174507216579208	0.018637288898436	0.0164585059481797	0.014289952025859	0.0146070518918587	0.0155276644060515	0.0116201757346999	0.00977895070631438	0.0116508628185064	0.00953345403586297	0.00753879358844529	0.00779451928683217	0.00523726230296335	0.006004439398124	0.00623970704063993	0.0052168042470924	0.00609650064954327	0.00490993340902814	0.00465420771064126	0.00403023700657726	0.00309939546444901	0.00349832755393255	0.0033551211628359	0.0026084021235462	0.00293573101748141	0.00317099865999734	0.00224015711786909	0.00314031157619091	0.00268000531909453	0.00222992808993361	0.00212763781057886	0.00321191477173924	0.00209695072677243	0.00215832489438529	0.00149343807857939	0.00243450864864312	0.00220947003406266	0.00136046071541821	0.00203557655915958	0.00166733155348247	0.00194351530774031	0.00152412516238582	0.00160595738586962	0.00166733155348247	0.00193328627980483	0.00125817043606346	0.00128885751986989	0.00120702529638608	0.00116610918464418	0.001033131821483	0.00151389613445034	0.00111496404496681	0.000849009318644449	0.00113542210083776	0.00143206391096654	0.00134000265954726	0.00102290279354753	0.000941070570063727	0.0008694673745154	0.00071603195548327	0.00114565112877323	0.00107404793322491	0.00107404793322491	0.00101267376561205	0.00112519307290228	0.000992215709741103	0.000255725698386882	0.000828551262773499	0.00100244473767658	0.000644428759934943	0.000981986681805628	0.000562596536451141	0.000838780290708974	0.000644428759934943	0.000961528625934677	0.000378474033612586	0.000818322234838023	0.000859238346579924	0.000849009318644449	0.000797864178967073	0.00107404793322491	0.000644428759934943	0.000583054592322092	0.000644428759934943	0.00071603195548327	0.000675115843741369	0.000777406123096122	0.000828551262773499	0.00052168042470924	0.00071603195548327	0.000552367508515666	0.00071603195548327	0.000593283620257567	0.000450077229160913	0.000317099865999734	0.000644428759934943	0.000654657787870419	0.000572825564386616	0.000470535285031863	0.000450077229160913	0.000388703061548061	0.000685344871676845	0.000951299597999202	0.000388703061548061	0.000460306257096388	0.000593283620257567	0.000419390145354487	0.00052168042470924	0.000501222368838289	0.000490993340902814	0.000623970704063993	0.000593283620257567	0.000388703061548061	0.000163664446967605	0.000276183754257833	0.000358015977741635	0.000378474033612586	0.000398932089483536	0.000470535285031863	0.000358015977741635	0.000296641810128783	0.000296641810128783	0.000296641810128783	0.000143206391096654	0.00375405325231943	0.000358015977741635	0.00224015711786909	2.04580558709506e-05	0.000572825564386616	0.000797864178967073	0.000450077229160913	0.000552367508515666	0.000102290279354753	0.000480764312967339	0.000409161117419012	0.000184122502838555	0.000306870838064259	0.000143206391096654	0.00034778694980616	0.000276183754257833	6.13741676128518e-05	0.00134000265954726	0.000265954726322358	6.13741676128518e-05	0.000705802927547795	8.18322234838023e-05	0.000153435419032129	0.000153435419032129	0.000572825564386616	0.000296641810128783	0.000265954726322358	0.000245496670451407	0.000255725698386882	0.000194351530774031	0.000429619173289962	0.000143206391096654	0.000245496670451407	0.000214809586644981	0.000225038614580456	0.000153435419032129	0.000112519307290228	0.00744673233702601	0.000122748335225704	0	0	0.000511451396773765	0.00208672169883696	0.000102290279354753	0.000132977363161179	0	2.04580558709506e-05	0.00135023168748274	5.11451396773765e-05	0.000286412782193308	0.000306870838064259	0.00017389347490308	0.000296641810128783	0.000143206391096654	0.00034778694980616	0.000204580558709506	0.000327328893935209	0.00195374433567578	0.000265954726322358	0.000777406123096122	0.00208672169883696
S5A1522	0.124346041564297	0.120140474607625	0.0761482209440125	0.0606700002890424	0.0388183946584964	0.0135705407983351	0.0304217128652773	0.0333265890106079	0.0320548024395179	0.0245541520941122	0.0193513888487441	0.0216203717085296	0.0213313293060092	0.0156660982166084	0.0144810243662745	0.0159551406191288	0.0164176084631615	0.016692198745556	0.0130358123536723	0.0126167008700176	0.0135705407983351	0.0111281324970373	0.00939387808191462	0.0101598404485938	0.00865681995548747	0.00832442119258895	0.00588201289129115	0.00517385900511605	0.00566523108940082	0.0046246784403272	0.00476919964158742	0.00528947596612423	0.00432118391768072	0.00450906147931902	0.00310720582709483	0.00336734398936324	0.0034685088302454	0.00303494522646472	0.00290487614533052	0.00224007861953349	0.0034685088302454	0.00278925918432234	0.00225453073965951	0.00238459982079371	0.00245686042142382	0.00182096713587883	0.00200884469751713	0.00280371130444836	0.00147411625285429	0.0019943925773911	0.00222562649940746	0.00270254646356621	0.00261583374281007	0.00167644593461861	0.0018643234962569	0.00156082897361043	0.00169089805474463	0.0016041853339885	0.00147411625285429	0.00148856837298032	0.00143075989247623	0.00119952597045987	0.00108390900945169	0.000968292048443507	0.00145966413272827	0.00177761077550077	0.00137295141197214	0.00118507385033384	0.00114171748995578	0.00108390900945169	0.00125733445096396	0.00101164840882157	0.00109836112957771	0.001286238691216	0.000809318727057259	0.000968292048443507	0.00140185565222418	0.00111281324970373	0.00153192473335838	0.000650345405671012	0.000953839928317484	0.000158973321386247	0.000939387808191462	0.00104055264907362	0.00117062173020782	0.00108390900945169	0.00122843021071191	0.000939387808191462	0.000997196288695552	0.00112726536982975	0.000520276324536809	0.000693701766049079	0.000794866606931237	0.000578084805040899	0.00117062173020782	0.00111281324970373	0.000606989045292944	0.000563632684914877	0.000737058126427147	0.000924935688065439	0.000751510246553169	0.000679249645923057	0.000390207243402607	0.000390207243402607	0.000794866606931237	0.000679249645923057	0.000448015723906697	0.000505824204410787	0.000476919964158742	0.00046246784403272	0.000635893285544989	0.000534728444662832	0.000419111483654652	0.000476919964158742	0.000650345405671012	0.000549180564788854	0.00028904240252045	0.000202329681764315	0.000433563603780675	0.000419111483654652	0.000491372084284765	0.000419111483654652	0.00040465936352863	0.000476919964158742	0.00040465936352863	0.000375755123276585	0.000419111483654652	0.00028904240252045	0.000317946642772495	0.000650345405671012	0.000202329681764315	0.000563632684914877	0.00046246784403272	0.000375755123276585	0.00028904240252045	0.000491372084284765	0.000158973321386247	0.000274590282394427	0.000130069081134202	0.00432118391768072	0.00144521201260225	0.00413330635604243	0.000187877561638292	0.000896031447813394	0.000317946642772495	0.000491372084284765	0.000722606006301124	0.00011561696100818	0.000549180564788854	0.000361303003150562	0.000375755123276585	0.000317946642772495	0.000158973321386247	0.00017342544151227	0.00023123392201636	8.67127207561349e-05	0.00316501430759892	0.000448015723906697	0.00046246784403272	0.000852675087435327	0.000838222967309304	0.000722606006301124	0.000130069081134202	0.000303494522646472	0.00040465936352863	0.000260138162268405	0.000375755123276585	0.000317946642772495	0.000260138162268405	0.000101164840882157	0.000260138162268405	0.00023123392201636	0.000202329681764315	0.00011561696100818	0.000361303003150562	0.00011561696100818	0.0142208862040061	0.000549180564788854	0.000563632684914877	0	0.000187877561638292	0.00180651501575281	0.000924935688065439	0.00147411625285429	0.000130069081134202	0.000274590282394427	0.00145966413272827	0.000722606006301124	0.000419111483654652	0.000332398762898517	0.000216781801890337	0.000303494522646472	0.000158973321386247	8.67127207561349e-05	0.00023123392201636	0.00221117437928144	0.00294823250570859	0.00234124346041564	0.000953839928317484	0.000939387808191462
S5A3040	0.116403491159901	0.110580954518076	0.0645085094069989	0.0567490640242822	0.0367894556577813	0.0354430678744789	0.0281914705152886	0.0302701042860011	0.0255813678827462	0.0209634939944019	0.0181880454937346	0.0208690106411877	0.02021943758784	0.0142906071736486	0.0147512135205678	0.0157787199867723	0.0159913075315043	0.0142433654970415	0.0118930920858381	0.0142079342395862	0.012164731726329	0.0113616232240082	0.00879876226807289	0.01010971879392	0.00849169137012673	0.00615322837807514	0.00663745556329794	0.00623590131213757	0.00520839484593308	0.00518477400762953	0.00477140933731738	0.00431080299039813	0.00431080299039813	0.00373209245196112	0.0034014007157114	0.00353131532638093	0.00329510694334542	0.0026219130516942	0.00201958167495364	0.00255105053678355	0.00249199844102467	0.00249199844102467	0.00216130670477495	0.0026219130516942	0.00216130670477495	0.00179518371106991	0.00190147748343589	0.0016534586812486	0.00220854838138206	0.00192509832173944	0.00179518371106991	0.00181880454937346	0.00207863377071252	0.00161802742379327	0.00155897532803439	0.00139362945990953	0.00151173365142729	0.00149992323227551	0.0012164731726329	0.00157078574718617	0.0012164731726329	0.00068500431080299	0.00122828359178467	0.00107474814281159	0.00118104191517757	0.00108655856196336	0.00133457736415065	0.00126371484924	0.000803108502320747	0.000921212693838504	0.00145268155566841	0.000732245987410093	0.00168888993870392	0.00113380023857047	0.00102750646620449	0.00100388562790093	0.00107474814281159	0.00106293772365981	0.00118104191517757	0.000543279280981682	0.00101569604705271	0.000425175089463925	0.000803108502320747	0.00085035017892785	0.00132276694499888	0.000862160598079626	0.000531468861829906	0.000885781436383177	0.000543279280981682	0.000885781436383177	0.000555089700133458	0.000708625149106542	0.000637762634195888	0.000507848023526355	0.000755866825713645	0.000814918921472523	0.000696814729954766	0.000791298083168972	0.00093302311299028	0.000519658442678131	0.000484227185222804	0.000826729340624299	0.000578710538437009	0.000259829221339065	0.000885781436383177	0.000484227185222804	0.00085035017892785	0.000377933412856822	0.000578710538437009	0.000744056406561869	0.000377933412856822	0.000873971017231401	0.000484227185222804	0.000531468861829906	0.000401554251160374	0.000236208383035514	0.000484227185222804	0.000484227185222804	0.000377933412856822	0.000484227185222804	0.000295260478794392	0.000472416766071028	0.000496037604374579	0.000377933412856822	0.000661383472499439	0.000448795927767476	0.000484227185222804	0.000413364670312149	0.000377933412856822	0.000460606346919252	0.000271639640490841	0.000307070897946168	0.000413364670312149	0.000259829221339065	0.000295260478794392	0.000271639640490841	0.000177156287276635	0.000224397963883738	0.000177156287276635	0.00560994909709346	0.00333053820080075	0.00601150334825383	0.000992075208749159	0.000708625149106542	0.000484227185222804	0.000448795927767476	0.000389743832008598	0.000212587544731963	0.000271639640490841	0.000460606346919252	0.000389743832008598	0.000224397963883738	0	0.00024801880218729	0.000212587544731963	0.0024801880218729	0.00643667843771775	0.00119285233432935	0.00206682335156075	0.00183061496852523	0.00181880454937346	0.00222035880053383	0.000389743832008598	0.000436985508615701	0.000425175089463925	0.000141725029821308	0.000295260478794392	0.000307070897946168	0.000283450059642617	0.000129914610669533	0.000259829221339065	0.000188966706428411	0.000118104191517757	0.000188966706428411	0.000212587544731963	0.000141725029821308	0.0172904536381996	0.00576348454606654	0.0033541590391043	0.00196052957919477	0.00223216921968561	0.00175975245361458	0.00392105915838953	0.00193690874089121	0.000555089700133458	0.00125190443008822	0.00127552526839178	0.00115742107687402	0.000377933412856822	0.000354312574553271	9.44833532142056e-05	0.000295260478794392	0.000118104191517757	0.000188966706428411	0.000188966706428411	0.00426356131379103	0.00539736155236149	0.00421631963718392	0.00214949628562318	0.00562175951624523
S5A5565	0.0919169021519734	0.0903953047852685	0.0636276123342546	0.0630376051920628	0.0445300127317331	0.0574480638449834	0.0272645405707543	0.0312393255286775	0.0306803713939695	0.0193770766698755	0.0185696984752973	0.0152780796820172	0.0176381082507841	0.0146570195323417	0.0163959879514331	0.0172965251684626	0.0146570195323417	0.0141912244200851	0.01406701239015	0.00999906840977549	0.012545415023445	0.00767009284849238	0.0105580225444834	0.00869484209545695	0.00599323044436854	0.00658323758656026	0.00499953420488774	0.0071421917212682	0.00512374623482284	0.00571375337701456	0.00652113157159271	0.00503058721237152	0.0039437319504394	0.00434742104772847	0.00310530074837748	0.00341583082321523	0.00242213458373443	0.00360214886811788	0.0035710958606341	0.00220476353134801	0.00239108157625066	0.00223581653883179	0.00245318759121821	0.00211160450889669	0.00242213458373443	0.00111790826941589	0.00180107443405894	0.00173896841909139	0.00130422631431854	0.00124212029935099	0.00183212744154271	0.00223581653883179	0.00155265037418874	0.00198739247896159	0.00183212744154271	0.00142843834425364	0.00133527932180232	0.000931590224513244	0.00158370338167251	0.000962643231997019	0.00180107443405894	0.00108685526193212	0.00114896127689967	0.000931590224513244	0.00111790826941589	0.00108685526193212	0.000869484209545695	0.000931590224513244	0.000931590224513244	0.000869484209545695	0.00114896127689967	0.000807378194578145	0.000527901127224172	0.00077632518709437	0.000310530074837748	0.000652113157159271	0.00108685526193212	0.00105580225444834	0.00118001428438344	0.00121106729186722	0.000869484209545695	0.00145949135173742	0.00108685526193212	0.000993696239480794	0.000621060149675496	0.00077632518709437	0.000558954134707946	0.000900537217029469	0.000900537217029469	0.000496848119740397	0.00108685526193212	0.000683166164643046	0.000621060149675496	0.000900537217029469	0.000372636089805298	0.000279477067353973	0.000993696239480794	0.000527901127224172	0.000558954134707946	0.000465795112256622	0.000372636089805298	0.000279477067353973	0.000279477067353973	0.000496848119740397	0.000683166164643046	0.000652113157159271	0.000341583082321523	0.000683166164643046	0.000434742104772847	0.000434742104772847	0.000962643231997019	0.000279477067353973	0.000900537217029469	0.000621060149675496	0.000372636089805298	0.000621060149675496	0.000403689097289072	0.000434742104772847	0.000590007142191721	0.000496848119740397	0.000279477067353973	0.000558954134707946	0.000248424059870198	0.000372636089805298	0.000341583082321523	0.000558954134707946	0.000341583082321523	0.000279477067353973	0.000590007142191721	0.000465795112256622	0.000248424059870198	0.000652113157159271	0.000403689097289072	0.000496848119740397	0.000279477067353973	0.000403689097289072	0.000217371052386424	0.000217371052386424	0.000248424059870198	0.000558954134707946	0.00493742818992019	0.00416110300282582	0.00152159736670497	0.000310530074837748	0.00083843120206192	0.000186318044902649	0.000403689097289072	0.000993696239480794	0.000186318044902649	0.000496848119740397	0.000217371052386424	0.000372636089805298	0.000527901127224172	6.21060149675496e-05	0.000217371052386424	0.00844641803558675	0.0040679439803745	0.0039437319504394	0.00301214172592616	0.000341583082321523	0.00118001428438344	0.00161475638915629	0.000403689097289072	0.000558954134707946	0.000590007142191721	0.000310530074837748	0	0.000248424059870198	9.31590224513244e-05	0	0.000279477067353973	0.000186318044902649	0.000124212029935099	0.000155265037418874	0.000217371052386424	0.000186318044902649	0.00326056578579635	0.0238176567400553	0.00434742104772847	0.00630376051920629	0.00425426202527715	0.00316740676334503	0.000900537217029469	0.00552743533211192	0.00139738533676987	0.000807378194578145	0.000807378194578145	0.000248424059870198	0.000279477067353973	0.000341583082321523	6.21060149675496e-05	9.31590224513244e-05	0.000217371052386424	0.000186318044902649	0.000217371052386424	0.0101232804397106	0.000465795112256622	0.000248424059870198	0.018197062385492	0.000590007142191721
S5B07	0.117161959178865	0.109268694960681	0.0635731746826495	0.064280034164875	0.04155744705917	0.00943951933555209	0.0324419049863046	0.0303507790180544	0.0251671428150679	0.0263452419521103	0.0216917503607929	0.0204989249845374	0.0206903660943068	0.0177451182517009	0.0171855211616057	0.0144611669071952	0.0141666421229346	0.0134303301622832	0.0138868435778871	0.013842664860248	0.0142844520366389	0.0115748240214414	0.0106028922333814	0.00889464848466998	0.00849704002591818	0.00728948841044974	0.00606721055576827	0.0062291991871116	0.00700968986540217	0.00652372397137219	0.00565487585780343	0.00466821783053044	0.00471239654816953	0.00430006185020469	0.00359320236797927	0.00396135834830501	0.00245928194857597	0.00275380673283657	0.00253291314464112	0.00287161664654081	0.00240037699172385	0.00229729331723265	0.00307778399552322	0.00278325921126263	0.00273908049362354	0.00176714870556357	0.00229729331723265	0.00216475716431538	0.00228256707801962	0.00213530468588932	0.00204694725061114	0.00206167348982417	0.00172296998792448	0.00157570759579419	0.00117809913704238	0.00194386357611993	0.00160516007422025	0.00103083674491208	0.00173769622713751	0.00144317144287692	0.00216475716431538	0.00148735016051601	0.00154625511736813	0.000868848113568757	0.0013842664860248	0.000927753070420876	0.00129590905074662	0.00122227785468147	0.00103083674491208	0.00106028922333814	0.00101611050569905	0.000751038199864519	0.00111919418019026	0.000544870850882102	0.00135481400759874	0.00103083674491208	0.000942479309633906	0.00104556298412511	0.000957205548846935	0.00103083674491208	0.00114864665861632	0.000397608458751804	0.00120755161546844	0.0013842664860248	0.000721585721438459	0.000942479309633906	0.000971931788059965	0.000824669395929668	0.000603775807734221	0.000706859482225429	0.00110446794097723	0.000839395635142697	0.000883574352781787	0.00064795452537331	0.000353429741112715	0.000721585721438459	0.000559597090095132	0.000706859482225429	0.000868848113568757	0.000544870850882102	0.000485965894029983	0.000544870850882102	0.000412334697964834	0.000530144611669072	0.00063322828616028	0.000471239654816953	0.000500692133243012	0.000441787176390893	0.00066268076458634	0.00063322828616028	0.000706859482225429	0.000456513415603923	0.00066268076458634	0.000368155980325744	0.000618502046947251	0.000530144611669072	0.000780490678290578	0.000338703501899685	0.000382882219538774	0.000412334697964834	0.000441787176390893	0.000368155980325744	0.000559597090095132	0.000338703501899685	0.000485965894029983	0.000456513415603923	0.000412334697964834	0.000294524784260596	0.000544870850882102	0.000353429741112715	0.000574323329308161	0.000338703501899685	0.000279798545047566	0.000544870850882102	0.000147262392130298	0.000309251023473625	0.000220893588195447	0.000353429741112715	0.000161988631343328	0.0081583365240185	0.00266544929755839	0.00640591405766795	0.000412334697964834	0.00110446794097723	0.000397608458751804	0.000456513415603923	0.000471239654816953	0.000279798545047566	0.000471239654816953	0.000471239654816953	0.000397608458751804	0.000147262392130298	0.000485965894029983	0.000176714870556357	0.000132536152917268	8.83574352781787e-05	0.00603775807734221	0.00104556298412511	0.000191441109769387	0.00356374988955321	0.00251818690542809	0.00114864665861632	0.000338703501899685	0.000618502046947251	0.000368155980325744	0.000397608458751804	0.000368155980325744	0.000220893588195447	0.000235619827408476	0.000147262392130298	0.000265072305834536	0.000161988631343328	0.000206167348982417	0.000206167348982417	0.000103083674491208	0.000294524784260596	0.0133861514446441	0.000515418372456042	0.00132536152917268	5.89049568521191e-05	0.00268017553677142	0.00201749477218508	0.00235619827408476	0.00067740700379937	0.000368155980325744	0.00129590905074662	0.00122227785468147	0.000942479309633906	0.000412334697964834	0.000250346066621506	0.000353429741112715	0.000147262392130298	0.000338703501899685	0.000368155980325744	0.000265072305834536	0.00696551114776308	0.00502164757164315	0.00260654434070627	0.00294524784260596	0.00368155980325744
S5B1522	0.111292286734504	0.0951722429771512	0.0573592850213627	0.064356333464055	0.0354599682139982	0.0501145534479556	0.0344692356911391	0.028235876901484	0.0270181015088031	0.0251604780284423	0.0221676401989721	0.0184936737600363	0.0158930008875312	0.0169250139321761	0.0139940968853846	0.0142417800160994	0.0153769943652088	0.0113108629693079	0.0133955293194906	0.00943259922805424	0.0118062292307375	0.00813226279180169	0.00850378748787385	0.00992796548948379	0.0062127185287622	0.00656360296394146	0.0044582963528659	0.00509814444054573	0.00524262626679601	0.00528390678858181	0.00454085739643749	0.00497430287518834	0.00383908852607897	0.00319924043839914	0.0035914053953642	0.00253875208982642	0.0026625936551838	0.0017544221758963	0.00258003261161221	0.00286899626411278	0.00169250139321761	0.00163058061053892	0.00202274556750397	0.00231170922000454	0.00189890400214659	0.000990732522859089	0.00158930008875312	0.00154801956696733	0.00169250139321761	0.00156865982786022	0.00158930008875312	0.00142417800160994	0.00152737930607443	0.00140353774071704	0.00142417800160994	0.00167186113232471	0.00113521434910937	0.00130033643625255	0.00125905591446676	0.00113521434910937	0.000701768870358521	0.00156865982786022	0.000949452001073294	0.000846250696608805	0.00103201304464488	0.000990732522859089	0.0008875312183946	0.00113521434910937	0.000949452001073294	0.000928811740180396	0.000908171479287498	0.000681128609465624	0.000577927305001135	0.00109393382732358	0.000763689653037214	0.00117649487089517	0.000949452001073294	0.000577927305001135	0.000846250696608805	0.000577927305001135	0.000495366261429544	0.000371524696072158	0.000990732522859089	0.0008875312183946	0.000639848087679828	0.000495366261429544	0.000454085739643749	0.000639848087679828	0.000784329913930112	0.0008875312183946	0.000598567565894033	0.000350884435179261	0.000433445478750851	0.000598567565894033	0.000288963652500568	0.000639848087679828	0.000701768870358521	0.000412805217857954	0.000866890957501703	0.00026832339160767	0.000577927305001135	0.000371524696072158	0.000557287044108238	0.000639848087679828	0.000577927305001135	0.000598567565894033	0.00053664678321534	0.000474726000536647	0.000371524696072158	0.000495366261429544	0.000392164956965056	0.000660488348572726	0.000350884435179261	0.000206402608928977	0.000412805217857954	0.000681128609465624	0.000371524696072158	0.000371524696072158	0.000309603913393465	0.000206402608928977	0.000185762348036079	0.000330244174286363	0.000454085739643749	0.000288963652500568	0.000433445478750851	0.000412805217857954	0.000165122087143182	0.000350884435179261	0.000474726000536647	0.000206402608928977	0.000247683130714772	0.000227042869821875	0.000474726000536647	0.000103201304464488	0.000165122087143182	0.000206402608928977	0.000474726000536647	0.000227042869821875	0.000144481826250284	0.00691448739912072	0.00338500278643522	0.0071621705298355	0.00103201304464488	0.000743049392144317	0.000330244174286363	0.000701768870358521	0.000330244174286363	0.000227042869821875	0.000474726000536647	0.00053664678321534	0.000144481826250284	0.000227042869821875	0.000185762348036079	0.000165122087143182	8.25610435715908e-05	0.0044995768746517	0.00835930566162356	0.00255939235071931	0.00132097669714545	0.00346756383000681	0.00212594687196846	0.0027038741769696	0.000309603913393465	0.000412805217857954	0.000412805217857954	0.000454085739643749	0.000247683130714772	0.000185762348036079	0.000392164956965056	0.000206402608928977	0.000350884435179261	0.000103201304464488	0.000206402608928977	8.25610435715908e-05	0.000165122087143182	0.000123841565357386	0.0268736196825528	0.00835930566162356	0.00487110157072385	0.00286899626411278	0.00229106895911164	0.00142417800160994	0.00262131313339801	0.00189890400214659	0.00144481826250284	0.00212594687196846	0.000660488348572726	0.000227042869821875	0.00026832339160767	0.000123841565357386	0.000144481826250284	0.000247683130714772	0.000309603913393465	0.000350884435179261	0	0.00567607174554686	0.00856570827055254	0.0110218993168074	0.00274515469875539	0.00439637557018721
S5B3040	0.0853474605029976	0.082934278496286	0.0504128803589608	0.057011424908563	0.0340861958448022	0.054409713057577	0.036028053240828	0.0250367633196335	0.0204366351193394	0.0290147430338223	0.0241318200671166	0.0160438897477471	0.0155914181214886	0.021115342558727	0.0138192375853098	0.0117642622827194	0.0118396742204291	0.0113117906564609	0.0127823234418008	0.0085969608989103	0.0103502884506617	0.00857810791448286	0.00931337430715282	0.00712642811357038	0.00642886768975529	0.00522227668639946	0.00669280947173938	0.00503374684212511	0.00556163040609328	0.00563704234380302	0.00505259982655254	0.00548621846838354	0.00501489385769767	0.00312959541495419	0.00263941781984088	0.00180988650503375	0.00209268127144527	0.00190415142717092	0.0028656536329701	0.00218694619358244	0.00235662305342936	0.00188529844274349	0.00196071038045323	0.00258285886655858	0.00143282681648505	0.00156479770747709	0.00213038724030014	0.00158365069190453	0.00148938576976735	0.00160250367633196	0.00164020964518683	0.000980355190226613	0.00128200294106557	0.0020549753025904	0.00192300441159836	0.00165906262961427	0.00111232608121866	0.00150823875419479	0.000980355190226613	0.00152709173862222	0.00109347309679122	0.00154594472304966	0.000810678330379699	0.00105576712793635	0.00111232608121866	0.000999208174654048	0.000603295501677916	0.000810678330379699	0.00137626786320274	0.00073526639266996	0.000716413408242525	0.000848384299234569	0.000848384299234569	0.000772972361524829	0.000904943252516873	0.00105576712793635	0.000867237283662004	0.000810678330379699	0.000810678330379699	0.000923796236944308	0.00116888503450096	0.00130085592549301	0.000810678330379699	0.000641001470532785	0.000904943252516873	0.000584442517250481	0.00065985445496022	0.00069756042381509	0.000810678330379699	0.000942649221371743	0.00122544398778327	0.000546736548395611	0.000999208174654048	0.00065985445496022	0.000358206704121262	0.000509030579540741	0.000471324610685872	0.000754119377097394	0.000452471626258437	0.000565589532823046	0.000527883563968176	0.000678707439387655	0.000301647750838958	0.000716413408242525	0.000603295501677916	0.000358206704121262	0.000546736548395611	0.000433618641831002	0.000377059688548697	0.000433618641831002	0.000509030579540741	0.000471324610685872	0.00073526639266996	0.000377059688548697	0.000358206704121262	0.000339353719693828	0.000377059688548697	0.000584442517250481	0.000509030579540741	0.000904943252516873	0.000622148486105351	0.000527883563968176	0.000490177595113306	0.000395912672976132	0.000452471626258437	0.000339353719693828	0.000471324610685872	0.000452471626258437	0.000810678330379699	0.000320500735266393	0.000546736548395611	0.000226235813129218	0.000282794766411523	0.000452471626258437	0.000207382828701783	0.000301647750838958	0.000207382828701783	0.000113117906564609	0.000245088797556653	0.00812563628822443	0.00627804381433581	0.00525998265525433	0.00282794766411523	0.00139512084763018	0.000678707439387655	0.000471324610685872	0.000452471626258437	0.00065985445496022	0.000527883563968176	0.000245088797556653	9.42649221371743e-05	0.000245088797556653	0.000113117906564609	0.000263941781984088	0.000301647750838958	0.0090305795407413	0.00637230873647298	0.00708872214471551	0.00414765657403567	0.00254515289770371	0.0029222125862524	0.00337468421251084	0.00131970890992044	0.000320500735266393	0.000395912672976132	0.000320500735266393	0.000245088797556653	0.000150823875419479	0.000188529844274349	0.000320500735266393	7.54119377097394e-05	0.000263941781984088	0.000113117906564609	0.000207382828701783	0	9.42649221371743e-05	0.0189849553184269	0.0210399306210173	0.00750348780211908	0.0143282681648505	0.00335583122808341	0.00171562158289657	0.00311074243052675	0.00190415142717092	0.00182873948946118	0.00256400588213114	0.00105576712793635	0.00137626786320274	0.000282794766411523	0.000527883563968176	0.000414765657403567	0.000226235813129218	0.000188529844274349	0.000245088797556653	5.65589532823046e-05	0.0137626786320274	0.00727725198898986	0.00995437577768561	0.00855925493005543	0.00382715583876928
S5B5060	0.113313115640501	0.101793732515222	0.0569386651620942	0.0633095892987282	0.0395890636387145	0.0470178903072619	0.042551190728072	0.0265415990784494	0.024143686672779	0.0323012906410889	0.0253191339304605	0.0206878717351952	0.0186425935068293	0.0214636669252651	0.0156804664174718	0.0136586971342596	0.0130709735054188	0.0127888661635752	0.0130004466699579	0.0132120271763406	0.0108611326609775	0.00959164962268143	0.00900392599384066	0.00839269341984625	0.00747584455885464	0.00568916472717869	0.0069116298751675	0.00538354844018149	0.00705268354608929	0.00613583468509768	0.00557162000141054	0.00505442320803066	0.00641794202694125	0.00343230599243012	0.00338528810212286	0.00275054658297482	0.00286809130874298	0.00263300185720667	0.00282107341843571	0.00239791240567036	0.00242142135082399	0.00237440346051673	0.00220984084444131	0.00225685873474857	0.0016691351059078	0.00162211721560054	0.0022803676799022	0.00169264405106143	0.00145755459952512	0.00225685873474857	0.00131650092860333	0.00192773350259774	0.00157509932529327	0.0015986082704469	0.00150457248983238	0.00141053670921786	0.00143404565437149	0.0012929919834497	0.001974751392905	0.0015986082704469	0.00157509932529327	0.00119895620283518	0.00181018877682958	0.000846322025530714	0.000963866751298869	0.00108141147706702	0.00072877729976256	0.00126948303829607	0.00141053670921786	0.000940357806145238	0.00126948303829607	0.00117544725768155	0.00115193831252792	0.00124597409314244	0.000940357806145238	0.00126948303829607	0.000752286244916191	0.00072877729976256	0.000940357806145238	0.00101088464160613	0.000869830970684345	0.00260949291205304	0.0012929919834497	0.000893339915837976	0.000963866751298869	0.000963866751298869	0.00122246514798881	0.0009873756964525	0.000963866751298869	0.000587723628840774	0.000963866751298869	0.00072877729976256	0.000846322025530714	0.00072877729976256	0.00072877729976256	0.000752286244916191	0.000799304135223452	0.000846322025530714	0.000517196793379881	0.000517196793379881	0.000564214683687143	0.000705268354608929	0.00049368784822625	0.000634741519148036	0.000658250464301667	0.000399652067611726	0.000634741519148036	0.000446669957918988	0.000681759409455298	0.000658250464301667	0.000423161012765357	0.000705268354608929	0.000376143122458095	0.000423161012765357	0.000681759409455298	0.000329125232150833	0.000470178903072619	0.000376143122458095	0.000305616286997202	0.000517196793379881	0.000211580506382679	0.000188071561229048	0.000705268354608929	0.000305616286997202	0.000329125232150833	0.00049368784822625	0.000399652067611726	0.000399652067611726	0.000258598396689941	0.000423161012765357	0.00023508945153631	0.000446669957918988	0.00049368784822625	0.000446669957918988	0.000376143122458095	0.000305616286997202	0.000399652067611726	0.000117544725768155	0.000164562616075417	0.00188071561229048	0.00162211721560054	0.000916848860991607	0.00258598396689941	0.00117544725768155	0.00049368784822625	0.00049368784822625	0.000470178903072619	0.00134000987375696	0.000352634177304464	0.000470178903072619	0.000141053670921786	0.000399652067611726	0.000517196793379881	0.000258598396689941	0.000352634177304464	0.00585372734325411	0.00148106354467875	0.000376143122458095	0.00298563603451113	0.000352634177304464	0.000446669957918988	0.000517196793379881	0.000423161012765357	0.000963866751298869	0.000446669957918988	0.000258598396689941	0.000611232573994405	0.000141053670921786	0.000282107341843571	0.000352634177304464	0.000399652067611726	0.000188071561229048	0.000352634177304464	0.00023508945153631	0.000141053670921786	0.000117544725768155	0.00451371746949714	0.0129769377248043	0.00145755459952512	0.0123421962056563	0.000470178903072619	0.00317370759574018	0.000188071561229048	0.000916848860991607	0.000117544725768155	0.000329125232150833	0.0015986082704469	0.000188071561229048	0.000846322025530714	0.000423161012765357	0.000211580506382679	0.000376143122458095	0.000188071561229048	0.000141053670921786	0.000188071561229048	0.00122246514798881	0.00169264405106143	0.00108141147706702	0.00124597409314244	0.000705268354608929
S6A07	0.116310443849134	0.108851928228651	0.0655077379690481	0.0522288819935629	0.0384489371133425	0.00824869427795016	0.0303158787364851	0.0305664231888527	0.0264228033996955	0.0219515485574421	0.0188679245283019	0.0197159211363155	0.0196388305355869	0.0167286603580858	0.0168635689093607	0.0136064910285813	0.0159770270009829	0.0153410295449727	0.0087112378823212	0.015071212442423	0.0124501320176537	0.0103879584481662	0.00950141653978839	0.0096555977412454	0.0074777882706651	0.00655270106192303	0.00666833696301578	0.00427852834043209	0.00508797964808141	0.0050108890473529	0.00450980014261761	0.0049337984466244	0.00504943434771715	0.00416289243933933	0.00314144197968663	0.00354616763351128	0.00298726077822961	0.0021778094705803	0.00202362826912329	0.00265962572513346	0.00264035307495134	0.0021778094705803	0.00291017017750111	0.00138763081311311	0.0021778094705803	0.00242835392294794	0.00167672056584501	0.00148399406402374	0.00235126332221944	0.00190799236803053	0.00161890261529863	0.00109854106038121	0.00227417272149093	0.00167672056584501	0.00196581031857691	0.00200435561894116	0.00104072310983483	0.00158035731493438	0.00167672056584501	0.00102145045965271	0.00165744791566288	0.000982905159288454	0.000925087208742074	0.00127199491202035	0.000905814558559948	0.00142617611347736	0.00136835816293098	0.00113708636074547	0.000847996608013568	0.00134908551274886	0.000751633357102935	0.000809451307649315	0.00140690346329524	0.00129126756220248	0.00109854106038121	0.000751633357102935	0.000809451307649315	0.000905814558559948	0.000635997456010176	0.00109854106038121	0.00144544876365949	0.000751633357102935	0.00111781371056334	0.000713088056738682	0.00107926841019909	0.000732360706920809	0.00119490431129185	0.00102145045965271	0.000443270954188911	0.000597452155645923	0.000616724805828049	0.000635997456010176	0.000635997456010176	0.000423998304006784	0.000327635053096151	0.00119490431129185	0.000366180353460404	0.000616724805828049	0.000462543604371037	0.000635997456010176	0.000847996608013568	0.000674542756374429	0.000423998304006784	0.000250544452367645	0.000655270106192302	0.000847996608013568	0.000693815406556556	0.000520361554917417	0.000404725653824657	0.000481816254553164	0.000578179505463796	0.000693815406556556	0.000809451307649315	0.000443270954188911	0.000385453003642531	0.000231271802185519	0.000578179505463796	0.000231271802185519	0.000327635053096151	0.000366180353460404	0.000211999152003392	0.000443270954188911	0.000597452155645923	0.00050108890473529	0.000269817102549772	0.000462543604371037	0.000404725653824657	0.000635997456010176	0.000308362402914025	0.000327635053096151	0.000443270954188911	0.000443270954188911	0.000250544452367645	0.000173453851639139	0.000385453003642531	0.000231271802185519	0.000211999152003392	0.000192726501821265	0.000366180353460404	0.0196773758359512	0.00395089328733594	0.00169599321602714	0.000713088056738682	0.000751633357102935	0.000308362402914025	0.000847996608013568	0.000327635053096151	0.000211999152003392	0.000520361554917417	0.000597452155645923	0.000173453851639139	0.000308362402914025	0.000115635901092759	0.000211999152003392	0.000173453851639139	0.0107541388016266	0.00183090176730202	0.00204290091930541	0.000462543604371037	0.0034883496829649	0.00331489583132577	0.000635997456010176	0.00119490431129185	0.000423998304006784	0.000308362402914025	0.000250544452367645	0.000269817102549772	0.00055890685528167	0.000250544452367645	0.000211999152003392	0.000192726501821265	0.000192726501821265	0.000173453851639139	0.000134908551274886	0.000211999152003392	0	0.00156108466475225	0.000655270106192302	0.00158035731493438	0.000173453851639139	0.000231271802185519	0.00148399406402374	0.00050108890473529	0.00289089752731898	0.000982905159288454	0.00165744791566288	0.000462543604371037	0.000404725653824657	0.000289089752731898	0.000520361554917417	0.000404725653824657	0.000346907703278278	0.000173453851639139	0.000154181201457012	0.000134908551274886	0.0391620251700811	0.0214890049530711	0.00132981286256673	0.00289089752731898	0.000539634205099543
S6A1522	0.100082532284688	0.0931401106903583	0.0544955820953491	0.0536459850470919	0.035974366443344	0.028109525196621	0.0266287989125158	0.0265074279056219	0.0236673463443053	0.0245654917953199	0.0187154092630352	0.0179629090202932	0.0178900864161569	0.0150985532575978	0.0153898436741431	0.0144431498203709	0.011530245654918	0.0114088746480241	0.0100009709680552	0.0119671812797359	0.0108505680163123	0.00898145451014662	0.00912709971841926	0.00837459947567725	0.00708806680260219	0.00521895329643655	0.00495193708127003	0.00322846878337703	0.00473346926886105	0.0050733080881639	0.00434508204680066	0.00436935624817943	0.00405379163025536	0.00385959801922517	0.0032527429847558	0.00359258180405865	0.00288862996407418	0.00237887173511991	0.00254879114477134	0.00240314593649869	0.00228177492960482	0.00186911350616565	0.00157782308962035	0.00213612972133217	0.0020147587144383	0.00133508107583261	0.00184483930478687	0.00220895232546849	0.00160209729099913	0.00165064569375668	0.00218467812408972	0.00116516166618118	0.00123798427031751	0.00199048451305952	0.00104379065928731	0.000873871249635887	0.00126225847169628	0.00114088746480241	0.00128653267307506	0.000970968055150986	0.000728226041363239	0.00128653267307506	0.00111661326342363	0.00123798427031751	0.000873871249635887	0.00116516166618118	0.000655403437226915	0.00067967763860569	0.000946693853772211	0.000606855034469366	0.000873871249635887	0.000970968055150986	0.000655403437226915	0.00135935527721138	0.000946693853772211	0.000752500242742014	0.000801048645499563	0.000631129235848141	0.00099524225652976	0.00109233906204486	0.000728226041363239	0.000776774444120788	0.00109233906204486	0.00104379065928731	0.000946693853772211	0.000801048645499563	0.000461209826196718	0.000970968055150986	0.000776774444120788	0.000728226041363239	0.000922419652393436	0.000509758228954267	0.000752500242742014	0.00031556461792407	0.000873871249635887	0.00116516166618118	0.000752500242742014	0.000291290416545296	0.000534032430333042	0.000291290416545296	0.000655403437226915	0.000388387222060394	0.00031556461792407	0.000291290416545296	0.000461209826196718	0.000776774444120788	0.000582580833090591	0.000461209826196718	0.00031556461792407	0.00031556461792407	0.000703951839984465	0.000388387222060394	0.000218467812408972	0.000582580833090591	0.000582580833090591	0.000291290416545296	0.00036411302068162	0.000339838819302845	0.000242742013787746	0.000388387222060394	0.000461209826196718	0.00067967763860569	0.00031556461792407	0.000267016215166521	0.000582580833090591	0.000461209826196718	0.000194193611030197	0.000436935624817943	0.00036411302068162	0.000485484027575493	0.000218467812408972	0.000436935624817943	0.000145645208272648	0.000339838819302845	0.00036411302068162	7.28226041363239e-05	0.00031556461792407	0.000194193611030197	7.28226041363239e-05	0.0231333139139722	0.00446645305369453	0.000922419652393436	0.00330129138751335	0.00114088746480241	0.00067967763860569	0.000388387222060394	0.000218467812408972	0.000339838819302845	0.000436935624817943	0.000436935624817943	0.000242742013787746	0.00036411302068162	0.000242742013787746	9.70968055150986e-05	9.70968055150986e-05	0.0361200116516167	0.000631129235848141	0.000922419652393436	0.00434508204680066	0.00298572676958928	0.00320419458199825	0.00121371006893873	0.00111661326342363	0.000728226041363239	0.000461209826196718	7.28226041363239e-05	0.000242742013787746	9.70968055150986e-05	0.000461209826196718	0.000145645208272648	0.000267016215166521	0.000194193611030197	0.000121371006893873	0.00031556461792407	0.000218467812408972	7.28226041363239e-05	0.00378677541508884	0.00473346926886105	0.0125012137100689	0.0049762112826488	0	0.00135935527721138	0.00138362947859015	0.00757355083017769	0.00225750072822604	0.00361685600543742	0.0018205651034081	0.00296145256821051	0.000218467812408972	0.00036411302068162	0.000121371006893873	0.000218467812408972	0.000218467812408972	9.70968055150986e-05	0.000145645208272648	0.0526264685891834	0.00990387416254005	0.00218467812408972	0.00342266239440722	0.000655403437226915
S6A3040	0.114194484760522	0.106676342525399	0.0622351233671988	0.0675471698113208	0.0424528301886792	0.0270537010159652	0.0301741654571843	0.0320609579100145	0.0272278664731495	0.0244267053701016	0.0190566037735849	0.0193613933236575	0.0204208998548621	0.0158055152394775	0.0175036284470247	0.0155297532656023	0.01677793904209	0.0146734397677794	0.0134833091436865	0.0121625544267054	0.0134687953555878	0.0112772133526851	0.00939042089985486	0.0102467343976778	0.00775036284470247	0.00690856313497823	0.00587808417997097	0.00522496371552975	0.00563134978229318	0.00521044992743106	0.00702467343976778	0.00523947750362845	0.00457184325108853	0.00460087082728592	0.00367198838896952	0.00381712626995646	0.0028011611030479	0.00319303338171263	0.00242380261248186	0.0028011611030479	0.00272859216255443	0.00207547169811321	0.00188679245283019	0.00200290275761974	0.00207547169811321	0.00156748911465893	0.00181422351233672	0.00177068214804064	0.00159651669085631	0.00194484760522496	0.00184325108853411	0.00132075471698113	0.00168359941944848	0.00191582002902758	0.0011611030478955	0.000957910014513788	0.00165457184325109	0.000899854862119013	0.00149492017416546	0.00113207547169811	0.000928882438316401	0.00146589259796807	0.00168359941944848	0.000986937590711176	0.000711175616835994	0.00130624092888244	0.00165457184325109	0.00127721335268505	0.000943396226415094	0.000653120464441219	0.000783744557329463	0.000682148040638607	0.00117561683599419	0.000841799709724238	0.000827285921625544	0.000551523947750363	0.00120464441219158	0.00119013062409289	0.00117561683599419	0.000943396226415094	0.000899854862119013	0.000754716981132075	0.00113207547169811	0.000667634252539913	0.000449927431059507	0.00103047895500726	0.000798258345428157	0.000638606676342525	0.000827285921625544	0.000304789550072569	0.000507982583454282	0.00103047895500726	0.000507982583454282	0.000957910014513788	0.000682148040638607	0.000522496371552975	0.000856313497822932	0.000493468795355588	0.000957910014513788	0.000406386066763425	0.000783744557329463	0.000537010159651669	0.000653120464441219	0.000827285921625544	0.000304789550072569	0.000478955007256894	0.000377358490566038	0.000522496371552975	0.000333817126269956	0.000478955007256894	0.000609579100145138	0.000449927431059507	0.000362844702467344	0.00058055152394775	0.000377358490566038	0.000638606676342525	0.000449927431059507	0.00034833091436865	0.000841799709724238	0.0002322206095791	0.00034833091436865	0.000290275761973875	0.000319303338171263	0.000406386066763425	0.000566037735849057	0.000377358490566038	0.000246734397677794	0.000435413642960813	0.000261248185776488	0.000304789550072569	0.000333817126269956	0.000101596516690856	0.000290275761973875	0.000319303338171263	0.000145137880986938	0.000377358490566038	0.000362844702467344	0.000203193033381713	0.00034833091436865	2.90275761973875e-05	0.000986937590711176	0.000188679245283019	0.00165457184325109	0.00101596516690856	0.000478955007256894	0.000537010159651669	0.000362844702467344	0.000333817126269956	0.000566037735849057	0.000188679245283019	0.000290275761973875	0.000130624092888244	0.00011611030478955	0.00011611030478955	0.000174165457184325	0.0259941944847605	0.000130624092888244	0.000986937590711176	0.00127721335268505	0.000333817126269956	0.000290275761973875	0.00134978229317852	0.000406386066763425	0.000478955007256894	0.000377358490566038	0.000130624092888244	0.000304789550072569	7.25689404934688e-05	0.000246734397677794	0.000304789550072569	5.8055152394775e-05	0.000174165457184325	0.000406386066763425	4.35413642960813e-05	0.0002322206095791	0.000261248185776488	0.00370101596516691	0.0051233671988389	0.00477503628447025	0.00187227866473149	0.00011611030478955	0.00188679245283019	0.00119013062409289	0.00436865021770682	0.00161103047895501	0.000986937590711176	0.00137880986937591	0.00158200290275762	0.0002322206095791	0.000246734397677794	2.90275761973875e-05	5.8055152394775e-05	8.70827285921626e-05	0	0.000145137880986938	0.0115674891146589	0.000101596516690856	0.000319303338171263	0.00243831640058055	0.0100290275761974
S6B07	0.120558115443136	0.113079886477679	0.0705845536263475	0.0626638897581716	0.0457758257885593	0.000507181473847781	0.0349847306003086	0.0299992446233368	0.0304740528116199	0.0254561935490833	0.0237188272237749	0.0206973205710648	0.0188736254842504	0.0181937864873906	0.0182801152488966	0.0151722798346804	0.0149240846453507	0.0173952454434601	0.0148377558838447	0.0139744682687846	0.0129816875114655	0.0105536910941091	0.0105860643796739	0.00953932814641358	0.00738110910876345	0.00864366724578878	0.00683076325416266	0.00574086264014935	0.00569769825939635	0.00512577021441906	0.00490994831065405	0.00639911944663264	0.00557899621232559	0.00407903398115875	0.00388479426777024	0.00290280460563943	0.00281647584413342	0.00305387993827494	0.00275172927300392	0.00266540051149791	0.00258986284518016	0.00227692108472089	0.00241720532216815	0.00216901013283838	0.00199635260982637	0.00229850327509739	0.00207189027614413	0.00215821903765013	0.00178053070606136	0.00216901013283838	0.00176973961087311	0.00196397932426162	0.00126255813702533	0.00162945537342585	0.0016834108493671	0.00194239713388512	0.00171578413493185	0.0015754998974846	0.00180211289643786	0.0016186642782376	0.00123018485146057	0.00140284237447259	0.00124097594664883	0.00129493142259008	0.00130572251777833	0.00101436294769556	0.000906451995813055	0.00098198966213081	0.000776958853554047	0.000949616376566058	0.00111148280438982	0.00101436294769556	0.000852496519871802	0.00102515404288381	0.00131651361296658	0.00100357185250731	0.000971198566942559	0.00114385608995457	0.000571928044977285	0.00117622937551932	0.000723003377612794	0.00049639037865953	0.00082012323430705	0.000787749948742298	0.000647465711295039	0.000733794472801045	0.00129493142259008	0.000625883520918538	0.000938825281377807	0.000884869805436554	0.000917243091001306	0.00105752732844856	0.00033452395083577	0.000593510235353786	0.000744585567989295	0.000776958853554047	0.00048559928347128	0.00098198966213081	0.000507181473847781	0.000949616376566058	0.000474808188283029	0.00048559928347128	0.00082012323430705	0.00049639037865953	0.000604301330542037	0.000550345854600783	0.000356106141212272	0.000755376663177546	0.000723003377612794	0.00065825680648329	0.000474808188283029	0.000625883520918538	0.000420852712341776	0.000571928044977285	0.000507181473847781	0.000593510235353786	0.00082012323430705	0.000388479426777024	0.000625883520918538	0.000420852712341776	0.000431643807530026	0.000615092425730287	0.000507181473847781	0.000712212282424543	0.000366897236400522	0.000744585567989295	0.00032373285564752	0.00032373285564752	0.000453225997906528	0.000302150665271018	0.000453225997906528	0.000453225997906528	0.000226612998953264	0.000291359570082768	0.000194239713388512	0.000464017093094778	0.000431643807530026	0.00033452395083577	0.000258986284518016	0.00869762272173003	0.00460779764538303	0.000474808188283029	4.31643807530026e-05	0.00099278075731906	0.000604301330542037	0.000636674616106789	0.000431643807530026	0.000183448618200261	0.000345315046024021	0.000582719140165535	0.00032373285564752	0.000442434902718277	0.000388479426777024	0.00032373285564752	0.000151075332635509	0.000399270521965274	0.000679838996859791	0.000798541043930548	0.000215821903765013	0.00155391770710809	0.00208268137133238	9.71198566942559e-05	0.00301071555752193	0.000593510235353786	0.00032373285564752	0.000420852712341776	0.000410061617153525	0.000269777379706266	0.000420852712341776	0.000258986284518016	7.55376663177546e-05	0.000302150665271018	0.000258986284518016	0.000237404094141514	0.000107910951882507	0.000312941760459269	0	0	0.000194239713388512	0	0.000884869805436554	0.00155391770710809	0	0.00016186642782376	2.15821903765013e-05	0.000226612998953264	0.00118702047070757	0	0.000410061617153525	0.000420852712341776	0.000258986284518016	0.000215821903765013	0.000258986284518016	8.63287615060052e-05	7.55376663177546e-05	0.0217872211850781	0.00708974953868068	0	0.00608617768617337	0
S6B1522	0.108368240974643	0.103395900617146	0.0581332139545295	0.0596041313593195	0.042736545902216	0.00844178684488217	0.0337191826815464	0.0281872541809228	0.024685831228216	0.0261087839350238	0.0229271256355322	0.0185463498864835	0.0196815144053976	0.018114667604643	0.0170274677837112	0.014357432929364	0.0127426214306271	0.014421385860007	0.0129025037572347	0.0133181978064145	0.0118472804016244	0.0104722923927989	0.010328398298852	0.00936910433920634	0.00735458702395037	0.00604355194576791	0.00631535190100086	0.00724266939532504	0.00524414031272983	0.00537204617401592	0.00482844626355003	0.00431682281840565	0.00486042272887155	0.00401304639785118	0.00402903463051194	0.00316567006683081	0.00247817606241806	0.00284590541361558	0.00295782304224091	0.00255811722572187	0.00254212899306111	0.00259009369104339	0.00244619959709654	0.0026700348543472	0.00215841140920283	0.00206248201323826	0.00201451731525597	0.00108719982093179	0.0021264349438813	0.00188661145396988	0.00209445847855978	0.00177469382534455	0.00132702331084322	0.00179068205800531	0.0017107408947015	0.00163079973139769	0.00198254084993445	0.00163079973139769	0.00143894093946855	0.00111917628625332	0.00145492917212931	0.0013749880088255	0.00132702331084322	0.000783423400377322	0.00115115275157484	0.00132702331084322	0.00103923512294951	0.00135899977616474	0.00110318805359256	0.00123109391487865	0.00105522335561027	0.000927317494324177	0.000959293959645701	0.00132702331084322	0.00103923512294951	0.0013749880088255	0.00118312921689636	0.00126307038020017	0.00057557637578742	0.00110318805359256	0.00123109391487865	0.000527611677805135	0.00103923512294951	0.000879352796341892	0.000975282192306462	0.00127905861286093	0.00113516451891408	0.00121510568221789	0.000975282192306462	0.000815399865698846	0.000895341029002654	0.000911329261663416	0.00115115275157484	0.000543599910465897	0.000319764653215234	0.000559588143126659	0.000799411633038084	0.000703482237073514	0.000511623445144374	0.00047964697982285	0.000367729351197519	0.000511623445144374	0.000703482237073514	0.000607552841108944	0.000415694049179804	0.000607552841108944	0.000463658747162089	0.000591564608448182	0.000543599910465897	0.000895341029002654	0.000319764653215234	0.000671505771751991	0.000463658747162089	0.000623541073769706	0.00057557637578742	0.000543599910465897	0.000431682281840565	0.000607552841108944	0.000447670514501327	0.000399705816519042	0.000527611677805135	0.000335752885875995	0.000335752885875995	0.000351741118536757	0.000511623445144374	0.000319764653215234	0.000319764653215234	0.00038371758385828	0.000559588143126659	0.000335752885875995	0.000591564608448182	0.000351741118536757	0.00057557637578742	0.000367729351197519	0.000303776420554472	0.000335752885875995	0.00038371758385828	0.00028778818789371	0.000271799955232949	0.0124868097080549	0.00241422313177501	0.000447670514501327	0.000783423400377322	0.000863364563681131	0.00057557637578742	0.00047964697982285	0.000463658747162089	9.59293959645701e-05	0.000303776420554472	0.000431682281840565	0.00038371758385828	0.000159882326607617	0.000207847024589902	0.000351741118536757	9.59293959645701e-05	0.0141176094394526	0.00108719982093179	0.000687494004412752	0.00187062322130912	0.00219038787452435	0.00366130527931442	0.000207847024589902	0.000799411633038084	0.000655517539091229	0.000415694049179804	0.000175870559268378	0.000399705816519042	0.000719470469734276	0.000335752885875995	0.000223835257250664	0.000223835257250664	0.000303776420554472	0.000111917628625332	0.000239823489911425	0.00019185879192914	3.19764653215234e-05	0.000223835257250664	0	0.00463658747162089	0.00110318805359256	0.000223835257250664	0.00108719982093179	0.00147091740479007	0.00172672912736226	0.000175870559268378	0.0012950468455217	0.0013749880088255	0	0.000511623445144374	0.000687494004412752	0.000335752885875995	0.000207847024589902	0.000207847024589902	0.000143894093946855	0.000159882326607617	0.0473091804431938	0.0085537044735075	0.0064272695296262	0.00364531704665366	0
S6B3040	0.115235581512888	0.102843451077292	0.0563074446378765	0.0611182868160461	0.0376443720634208	0.0197113494693098	0.034162595234084	0.0289399299900788	0.0254207147002115	0.0261320454502911	0.0212276071207952	0.0200857340746149	0.018981299488965	0.0187941071863125	0.0169970610808484	0.0140955803897344	0.0139083880870819	0.0145261226858352	0.0143576496134479	0.0128226727316973	0.012279815054005	0.0105202074090713	0.00907882667864697	0.00838621515883267	0.00677636135602104	0.00574680369143221	0.0069448344284083	0.00591527676381947	0.00526010370453567	0.00580296138222796	0.00537241908612718	0.00488571909923064	0.00484828063870014	0.00394975758596806	0.00380000374384605	0.00295763838190974	0.00301379607270549	0.00213399225023867	0.00286404223058348	0.00265813069766571	0.00220886917129968	0.00187192302652515	0.00224630763183018	0.00217143071076917	0.00220886917129968	0.0018532037962599	0.00142266150015911	0.00155369611201587	0.00160985380281163	0.00177832687519889	0.0018532037962599	0.0013103461185676	0.00200295763838191	0.00153497688175062	0.00102955766458883	0.00149753842122012	0.00175960764493364	0.00134778457909811	0.00112315381591509	0.00142266150015911	0.00146009996068962	0.00194679994758616	0.00155369611201587	0.000917242282997323	0.00117931150671084	0.000917242282997323	0.00117931150671084	0.00112315381591509	0.00114187304618034	0.000954680743527826	0.00101083843432358	0.000935961513262575	0.00102955766458883	0.00121674996724135	0.000861084592201569	0.00101083843432358	0.00101083843432358	0.00106699612511933	0.000786207671140563	0.00102955766458883	0.00074876921061006	0.000673892289549054	0.00101083843432358	0.000804926901405814	0.000954680743527826	0.000842365361936317	0.00116059227644559	0.00050541921716179	0.000898523052732072	0.000767488440875311	0.00087980382246682	0.000786207671140563	0.00087980382246682	0.000636453829018551	0.00037438460530503	0.000599015368488048	0.000673892289549054	0.000561576907957545	0.000393103835570281	0.00074876921061006	0.00087980382246682	0.000786207671140563	0.000467980756631287	0.000823646131671066	0.00037438460530503	0.000318226914509275	0.000711330750079557	0.000486699986896539	0.000524138447427042	0.000467980756631287	0.000599015368488048	0.000411823065835533	0.00074876921061006	0.000804926901405814	0.000486699986896539	0.000561576907957545	0.000411823065835533	0.000430542296100784	0.00037438460530503	0.000542857677692293	0.000692611519814305	0.000449261526366036	0.000430542296100784	0.000355665375039778	0.000355665375039778	0.000224630763183018	0.000542857677692293	0.000430542296100784	0.000486699986896539	0.000524138447427042	0.000168473072387263	0.000280788453978772	0.000524138447427042	0.000224630763183018	0.000168473072387263	0.000168473072387263	0.000224630763183018	0.000112315381591509	0.000205911532917766	0.0044364575728646	0.000973399973793078	0.000280788453978772	0.000599015368488048	0.000804926901405814	0.000730049980344808	0.000599015368488048	0.000411823065835533	0.000187192302652515	0.000243349993448269	0.000467980756631287	0.000318226914509275	0.000318226914509275	0.000430542296100784	0.000280788453978772	5.61576907957545e-05	0.0264689915950656	0.00037438460530503	0.00170344995413789	0.00239606147395219	0.00106699612511933	0.00142266150015911	0.000411823065835533	0.0011980307369761	0.000486699986896539	0.000467980756631287	0.000617734598753299	0.000318226914509275	0.000318226914509275	0.000262069223713521	0.000355665375039778	0.000393103835570281	0.000187192302652515	0.000187192302652515	0.000355665375039778	0.000205911532917766	0.00037438460530503	0.00196551917785141	0.00166601149360738	0.00471724602684338	0.00453005372419086	0	0.00168473072387263	0.0019280807173209	0.00535369985586193	0.00159113457254638	0.00265813069766571	0.000917242282997323	0.000655173059283802	0.000580296138222796	0.000280788453978772	0.000205911532917766	0.000318226914509275	0.000280788453978772	0.000149753842122012	0.00013103461185676	0.0318788491417233	0.00299507684244024	0.00114187304618034	0.00286404223058348	0.00546601523745344
S7A07	0.101937384053398	0.0976342111805994	0.0579111442614799	0.0527282116013541	0.0367777841528487	0.00110926234054354	0.0317669784076348	0.026431044045365	0.0235813873429342	0.0228737544705185	0.0210568592575592	0.0162181804272573	0.0189148354275441	0.0178246982997686	0.0148411651079618	0.012068009256603	0.0130051446822346	0.0114751276607952	0.0114560024480272	0.0126417656396427	0.0101937384053398	0.00808996500086063	0.00856809532006044	0.00826209191577256	0.00705720351138906	0.00615831851129344	0.0064834471283493	0.00399716946851034	0.00502993095798191	0.00483867883030199	0.00502993095798191	0.00522118308566183	0.0040927955323503	0.00378679212806242	0.00357641478761451	0.00277315585135885	0.00252452808537495	0.00244802723430298	0.00267752978751889	0.00252452808537495	0.00187427085126322	0.00258190372367893	0.00189339606403121	0.00260102893644692	0.00200814734063916	0.00233327595769503	0.0019316464895672	0.00179777000019125	0.00187427085126322	0.00154914223420736	0.00151089180867137	0.00153001702143936	0.00214202383001511	0.00128138925545547	0.00158739265974334	0.00110926234054354	0.00124313882991948	0.00114751276607952	0.00107101191500755	0.0014343909575994	0.00172126914911928	0.000707632872415706	0.0014343909575994	0.00135789010652744	0.00105188670223956	0.000975385851167594	0.00122401361715149	0.000898885000095626	0.000918010212863618	0.000975385851167594	0.000918010212863618	0.00105188670223956	0.00084150936179165	0.00105188670223956	0.000898885000095626	0.000822384149023658	0.000707632872415706	0.0012048884043835	0.00109013712777555	0.000631132021343738	0.000765008510719682	0.000267752978751889	0.00084150936179165	0.000994511063935586	0.000860634574559642	0.000497255531967793	0.00109013712777555	0.00110926234054354	0.000612006808575745	0.00084150936179165	0.000956260638399602	0.000688507659647714	0.000535505957503777	0.000994511063935586	0.000879759787327634	0.000707632872415706	0.000592881595807753	0.000669382446879722	0.000860634574559642	0.000363379042591849	0.000478130319199801	0.000478130319199801	0.000650257234111729	0.000306003404287873	0.000420754680895825	0.000592881595807753	0.000420754680895825	0.000478130319199801	0.000554631170271769	0.000535505957503777	0.000382504255359841	0.000420754680895825	0.000497255531967793	0.000497255531967793	0.000707632872415706	0.000439879893663817	0.000707632872415706	0.000286878191519881	0.000306003404287873	0.000363379042591849	0.000535505957503777	0.000516380744735785	0.000306003404287873	0.000401629468127833	0.000459005106431809	0.000344253829823857	0.000267752978751889	0.000133876489375944	0.000459005106431809	0.000286878191519881	0.000306003404287873	0.000401629468127833	0.000325128617055865	0.000248627765983897	0.000420754680895825	0.00019125212767992	0.000114751276607952	0.000267752978751889	0.000306003404287873	0.0733069405397135	0.00284965670243081	0.00172126914911928	7.65008510719682e-05	0.00074588329795169	0.000344253829823857	0.000497255531967793	0.000286878191519881	0.000114751276607952	0.000172126914911928	0.000420754680895825	0.000516380744735785	0.000306003404287873	0.000172126914911928	0.000210377340447912	0.000210377340447912	0.000325128617055865	0.00281140627689483	0.00629219500066938	0.000478130319199801	0.0134258993631304	0.00742058255398091	0.000172126914911928	0.00393979383020636	0.000497255531967793	0.000306003404287873	0.00019125212767992	0.000344253829823857	9.56260638399602e-05	0.000459005106431809	0.000210377340447912	9.56260638399602e-05	7.65008510719682e-05	0.000210377340447912	5.73756383039761e-05	0.000363379042591849	9.56260638399602e-05	0.00206552297894314	0.000172126914911928	0.000650257234111729	0.000114751276607952	0.00992598542658787	0.00177864478742326	0.00103276148947157	0.000382504255359841	0.000153001702143936	0.000133876489375944	0.000975385851167594	0.000478130319199801	0.000401629468127833	0.000153001702143936	0.000172126914911928	0.000210377340447912	0.000210377340447912	3.82504255359841e-05	0.000267752978751889	0.016925813299673	0.0319773557480827	0.00124313882991948	0.0186088320232563	0.000592881595807753
S7A1522	0.0900588756317407	0.0882352941176471	0.0467357890897723	0.0442869796279894	0.0308185275881832	0.0509300265721878	0.0235242015318085	0.0258427551711562	0.020293857135414	0.0198770385036211	0.0151357265669775	0.0167248476006878	0.0167769499296619	0.0118011775126348	0.0120616891575053	0.00997759599854113	0.0112020007294326	0.010915437920075	0.00948262387328714	0.00930026572187777	0.00971708435367061	0.00726827489188767	0.00716407023393946	0.0070859167404783	0.00627833064137967	0.00481946543010473	0.0046110561142083	0.00349085604126504	0.00481946543010473	0.00494972125253999	0.00349085604126504	0.00343875371229094	0.00375136768613557	0.00336060021882978	0.00341270254780389	0.00315219090293336	0.00224040014588652	0.00166727452717136	0.00224040014588652	0.00166727452717136	0.00250091179075705	0.00187568384306779	0.00192778617204189	0.00184963267858073	0.00114625123743031	0.00109414890845621	0.00138071171781379	0.00166727452717136	0.001979888501016	0.00117230240191737	0.00158912103371021	0.00138071171781379	0.00125045589537852	0.00158912103371021	0.00109414890845621	0.00127650705986558	0.00101599541499505	0.000989944250507998	0.00091179075704684	0.00135466055332673	0.000599176783202209	0.000989944250507998	0.000963893086020945	0.000625227947689262	0.000755483770124525	0.00106809774396916	0.000573125618715157	0.000781534934611577	0.00080758609909863	0.00080758609909863	0.000859688428072735	0.000963893086020945	0.000729432605637472	0.000937841921533893	0.000677330276663367	0.000286562809357578	0.00130255822435263	0.000781534934611577	0.000755483770124525	0.000677330276663367	0.000521023289741051	0.000390767467305789	0.00091179075704684	0.000833637263585682	0.000755483770124525	0.000260511644870526	0.000677330276663367	0.000494972125253999	0.000442869796279894	0.00106809774396916	0.000703381441150419	0.000573125618715157	0.000547074454228104	0.000416818631792841	0.000625227947689262	0.000416818631792841	0.000729432605637472	0.000521023289741051	0.000390767467305789	0.000442869796279894	0.000390767467305789	0.000468920960766946	0.000312613973844631	0.000338665138331683	0.000156306986922315	0.000547074454228104	0.00080758609909863	0.000364716302818736	0.000547074454228104	0.000521023289741051	0.000260511644870526	0.000416818631792841	0.000338665138331683	0.000547074454228104	0.000494972125253999	0.000547074454228104	0.000390767467305789	0.000182358151409368	0.000338665138331683	0.000208409315896421	0.000130255822435263	0.000286562809357578	0.000156306986922315	0.000338665138331683	0.000390767467305789	0.000208409315896421	0.000260511644870526	0.000208409315896421	0.000573125618715157	0.000208409315896421	0.000182358151409368	0.000651279112176314	0.000156306986922315	0.000260511644870526	0.000208409315896421	0.000234460480383473	7.81534934611577e-05	0.000286562809357578	0.000156306986922315	0.00919606106392956	0.0025790652842182	0.000338665138331683	0.0035169072057521	0.000547074454228104	0.000312613973844631	0.000338665138331683	0.000234460480383473	0.000208409315896421	0.000312613973844631	0	0.000312613973844631	0.000286562809357578	0.00010420465794821	0.000130255822435263	0.000182358151409368	0.0570259990621581	0.00164122336268431	0.00591361433856093	0.00841452612931798	0.00354295837023915	0.00479341426561767	0.00320429323190747	0.00315219090293336	0	0.000651279112176314	0.000130255822435263	0.000130255822435263	0.000182358151409368	7.81534934611577e-05	7.81534934611577e-05	5.21023289741051e-05	5.21023289741051e-05	0.000182358151409368	0.000182358151409368	0.000130255822435263	0.000130255822435263	0.0151617777314646	0.00724222372740061	0.0205543687802845	0.00541864221330694	0.0010420465794821	0.00221434898139947	0.0035169072057521	0.00494972125253999	0.00739853071432293	0.00479341426561767	0.000286562809357578	0.00221434898139947	0.000416818631792841	0.000156306986922315	0.00010420465794821	0.000182358151409368	0.000130255822435263	0.000364716302818736	0	0.0658312926587818	0.00166727452717136	0.00640858646381493	0.00432449330485073	0.014875214922107
S7A3040	0.0991490458999484	0.0935865320857585	0.0541147867089074	0.0526965298754881	0.0383850291018935	0.0707102335519045	0.0314410962941133	0.0269100419951374	0.0226921093347086	0.0207581227436823	0.018547852353938	0.0178295144772711	0.0176269063582112	0.0164480954836808	0.0151587710896633	0.0148456494511162	0.0130037574596626	0.0117512709054741	0.010443527591542	0.0103145951521403	0.0106461357106019	0.00933839239666986	0.00797539232299418	0.00821483828188315	0.00714654092684005	0.0055440948942754	0.00576512193324983	0.00484417593752302	0.00416267590068518	0.00539674353495911	0.00355485154350549	0.00434686509983055	0.00484417593752302	0.0034075001841892	0.00423635158034333	0.00232078390923156	0.00235762174906063	0.00176821631179548	0.0021365947100862	0.00221027038974435	0.00244971634863332	0.00180505415162455	0.00202608119059898	0.00211817579017166	0.00165770279230826	0.00221027038974435	0.00134458115376114	0.00165770279230826	0.00117881087453032	0.00138141899359022	0.00132616223384661	0.00121564871435939	0.00202608119059898	0.00136300007367568	0.00114197303470125	0.00134458115376114	0.00116039195461578	0.00130774331393207	0.000828851396154129	0.00121564871435939	0.00103145951521403	0.000957783835555883	0.00114197303470125	0.000497310837692478	0.00110513519487217	0.00112355411478671	0.000920945995726811	0.00103145951521403	0.000847270316068666	0.00103145951521403	0.000957783835555883	0.000515729757607014	0.000957783835555883	0.000939364915641347	0.000847270316068666	0.000902527075812274	0.000920945995726811	0.000570986517350623	0.00114197303470125	0.000902527075812274	0.000644662197008767	0.000589405437265159	0.000994621675384955	0.000810432476239593	0.00117881087453032	0.000331540558461652	0.00053414867752155	0.000626243277094231	0.000626243277094231	0.000663081116923304	0.00053414867752155	0.000607824357179695	0.000589405437265159	0.000497310837692478	0.000497310837692478	0.000626243277094231	0.00103145951521403	0.000718337876666912	0.000570986517350623	0.000607824357179695	0.000792013556325057	0.000515729757607014	0.000773594636410521	0.00053414867752155	0.000442054077948869	0.000570986517350623	0.000644662197008767	0.00038679731820526	0.000607824357179695	0.000423635158034333	0.000368378398290724	0.000368378398290724	0.000442054077948869	0.000368378398290724	0.000368378398290724	0.000442054077948869	0.00038679731820526	0.000607824357179695	0.000699918956752376	0.000313121638547116	0.000110513519487217	0.000313121638547116	0.000497310837692478	0.000423635158034333	0.000313121638547116	0.000331540558461652	0.00053414867752155	0.00038679731820526	0.000423635158034333	0.000184189199145362	0.00038679731820526	0.000478891917777941	0.000349959478376188	0.000221027038974435	0.000442054077948869	0.000276283798718043	0.00014735135931629	0.000349959478376188	0.000221027038974435	0.000626243277094231	0.0017313784719664	0.00014735135931629	0.00296544610624033	0.000718337876666912	0.000699918956752376	0.00053414867752155	0.000663081116923304	0.000349959478376188	0.000368378398290724	0.000349959478376188	0.000294702718632579	0.000313121638547116	0.000202608119059898	9.20945995726811e-05	0	0.0381087453031754	0.000515729757607014	0.00830693288145583	0.0046784056582922	0.00119722979444485	0.00298386502615487	0.00296544610624033	0.00379429750239446	0.000349959478376188	0.000405216238119797	0.000239445958888971	0.000276283798718043	0.000184189199145362	0.000184189199145362	0.000460472997863405	0.000202608119059898	0.000313121638547116	0.000349959478376188	9.20945995726811e-05	9.20945995726811e-05	3.68378398290724e-05	0.0017313784719664	0.00843586532085758	0.0148640683710307	0.0044757975392323	0.000184189199145362	0.00141825683341929	0.00169454063213733	0.003812716422309	0.00506520297649746	0.00362852722316363	0.000976202755470419	0.00261548662786414	0.000405216238119797	0.000552567597436086	0.000368378398290724	0.000552567597436086	7.36756796581448e-05	0.000165770279230826	0.000349959478376188	0.0268547852353938	0.000313121638547116	0.00725705444632727	0.00191556767111177	0.00103145951521403
S7A5060	0.101097482246611	0.0881213686249193	0.0604260813428018	0.0570690768237573	0.0399612653324726	0.0809554551323435	0.0280180761781795	0.0318269851517108	0.0273724983860555	0.0207230471271788	0.0174306003873467	0.0213040671400904	0.0154293092317624	0.012911555842479	0.0188508715300194	0.0140090380890897	0.0137508069722402	0.0158812136862492	0.00968366688185926	0.0127824402840542	0.0118140735958683	0.00781149128469981	0.00877985797288573	0.00942543576500968	0.00645577792123951	0.00774693350548741	0.00581020012911556	0.00645577792123951	0.0039380245319561	0.00413169786959329	0.00342156229825694	0.00380890897353131	0.00348612007746933	0.00361523563589413	0.00277598450613299	0.00213040671400904	0.00200129115558425	0.0025823111684958	0.00219496449322143	0.00206584893479664	0.00309877340219496	0.00193673337637185	0.00193673337637185	0.00180761781794706	0.00142027114267269	0.00154938670109748	0.00206584893479664	0.00122659780503551	0.00174306003873467	0.00206584893479664	0.00161394448030988	0.00187217559715946	0.00122659780503551	0.00251775338928341	0.00122659780503551	0.0012911555842479	0.00167850225952227	0.00116204002582311	0.00167850225952227	0.00154938670109748	0.00116204002582311	0.000774693350548741	0.000387346675274371	0.000451904454486766	0.000968366688185926	0.00103292446739832	0.000774693350548741	0.000839251129761136	0.00103292446739832	0.000645577792123951	0.000645577792123951	0.00154938670109748	0.00109748224661072	0.000839251129761136	0.000710135571336346	0.00109748224661072	0.000645577792123951	0.000581020012911556	0.00180761781794706	0.0012911555842479	0.000516462233699161	0.00103292446739832	0.00109748224661072	0.000645577792123951	0.00122659780503551	0.000516462233699161	0.00116204002582311	0.000516462233699161	0.000581020012911556	0.000645577792123951	0.000581020012911556	0.0012911555842479	0.000451904454486766	0.000516462233699161	0.000516462233699161	0.000322788896061975	0.000387346675274371	0.000774693350548741	0.000968366688185926	0.000322788896061975	0.000774693350548741	0.000774693350548741	0.000710135571336346	0.000322788896061975	0.000516462233699161	0.000774693350548741	0.000193673337637185	0.000581020012911556	0.000193673337637185	0.000451904454486766	0.000710135571336346	0.000451904454486766	0.00025823111684958	0.000322788896061975	0.000322788896061975	0.000322788896061975	0.000581020012911556	0.000451904454486766	0.000581020012911556	0.000581020012911556	0.000903808908973531	0.000322788896061975	0.000322788896061975	0.000516462233699161	0.000193673337637185	0.000516462233699161	0.000387346675274371	0.000387346675274371	0.000193673337637185	0.000774693350548741	0.000193673337637185	0.00025823111684958	0.00012911555842479	0.000516462233699161	0.00025823111684958	0.00012911555842479	0.000193673337637185	0.000451904454486766	0.000193673337637185	0.00296965784377017	0.00432537120723047	0.000322788896061975	0.00109748224661072	0.000710135571336346	0	0.000645577792123951	0	0.00025823111684958	0	0.000193673337637185	0.00012911555842479	0.000645577792123951	0.000387346675274371	0	0.000322788896061975	0.0297611362169141	0	0.00445448676565526	0.00374435119431892	0.000710135571336346	0.00103292446739832	0.00303421562298257	0.00296965784377017	0	0	0.00025823111684958	0.000516462233699161	0.00025823111684958	0	0.000322788896061975	0	0	0.00012911555842479	0.000387346675274371	0.000710135571336346	0.00025823111684958	0.000774693350548741	0.0109748224661072	0.00729502905100065	0.00781149128469981	0.000581020012911556	0.00316333118140736	0.0013557133634603	0.00167850225952227	0.00464816010329245	0.00193673337637185	0.00180761781794706	0.000774693350548741	0.000774693350548741	0	0.000451904454486766	0	0	0	0.00012911555842479	0.0143963847643641	0.00193673337637185	0.0040025823111685	0.00277598450613299	0.000322788896061975
S7B07	0.122052308132057	0.1180744128436	0.0511647849078176	0.0554285169834691	0.0362774522414368	0.0015244628650374	0.0321328188271164	0.0238197322662093	0.0211281025201277	0.0234862560144824	0.020032394835882	0.0221523510075747	0.0207946262684007	0.0151255299890429	0.015816302224763	0.0113381925587156	0.0124339002429613	0.0116002096136439	0.0140774617693297	0.0118622266685722	0.011266733361917	0.0105283216616645	0.00881330093849745	0.00888476013529608	0.00800343004144633	0.00566909627935782	0.00666952503453861	0.00469248725644324	0.00564527654709161	0.00519270163403363	0.00500214377590396	0.00552617788576056	0.00445428993378114	0.00300128626554238	0.00288218760421133	0.00285836787194512	0.00269162974608165	0.00338240198180172	0.00233433376208851	0.00295364680100996	0.00278690867514649	0.00290600733647754	0.00197703777809537	0.00262017054928303	0.00216759563622505	0.00164356152636844	0.00192939831356296	0.00257253108475061	0.0025487113524844	0.00181029965223191	0.002048496974894	0.00166738125863465	0.00164356152636844	0.00161974179410223	0.00190557858129675	0.00221523510075747	0.00159592206183603	0.0012862655423753	0.00123862607784288	0.00123862607784288	0.00135772473917393	0.00119098661331047	0.00131008527464151	0.000809870897051117	0.00133390500690772	0.00123862607784288	0.00100042875518079	0.00150064313277119	0.00142918393597256	0.00126244581010909	0.00107188795197942	0.00119098661331047	0.000857510361583536	0.0012862655423753	0.00123862607784288	0.00109570768424563	0.00119098661331047	0.00111952741651184	0.000952789290648373	0.00154828259730361	0.00104806821971321	0.000333476251726931	0.00121480634557668	0.000666952503453861	0.000333476251726931	0.00111952741651184	0.000809870897051117	0.000762231432518699	0.000976609022914582	0.000905149826115954	0.00100042875518079	0.000762231432518699	0.000666952503453861	0.000571673574389024	0.000738411700252489	0.000428755180791768	0.000547853842122815	0.000309656519460721	0.000738411700252489	0.000738411700252489	0.000333476251726931	0.000428755180791768	0.000571673574389024	0.000881330093849745	0.000786051164784908	0.000452574913057977	0.000762231432518699	0.000404935448525559	0.000547853842122815	0.000643132771187652	0.000619313038921442	0.000666952503453861	0.000666952503453861	0.000500214377590396	0.000738411700252489	0.000238197322662093	0.000452574913057977	0.000500214377590396	0.000404935448525559	0.000309656519460721	0.000571673574389024	0.000524034109856605	0.000619313038921442	0.000643132771187652	0.000262017054928303	0.000476394645324187	0.000476394645324187	0.000476394645324187	0.000500214377590396	0.000428755180791768	0.000643132771187652	0.000333476251726931	0.000452574913057977	0.000238197322662093	0.000119098661331047	0.00035729598399314	0.000381115716259349	0.000142918393597256	0.000404935448525559	0.0408984803010814	0.00309656519460721	0.00543089895669573	0	0.001024248487447	0.00071459196798628	0.000571673574389024	0.00035729598399314	0	0.000428755180791768	0.000595493306655233	0.000500214377590396	0.000262017054928303	0.000214377590395884	0.000238197322662093	0.000262017054928303	0.000166738125863465	0.00302510599780858	0.00190557858129675	0.000238197322662093	0.0132199514077462	0.010695059787528	0.000547853842122815	0.001024248487447	0.00071459196798628	0.000476394645324187	0.000285836787194512	0.000262017054928303	0.000428755180791768	0.000333476251726931	0.000428755180791768	0	0.000262017054928303	0	7.1459196798628e-05	0.000190557858129675	0.000190557858129675	0.00111952741651184	0	0.000166738125863465	7.1459196798628e-05	0.00388261635939212	0.00126244581010909	0.000952789290648373	0.000166738125863465	0	0.000214377590395884	0.00138154447144014	0.00126244581010909	0	0.000238197322662093	0.000142918393597256	0.000666952503453861	0.000333476251726931	0.000190557858129675	0.000166738125863465	0.0171740269639369	0.0191272450097661	0.00131008527464151	0.0132914106045448	0
S7B1522	0.093569844789357	0.0915637208320135	0.0477246330904868	0.0560236511456024	0.0317601098088903	0.033006018371872	0.0307676063773625	0.0235666772252138	0.0180339985218034	0.0233555062823356	0.0200401224791469	0.0183929891246964	0.0177805933903495	0.0171893147502904	0.0134093548727695	0.0127124907612712	0.0121634463097878	0.0110020061239573	0.011403230915426	0.0117622215183191	0.009587160806673	0.0100939710695808	0.0079611445465104	0.00764438813219301	0.00561714708056171	0.00475134621476085	0.00546932742054693	0.00506810262907824	0.00468799493189737	0.00551156160912258	0.0047091120261852	0.00437123851757998	0.00445570689473128	0.00270298806884173	0.00289304191743216	0.00291415901171999	0.00247070003167564	0.00236511456023651	0.00198500686305564	0.00181607010875304	0.0016260162601626	0.00196388976876782	0.00196388976876782	0.00225952908879738	0.00137261112870869	0.00171048463731391	0.00124590856298173	0.00177383592017738	0.0020272410516313	0.00149931369443565	0.00173160173160173	0.00238623165452434	0.00135149403442086	0.0015415478830113	0.00147819660014782	0.00107697180867913	0.0015415478830113	0.00145707950585999	0.00120367437440608	0.00160489916587478	0.000971386337239996	0.000929152148664344	0.00116144018583043	0.00103473762010347	0.0011403230915426	0.00084468377151304	0.00107697180867913	0.00084468377151304	0.000823566677225214	0.00156266497729912	0.000908035054376518	0.00133037694013304	0.000506810262907824	0.000760215394361736	0.000781332488649562	0.000992503431527822	0.00101362052581565	0.00063351282863478	0.000570161545771302	0.00103473762010347	0.00063351282863478	0.000908035054376518	0.000929152148664344	0.000760215394361736	0.000506810262907824	0.000675747017210432	0.0011403230915426	0.000908035054376518	0.000760215394361736	0.00073909830007391	0.000675747017210432	0.000485693168619998	0.000781332488649562	0.00042234188575652	0.000506810262907824	0.000612395734346954	0.000929152148664344	0.000549044451483476	0.00042234188575652	0.00107697180867913	0.000591278640059128	0.000190053848590434	0.00052792735719565	0.000591278640059128	0.000190053848590434	0.00052792735719565	0.000506810262907824	0.000401224791468694	0.000886917960088692	0.000570161545771302	0.000380107697180868	0.000781332488649562	0.000358990602893042	0.000380107697180868	0.00031675641431739	0.000506810262907824	0.000295639320029564	0.000358990602893042	0.000485693168619998	0.000443458980044346	0.000190053848590434	0.00031675641431739	0.000401224791468694	0.000443458980044346	0.00052792735719565	0.00084468377151304	0.000401224791468694	8.4468377151304e-05	0.00010558547143913	0.000485693168619998	0.000232288037166086	0.000358990602893042	0.000443458980044346	0.000337873508605216	0.00031675641431739	0.000464576074332172	0.000147819660014782	0.000147819660014782	0.00021117094287826	0.0304719670573329	0.00103473762010347	0.00314644704888607	0.00149931369443565	0.000781332488649562	0.000654629922922606	0.000401224791468694	0.000380107697180868	0.000232288037166086	0.000147819660014782	0.000168936754302608	0.000380107697180868	0.000232288037166086	0.000232288037166086	0.000147819660014782	0.00010558547143913	0.0152676591700982	0.00443458980044346	0.00350543765177912	0.00152043078872347	0.0120578608383486	0.00808784711223736	0.00147819660014782	0.00166825044873825	0.00052792735719565	0.000464576074332172	0.000190053848590434	0.000295639320029564	0.000295639320029564	0.000168936754302608	0.00021117094287826	0.000253405131453912	0.000443458980044346	0.00021117094287826	0.000147819660014782	8.4468377151304e-05	0.00021117094287826	0.00665188470066519	0.00156266497729912	0.00758103684932953	0.00173160173160173	0.00405448210326259	0.00337873508605216	0.00287192482314434	0.00329426670890086	0.00101362052581565	0.00299862738887129	0.0016260162601626	0.00274522225741738	0.000506810262907824	4.2234188575652e-05	0.000147819660014782	0.000232288037166086	0.000232288037166086	0.000253405131453912	0.000274522225741738	0.0478302185619259	0.0182662865589695	0.0148453172843417	0.0100939710695808	0.00200612395734347
S7B3040	0.113258507892684	0.104039373386952	0.06305743952944	0.052121721385271	0.0379809135105936	0.0240201668567313	0.0269011463897725	0.0282936198307425	0.0277534361682972	0.0211872036492407	0.0183662445231379	0.0214272852769942	0.0193745873597023	0.0150531180601404	0.0162055098733569	0.0156893343736871	0.0149690894904267	0.0146689874557349	0.0112238160974731	0.0112478242602485	0.0128563711661965	0.00907508552907989	0.00969929776123882	0.0094952283776484	0.00782666106476202	0.00709441210011404	0.00626613048436468	0.00565392233359342	0.00504171418282216	0.00439349378788788	0.00524578356641258	0.00619410599603865	0.00368525298601525	0.00409339175319609	0.00334913870716043	0.00390132645099334	0.0030250285096933	0.00303703259108097	0.00247284076586039	0.00273693055638917	0.00256887341696177	0.00253286117279875	0.00196866934757818	0.00181261628953844	0.00196866934757818	0.00162055098733569	0.00141648160374527	0.00176459996398776	0.00147650201068363	0.00172858771982474	0.00136846527819459	0.00158453874317268	0.0019566652661905	0.00154852649900966	0.00169257547566173	0.00144048976652062	0.00204069383590421	0.00114038773182882	0.00153652241762199	0.00121241222015485	0.000900306104075386	0.00110437548766581	0.00147650201068363	0.000984334673789088	0.00106836324350279	0.000984334673789088	0.00111637956905348	0.00139247344096993	0.00104435508072745	0.00126042854570554	0.000888302022687714	0.000816277534361683	0.00112838365044115	0.00100834283656443	0.00122441630154252	0.00060020406938359	0.00099633875517676	0.000936318348238401	0.000780265290198668	0.000888302022687714	0.000696236720484965	0.000612208150771262	0.00060020406938359	0.0010203469179521	0.000804273452974011	0.000912310185463057	0.000780265290198668	0.000756257127423324	0.000636216313546606	0.000756257127423324	0.00052817958105756	0.000564191825220575	0.00115239181321649	0.000780265290198668	0.00103235099933978	0.000744253046035652	0.00060020406938359	0.000636216313546606	0.000468159174119201	0.000312106116079467	0.000492167336894544	0.00073224896464798	0.000420142848568513	0.000540183662445231	0.000648220394934278	0.000672228557709621	0.000576195906608247	0.000372126523017826	0.000468159174119201	0.000288097953304123	0.000456155092731529	0.000408138767180841	0.000564191825220575	0.000708240801872637	0.000228077546365764	0.000540183662445231	0.000348118360242482	0.000576195906608247	0.000420142848568513	0.000612208150771262	0.000456155092731529	0.000480163255506872	0.000552187743832903	0.000300102034691795	0.000504171418282216	0.000312106116079467	0.000276093871916452	0.000360122441630154	0.00039613468579317	0.000348118360242482	0.000156053058039734	0.000228077546365764	9.60326511013745e-05	0.000276093871916452	0.000240081627753436	0.000300102034691795	8.40285697137027e-05	0.000168057139427405	0.000228077546365764	0.00704639577456335	0.00130844487125623	0.000648220394934278	0.000852289778524698	0.000804273452974011	0.000900306104075386	0.000468159174119201	0.000612208150771262	0.000156053058039734	0.000612208150771262	0.000432146929956185	0.000288097953304123	0.000240081627753436	0.000420142848568513	0.000420142848568513	0.000192065302202749	0.0240801872636696	0.000840285697137027	0.00156053058039734	0.00156053058039734	0.00337314686993578	0.00454954684592762	0.00303703259108097	0.00099633875517676	0.000336114278854811	0.000348118360242482	0.000348118360242482	0.00026408979052878	0.000324110197467139	0.000348118360242482	0.000192065302202749	0.000192065302202749	9.60326511013745e-05	0.000372126523017826	0.000276093871916452	2.40081627753436e-05	0.000252085709141108	0.00704639577456335	0.00292899585859192	0.00771862433227297	0.00060020406938359	0.000840285697137027	0.00151251425484665	0.0012364203829302	0.0022567673008823	0.00313306524218234	0.00246083668447272	0.00152451833623432	0.00193265710341516	0.000384130604405498	0.000144048976652062	0.00013204489526439	6.0020406938359e-05	0.000192065302202749	9.60326511013745e-05	0.000180061220815077	0.0323149870956125	0.00145249384790829	0.0103955344817238	0.00266490606806314	0.00283296320749055
S7B5060	0.116912024315736	0.108453709531339	0.0645042445082357	0.0567520685261655	0.0380086885774373	0.0332806287705509	0.0290591468001167	0.0324977357505795	0.0300416007859632	0.0214451284098061	0.0175613649970066	0.0203705693627865	0.0207543404510078	0.0146907572571113	0.0168859278817371	0.0165789110111601	0.0164714551064581	0.0153354926853231	0.0113135716807639	0.0137083032712648	0.0130789186865818	0.0108376955313694	0.0102850651643308	0.0106534854090232	0.00825875381852233	0.00707673886680073	0.00752191332913744	0.00524998848686735	0.00521928679980965	0.00515788342569424	0.00466665643277098	0.00480481402453065	0.00334648388928972	0.00509648005157883	0.0036074482292802	0.00307016870577038	0.00291666027048186	0.00254824002578942	0.00219517062462582	0.00291666027048186	0.00230262652932779	0.00270174846107794	0.00237938074697205	0.00231797737285664	0.00125876916936586	0.00260964339990482	0.00193420628463534	0.00216446893756812	0.00236402990344319	0.0016271894140583	0.00174999616228912	0.00196490797169304	0.00185745206699108	0.00190350459757764	0.00150438266582749	0.00174999616228912	0.00185745206699108	0.000997804829375374	0.000997804829375374	0.00150438266582749	0.00130482169995241	0.00132017254348126	0.00107455904701963	0.000706138802327188	0.00107455904701963	0.000936401455259967	0.00128947085642356	0.00158113688347175	0.000798243863500299	0.00105920820349078	0.00170394363170256	0.00115131326466389	0.000921050611731115	0.00102850651643308	0.00135087423053897	0.00072148964585604	0.000767542176442596	0.00112061157760619	0.00135087423053897	0.00138157591759667	0.00170394363170256	0.000706138802327188	0.000767542176442596	0.000537279523509817	0.000951752298788818	0.00122806748230815	0.000552630367038669	0.0011820149517216	0.000690787958798336	0.000552630367038669	0.000844296394086855	0.000383771088221298	0.000982453985846522	0.000828945550558003	0.000675437115269484	0.00039912193175015	0.000614033741154076	0.000598682897625224	0.000675437115269484	0.000583332054096373	0.000859647237615707	0.000383771088221298	0.000905699768202263	0.000214911809403927	0.000368420244692446	0.000445174462336705	0.000429823618807854	0.00072148964585604	0.000353069401163594	0.000414472775279002	0.000291666027048186	0.000460525305865557	0.000307016870577038	0.000230262652932779	0.000337718557634742	0.000552630367038669	0.000475876149394409	0.000460525305865557	0.000675437115269484	0.000414472775279002	0.000460525305865557	0.000260964339990482	0.000506577836452113	0.000368420244692446	0.000445174462336705	0.000276315183519334	0.000475876149394409	0.000690787958798336	4.60525305865557e-05	0.000706138802327188	0.000291666027048186	0.000307016870577038	0.000184210122346223	0.000276315183519334	0.000214911809403927	0.000383771088221298	6.14033741154076e-05	0.000414472775279002	0.000245613496461631	0.00349999232457824	0.00193420628463534	0.00032236771410589	0.000951752298788818	0.000844296394086855	0.000429823618807854	0.000353069401163594	0.000445174462336705	0.000307016870577038	0.00039912193175015	0.000245613496461631	0.000307016870577038	0.000199560965875075	0.000138157591759667	9.21050611731115e-05	0.000307016870577038	0.01938811537694	0.00032236771410589	0.00139692676112552	0.00147368097876978	0.00104385735996193	0.00213376725051042	0.00148903182229864	0.000921050611731115	0.000798243863500299	0.00039912193175015	0.000353069401163594	0.000199560965875075	0.000245613496461631	0.000153508435288519	0.000368420244692446	0.000460525305865557	0.000138157591759667	0.000245613496461631	0.000199560965875075	0	0.000122806748230815	0.00345393979399168	0.00512718173863654	0.00455920052806902	0.00151973350935634	0.000199560965875075	0.00194955712816419	0.00133552338701012	0.00145833013524093	0.00374560582103987	0.00145833013524093	0	0.00107455904701963	0.000276315183519334	0.000475876149394409	0.000353069401163594	0.000214911809403927	0.000107455904701963	0.000138157591759667	0.000214911809403927	0.0133552338701012	0.00158113688347175	0.00601753066330995	0.00108990989054849	0.00276315183519334
